solid OpenSCAD_Model
  facet normal 0.881915 0 -0.471409
    outer loop
      vertex 20.8427 0 17.7779
      vertex 20.3806 4 16.9134
      vertex 20.8427 4 17.7779
    endloop
  endfacet
  facet normal 0.881915 0 -0.471409
    outer loop
      vertex 20.3806 4 16.9134
      vertex 20.8427 0 17.7779
      vertex 20.3806 0 16.9134
    endloop
  endfacet
  facet normal -0.956943 0 0.290276
    outer loop
      vertex 29.6194 0 13.0866
      vertex 29.9039 4 14.0245
      vertex 29.6194 4 13.0866
    endloop
  endfacet
  facet normal -0.956943 0 0.290276
    outer loop
      vertex 29.9039 4 14.0245
      vertex 29.6194 0 13.0866
      vertex 29.9039 0 14.0245
    endloop
  endfacet
  facet normal -0.995183 0 0.098039
    outer loop
      vertex 29.9039 0 14.0245
      vertex 30 4 15
      vertex 29.9039 4 14.0245
    endloop
  endfacet
  facet normal -0.995183 0 0.098039
    outer loop
      vertex 30 4 15
      vertex 29.9039 0 14.0245
      vertex 30 0 15
    endloop
  endfacet
  facet normal -0.881915 0 0.471409
    outer loop
      vertex 29.1573 0 12.2221
      vertex 29.6194 4 13.0866
      vertex 29.1573 4 12.2221
    endloop
  endfacet
  facet normal -0.881915 0 0.471409
    outer loop
      vertex 29.6194 4 13.0866
      vertex 29.1573 0 12.2221
      vertex 29.6194 0 13.0866
    endloop
  endfacet
  facet normal 0.471409 -3.96877e-18 -0.881915
    outer loop
      vertex 22.2221 0 19.1573
      vertex 23.0866 4 19.6194
      vertex 23.0866 0 19.6194
    endloop
  endfacet
  facet normal 0.471409 -3.96877e-18 -0.881915
    outer loop
      vertex 23.0866 4 19.6194
      vertex 22.2221 0 19.1573
      vertex 22.2221 4 19.1573
    endloop
  endfacet
  facet normal 0.290276 -3.80355e-18 0.956943
    outer loop
      vertex 23.0866 4 10.3806
      vertex 24.0245 0 10.0961
      vertex 24.0245 4 10.0961
    endloop
  endfacet
  facet normal 0.290276 -3.80355e-18 0.956943
    outer loop
      vertex 24.0245 0 10.0961
      vertex 23.0866 4 10.3806
      vertex 23.0866 0 10.3806
    endloop
  endfacet
  facet normal -0.995183 0 -0.098039
    outer loop
      vertex 30 0 15
      vertex 29.9039 4 15.9755
      vertex 30 4 15
    endloop
  endfacet
  facet normal -0.995183 -0 -0.098039
    outer loop
      vertex 29.9039 4 15.9755
      vertex 30 0 15
      vertex 29.9039 0 15.9755
    endloop
  endfacet
  facet normal -0.881915 0 -0.471409
    outer loop
      vertex 29.6194 0 16.9134
      vertex 29.1573 4 17.7779
      vertex 29.6194 4 16.9134
    endloop
  endfacet
  facet normal -0.881915 -0 -0.471409
    outer loop
      vertex 29.1573 4 17.7779
      vertex 29.6194 0 16.9134
      vertex 29.1573 0 17.7779
    endloop
  endfacet
  facet normal -0.634426 -6.27908e-18 -0.772984
    outer loop
      vertex 27.7779 0 19.1573
      vertex 28.5355 4 18.5355
      vertex 28.5355 0 18.5355
    endloop
  endfacet
  facet normal -0.634426 -6.27908e-18 -0.772984
    outer loop
      vertex 28.5355 4 18.5355
      vertex 27.7779 0 19.1573
      vertex 27.7779 4 19.1573
    endloop
  endfacet
  facet normal -0.772984 0 0.634426
    outer loop
      vertex 28.5355 0 11.4645
      vertex 29.1573 4 12.2221
      vertex 28.5355 4 11.4645
    endloop
  endfacet
  facet normal -0.772984 0 0.634426
    outer loop
      vertex 29.1573 4 12.2221
      vertex 28.5355 0 11.4645
      vertex 29.1573 0 12.2221
    endloop
  endfacet
  facet normal 0.098039 1.40405e-18 0.995183
    outer loop
      vertex 24.0245 4 10.0961
      vertex 25 0 10
      vertex 25 4 10
    endloop
  endfacet
  facet normal 0.098039 1.40405e-18 0.995183
    outer loop
      vertex 25 0 10
      vertex 24.0245 4 10.0961
      vertex 24.0245 0 10.0961
    endloop
  endfacet
  facet normal 0.634426 6.27908e-18 -0.772984
    outer loop
      vertex 21.4645 0 18.5355
      vertex 22.2221 4 19.1573
      vertex 22.2221 0 19.1573
    endloop
  endfacet
  facet normal 0.634426 6.27908e-18 -0.772984
    outer loop
      vertex 22.2221 4 19.1573
      vertex 21.4645 0 18.5355
      vertex 21.4645 4 18.5355
    endloop
  endfacet
  facet normal 0.098039 -1.40405e-18 -0.995183
    outer loop
      vertex 24.0245 0 19.9039
      vertex 25 4 20
      vertex 25 0 20
    endloop
  endfacet
  facet normal 0.098039 -1.40405e-18 -0.995183
    outer loop
      vertex 25 4 20
      vertex 24.0245 0 19.9039
      vertex 24.0245 4 19.9039
    endloop
  endfacet
  facet normal -0.098039 -1.40405e-18 0.995183
    outer loop
      vertex 25 4 10
      vertex 25.9755 0 10.0961
      vertex 25.9755 4 10.0961
    endloop
  endfacet
  facet normal -0.098039 -1.40405e-18 0.995183
    outer loop
      vertex 25.9755 0 10.0961
      vertex 25 4 10
      vertex 25 0 10
    endloop
  endfacet
  facet normal -0.956943 0 -0.290276
    outer loop
      vertex 29.9039 0 15.9755
      vertex 29.6194 4 16.9134
      vertex 29.9039 4 15.9755
    endloop
  endfacet
  facet normal -0.956943 -0 -0.290276
    outer loop
      vertex 29.6194 4 16.9134
      vertex 29.9039 0 15.9755
      vertex 29.6194 0 16.9134
    endloop
  endfacet
  facet normal 0.956943 0 -0.290276
    outer loop
      vertex 20.3806 0 16.9134
      vertex 20.0961 4 15.9755
      vertex 20.3806 4 16.9134
    endloop
  endfacet
  facet normal 0.956943 0 -0.290276
    outer loop
      vertex 20.0961 4 15.9755
      vertex 20.3806 0 16.9134
      vertex 20.0961 0 15.9755
    endloop
  endfacet
  facet normal -0.290276 3.80355e-18 0.956943
    outer loop
      vertex 25.9755 4 10.0961
      vertex 26.9134 0 10.3806
      vertex 26.9134 4 10.3806
    endloop
  endfacet
  facet normal -0.290276 3.80355e-18 0.956943
    outer loop
      vertex 26.9134 0 10.3806
      vertex 25.9755 4 10.0961
      vertex 25.9755 0 10.0961
    endloop
  endfacet
  facet normal -0.772984 0 -0.634426
    outer loop
      vertex 29.1573 0 17.7779
      vertex 28.5355 4 18.5355
      vertex 29.1573 4 17.7779
    endloop
  endfacet
  facet normal -0.772984 -0 -0.634426
    outer loop
      vertex 28.5355 4 18.5355
      vertex 29.1573 0 17.7779
      vertex 28.5355 0 18.5355
    endloop
  endfacet
  facet normal 0.634426 -2.83547e-18 0.772984
    outer loop
      vertex 21.4645 4 11.4645
      vertex 22.2221 0 10.8427
      vertex 22.2221 4 10.8427
    endloop
  endfacet
  facet normal 0.634426 -2.83547e-18 0.772984
    outer loop
      vertex 22.2221 0 10.8427
      vertex 21.4645 4 11.4645
      vertex 21.4645 0 11.4645
    endloop
  endfacet
  facet normal -0.290276 -3.98479e-18 -0.956943
    outer loop
      vertex 25.9755 0 19.9039
      vertex 26.9134 4 19.6194
      vertex 26.9134 0 19.6194
    endloop
  endfacet
  facet normal -0.290276 -3.98479e-18 -0.956943
    outer loop
      vertex 26.9134 4 19.6194
      vertex 25.9755 0 19.9039
      vertex 25.9755 4 19.9039
    endloop
  endfacet
  facet normal 0.471409 -5.43171e-18 0.881915
    outer loop
      vertex 22.2221 4 10.8427
      vertex 23.0866 0 10.3806
      vertex 23.0866 4 10.3806
    endloop
  endfacet
  facet normal 0.471409 -5.43171e-18 0.881915
    outer loop
      vertex 23.0866 0 10.3806
      vertex 22.2221 4 10.8427
      vertex 22.2221 0 10.8427
    endloop
  endfacet
  facet normal 0.772984 0 -0.634426
    outer loop
      vertex 21.4645 0 18.5355
      vertex 20.8427 4 17.7779
      vertex 21.4645 4 18.5355
    endloop
  endfacet
  facet normal 0.772984 0 -0.634426
    outer loop
      vertex 20.8427 4 17.7779
      vertex 21.4645 0 18.5355
      vertex 20.8427 0 17.7779
    endloop
  endfacet
  facet normal -0.471409 3.96877e-18 -0.881915
    outer loop
      vertex 26.9134 0 19.6194
      vertex 27.7779 4 19.1573
      vertex 27.7779 0 19.1573
    endloop
  endfacet
  facet normal -0.471409 3.96877e-18 -0.881915
    outer loop
      vertex 27.7779 4 19.1573
      vertex 26.9134 0 19.6194
      vertex 26.9134 4 19.6194
    endloop
  endfacet
  facet normal 0.290276 3.98479e-18 -0.956943
    outer loop
      vertex 23.0866 0 19.6194
      vertex 24.0245 4 19.9039
      vertex 24.0245 0 19.9039
    endloop
  endfacet
  facet normal 0.290276 3.98479e-18 -0.956943
    outer loop
      vertex 24.0245 4 19.9039
      vertex 23.0866 0 19.6194
      vertex 23.0866 4 19.6194
    endloop
  endfacet
  facet normal -0.634426 2.83547e-18 0.772984
    outer loop
      vertex 27.7779 4 10.8427
      vertex 28.5355 0 11.4645
      vertex 28.5355 4 11.4645
    endloop
  endfacet
  facet normal -0.634426 2.83547e-18 0.772984
    outer loop
      vertex 28.5355 0 11.4645
      vertex 27.7779 4 10.8427
      vertex 27.7779 0 10.8427
    endloop
  endfacet
  facet normal -0.471409 5.43171e-18 0.881915
    outer loop
      vertex 26.9134 4 10.3806
      vertex 27.7779 0 10.8427
      vertex 27.7779 4 10.8427
    endloop
  endfacet
  facet normal -0.471409 5.43171e-18 0.881915
    outer loop
      vertex 27.7779 0 10.8427
      vertex 26.9134 4 10.3806
      vertex 26.9134 0 10.3806
    endloop
  endfacet
  facet normal 0.995183 -0 0.098039
    outer loop
      vertex 20 0 15
      vertex 20.0961 4 14.0245
      vertex 20 4 15
    endloop
  endfacet
  facet normal 0.995183 0 0.098039
    outer loop
      vertex 20.0961 4 14.0245
      vertex 20 0 15
      vertex 20.0961 0 14.0245
    endloop
  endfacet
  facet normal -0.098039 1.40405e-18 -0.995183
    outer loop
      vertex 25 0 20
      vertex 25.9755 4 19.9039
      vertex 25.9755 0 19.9039
    endloop
  endfacet
  facet normal -0.098039 1.40405e-18 -0.995183
    outer loop
      vertex 25.9755 4 19.9039
      vertex 25 0 20
      vertex 25 4 20
    endloop
  endfacet
  facet normal 0.772984 -0 0.634426
    outer loop
      vertex 20.8427 0 12.2221
      vertex 21.4645 4 11.4645
      vertex 20.8427 4 12.2221
    endloop
  endfacet
  facet normal 0.772984 0 0.634426
    outer loop
      vertex 21.4645 4 11.4645
      vertex 20.8427 0 12.2221
      vertex 21.4645 0 11.4645
    endloop
  endfacet
  facet normal 0.995183 0 -0.098039
    outer loop
      vertex 20.0961 0 15.9755
      vertex 20 4 15
      vertex 20.0961 4 15.9755
    endloop
  endfacet
  facet normal 0.995183 0 -0.098039
    outer loop
      vertex 20 4 15
      vertex 20.0961 0 15.9755
      vertex 20 0 15
    endloop
  endfacet
  facet normal 0.956943 -0 0.290276
    outer loop
      vertex 20.0961 0 14.0245
      vertex 20.3806 4 13.0866
      vertex 20.0961 4 14.0245
    endloop
  endfacet
  facet normal 0.956943 0 0.290276
    outer loop
      vertex 20.3806 4 13.0866
      vertex 20.0961 0 14.0245
      vertex 20.3806 0 13.0866
    endloop
  endfacet
  facet normal 0.881915 -0 0.471409
    outer loop
      vertex 20.3806 0 13.0866
      vertex 20.8427 4 12.2221
      vertex 20.3806 4 13.0866
    endloop
  endfacet
  facet normal 0.881915 0 0.471409
    outer loop
      vertex 20.8427 4 12.2221
      vertex 20.3806 0 13.0866
      vertex 20.8427 0 12.2221
    endloop
  endfacet
  facet normal 0.956943 -0 0.290276
    outer loop
      vertex 20.0961 0 29.0245
      vertex 20.3806 4 28.0866
      vertex 20.0961 4 29.0245
    endloop
  endfacet
  facet normal 0.956943 0 0.290276
    outer loop
      vertex 20.3806 4 28.0866
      vertex 20.0961 0 29.0245
      vertex 20.3806 0 28.0866
    endloop
  endfacet
  facet normal -0.634426 6.27908e-18 0.772984
    outer loop
      vertex 27.7779 4 25.8427
      vertex 28.5355 0 26.4645
      vertex 28.5355 4 26.4645
    endloop
  endfacet
  facet normal -0.634426 6.27908e-18 0.772984
    outer loop
      vertex 28.5355 0 26.4645
      vertex 27.7779 4 25.8427
      vertex 27.7779 0 25.8427
    endloop
  endfacet
  facet normal 0.772984 -0 0.634426
    outer loop
      vertex 20.8427 0 27.2221
      vertex 21.4645 4 26.4645
      vertex 20.8427 4 27.2221
    endloop
  endfacet
  facet normal 0.772984 0 0.634426
    outer loop
      vertex 21.4645 4 26.4645
      vertex 20.8427 0 27.2221
      vertex 21.4645 0 26.4645
    endloop
  endfacet
  facet normal -0.995183 0 -0.098039
    outer loop
      vertex 30 0 30
      vertex 29.9039 4 30.9755
      vertex 30 4 30
    endloop
  endfacet
  facet normal -0.995183 -0 -0.098039
    outer loop
      vertex 29.9039 4 30.9755
      vertex 30 0 30
      vertex 29.9039 0 30.9755
    endloop
  endfacet
  facet normal -0.634426 -6.27908e-18 -0.772984
    outer loop
      vertex 27.7779 0 34.1573
      vertex 28.5355 4 33.5355
      vertex 28.5355 0 33.5355
    endloop
  endfacet
  facet normal -0.634426 -6.27908e-18 -0.772984
    outer loop
      vertex 28.5355 4 33.5355
      vertex 27.7779 0 34.1573
      vertex 27.7779 4 34.1573
    endloop
  endfacet
  facet normal -0.098039 1.40405e-18 -0.995183
    outer loop
      vertex 25 0 35
      vertex 25.9755 4 34.9039
      vertex 25.9755 0 34.9039
    endloop
  endfacet
  facet normal -0.098039 1.40405e-18 -0.995183
    outer loop
      vertex 25.9755 4 34.9039
      vertex 25 0 35
      vertex 25 4 35
    endloop
  endfacet
  facet normal -0.881915 0 0.471409
    outer loop
      vertex 29.1573 0 27.2221
      vertex 29.6194 4 28.0866
      vertex 29.1573 4 27.2221
    endloop
  endfacet
  facet normal -0.881915 0 0.471409
    outer loop
      vertex 29.6194 4 28.0866
      vertex 29.1573 0 27.2221
      vertex 29.6194 0 28.0866
    endloop
  endfacet
  facet normal -0.772984 0 -0.634426
    outer loop
      vertex 29.1573 0 32.7779
      vertex 28.5355 4 33.5355
      vertex 29.1573 4 32.7779
    endloop
  endfacet
  facet normal -0.772984 -0 -0.634426
    outer loop
      vertex 28.5355 4 33.5355
      vertex 29.1573 0 32.7779
      vertex 28.5355 0 33.5355
    endloop
  endfacet
  facet normal -0.995183 0 0.098039
    outer loop
      vertex 29.9039 0 29.0245
      vertex 30 4 30
      vertex 29.9039 4 29.0245
    endloop
  endfacet
  facet normal -0.995183 0 0.098039
    outer loop
      vertex 30 4 30
      vertex 29.9039 0 29.0245
      vertex 30 0 30
    endloop
  endfacet
  facet normal 0.634426 6.27908e-18 -0.772984
    outer loop
      vertex 21.4645 0 33.5355
      vertex 22.2221 4 34.1573
      vertex 22.2221 0 34.1573
    endloop
  endfacet
  facet normal 0.634426 6.27908e-18 -0.772984
    outer loop
      vertex 22.2221 4 34.1573
      vertex 21.4645 0 33.5355
      vertex 21.4645 4 33.5355
    endloop
  endfacet
  facet normal 0.290276 -3.98479e-18 0.956943
    outer loop
      vertex 23.0866 4 25.3806
      vertex 24.0245 0 25.0961
      vertex 24.0245 4 25.0961
    endloop
  endfacet
  facet normal 0.290276 -3.98479e-18 0.956943
    outer loop
      vertex 24.0245 0 25.0961
      vertex 23.0866 4 25.3806
      vertex 23.0866 0 25.3806
    endloop
  endfacet
  facet normal -0.956943 0 0.290276
    outer loop
      vertex 29.6194 0 28.0866
      vertex 29.9039 4 29.0245
      vertex 29.6194 4 28.0866
    endloop
  endfacet
  facet normal -0.956943 0 0.290276
    outer loop
      vertex 29.9039 4 29.0245
      vertex 29.6194 0 28.0866
      vertex 29.9039 0 29.0245
    endloop
  endfacet
  facet normal 0.471409 -3.96877e-18 -0.881915
    outer loop
      vertex 22.2221 0 34.1573
      vertex 23.0866 4 34.6194
      vertex 23.0866 0 34.6194
    endloop
  endfacet
  facet normal 0.471409 -3.96877e-18 -0.881915
    outer loop
      vertex 23.0866 4 34.6194
      vertex 22.2221 0 34.1573
      vertex 22.2221 4 34.1573
    endloop
  endfacet
  facet normal -0.290276 -3.98479e-18 -0.956943
    outer loop
      vertex 25.9755 0 34.9039
      vertex 26.9134 4 34.6194
      vertex 26.9134 0 34.6194
    endloop
  endfacet
  facet normal -0.290276 -3.98479e-18 -0.956943
    outer loop
      vertex 26.9134 4 34.6194
      vertex 25.9755 0 34.9039
      vertex 25.9755 4 34.9039
    endloop
  endfacet
  facet normal -0.290276 3.98479e-18 0.956943
    outer loop
      vertex 25.9755 4 25.0961
      vertex 26.9134 0 25.3806
      vertex 26.9134 4 25.3806
    endloop
  endfacet
  facet normal -0.290276 3.98479e-18 0.956943
    outer loop
      vertex 26.9134 0 25.3806
      vertex 25.9755 4 25.0961
      vertex 25.9755 0 25.0961
    endloop
  endfacet
  facet normal 0.881915 -0 0.471409
    outer loop
      vertex 20.3806 0 28.0866
      vertex 20.8427 4 27.2221
      vertex 20.3806 4 28.0866
    endloop
  endfacet
  facet normal 0.881915 0 0.471409
    outer loop
      vertex 20.8427 4 27.2221
      vertex 20.3806 0 28.0866
      vertex 20.8427 0 27.2221
    endloop
  endfacet
  facet normal 0.772984 0 -0.634426
    outer loop
      vertex 21.4645 0 33.5355
      vertex 20.8427 4 32.7779
      vertex 21.4645 4 33.5355
    endloop
  endfacet
  facet normal 0.772984 0 -0.634426
    outer loop
      vertex 20.8427 4 32.7779
      vertex 21.4645 0 33.5355
      vertex 20.8427 0 32.7779
    endloop
  endfacet
  facet normal -0.471409 3.96877e-18 -0.881915
    outer loop
      vertex 26.9134 0 34.6194
      vertex 27.7779 4 34.1573
      vertex 27.7779 0 34.1573
    endloop
  endfacet
  facet normal -0.471409 3.96877e-18 -0.881915
    outer loop
      vertex 27.7779 4 34.1573
      vertex 26.9134 0 34.6194
      vertex 26.9134 4 34.6194
    endloop
  endfacet
  facet normal -0.881915 0 -0.471409
    outer loop
      vertex 29.6194 0 31.9134
      vertex 29.1573 4 32.7779
      vertex 29.6194 4 31.9134
    endloop
  endfacet
  facet normal -0.881915 -0 -0.471409
    outer loop
      vertex 29.1573 4 32.7779
      vertex 29.6194 0 31.9134
      vertex 29.1573 0 32.7779
    endloop
  endfacet
  facet normal 0.290276 3.98479e-18 -0.956943
    outer loop
      vertex 23.0866 0 34.6194
      vertex 24.0245 4 34.9039
      vertex 24.0245 0 34.9039
    endloop
  endfacet
  facet normal 0.290276 3.98479e-18 -0.956943
    outer loop
      vertex 24.0245 4 34.9039
      vertex 23.0866 0 34.6194
      vertex 23.0866 4 34.6194
    endloop
  endfacet
  facet normal -0.772984 0 0.634426
    outer loop
      vertex 28.5355 0 26.4645
      vertex 29.1573 4 27.2221
      vertex 28.5355 4 26.4645
    endloop
  endfacet
  facet normal -0.772984 0 0.634426
    outer loop
      vertex 29.1573 4 27.2221
      vertex 28.5355 0 26.4645
      vertex 29.1573 0 27.2221
    endloop
  endfacet
  facet normal 0.098039 1.40405e-18 0.995183
    outer loop
      vertex 24.0245 4 25.0961
      vertex 25 0 25
      vertex 25 4 25
    endloop
  endfacet
  facet normal 0.098039 1.40405e-18 0.995183
    outer loop
      vertex 25 0 25
      vertex 24.0245 4 25.0961
      vertex 24.0245 0 25.0961
    endloop
  endfacet
  facet normal -0.471409 -3.96877e-18 0.881915
    outer loop
      vertex 26.9134 4 25.3806
      vertex 27.7779 0 25.8427
      vertex 27.7779 4 25.8427
    endloop
  endfacet
  facet normal -0.471409 -3.96877e-18 0.881915
    outer loop
      vertex 27.7779 0 25.8427
      vertex 26.9134 4 25.3806
      vertex 26.9134 0 25.3806
    endloop
  endfacet
  facet normal 0.956943 0 -0.290276
    outer loop
      vertex 20.3806 0 31.9134
      vertex 20.0961 4 30.9755
      vertex 20.3806 4 31.9134
    endloop
  endfacet
  facet normal 0.956943 0 -0.290276
    outer loop
      vertex 20.0961 4 30.9755
      vertex 20.3806 0 31.9134
      vertex 20.0961 0 30.9755
    endloop
  endfacet
  facet normal 0.995183 0 -0.098039
    outer loop
      vertex 20.0961 0 30.9755
      vertex 20 4 30
      vertex 20.0961 4 30.9755
    endloop
  endfacet
  facet normal 0.995183 0 -0.098039
    outer loop
      vertex 20 4 30
      vertex 20.0961 0 30.9755
      vertex 20 0 30
    endloop
  endfacet
  facet normal 0.881915 0 -0.471409
    outer loop
      vertex 20.8427 0 32.7779
      vertex 20.3806 4 31.9134
      vertex 20.8427 4 32.7779
    endloop
  endfacet
  facet normal 0.881915 0 -0.471409
    outer loop
      vertex 20.3806 4 31.9134
      vertex 20.8427 0 32.7779
      vertex 20.3806 0 31.9134
    endloop
  endfacet
  facet normal 0.634426 -6.27908e-18 0.772984
    outer loop
      vertex 21.4645 4 26.4645
      vertex 22.2221 0 25.8427
      vertex 22.2221 4 25.8427
    endloop
  endfacet
  facet normal 0.634426 -6.27908e-18 0.772984
    outer loop
      vertex 22.2221 0 25.8427
      vertex 21.4645 4 26.4645
      vertex 21.4645 0 26.4645
    endloop
  endfacet
  facet normal 0.995183 -0 0.098039
    outer loop
      vertex 20 0 30
      vertex 20.0961 4 29.0245
      vertex 20 4 30
    endloop
  endfacet
  facet normal 0.995183 0 0.098039
    outer loop
      vertex 20.0961 4 29.0245
      vertex 20 0 30
      vertex 20.0961 0 29.0245
    endloop
  endfacet
  facet normal 0.471409 3.96877e-18 0.881915
    outer loop
      vertex 22.2221 4 25.8427
      vertex 23.0866 0 25.3806
      vertex 23.0866 4 25.3806
    endloop
  endfacet
  facet normal 0.471409 3.96877e-18 0.881915
    outer loop
      vertex 23.0866 0 25.3806
      vertex 22.2221 4 25.8427
      vertex 22.2221 0 25.8427
    endloop
  endfacet
  facet normal -0.956943 0 -0.290276
    outer loop
      vertex 29.9039 0 30.9755
      vertex 29.6194 4 31.9134
      vertex 29.9039 4 30.9755
    endloop
  endfacet
  facet normal -0.956943 -0 -0.290276
    outer loop
      vertex 29.6194 4 31.9134
      vertex 29.9039 0 30.9755
      vertex 29.6194 0 31.9134
    endloop
  endfacet
  facet normal -0.098039 -1.40405e-18 0.995183
    outer loop
      vertex 25 4 25
      vertex 25.9755 0 25.0961
      vertex 25.9755 4 25.0961
    endloop
  endfacet
  facet normal -0.098039 -1.40405e-18 0.995183
    outer loop
      vertex 25.9755 0 25.0961
      vertex 25 4 25
      vertex 25 0 25
    endloop
  endfacet
  facet normal 0.098039 -1.40405e-18 -0.995183
    outer loop
      vertex 24.0245 0 34.9039
      vertex 25 4 35
      vertex 25 0 35
    endloop
  endfacet
  facet normal 0.098039 -1.40405e-18 -0.995183
    outer loop
      vertex 25 4 35
      vertex 24.0245 0 34.9039
      vertex 24.0245 4 34.9039
    endloop
  endfacet
  facet normal 0.881915 0 -0.471409
    outer loop
      vertex 20.8427 0 47.7779
      vertex 20.3806 4 46.9134
      vertex 20.8427 4 47.7779
    endloop
  endfacet
  facet normal 0.881915 0 -0.471409
    outer loop
      vertex 20.3806 4 46.9134
      vertex 20.8427 0 47.7779
      vertex 20.3806 0 46.9134
    endloop
  endfacet
  facet normal -0.956943 0 0.290276
    outer loop
      vertex 29.6194 0 43.0866
      vertex 29.9039 4 44.0245
      vertex 29.6194 4 43.0866
    endloop
  endfacet
  facet normal -0.956943 0 0.290276
    outer loop
      vertex 29.9039 4 44.0245
      vertex 29.6194 0 43.0866
      vertex 29.9039 0 44.0245
    endloop
  endfacet
  facet normal -0.995183 0 0.098039
    outer loop
      vertex 29.9039 0 44.0245
      vertex 30 4 45
      vertex 29.9039 4 44.0245
    endloop
  endfacet
  facet normal -0.995183 0 0.098039
    outer loop
      vertex 30 4 45
      vertex 29.9039 0 44.0245
      vertex 30 0 45
    endloop
  endfacet
  facet normal -0.881915 0 0.471409
    outer loop
      vertex 29.1573 0 42.2221
      vertex 29.6194 4 43.0866
      vertex 29.1573 4 42.2221
    endloop
  endfacet
  facet normal -0.881915 0 0.471409
    outer loop
      vertex 29.6194 4 43.0866
      vertex 29.1573 0 42.2221
      vertex 29.6194 0 43.0866
    endloop
  endfacet
  facet normal 0.471409 -3.96877e-18 -0.881915
    outer loop
      vertex 22.2221 0 49.1573
      vertex 23.0866 4 49.6194
      vertex 23.0866 0 49.6194
    endloop
  endfacet
  facet normal 0.471409 -3.96877e-18 -0.881915
    outer loop
      vertex 23.0866 4 49.6194
      vertex 22.2221 0 49.1573
      vertex 22.2221 4 49.1573
    endloop
  endfacet
  facet normal 0.290276 -3.98479e-18 0.956943
    outer loop
      vertex 23.0866 4 40.3806
      vertex 24.0245 0 40.0961
      vertex 24.0245 4 40.0961
    endloop
  endfacet
  facet normal 0.290276 -3.98479e-18 0.956943
    outer loop
      vertex 24.0245 0 40.0961
      vertex 23.0866 4 40.3806
      vertex 23.0866 0 40.3806
    endloop
  endfacet
  facet normal -0.995183 0 -0.098039
    outer loop
      vertex 30 0 45
      vertex 29.9039 4 45.9755
      vertex 30 4 45
    endloop
  endfacet
  facet normal -0.995183 -0 -0.098039
    outer loop
      vertex 29.9039 4 45.9755
      vertex 30 0 45
      vertex 29.9039 0 45.9755
    endloop
  endfacet
  facet normal -0.881915 0 -0.471409
    outer loop
      vertex 29.6194 0 46.9134
      vertex 29.1573 4 47.7779
      vertex 29.6194 4 46.9134
    endloop
  endfacet
  facet normal -0.881915 -0 -0.471409
    outer loop
      vertex 29.1573 4 47.7779
      vertex 29.6194 0 46.9134
      vertex 29.1573 0 47.7779
    endloop
  endfacet
  facet normal -0.634426 -6.27908e-18 -0.772984
    outer loop
      vertex 27.7779 0 49.1573
      vertex 28.5355 4 48.5355
      vertex 28.5355 0 48.5355
    endloop
  endfacet
  facet normal -0.634426 -6.27908e-18 -0.772984
    outer loop
      vertex 28.5355 4 48.5355
      vertex 27.7779 0 49.1573
      vertex 27.7779 4 49.1573
    endloop
  endfacet
  facet normal -0.772984 0 0.634426
    outer loop
      vertex 28.5355 0 41.4645
      vertex 29.1573 4 42.2221
      vertex 28.5355 4 41.4645
    endloop
  endfacet
  facet normal -0.772984 0 0.634426
    outer loop
      vertex 29.1573 4 42.2221
      vertex 28.5355 0 41.4645
      vertex 29.1573 0 42.2221
    endloop
  endfacet
  facet normal 0.098039 1.40405e-18 0.995183
    outer loop
      vertex 24.0245 4 40.0961
      vertex 25 0 40
      vertex 25 4 40
    endloop
  endfacet
  facet normal 0.098039 1.40405e-18 0.995183
    outer loop
      vertex 25 0 40
      vertex 24.0245 4 40.0961
      vertex 24.0245 0 40.0961
    endloop
  endfacet
  facet normal 0.634426 6.27908e-18 -0.772984
    outer loop
      vertex 21.4645 0 48.5355
      vertex 22.2221 4 49.1573
      vertex 22.2221 0 49.1573
    endloop
  endfacet
  facet normal 0.634426 6.27908e-18 -0.772984
    outer loop
      vertex 22.2221 4 49.1573
      vertex 21.4645 0 48.5355
      vertex 21.4645 4 48.5355
    endloop
  endfacet
  facet normal 0.098039 -1.40405e-18 -0.995183
    outer loop
      vertex 24.0245 0 49.9039
      vertex 25 4 50
      vertex 25 0 50
    endloop
  endfacet
  facet normal 0.098039 -1.40405e-18 -0.995183
    outer loop
      vertex 25 4 50
      vertex 24.0245 0 49.9039
      vertex 24.0245 4 49.9039
    endloop
  endfacet
  facet normal -0.098039 -1.40405e-18 0.995183
    outer loop
      vertex 25 4 40
      vertex 25.9755 0 40.0961
      vertex 25.9755 4 40.0961
    endloop
  endfacet
  facet normal -0.098039 -1.40405e-18 0.995183
    outer loop
      vertex 25.9755 0 40.0961
      vertex 25 4 40
      vertex 25 0 40
    endloop
  endfacet
  facet normal -0.956943 0 -0.290276
    outer loop
      vertex 29.9039 0 45.9755
      vertex 29.6194 4 46.9134
      vertex 29.9039 4 45.9755
    endloop
  endfacet
  facet normal -0.956943 -0 -0.290276
    outer loop
      vertex 29.6194 4 46.9134
      vertex 29.9039 0 45.9755
      vertex 29.6194 0 46.9134
    endloop
  endfacet
  facet normal 0.956943 0 -0.290276
    outer loop
      vertex 20.3806 0 46.9134
      vertex 20.0961 4 45.9755
      vertex 20.3806 4 46.9134
    endloop
  endfacet
  facet normal 0.956943 0 -0.290276
    outer loop
      vertex 20.0961 4 45.9755
      vertex 20.3806 0 46.9134
      vertex 20.0961 0 45.9755
    endloop
  endfacet
  facet normal -0.290276 3.98479e-18 0.956943
    outer loop
      vertex 25.9755 4 40.0961
      vertex 26.9134 0 40.3806
      vertex 26.9134 4 40.3806
    endloop
  endfacet
  facet normal -0.290276 3.98479e-18 0.956943
    outer loop
      vertex 26.9134 0 40.3806
      vertex 25.9755 4 40.0961
      vertex 25.9755 0 40.0961
    endloop
  endfacet
  facet normal -0.772984 0 -0.634426
    outer loop
      vertex 29.1573 0 47.7779
      vertex 28.5355 4 48.5355
      vertex 29.1573 4 47.7779
    endloop
  endfacet
  facet normal -0.772984 -0 -0.634426
    outer loop
      vertex 28.5355 4 48.5355
      vertex 29.1573 0 47.7779
      vertex 28.5355 0 48.5355
    endloop
  endfacet
  facet normal 0.634426 -6.27908e-18 0.772984
    outer loop
      vertex 21.4645 4 41.4645
      vertex 22.2221 0 40.8427
      vertex 22.2221 4 40.8427
    endloop
  endfacet
  facet normal 0.634426 -6.27908e-18 0.772984
    outer loop
      vertex 22.2221 0 40.8427
      vertex 21.4645 4 41.4645
      vertex 21.4645 0 41.4645
    endloop
  endfacet
  facet normal -0.290276 -3.98479e-18 -0.956943
    outer loop
      vertex 25.9755 0 49.9039
      vertex 26.9134 4 49.6194
      vertex 26.9134 0 49.6194
    endloop
  endfacet
  facet normal -0.290276 -3.98479e-18 -0.956943
    outer loop
      vertex 26.9134 4 49.6194
      vertex 25.9755 0 49.9039
      vertex 25.9755 4 49.9039
    endloop
  endfacet
  facet normal 0.471409 3.96877e-18 0.881915
    outer loop
      vertex 22.2221 4 40.8427
      vertex 23.0866 0 40.3806
      vertex 23.0866 4 40.3806
    endloop
  endfacet
  facet normal 0.471409 3.96877e-18 0.881915
    outer loop
      vertex 23.0866 0 40.3806
      vertex 22.2221 4 40.8427
      vertex 22.2221 0 40.8427
    endloop
  endfacet
  facet normal 0.772984 0 -0.634426
    outer loop
      vertex 21.4645 0 48.5355
      vertex 20.8427 4 47.7779
      vertex 21.4645 4 48.5355
    endloop
  endfacet
  facet normal 0.772984 0 -0.634426
    outer loop
      vertex 20.8427 4 47.7779
      vertex 21.4645 0 48.5355
      vertex 20.8427 0 47.7779
    endloop
  endfacet
  facet normal -0.471409 3.96877e-18 -0.881915
    outer loop
      vertex 26.9134 0 49.6194
      vertex 27.7779 4 49.1573
      vertex 27.7779 0 49.1573
    endloop
  endfacet
  facet normal -0.471409 3.96877e-18 -0.881915
    outer loop
      vertex 27.7779 4 49.1573
      vertex 26.9134 0 49.6194
      vertex 26.9134 4 49.6194
    endloop
  endfacet
  facet normal 0.290276 3.98479e-18 -0.956943
    outer loop
      vertex 23.0866 0 49.6194
      vertex 24.0245 4 49.9039
      vertex 24.0245 0 49.9039
    endloop
  endfacet
  facet normal 0.290276 3.98479e-18 -0.956943
    outer loop
      vertex 24.0245 4 49.9039
      vertex 23.0866 0 49.6194
      vertex 23.0866 4 49.6194
    endloop
  endfacet
  facet normal -0.634426 6.27908e-18 0.772984
    outer loop
      vertex 27.7779 4 40.8427
      vertex 28.5355 0 41.4645
      vertex 28.5355 4 41.4645
    endloop
  endfacet
  facet normal -0.634426 6.27908e-18 0.772984
    outer loop
      vertex 28.5355 0 41.4645
      vertex 27.7779 4 40.8427
      vertex 27.7779 0 40.8427
    endloop
  endfacet
  facet normal -0.471409 -3.96877e-18 0.881915
    outer loop
      vertex 26.9134 4 40.3806
      vertex 27.7779 0 40.8427
      vertex 27.7779 4 40.8427
    endloop
  endfacet
  facet normal -0.471409 -3.96877e-18 0.881915
    outer loop
      vertex 27.7779 0 40.8427
      vertex 26.9134 4 40.3806
      vertex 26.9134 0 40.3806
    endloop
  endfacet
  facet normal 0.995183 -0 0.098039
    outer loop
      vertex 20 0 45
      vertex 20.0961 4 44.0245
      vertex 20 4 45
    endloop
  endfacet
  facet normal 0.995183 0 0.098039
    outer loop
      vertex 20.0961 4 44.0245
      vertex 20 0 45
      vertex 20.0961 0 44.0245
    endloop
  endfacet
  facet normal -0.098039 1.40405e-18 -0.995183
    outer loop
      vertex 25 0 50
      vertex 25.9755 4 49.9039
      vertex 25.9755 0 49.9039
    endloop
  endfacet
  facet normal -0.098039 1.40405e-18 -0.995183
    outer loop
      vertex 25.9755 4 49.9039
      vertex 25 0 50
      vertex 25 4 50
    endloop
  endfacet
  facet normal 0.772984 -0 0.634426
    outer loop
      vertex 20.8427 0 42.2221
      vertex 21.4645 4 41.4645
      vertex 20.8427 4 42.2221
    endloop
  endfacet
  facet normal 0.772984 0 0.634426
    outer loop
      vertex 21.4645 4 41.4645
      vertex 20.8427 0 42.2221
      vertex 21.4645 0 41.4645
    endloop
  endfacet
  facet normal 0.995183 0 -0.098039
    outer loop
      vertex 20.0961 0 45.9755
      vertex 20 4 45
      vertex 20.0961 4 45.9755
    endloop
  endfacet
  facet normal 0.995183 0 -0.098039
    outer loop
      vertex 20 4 45
      vertex 20.0961 0 45.9755
      vertex 20 0 45
    endloop
  endfacet
  facet normal 0.956943 -0 0.290276
    outer loop
      vertex 20.0961 0 44.0245
      vertex 20.3806 4 43.0866
      vertex 20.0961 4 44.0245
    endloop
  endfacet
  facet normal 0.956943 0 0.290276
    outer loop
      vertex 20.3806 4 43.0866
      vertex 20.0961 0 44.0245
      vertex 20.3806 0 43.0866
    endloop
  endfacet
  facet normal 0.881915 -0 0.471409
    outer loop
      vertex 20.3806 0 43.0866
      vertex 20.8427 4 42.2221
      vertex 20.3806 4 43.0866
    endloop
  endfacet
  facet normal 0.881915 0 0.471409
    outer loop
      vertex 20.8427 4 42.2221
      vertex 20.3806 0 43.0866
      vertex 20.8427 0 42.2221
    endloop
  endfacet
  facet normal 0.881915 0 -0.471409
    outer loop
      vertex 45.8427 0 17.7779
      vertex 45.3806 4 16.9134
      vertex 45.8427 4 17.7779
    endloop
  endfacet
  facet normal 0.881915 0 -0.471409
    outer loop
      vertex 45.3806 4 16.9134
      vertex 45.8427 0 17.7779
      vertex 45.3806 0 16.9134
    endloop
  endfacet
  facet normal -0.956943 0 0.290276
    outer loop
      vertex 54.6194 0 13.0866
      vertex 54.9039 4 14.0245
      vertex 54.6194 4 13.0866
    endloop
  endfacet
  facet normal -0.956943 0 0.290276
    outer loop
      vertex 54.9039 4 14.0245
      vertex 54.6194 0 13.0866
      vertex 54.9039 0 14.0245
    endloop
  endfacet
  facet normal -0.995183 0 0.098039
    outer loop
      vertex 54.9039 0 14.0245
      vertex 55 4 15
      vertex 54.9039 4 14.0245
    endloop
  endfacet
  facet normal -0.995183 0 0.098039
    outer loop
      vertex 55 4 15
      vertex 54.9039 0 14.0245
      vertex 55 0 15
    endloop
  endfacet
  facet normal -0.881915 0 0.471409
    outer loop
      vertex 54.1573 0 12.2221
      vertex 54.6194 4 13.0866
      vertex 54.1573 4 12.2221
    endloop
  endfacet
  facet normal -0.881915 0 0.471409
    outer loop
      vertex 54.6194 4 13.0866
      vertex 54.1573 0 12.2221
      vertex 54.6194 0 13.0866
    endloop
  endfacet
  facet normal 0.471409 -3.96877e-18 -0.881915
    outer loop
      vertex 47.2221 0 19.1573
      vertex 48.0866 4 19.6194
      vertex 48.0866 0 19.6194
    endloop
  endfacet
  facet normal 0.471409 -3.96877e-18 -0.881915
    outer loop
      vertex 48.0866 4 19.6194
      vertex 47.2221 0 19.1573
      vertex 47.2221 4 19.1573
    endloop
  endfacet
  facet normal 0.290276 4.46563e-18 0.956943
    outer loop
      vertex 48.0866 4 10.3806
      vertex 49.0245 0 10.0961
      vertex 49.0245 4 10.0961
    endloop
  endfacet
  facet normal 0.290276 4.46563e-18 0.956943
    outer loop
      vertex 49.0245 0 10.0961
      vertex 48.0866 4 10.3806
      vertex 48.0866 0 10.3806
    endloop
  endfacet
  facet normal -0.995183 0 -0.098039
    outer loop
      vertex 55 0 15
      vertex 54.9039 4 15.9755
      vertex 55 4 15
    endloop
  endfacet
  facet normal -0.995183 -0 -0.098039
    outer loop
      vertex 54.9039 4 15.9755
      vertex 55 0 15
      vertex 54.9039 0 15.9755
    endloop
  endfacet
  facet normal -0.881915 0 -0.471409
    outer loop
      vertex 54.6194 0 16.9134
      vertex 54.1573 4 17.7779
      vertex 54.6194 4 16.9134
    endloop
  endfacet
  facet normal -0.881915 -0 -0.471409
    outer loop
      vertex 54.1573 4 17.7779
      vertex 54.6194 0 16.9134
      vertex 54.1573 0 17.7779
    endloop
  endfacet
  facet normal -0.634426 4.98062e-18 -0.772984
    outer loop
      vertex 52.7779 0 19.1573
      vertex 53.5355 4 18.5355
      vertex 53.5355 0 18.5355
    endloop
  endfacet
  facet normal -0.634426 4.98062e-18 -0.772984
    outer loop
      vertex 53.5355 4 18.5355
      vertex 52.7779 0 19.1573
      vertex 52.7779 4 19.1573
    endloop
  endfacet
  facet normal -0.772984 0 0.634426
    outer loop
      vertex 53.5355 0 11.4645
      vertex 54.1573 4 12.2221
      vertex 53.5355 4 11.4645
    endloop
  endfacet
  facet normal -0.772984 0 0.634426
    outer loop
      vertex 54.1573 4 12.2221
      vertex 53.5355 0 11.4645
      vertex 54.1573 0 12.2221
    endloop
  endfacet
  facet normal 0.098039 -6.07086e-21 0.995183
    outer loop
      vertex 49.0245 4 10.0961
      vertex 50 0 10
      vertex 50 4 10
    endloop
  endfacet
  facet normal 0.098039 -6.07086e-21 0.995183
    outer loop
      vertex 50 0 10
      vertex 49.0245 4 10.0961
      vertex 49.0245 0 10.0961
    endloop
  endfacet
  facet normal 0.634426 -4.98062e-18 -0.772984
    outer loop
      vertex 46.4645 0 18.5355
      vertex 47.2221 4 19.1573
      vertex 47.2221 0 19.1573
    endloop
  endfacet
  facet normal 0.634426 -4.98062e-18 -0.772984
    outer loop
      vertex 47.2221 4 19.1573
      vertex 46.4645 0 18.5355
      vertex 46.4645 4 18.5355
    endloop
  endfacet
  facet normal 0.098039 6.07086e-21 -0.995183
    outer loop
      vertex 49.0245 0 19.9039
      vertex 50 4 20
      vertex 50 0 20
    endloop
  endfacet
  facet normal 0.098039 6.07086e-21 -0.995183
    outer loop
      vertex 50 4 20
      vertex 49.0245 0 19.9039
      vertex 49.0245 4 19.9039
    endloop
  endfacet
  facet normal -0.098039 6.07086e-21 0.995183
    outer loop
      vertex 50 4 10
      vertex 50.9755 0 10.0961
      vertex 50.9755 4 10.0961
    endloop
  endfacet
  facet normal -0.098039 6.07086e-21 0.995183
    outer loop
      vertex 50.9755 0 10.0961
      vertex 50 4 10
      vertex 50 0 10
    endloop
  endfacet
  facet normal -0.956943 0 -0.290276
    outer loop
      vertex 54.9039 0 15.9755
      vertex 54.6194 4 16.9134
      vertex 54.9039 4 15.9755
    endloop
  endfacet
  facet normal -0.956943 -0 -0.290276
    outer loop
      vertex 54.6194 4 16.9134
      vertex 54.9039 0 15.9755
      vertex 54.6194 0 16.9134
    endloop
  endfacet
  facet normal 0.956943 0 -0.290276
    outer loop
      vertex 45.3806 0 16.9134
      vertex 45.0961 4 15.9755
      vertex 45.3806 4 16.9134
    endloop
  endfacet
  facet normal 0.956943 0 -0.290276
    outer loop
      vertex 45.0961 4 15.9755
      vertex 45.3806 0 16.9134
      vertex 45.0961 0 15.9755
    endloop
  endfacet
  facet normal -0.290276 -4.46563e-18 0.956943
    outer loop
      vertex 50.9755 4 10.0961
      vertex 51.9134 0 10.3806
      vertex 51.9134 4 10.3806
    endloop
  endfacet
  facet normal -0.290276 -4.46563e-18 0.956943
    outer loop
      vertex 51.9134 0 10.3806
      vertex 50.9755 4 10.0961
      vertex 50.9755 0 10.0961
    endloop
  endfacet
  facet normal -0.772984 0 -0.634426
    outer loop
      vertex 54.1573 0 17.7779
      vertex 53.5355 4 18.5355
      vertex 54.1573 4 17.7779
    endloop
  endfacet
  facet normal -0.772984 -0 -0.634426
    outer loop
      vertex 53.5355 4 18.5355
      vertex 54.1573 0 17.7779
      vertex 53.5355 0 18.5355
    endloop
  endfacet
  facet normal 0.634426 -5.73535e-18 0.772984
    outer loop
      vertex 46.4645 4 11.4645
      vertex 47.2221 0 10.8427
      vertex 47.2221 4 10.8427
    endloop
  endfacet
  facet normal 0.634426 -5.73535e-18 0.772984
    outer loop
      vertex 47.2221 0 10.8427
      vertex 46.4645 4 11.4645
      vertex 46.4645 0 11.4645
    endloop
  endfacet
  facet normal -0.290276 4.28439e-18 -0.956943
    outer loop
      vertex 50.9755 0 19.9039
      vertex 51.9134 4 19.6194
      vertex 51.9134 0 19.6194
    endloop
  endfacet
  facet normal -0.290276 4.28439e-18 -0.956943
    outer loop
      vertex 51.9134 4 19.6194
      vertex 50.9755 0 19.9039
      vertex 50.9755 4 19.9039
    endloop
  endfacet
  facet normal 0.471409 -5.43171e-18 0.881915
    outer loop
      vertex 47.2221 4 10.8427
      vertex 48.0866 0 10.3806
      vertex 48.0866 4 10.3806
    endloop
  endfacet
  facet normal 0.471409 -5.43171e-18 0.881915
    outer loop
      vertex 48.0866 0 10.3806
      vertex 47.2221 4 10.8427
      vertex 47.2221 0 10.8427
    endloop
  endfacet
  facet normal 0.772984 0 -0.634426
    outer loop
      vertex 46.4645 0 18.5355
      vertex 45.8427 4 17.7779
      vertex 46.4645 4 18.5355
    endloop
  endfacet
  facet normal 0.772984 0 -0.634426
    outer loop
      vertex 45.8427 4 17.7779
      vertex 46.4645 0 18.5355
      vertex 45.8427 0 17.7779
    endloop
  endfacet
  facet normal -0.471409 3.96877e-18 -0.881915
    outer loop
      vertex 51.9134 0 19.6194
      vertex 52.7779 4 19.1573
      vertex 52.7779 0 19.1573
    endloop
  endfacet
  facet normal -0.471409 3.96877e-18 -0.881915
    outer loop
      vertex 52.7779 4 19.1573
      vertex 51.9134 0 19.6194
      vertex 51.9134 4 19.6194
    endloop
  endfacet
  facet normal 0.290276 -4.28439e-18 -0.956943
    outer loop
      vertex 48.0866 0 19.6194
      vertex 49.0245 4 19.9039
      vertex 49.0245 0 19.9039
    endloop
  endfacet
  facet normal 0.290276 -4.28439e-18 -0.956943
    outer loop
      vertex 49.0245 4 19.9039
      vertex 48.0866 0 19.6194
      vertex 48.0866 4 19.6194
    endloop
  endfacet
  facet normal -0.634426 5.73535e-18 0.772984
    outer loop
      vertex 52.7779 4 10.8427
      vertex 53.5355 0 11.4645
      vertex 53.5355 4 11.4645
    endloop
  endfacet
  facet normal -0.634426 5.73535e-18 0.772984
    outer loop
      vertex 53.5355 0 11.4645
      vertex 52.7779 4 10.8427
      vertex 52.7779 0 10.8427
    endloop
  endfacet
  facet normal -0.471409 5.43171e-18 0.881915
    outer loop
      vertex 51.9134 4 10.3806
      vertex 52.7779 0 10.8427
      vertex 52.7779 4 10.8427
    endloop
  endfacet
  facet normal -0.471409 5.43171e-18 0.881915
    outer loop
      vertex 52.7779 0 10.8427
      vertex 51.9134 4 10.3806
      vertex 51.9134 0 10.3806
    endloop
  endfacet
  facet normal 0.995183 -0 0.098039
    outer loop
      vertex 45 0 15
      vertex 45.0961 4 14.0245
      vertex 45 4 15
    endloop
  endfacet
  facet normal 0.995183 0 0.098039
    outer loop
      vertex 45.0961 4 14.0245
      vertex 45 0 15
      vertex 45.0961 0 14.0245
    endloop
  endfacet
  facet normal -0.098039 -6.07086e-21 -0.995183
    outer loop
      vertex 50 0 20
      vertex 50.9755 4 19.9039
      vertex 50.9755 0 19.9039
    endloop
  endfacet
  facet normal -0.098039 -6.07086e-21 -0.995183
    outer loop
      vertex 50.9755 4 19.9039
      vertex 50 0 20
      vertex 50 4 20
    endloop
  endfacet
  facet normal 0.772984 -0 0.634426
    outer loop
      vertex 45.8427 0 12.2221
      vertex 46.4645 4 11.4645
      vertex 45.8427 4 12.2221
    endloop
  endfacet
  facet normal 0.772984 0 0.634426
    outer loop
      vertex 46.4645 4 11.4645
      vertex 45.8427 0 12.2221
      vertex 46.4645 0 11.4645
    endloop
  endfacet
  facet normal 0.995183 0 -0.098039
    outer loop
      vertex 45.0961 0 15.9755
      vertex 45 4 15
      vertex 45.0961 4 15.9755
    endloop
  endfacet
  facet normal 0.995183 0 -0.098039
    outer loop
      vertex 45 4 15
      vertex 45.0961 0 15.9755
      vertex 45 0 15
    endloop
  endfacet
  facet normal 0.956943 -0 0.290276
    outer loop
      vertex 45.0961 0 14.0245
      vertex 45.3806 4 13.0866
      vertex 45.0961 4 14.0245
    endloop
  endfacet
  facet normal 0.956943 0 0.290276
    outer loop
      vertex 45.3806 4 13.0866
      vertex 45.0961 0 14.0245
      vertex 45.3806 0 13.0866
    endloop
  endfacet
  facet normal 0.881915 -0 0.471409
    outer loop
      vertex 45.3806 0 13.0866
      vertex 45.8427 4 12.2221
      vertex 45.3806 4 13.0866
    endloop
  endfacet
  facet normal 0.881915 0 0.471409
    outer loop
      vertex 45.8427 4 12.2221
      vertex 45.3806 0 13.0866
      vertex 45.8427 0 12.2221
    endloop
  endfacet
  facet normal 0.881915 0 -0.471409
    outer loop
      vertex 45.8427 0 32.7779
      vertex 45.3806 4 31.9134
      vertex 45.8427 4 32.7779
    endloop
  endfacet
  facet normal 0.881915 0 -0.471409
    outer loop
      vertex 45.3806 4 31.9134
      vertex 45.8427 0 32.7779
      vertex 45.3806 0 31.9134
    endloop
  endfacet
  facet normal -0.956943 0 0.290276
    outer loop
      vertex 54.6194 0 28.0866
      vertex 54.9039 4 29.0245
      vertex 54.6194 4 28.0866
    endloop
  endfacet
  facet normal -0.956943 0 0.290276
    outer loop
      vertex 54.9039 4 29.0245
      vertex 54.6194 0 28.0866
      vertex 54.9039 0 29.0245
    endloop
  endfacet
  facet normal -0.995183 0 0.098039
    outer loop
      vertex 54.9039 0 29.0245
      vertex 55 4 30
      vertex 54.9039 4 29.0245
    endloop
  endfacet
  facet normal -0.995183 0 0.098039
    outer loop
      vertex 55 4 30
      vertex 54.9039 0 29.0245
      vertex 55 0 30
    endloop
  endfacet
  facet normal -0.881915 0 0.471409
    outer loop
      vertex 54.1573 0 27.2221
      vertex 54.6194 4 28.0866
      vertex 54.1573 4 27.2221
    endloop
  endfacet
  facet normal -0.881915 0 0.471409
    outer loop
      vertex 54.6194 4 28.0866
      vertex 54.1573 0 27.2221
      vertex 54.6194 0 28.0866
    endloop
  endfacet
  facet normal 0.471409 -3.96877e-18 -0.881915
    outer loop
      vertex 47.2221 0 34.1573
      vertex 48.0866 4 34.6194
      vertex 48.0866 0 34.6194
    endloop
  endfacet
  facet normal 0.471409 -3.96877e-18 -0.881915
    outer loop
      vertex 48.0866 4 34.6194
      vertex 47.2221 0 34.1573
      vertex 47.2221 4 34.1573
    endloop
  endfacet
  facet normal 0.290276 4.28439e-18 0.956943
    outer loop
      vertex 48.0866 4 25.3806
      vertex 49.0245 0 25.0961
      vertex 49.0245 4 25.0961
    endloop
  endfacet
  facet normal 0.290276 4.28439e-18 0.956943
    outer loop
      vertex 49.0245 0 25.0961
      vertex 48.0866 4 25.3806
      vertex 48.0866 0 25.3806
    endloop
  endfacet
  facet normal -0.995183 0 -0.098039
    outer loop
      vertex 55 0 30
      vertex 54.9039 4 30.9755
      vertex 55 4 30
    endloop
  endfacet
  facet normal -0.995183 -0 -0.098039
    outer loop
      vertex 54.9039 4 30.9755
      vertex 55 0 30
      vertex 54.9039 0 30.9755
    endloop
  endfacet
  facet normal -0.881915 0 -0.471409
    outer loop
      vertex 54.6194 0 31.9134
      vertex 54.1573 4 32.7779
      vertex 54.6194 4 31.9134
    endloop
  endfacet
  facet normal -0.881915 -0 -0.471409
    outer loop
      vertex 54.1573 4 32.7779
      vertex 54.6194 0 31.9134
      vertex 54.1573 0 32.7779
    endloop
  endfacet
  facet normal -0.634426 4.98062e-18 -0.772984
    outer loop
      vertex 52.7779 0 34.1573
      vertex 53.5355 4 33.5355
      vertex 53.5355 0 33.5355
    endloop
  endfacet
  facet normal -0.634426 4.98062e-18 -0.772984
    outer loop
      vertex 53.5355 4 33.5355
      vertex 52.7779 0 34.1573
      vertex 52.7779 4 34.1573
    endloop
  endfacet
  facet normal -0.772984 0 0.634426
    outer loop
      vertex 53.5355 0 26.4645
      vertex 54.1573 4 27.2221
      vertex 53.5355 4 26.4645
    endloop
  endfacet
  facet normal -0.772984 0 0.634426
    outer loop
      vertex 54.1573 4 27.2221
      vertex 53.5355 0 26.4645
      vertex 54.1573 0 27.2221
    endloop
  endfacet
  facet normal 0.098039 -6.07086e-21 0.995183
    outer loop
      vertex 49.0245 4 25.0961
      vertex 50 0 25
      vertex 50 4 25
    endloop
  endfacet
  facet normal 0.098039 -6.07086e-21 0.995183
    outer loop
      vertex 50 0 25
      vertex 49.0245 4 25.0961
      vertex 49.0245 0 25.0961
    endloop
  endfacet
  facet normal 0.634426 -4.98062e-18 -0.772984
    outer loop
      vertex 46.4645 0 33.5355
      vertex 47.2221 4 34.1573
      vertex 47.2221 0 34.1573
    endloop
  endfacet
  facet normal 0.634426 -4.98062e-18 -0.772984
    outer loop
      vertex 47.2221 4 34.1573
      vertex 46.4645 0 33.5355
      vertex 46.4645 4 33.5355
    endloop
  endfacet
  facet normal 0.098039 6.07086e-21 -0.995183
    outer loop
      vertex 49.0245 0 34.9039
      vertex 50 4 35
      vertex 50 0 35
    endloop
  endfacet
  facet normal 0.098039 6.07086e-21 -0.995183
    outer loop
      vertex 50 4 35
      vertex 49.0245 0 34.9039
      vertex 49.0245 4 34.9039
    endloop
  endfacet
  facet normal -0.098039 6.07086e-21 0.995183
    outer loop
      vertex 50 4 25
      vertex 50.9755 0 25.0961
      vertex 50.9755 4 25.0961
    endloop
  endfacet
  facet normal -0.098039 6.07086e-21 0.995183
    outer loop
      vertex 50.9755 0 25.0961
      vertex 50 4 25
      vertex 50 0 25
    endloop
  endfacet
  facet normal -0.956943 0 -0.290276
    outer loop
      vertex 54.9039 0 30.9755
      vertex 54.6194 4 31.9134
      vertex 54.9039 4 30.9755
    endloop
  endfacet
  facet normal -0.956943 -0 -0.290276
    outer loop
      vertex 54.6194 4 31.9134
      vertex 54.9039 0 30.9755
      vertex 54.6194 0 31.9134
    endloop
  endfacet
  facet normal 0.956943 0 -0.290276
    outer loop
      vertex 45.3806 0 31.9134
      vertex 45.0961 4 30.9755
      vertex 45.3806 4 31.9134
    endloop
  endfacet
  facet normal 0.956943 0 -0.290276
    outer loop
      vertex 45.0961 4 30.9755
      vertex 45.3806 0 31.9134
      vertex 45.0961 0 30.9755
    endloop
  endfacet
  facet normal -0.290276 -4.28439e-18 0.956943
    outer loop
      vertex 50.9755 4 25.0961
      vertex 51.9134 0 25.3806
      vertex 51.9134 4 25.3806
    endloop
  endfacet
  facet normal -0.290276 -4.28439e-18 0.956943
    outer loop
      vertex 51.9134 0 25.3806
      vertex 50.9755 4 25.0961
      vertex 50.9755 0 25.0961
    endloop
  endfacet
  facet normal -0.772984 0 -0.634426
    outer loop
      vertex 54.1573 0 32.7779
      vertex 53.5355 4 33.5355
      vertex 54.1573 4 32.7779
    endloop
  endfacet
  facet normal -0.772984 -0 -0.634426
    outer loop
      vertex 53.5355 4 33.5355
      vertex 54.1573 0 32.7779
      vertex 53.5355 0 33.5355
    endloop
  endfacet
  facet normal 0.634426 4.98062e-18 0.772984
    outer loop
      vertex 46.4645 4 26.4645
      vertex 47.2221 0 25.8427
      vertex 47.2221 4 25.8427
    endloop
  endfacet
  facet normal 0.634426 4.98062e-18 0.772984
    outer loop
      vertex 47.2221 0 25.8427
      vertex 46.4645 4 26.4645
      vertex 46.4645 0 26.4645
    endloop
  endfacet
  facet normal -0.290276 4.28439e-18 -0.956943
    outer loop
      vertex 50.9755 0 34.9039
      vertex 51.9134 4 34.6194
      vertex 51.9134 0 34.6194
    endloop
  endfacet
  facet normal -0.290276 4.28439e-18 -0.956943
    outer loop
      vertex 51.9134 4 34.6194
      vertex 50.9755 0 34.9039
      vertex 50.9755 4 34.9039
    endloop
  endfacet
  facet normal 0.471409 3.96877e-18 0.881915
    outer loop
      vertex 47.2221 4 25.8427
      vertex 48.0866 0 25.3806
      vertex 48.0866 4 25.3806
    endloop
  endfacet
  facet normal 0.471409 3.96877e-18 0.881915
    outer loop
      vertex 48.0866 0 25.3806
      vertex 47.2221 4 25.8427
      vertex 47.2221 0 25.8427
    endloop
  endfacet
  facet normal 0.772984 0 -0.634426
    outer loop
      vertex 46.4645 0 33.5355
      vertex 45.8427 4 32.7779
      vertex 46.4645 4 33.5355
    endloop
  endfacet
  facet normal 0.772984 0 -0.634426
    outer loop
      vertex 45.8427 4 32.7779
      vertex 46.4645 0 33.5355
      vertex 45.8427 0 32.7779
    endloop
  endfacet
  facet normal -0.471409 3.96877e-18 -0.881915
    outer loop
      vertex 51.9134 0 34.6194
      vertex 52.7779 4 34.1573
      vertex 52.7779 0 34.1573
    endloop
  endfacet
  facet normal -0.471409 3.96877e-18 -0.881915
    outer loop
      vertex 52.7779 4 34.1573
      vertex 51.9134 0 34.6194
      vertex 51.9134 4 34.6194
    endloop
  endfacet
  facet normal 0.290276 -4.28439e-18 -0.956943
    outer loop
      vertex 48.0866 0 34.6194
      vertex 49.0245 4 34.9039
      vertex 49.0245 0 34.9039
    endloop
  endfacet
  facet normal 0.290276 -4.28439e-18 -0.956943
    outer loop
      vertex 49.0245 4 34.9039
      vertex 48.0866 0 34.6194
      vertex 48.0866 4 34.6194
    endloop
  endfacet
  facet normal -0.634426 -4.98062e-18 0.772984
    outer loop
      vertex 52.7779 4 25.8427
      vertex 53.5355 0 26.4645
      vertex 53.5355 4 26.4645
    endloop
  endfacet
  facet normal -0.634426 -4.98062e-18 0.772984
    outer loop
      vertex 53.5355 0 26.4645
      vertex 52.7779 4 25.8427
      vertex 52.7779 0 25.8427
    endloop
  endfacet
  facet normal -0.471409 -3.96877e-18 0.881915
    outer loop
      vertex 51.9134 4 25.3806
      vertex 52.7779 0 25.8427
      vertex 52.7779 4 25.8427
    endloop
  endfacet
  facet normal -0.471409 -3.96877e-18 0.881915
    outer loop
      vertex 52.7779 0 25.8427
      vertex 51.9134 4 25.3806
      vertex 51.9134 0 25.3806
    endloop
  endfacet
  facet normal 0.995183 -0 0.098039
    outer loop
      vertex 45 0 30
      vertex 45.0961 4 29.0245
      vertex 45 4 30
    endloop
  endfacet
  facet normal 0.995183 0 0.098039
    outer loop
      vertex 45.0961 4 29.0245
      vertex 45 0 30
      vertex 45.0961 0 29.0245
    endloop
  endfacet
  facet normal -0.098039 -6.07086e-21 -0.995183
    outer loop
      vertex 50 0 35
      vertex 50.9755 4 34.9039
      vertex 50.9755 0 34.9039
    endloop
  endfacet
  facet normal -0.098039 -6.07086e-21 -0.995183
    outer loop
      vertex 50.9755 4 34.9039
      vertex 50 0 35
      vertex 50 4 35
    endloop
  endfacet
  facet normal 0.772984 -0 0.634426
    outer loop
      vertex 45.8427 0 27.2221
      vertex 46.4645 4 26.4645
      vertex 45.8427 4 27.2221
    endloop
  endfacet
  facet normal 0.772984 0 0.634426
    outer loop
      vertex 46.4645 4 26.4645
      vertex 45.8427 0 27.2221
      vertex 46.4645 0 26.4645
    endloop
  endfacet
  facet normal 0.995183 0 -0.098039
    outer loop
      vertex 45.0961 0 30.9755
      vertex 45 4 30
      vertex 45.0961 4 30.9755
    endloop
  endfacet
  facet normal 0.995183 0 -0.098039
    outer loop
      vertex 45 4 30
      vertex 45.0961 0 30.9755
      vertex 45 0 30
    endloop
  endfacet
  facet normal 0.956943 -0 0.290276
    outer loop
      vertex 45.0961 0 29.0245
      vertex 45.3806 4 28.0866
      vertex 45.0961 4 29.0245
    endloop
  endfacet
  facet normal 0.956943 0 0.290276
    outer loop
      vertex 45.3806 4 28.0866
      vertex 45.0961 0 29.0245
      vertex 45.3806 0 28.0866
    endloop
  endfacet
  facet normal 0.881915 -0 0.471409
    outer loop
      vertex 45.3806 0 28.0866
      vertex 45.8427 4 27.2221
      vertex 45.3806 4 28.0866
    endloop
  endfacet
  facet normal 0.881915 0 0.471409
    outer loop
      vertex 45.8427 4 27.2221
      vertex 45.3806 0 28.0866
      vertex 45.8427 0 27.2221
    endloop
  endfacet
  facet normal 0.956943 -0 0.290276
    outer loop
      vertex 45.0961 0 44.0245
      vertex 45.3806 4 43.0866
      vertex 45.0961 4 44.0245
    endloop
  endfacet
  facet normal 0.956943 0 0.290276
    outer loop
      vertex 45.3806 4 43.0866
      vertex 45.0961 0 44.0245
      vertex 45.3806 0 43.0866
    endloop
  endfacet
  facet normal -0.634426 -4.98062e-18 0.772984
    outer loop
      vertex 52.7779 4 40.8427
      vertex 53.5355 0 41.4645
      vertex 53.5355 4 41.4645
    endloop
  endfacet
  facet normal -0.634426 -4.98062e-18 0.772984
    outer loop
      vertex 53.5355 0 41.4645
      vertex 52.7779 4 40.8427
      vertex 52.7779 0 40.8427
    endloop
  endfacet
  facet normal 0.772984 -0 0.634426
    outer loop
      vertex 45.8427 0 42.2221
      vertex 46.4645 4 41.4645
      vertex 45.8427 4 42.2221
    endloop
  endfacet
  facet normal 0.772984 0 0.634426
    outer loop
      vertex 46.4645 4 41.4645
      vertex 45.8427 0 42.2221
      vertex 46.4645 0 41.4645
    endloop
  endfacet
  facet normal -0.995183 0 -0.098039
    outer loop
      vertex 55 0 45
      vertex 54.9039 4 45.9755
      vertex 55 4 45
    endloop
  endfacet
  facet normal -0.995183 -0 -0.098039
    outer loop
      vertex 54.9039 4 45.9755
      vertex 55 0 45
      vertex 54.9039 0 45.9755
    endloop
  endfacet
  facet normal -0.634426 4.98062e-18 -0.772984
    outer loop
      vertex 52.7779 0 49.1573
      vertex 53.5355 4 48.5355
      vertex 53.5355 0 48.5355
    endloop
  endfacet
  facet normal -0.634426 4.98062e-18 -0.772984
    outer loop
      vertex 53.5355 4 48.5355
      vertex 52.7779 0 49.1573
      vertex 52.7779 4 49.1573
    endloop
  endfacet
  facet normal -0.098039 -6.07086e-21 -0.995183
    outer loop
      vertex 50 0 50
      vertex 50.9755 4 49.9039
      vertex 50.9755 0 49.9039
    endloop
  endfacet
  facet normal -0.098039 -6.07086e-21 -0.995183
    outer loop
      vertex 50.9755 4 49.9039
      vertex 50 0 50
      vertex 50 4 50
    endloop
  endfacet
  facet normal -0.881915 0 0.471409
    outer loop
      vertex 54.1573 0 42.2221
      vertex 54.6194 4 43.0866
      vertex 54.1573 4 42.2221
    endloop
  endfacet
  facet normal -0.881915 0 0.471409
    outer loop
      vertex 54.6194 4 43.0866
      vertex 54.1573 0 42.2221
      vertex 54.6194 0 43.0866
    endloop
  endfacet
  facet normal -0.772984 0 -0.634426
    outer loop
      vertex 54.1573 0 47.7779
      vertex 53.5355 4 48.5355
      vertex 54.1573 4 47.7779
    endloop
  endfacet
  facet normal -0.772984 -0 -0.634426
    outer loop
      vertex 53.5355 4 48.5355
      vertex 54.1573 0 47.7779
      vertex 53.5355 0 48.5355
    endloop
  endfacet
  facet normal -0.995183 0 0.098039
    outer loop
      vertex 54.9039 0 44.0245
      vertex 55 4 45
      vertex 54.9039 4 44.0245
    endloop
  endfacet
  facet normal -0.995183 0 0.098039
    outer loop
      vertex 55 4 45
      vertex 54.9039 0 44.0245
      vertex 55 0 45
    endloop
  endfacet
  facet normal 0.634426 -4.98062e-18 -0.772984
    outer loop
      vertex 46.4645 0 48.5355
      vertex 47.2221 4 49.1573
      vertex 47.2221 0 49.1573
    endloop
  endfacet
  facet normal 0.634426 -4.98062e-18 -0.772984
    outer loop
      vertex 47.2221 4 49.1573
      vertex 46.4645 0 48.5355
      vertex 46.4645 4 48.5355
    endloop
  endfacet
  facet normal 0.290276 4.28439e-18 0.956943
    outer loop
      vertex 48.0866 4 40.3806
      vertex 49.0245 0 40.0961
      vertex 49.0245 4 40.0961
    endloop
  endfacet
  facet normal 0.290276 4.28439e-18 0.956943
    outer loop
      vertex 49.0245 0 40.0961
      vertex 48.0866 4 40.3806
      vertex 48.0866 0 40.3806
    endloop
  endfacet
  facet normal -0.956943 0 0.290276
    outer loop
      vertex 54.6194 0 43.0866
      vertex 54.9039 4 44.0245
      vertex 54.6194 4 43.0866
    endloop
  endfacet
  facet normal -0.956943 0 0.290276
    outer loop
      vertex 54.9039 4 44.0245
      vertex 54.6194 0 43.0866
      vertex 54.9039 0 44.0245
    endloop
  endfacet
  facet normal 0.471409 -3.96877e-18 -0.881915
    outer loop
      vertex 47.2221 0 49.1573
      vertex 48.0866 4 49.6194
      vertex 48.0866 0 49.6194
    endloop
  endfacet
  facet normal 0.471409 -3.96877e-18 -0.881915
    outer loop
      vertex 48.0866 4 49.6194
      vertex 47.2221 0 49.1573
      vertex 47.2221 4 49.1573
    endloop
  endfacet
  facet normal -0.290276 4.28439e-18 -0.956943
    outer loop
      vertex 50.9755 0 49.9039
      vertex 51.9134 4 49.6194
      vertex 51.9134 0 49.6194
    endloop
  endfacet
  facet normal -0.290276 4.28439e-18 -0.956943
    outer loop
      vertex 51.9134 4 49.6194
      vertex 50.9755 0 49.9039
      vertex 50.9755 4 49.9039
    endloop
  endfacet
  facet normal -0.290276 -4.28439e-18 0.956943
    outer loop
      vertex 50.9755 4 40.0961
      vertex 51.9134 0 40.3806
      vertex 51.9134 4 40.3806
    endloop
  endfacet
  facet normal -0.290276 -4.28439e-18 0.956943
    outer loop
      vertex 51.9134 0 40.3806
      vertex 50.9755 4 40.0961
      vertex 50.9755 0 40.0961
    endloop
  endfacet
  facet normal 0.881915 -0 0.471409
    outer loop
      vertex 45.3806 0 43.0866
      vertex 45.8427 4 42.2221
      vertex 45.3806 4 43.0866
    endloop
  endfacet
  facet normal 0.881915 0 0.471409
    outer loop
      vertex 45.8427 4 42.2221
      vertex 45.3806 0 43.0866
      vertex 45.8427 0 42.2221
    endloop
  endfacet
  facet normal 0.772984 0 -0.634426
    outer loop
      vertex 46.4645 0 48.5355
      vertex 45.8427 4 47.7779
      vertex 46.4645 4 48.5355
    endloop
  endfacet
  facet normal 0.772984 0 -0.634426
    outer loop
      vertex 45.8427 4 47.7779
      vertex 46.4645 0 48.5355
      vertex 45.8427 0 47.7779
    endloop
  endfacet
  facet normal -0.471409 3.96877e-18 -0.881915
    outer loop
      vertex 51.9134 0 49.6194
      vertex 52.7779 4 49.1573
      vertex 52.7779 0 49.1573
    endloop
  endfacet
  facet normal -0.471409 3.96877e-18 -0.881915
    outer loop
      vertex 52.7779 4 49.1573
      vertex 51.9134 0 49.6194
      vertex 51.9134 4 49.6194
    endloop
  endfacet
  facet normal -0.881915 0 -0.471409
    outer loop
      vertex 54.6194 0 46.9134
      vertex 54.1573 4 47.7779
      vertex 54.6194 4 46.9134
    endloop
  endfacet
  facet normal -0.881915 -0 -0.471409
    outer loop
      vertex 54.1573 4 47.7779
      vertex 54.6194 0 46.9134
      vertex 54.1573 0 47.7779
    endloop
  endfacet
  facet normal 0.290276 -4.28439e-18 -0.956943
    outer loop
      vertex 48.0866 0 49.6194
      vertex 49.0245 4 49.9039
      vertex 49.0245 0 49.9039
    endloop
  endfacet
  facet normal 0.290276 -4.28439e-18 -0.956943
    outer loop
      vertex 49.0245 4 49.9039
      vertex 48.0866 0 49.6194
      vertex 48.0866 4 49.6194
    endloop
  endfacet
  facet normal -0.772984 0 0.634426
    outer loop
      vertex 53.5355 0 41.4645
      vertex 54.1573 4 42.2221
      vertex 53.5355 4 41.4645
    endloop
  endfacet
  facet normal -0.772984 0 0.634426
    outer loop
      vertex 54.1573 4 42.2221
      vertex 53.5355 0 41.4645
      vertex 54.1573 0 42.2221
    endloop
  endfacet
  facet normal 0.098039 -6.07086e-21 0.995183
    outer loop
      vertex 49.0245 4 40.0961
      vertex 50 0 40
      vertex 50 4 40
    endloop
  endfacet
  facet normal 0.098039 -6.07086e-21 0.995183
    outer loop
      vertex 50 0 40
      vertex 49.0245 4 40.0961
      vertex 49.0245 0 40.0961
    endloop
  endfacet
  facet normal -0.471409 -3.96877e-18 0.881915
    outer loop
      vertex 51.9134 4 40.3806
      vertex 52.7779 0 40.8427
      vertex 52.7779 4 40.8427
    endloop
  endfacet
  facet normal -0.471409 -3.96877e-18 0.881915
    outer loop
      vertex 52.7779 0 40.8427
      vertex 51.9134 4 40.3806
      vertex 51.9134 0 40.3806
    endloop
  endfacet
  facet normal 0.956943 0 -0.290276
    outer loop
      vertex 45.3806 0 46.9134
      vertex 45.0961 4 45.9755
      vertex 45.3806 4 46.9134
    endloop
  endfacet
  facet normal 0.956943 0 -0.290276
    outer loop
      vertex 45.0961 4 45.9755
      vertex 45.3806 0 46.9134
      vertex 45.0961 0 45.9755
    endloop
  endfacet
  facet normal 0.995183 0 -0.098039
    outer loop
      vertex 45.0961 0 45.9755
      vertex 45 4 45
      vertex 45.0961 4 45.9755
    endloop
  endfacet
  facet normal 0.995183 0 -0.098039
    outer loop
      vertex 45 4 45
      vertex 45.0961 0 45.9755
      vertex 45 0 45
    endloop
  endfacet
  facet normal 0.881915 0 -0.471409
    outer loop
      vertex 45.8427 0 47.7779
      vertex 45.3806 4 46.9134
      vertex 45.8427 4 47.7779
    endloop
  endfacet
  facet normal 0.881915 0 -0.471409
    outer loop
      vertex 45.3806 4 46.9134
      vertex 45.8427 0 47.7779
      vertex 45.3806 0 46.9134
    endloop
  endfacet
  facet normal 0.634426 4.98062e-18 0.772984
    outer loop
      vertex 46.4645 4 41.4645
      vertex 47.2221 0 40.8427
      vertex 47.2221 4 40.8427
    endloop
  endfacet
  facet normal 0.634426 4.98062e-18 0.772984
    outer loop
      vertex 47.2221 0 40.8427
      vertex 46.4645 4 41.4645
      vertex 46.4645 0 41.4645
    endloop
  endfacet
  facet normal 0.995183 -0 0.098039
    outer loop
      vertex 45 0 45
      vertex 45.0961 4 44.0245
      vertex 45 4 45
    endloop
  endfacet
  facet normal 0.995183 0 0.098039
    outer loop
      vertex 45.0961 4 44.0245
      vertex 45 0 45
      vertex 45.0961 0 44.0245
    endloop
  endfacet
  facet normal 0.471409 3.96877e-18 0.881915
    outer loop
      vertex 47.2221 4 40.8427
      vertex 48.0866 0 40.3806
      vertex 48.0866 4 40.3806
    endloop
  endfacet
  facet normal 0.471409 3.96877e-18 0.881915
    outer loop
      vertex 48.0866 0 40.3806
      vertex 47.2221 4 40.8427
      vertex 47.2221 0 40.8427
    endloop
  endfacet
  facet normal -0.956943 0 -0.290276
    outer loop
      vertex 54.9039 0 45.9755
      vertex 54.6194 4 46.9134
      vertex 54.9039 4 45.9755
    endloop
  endfacet
  facet normal -0.956943 -0 -0.290276
    outer loop
      vertex 54.6194 4 46.9134
      vertex 54.9039 0 45.9755
      vertex 54.6194 0 46.9134
    endloop
  endfacet
  facet normal -0.098039 6.07086e-21 0.995183
    outer loop
      vertex 50 4 40
      vertex 50.9755 0 40.0961
      vertex 50.9755 4 40.0961
    endloop
  endfacet
  facet normal -0.098039 6.07086e-21 0.995183
    outer loop
      vertex 50.9755 0 40.0961
      vertex 50 4 40
      vertex 50 0 40
    endloop
  endfacet
  facet normal 0.098039 6.07086e-21 -0.995183
    outer loop
      vertex 49.0245 0 49.9039
      vertex 50 4 50
      vertex 50 0 50
    endloop
  endfacet
  facet normal 0.098039 6.07086e-21 -0.995183
    outer loop
      vertex 50 4 50
      vertex 49.0245 0 49.9039
      vertex 49.0245 4 49.9039
    endloop
  endfacet
  facet normal 0.881915 0 -0.471409
    outer loop
      vertex 70.8427 0 17.7779
      vertex 70.3806 4 16.9134
      vertex 70.8427 4 17.7779
    endloop
  endfacet
  facet normal 0.881915 0 -0.471409
    outer loop
      vertex 70.3806 4 16.9134
      vertex 70.8427 0 17.7779
      vertex 70.3806 0 16.9134
    endloop
  endfacet
  facet normal -0.956943 0 0.290276
    outer loop
      vertex 79.6194 0 13.0866
      vertex 79.9039 4 14.0245
      vertex 79.6194 4 13.0866
    endloop
  endfacet
  facet normal -0.956943 0 0.290276
    outer loop
      vertex 79.9039 4 14.0245
      vertex 79.6194 0 13.0866
      vertex 79.9039 0 14.0245
    endloop
  endfacet
  facet normal -0.995183 0 0.098039
    outer loop
      vertex 79.9039 0 14.0245
      vertex 80 4 15
      vertex 79.9039 4 14.0245
    endloop
  endfacet
  facet normal -0.995183 0 0.098039
    outer loop
      vertex 80 4 15
      vertex 79.9039 0 14.0245
      vertex 80 0 15
    endloop
  endfacet
  facet normal -0.881915 0 0.471409
    outer loop
      vertex 79.1573 0 12.2221
      vertex 79.6194 4 13.0866
      vertex 79.1573 4 12.2221
    endloop
  endfacet
  facet normal -0.881915 0 0.471409
    outer loop
      vertex 79.6194 4 13.0866
      vertex 79.1573 0 12.2221
      vertex 79.6194 0 13.0866
    endloop
  endfacet
  facet normal 0.471409 -1.86216e-18 -0.881915
    outer loop
      vertex 72.2221 0 19.1573
      vertex 73.0866 4 19.6194
      vertex 73.0866 0 19.6194
    endloop
  endfacet
  facet normal 0.471409 -1.86216e-18 -0.881915
    outer loop
      vertex 73.0866 4 19.6194
      vertex 72.2221 0 19.1573
      vertex 72.2221 4 19.1573
    endloop
  endfacet
  facet normal 0.290248 -6.19788e-19 0.956951
    outer loop
      vertex 73.0866 4 10.3806
      vertex 74.0246 0 10.0961
      vertex 74.0246 4 10.0961
    endloop
  endfacet
  facet normal 0.290248 -6.19788e-19 0.956951
    outer loop
      vertex 74.0246 0 10.0961
      vertex 73.0866 4 10.3806
      vertex 73.0866 0 10.3806
    endloop
  endfacet
  facet normal -0.995183 0 -0.098039
    outer loop
      vertex 80 0 15
      vertex 79.9039 4 15.9755
      vertex 80 4 15
    endloop
  endfacet
  facet normal -0.995183 -0 -0.098039
    outer loop
      vertex 79.9039 4 15.9755
      vertex 80 0 15
      vertex 79.9039 0 15.9755
    endloop
  endfacet
  facet normal -0.881915 0 -0.471409
    outer loop
      vertex 79.6194 0 16.9134
      vertex 79.1573 4 17.7779
      vertex 79.6194 4 16.9134
    endloop
  endfacet
  facet normal -0.881915 -0 -0.471409
    outer loop
      vertex 79.1573 4 17.7779
      vertex 79.6194 0 16.9134
      vertex 79.1573 0 17.7779
    endloop
  endfacet
  facet normal -0.634376 -5.99308e-18 -0.773025
    outer loop
      vertex 77.7778 0 19.1573
      vertex 78.5355 4 18.5355
      vertex 78.5355 0 18.5355
    endloop
  endfacet
  facet normal -0.634376 -5.99308e-18 -0.773025
    outer loop
      vertex 78.5355 4 18.5355
      vertex 77.7778 0 19.1573
      vertex 77.7778 4 19.1573
    endloop
  endfacet
  facet normal -0.772984 0 0.634426
    outer loop
      vertex 78.5355 0 11.4645
      vertex 79.1573 4 12.2221
      vertex 78.5355 4 11.4645
    endloop
  endfacet
  facet normal -0.772984 0 0.634426
    outer loop
      vertex 79.1573 4 12.2221
      vertex 78.5355 0 11.4645
      vertex 79.1573 0 12.2221
    endloop
  endfacet
  facet normal 0.098049 1.67228e-18 0.995182
    outer loop
      vertex 74.0246 4 10.0961
      vertex 75 0 10
      vertex 75 4 10
    endloop
  endfacet
  facet normal 0.098049 1.67228e-18 0.995182
    outer loop
      vertex 75 0 10
      vertex 74.0246 4 10.0961
      vertex 74.0246 0 10.0961
    endloop
  endfacet
  facet normal 0.634426 -4.98062e-18 -0.772984
    outer loop
      vertex 71.4645 0 18.5355
      vertex 72.2221 4 19.1573
      vertex 72.2221 0 19.1573
    endloop
  endfacet
  facet normal 0.634426 -4.98062e-18 -0.772984
    outer loop
      vertex 72.2221 4 19.1573
      vertex 71.4645 0 18.5355
      vertex 71.4645 4 18.5355
    endloop
  endfacet
  facet normal 0.098049 -1.67228e-18 -0.995182
    outer loop
      vertex 74.0246 0 19.9039
      vertex 75 4 20
      vertex 75 0 20
    endloop
  endfacet
  facet normal 0.098049 -1.67228e-18 -0.995182
    outer loop
      vertex 75 4 20
      vertex 74.0246 0 19.9039
      vertex 74.0246 4 19.9039
    endloop
  endfacet
  facet normal -0.098049 -1.67228e-18 0.995182
    outer loop
      vertex 75 4 10
      vertex 75.9754 0 10.0961
      vertex 75.9754 4 10.0961
    endloop
  endfacet
  facet normal -0.098049 -1.67228e-18 0.995182
    outer loop
      vertex 75.9754 0 10.0961
      vertex 75 4 10
      vertex 75 0 10
    endloop
  endfacet
  facet normal -0.956943 0 -0.290276
    outer loop
      vertex 79.9039 0 15.9755
      vertex 79.6194 4 16.9134
      vertex 79.9039 4 15.9755
    endloop
  endfacet
  facet normal -0.956943 -0 -0.290276
    outer loop
      vertex 79.6194 4 16.9134
      vertex 79.9039 0 15.9755
      vertex 79.6194 0 16.9134
    endloop
  endfacet
  facet normal 0.956943 0 -0.290276
    outer loop
      vertex 70.3806 0 16.9134
      vertex 70.0961 4 15.9755
      vertex 70.3806 4 16.9134
    endloop
  endfacet
  facet normal 0.956943 0 -0.290276
    outer loop
      vertex 70.0961 4 15.9755
      vertex 70.3806 0 16.9134
      vertex 70.0961 0 15.9755
    endloop
  endfacet
  facet normal -0.290248 6.19788e-19 0.956951
    outer loop
      vertex 75.9754 4 10.0961
      vertex 76.9134 0 10.3806
      vertex 76.9134 4 10.3806
    endloop
  endfacet
  facet normal -0.290248 6.19788e-19 0.956951
    outer loop
      vertex 76.9134 0 10.3806
      vertex 75.9754 4 10.0961
      vertex 75.9754 0 10.0961
    endloop
  endfacet
  facet normal -0.772984 0 -0.634426
    outer loop
      vertex 79.1573 0 17.7779
      vertex 78.5355 4 18.5355
      vertex 79.1573 4 17.7779
    endloop
  endfacet
  facet normal -0.772984 -0 -0.634426
    outer loop
      vertex 78.5355 4 18.5355
      vertex 79.1573 0 17.7779
      vertex 78.5355 0 18.5355
    endloop
  endfacet
  facet normal 0.634426 -5.73535e-18 0.772984
    outer loop
      vertex 71.4645 4 11.4645
      vertex 72.2221 0 10.8427
      vertex 72.2221 4 10.8427
    endloop
  endfacet
  facet normal 0.634426 -5.73535e-18 0.772984
    outer loop
      vertex 72.2221 0 10.8427
      vertex 71.4645 4 11.4645
      vertex 71.4645 0 11.4645
    endloop
  endfacet
  facet normal -0.290248 -8.46319e-19 -0.956951
    outer loop
      vertex 75.9754 0 19.9039
      vertex 76.9134 4 19.6194
      vertex 76.9134 0 19.6194
    endloop
  endfacet
  facet normal -0.290248 -8.46319e-19 -0.956951
    outer loop
      vertex 76.9134 4 19.6194
      vertex 75.9754 0 19.9039
      vertex 75.9754 4 19.9039
    endloop
  endfacet
  facet normal 0.471409 6.61902e-18 0.881915
    outer loop
      vertex 72.2221 4 10.8427
      vertex 73.0866 0 10.3806
      vertex 73.0866 4 10.3806
    endloop
  endfacet
  facet normal 0.471409 6.61902e-18 0.881915
    outer loop
      vertex 73.0866 0 10.3806
      vertex 72.2221 4 10.8427
      vertex 72.2221 0 10.8427
    endloop
  endfacet
  facet normal 0.772984 0 -0.634426
    outer loop
      vertex 71.4645 0 18.5355
      vertex 70.8427 4 17.7779
      vertex 71.4645 4 18.5355
    endloop
  endfacet
  facet normal 0.772984 0 -0.634426
    outer loop
      vertex 70.8427 4 17.7779
      vertex 71.4645 0 18.5355
      vertex 70.8427 0 17.7779
    endloop
  endfacet
  facet normal -0.471451 -1.02718e-18 -0.881892
    outer loop
      vertex 76.9134 0 19.6194
      vertex 77.7778 4 19.1573
      vertex 77.7778 0 19.1573
    endloop
  endfacet
  facet normal -0.471451 -1.02718e-18 -0.881892
    outer loop
      vertex 77.7778 4 19.1573
      vertex 76.9134 0 19.6194
      vertex 76.9134 4 19.6194
    endloop
  endfacet
  facet normal 0.290248 8.46319e-19 -0.956951
    outer loop
      vertex 73.0866 0 19.6194
      vertex 74.0246 4 19.9039
      vertex 74.0246 0 19.9039
    endloop
  endfacet
  facet normal 0.290248 8.46319e-19 -0.956951
    outer loop
      vertex 74.0246 4 19.9039
      vertex 73.0866 0 19.6194
      vertex 73.0866 4 19.6194
    endloop
  endfacet
  facet normal -0.634376 2.50443e-18 0.773025
    outer loop
      vertex 77.7778 4 10.8427
      vertex 78.5355 0 11.4645
      vertex 78.5355 4 11.4645
    endloop
  endfacet
  facet normal -0.634376 2.50443e-18 0.773025
    outer loop
      vertex 78.5355 0 11.4645
      vertex 77.7778 4 10.8427
      vertex 77.7778 0 10.8427
    endloop
  endfacet
  facet normal -0.471451 -3.77543e-18 0.881892
    outer loop
      vertex 76.9134 4 10.3806
      vertex 77.7778 0 10.8427
      vertex 77.7778 4 10.8427
    endloop
  endfacet
  facet normal -0.471451 -3.77543e-18 0.881892
    outer loop
      vertex 77.7778 0 10.8427
      vertex 76.9134 4 10.3806
      vertex 76.9134 0 10.3806
    endloop
  endfacet
  facet normal 0.995183 -0 0.098039
    outer loop
      vertex 70 0 15
      vertex 70.0961 4 14.0245
      vertex 70 4 15
    endloop
  endfacet
  facet normal 0.995183 0 0.098039
    outer loop
      vertex 70.0961 4 14.0245
      vertex 70 0 15
      vertex 70.0961 0 14.0245
    endloop
  endfacet
  facet normal -0.098049 1.67228e-18 -0.995182
    outer loop
      vertex 75 0 20
      vertex 75.9754 4 19.9039
      vertex 75.9754 0 19.9039
    endloop
  endfacet
  facet normal -0.098049 1.67228e-18 -0.995182
    outer loop
      vertex 75.9754 4 19.9039
      vertex 75 0 20
      vertex 75 4 20
    endloop
  endfacet
  facet normal 0.772984 -0 0.634426
    outer loop
      vertex 70.8427 0 12.2221
      vertex 71.4645 4 11.4645
      vertex 70.8427 4 12.2221
    endloop
  endfacet
  facet normal 0.772984 0 0.634426
    outer loop
      vertex 71.4645 4 11.4645
      vertex 70.8427 0 12.2221
      vertex 71.4645 0 11.4645
    endloop
  endfacet
  facet normal 0.995183 0 -0.098039
    outer loop
      vertex 70.0961 0 15.9755
      vertex 70 4 15
      vertex 70.0961 4 15.9755
    endloop
  endfacet
  facet normal 0.995183 0 -0.098039
    outer loop
      vertex 70 4 15
      vertex 70.0961 0 15.9755
      vertex 70 0 15
    endloop
  endfacet
  facet normal 0.956943 -0 0.290276
    outer loop
      vertex 70.0961 0 14.0245
      vertex 70.3806 4 13.0866
      vertex 70.0961 4 14.0245
    endloop
  endfacet
  facet normal 0.956943 0 0.290276
    outer loop
      vertex 70.3806 4 13.0866
      vertex 70.0961 0 14.0245
      vertex 70.3806 0 13.0866
    endloop
  endfacet
  facet normal 0.881915 -0 0.471409
    outer loop
      vertex 70.3806 0 13.0866
      vertex 70.8427 4 12.2221
      vertex 70.3806 4 13.0866
    endloop
  endfacet
  facet normal 0.881915 0 0.471409
    outer loop
      vertex 70.8427 4 12.2221
      vertex 70.3806 0 13.0866
      vertex 70.8427 0 12.2221
    endloop
  endfacet
  facet normal 0.881915 0 -0.471409
    outer loop
      vertex 70.8427 0 32.7779
      vertex 70.3806 4 31.9134
      vertex 70.8427 4 32.7779
    endloop
  endfacet
  facet normal 0.881915 0 -0.471409
    outer loop
      vertex 70.3806 4 31.9134
      vertex 70.8427 0 32.7779
      vertex 70.3806 0 31.9134
    endloop
  endfacet
  facet normal -0.956943 0 0.290276
    outer loop
      vertex 79.6194 0 28.0866
      vertex 79.9039 4 29.0245
      vertex 79.6194 4 28.0866
    endloop
  endfacet
  facet normal -0.956943 0 0.290276
    outer loop
      vertex 79.9039 4 29.0245
      vertex 79.6194 0 28.0866
      vertex 79.9039 0 29.0245
    endloop
  endfacet
  facet normal -0.995183 0 0.098039
    outer loop
      vertex 79.9039 0 29.0245
      vertex 80 4 30
      vertex 79.9039 4 29.0245
    endloop
  endfacet
  facet normal -0.995183 0 0.098039
    outer loop
      vertex 80 4 30
      vertex 79.9039 0 29.0245
      vertex 80 0 30
    endloop
  endfacet
  facet normal -0.881915 0 0.471409
    outer loop
      vertex 79.1573 0 27.2221
      vertex 79.6194 4 28.0866
      vertex 79.1573 4 27.2221
    endloop
  endfacet
  facet normal -0.881915 0 0.471409
    outer loop
      vertex 79.6194 4 28.0866
      vertex 79.1573 0 27.2221
      vertex 79.6194 0 28.0866
    endloop
  endfacet
  facet normal 0.471409 -1.86216e-18 -0.881915
    outer loop
      vertex 72.2221 0 34.1573
      vertex 73.0866 4 34.6194
      vertex 73.0866 0 34.6194
    endloop
  endfacet
  facet normal 0.471409 -1.86216e-18 -0.881915
    outer loop
      vertex 73.0866 4 34.6194
      vertex 72.2221 0 34.1573
      vertex 72.2221 4 34.1573
    endloop
  endfacet
  facet normal 0.290248 -8.46319e-19 0.956951
    outer loop
      vertex 73.0866 4 25.3806
      vertex 74.0246 0 25.0961
      vertex 74.0246 4 25.0961
    endloop
  endfacet
  facet normal 0.290248 -8.46319e-19 0.956951
    outer loop
      vertex 74.0246 0 25.0961
      vertex 73.0866 4 25.3806
      vertex 73.0866 0 25.3806
    endloop
  endfacet
  facet normal -0.995183 0 -0.098039
    outer loop
      vertex 80 0 30
      vertex 79.9039 4 30.9755
      vertex 80 4 30
    endloop
  endfacet
  facet normal -0.995183 -0 -0.098039
    outer loop
      vertex 79.9039 4 30.9755
      vertex 80 0 30
      vertex 79.9039 0 30.9755
    endloop
  endfacet
  facet normal -0.881915 0 -0.471409
    outer loop
      vertex 79.6194 0 31.9134
      vertex 79.1573 4 32.7779
      vertex 79.6194 4 31.9134
    endloop
  endfacet
  facet normal -0.881915 -0 -0.471409
    outer loop
      vertex 79.1573 4 32.7779
      vertex 79.6194 0 31.9134
      vertex 79.1573 0 32.7779
    endloop
  endfacet
  facet normal -0.634376 -5.99308e-18 -0.773025
    outer loop
      vertex 77.7778 0 34.1573
      vertex 78.5355 4 33.5355
      vertex 78.5355 0 33.5355
    endloop
  endfacet
  facet normal -0.634376 -5.99308e-18 -0.773025
    outer loop
      vertex 78.5355 4 33.5355
      vertex 77.7778 0 34.1573
      vertex 77.7778 4 34.1573
    endloop
  endfacet
  facet normal -0.772984 0 0.634426
    outer loop
      vertex 78.5355 0 26.4645
      vertex 79.1573 4 27.2221
      vertex 78.5355 4 26.4645
    endloop
  endfacet
  facet normal -0.772984 0 0.634426
    outer loop
      vertex 79.1573 4 27.2221
      vertex 78.5355 0 26.4645
      vertex 79.1573 0 27.2221
    endloop
  endfacet
  facet normal 0.098049 1.67228e-18 0.995182
    outer loop
      vertex 74.0246 4 25.0961
      vertex 75 0 25
      vertex 75 4 25
    endloop
  endfacet
  facet normal 0.098049 1.67228e-18 0.995182
    outer loop
      vertex 75 0 25
      vertex 74.0246 4 25.0961
      vertex 74.0246 0 25.0961
    endloop
  endfacet
  facet normal 0.634426 -4.98062e-18 -0.772984
    outer loop
      vertex 71.4645 0 33.5355
      vertex 72.2221 4 34.1573
      vertex 72.2221 0 34.1573
    endloop
  endfacet
  facet normal 0.634426 -4.98062e-18 -0.772984
    outer loop
      vertex 72.2221 4 34.1573
      vertex 71.4645 0 33.5355
      vertex 71.4645 4 33.5355
    endloop
  endfacet
  facet normal 0.098049 -1.67228e-18 -0.995182
    outer loop
      vertex 74.0246 0 34.9039
      vertex 75 4 35
      vertex 75 0 35
    endloop
  endfacet
  facet normal 0.098049 -1.67228e-18 -0.995182
    outer loop
      vertex 75 4 35
      vertex 74.0246 0 34.9039
      vertex 74.0246 4 34.9039
    endloop
  endfacet
  facet normal -0.098049 -1.67228e-18 0.995182
    outer loop
      vertex 75 4 25
      vertex 75.9754 0 25.0961
      vertex 75.9754 4 25.0961
    endloop
  endfacet
  facet normal -0.098049 -1.67228e-18 0.995182
    outer loop
      vertex 75.9754 0 25.0961
      vertex 75 4 25
      vertex 75 0 25
    endloop
  endfacet
  facet normal -0.956943 0 -0.290276
    outer loop
      vertex 79.9039 0 30.9755
      vertex 79.6194 4 31.9134
      vertex 79.9039 4 30.9755
    endloop
  endfacet
  facet normal -0.956943 -0 -0.290276
    outer loop
      vertex 79.6194 4 31.9134
      vertex 79.9039 0 30.9755
      vertex 79.6194 0 31.9134
    endloop
  endfacet
  facet normal 0.956943 0 -0.290276
    outer loop
      vertex 70.3806 0 31.9134
      vertex 70.0961 4 30.9755
      vertex 70.3806 4 31.9134
    endloop
  endfacet
  facet normal 0.956943 0 -0.290276
    outer loop
      vertex 70.0961 4 30.9755
      vertex 70.3806 0 31.9134
      vertex 70.0961 0 30.9755
    endloop
  endfacet
  facet normal -0.290248 8.46319e-19 0.956951
    outer loop
      vertex 75.9754 4 25.0961
      vertex 76.9134 0 25.3806
      vertex 76.9134 4 25.3806
    endloop
  endfacet
  facet normal -0.290248 8.46319e-19 0.956951
    outer loop
      vertex 76.9134 0 25.3806
      vertex 75.9754 4 25.0961
      vertex 75.9754 0 25.0961
    endloop
  endfacet
  facet normal -0.772984 0 -0.634426
    outer loop
      vertex 79.1573 0 32.7779
      vertex 78.5355 4 33.5355
      vertex 79.1573 4 32.7779
    endloop
  endfacet
  facet normal -0.772984 -0 -0.634426
    outer loop
      vertex 78.5355 4 33.5355
      vertex 79.1573 0 32.7779
      vertex 78.5355 0 33.5355
    endloop
  endfacet
  facet normal 0.634426 4.98062e-18 0.772984
    outer loop
      vertex 71.4645 4 26.4645
      vertex 72.2221 0 25.8427
      vertex 72.2221 4 25.8427
    endloop
  endfacet
  facet normal 0.634426 4.98062e-18 0.772984
    outer loop
      vertex 72.2221 0 25.8427
      vertex 71.4645 4 26.4645
      vertex 71.4645 0 26.4645
    endloop
  endfacet
  facet normal -0.290248 -8.46319e-19 -0.956951
    outer loop
      vertex 75.9754 0 34.9039
      vertex 76.9134 4 34.6194
      vertex 76.9134 0 34.6194
    endloop
  endfacet
  facet normal -0.290248 -8.46319e-19 -0.956951
    outer loop
      vertex 76.9134 4 34.6194
      vertex 75.9754 0 34.9039
      vertex 75.9754 4 34.9039
    endloop
  endfacet
  facet normal 0.471409 1.86216e-18 0.881915
    outer loop
      vertex 72.2221 4 25.8427
      vertex 73.0866 0 25.3806
      vertex 73.0866 4 25.3806
    endloop
  endfacet
  facet normal 0.471409 1.86216e-18 0.881915
    outer loop
      vertex 73.0866 0 25.3806
      vertex 72.2221 4 25.8427
      vertex 72.2221 0 25.8427
    endloop
  endfacet
  facet normal 0.772984 0 -0.634426
    outer loop
      vertex 71.4645 0 33.5355
      vertex 70.8427 4 32.7779
      vertex 71.4645 4 33.5355
    endloop
  endfacet
  facet normal 0.772984 0 -0.634426
    outer loop
      vertex 70.8427 4 32.7779
      vertex 71.4645 0 33.5355
      vertex 70.8427 0 32.7779
    endloop
  endfacet
  facet normal -0.471451 -1.02718e-18 -0.881892
    outer loop
      vertex 76.9134 0 34.6194
      vertex 77.7778 4 34.1573
      vertex 77.7778 0 34.1573
    endloop
  endfacet
  facet normal -0.471451 -1.02718e-18 -0.881892
    outer loop
      vertex 77.7778 4 34.1573
      vertex 76.9134 0 34.6194
      vertex 76.9134 4 34.6194
    endloop
  endfacet
  facet normal 0.290248 8.46319e-19 -0.956951
    outer loop
      vertex 73.0866 0 34.6194
      vertex 74.0246 4 34.9039
      vertex 74.0246 0 34.9039
    endloop
  endfacet
  facet normal 0.290248 8.46319e-19 -0.956951
    outer loop
      vertex 74.0246 4 34.9039
      vertex 73.0866 0 34.6194
      vertex 73.0866 4 34.6194
    endloop
  endfacet
  facet normal -0.634376 5.99308e-18 0.773025
    outer loop
      vertex 77.7778 4 25.8427
      vertex 78.5355 0 26.4645
      vertex 78.5355 4 26.4645
    endloop
  endfacet
  facet normal -0.634376 5.99308e-18 0.773025
    outer loop
      vertex 78.5355 0 26.4645
      vertex 77.7778 4 25.8427
      vertex 77.7778 0 25.8427
    endloop
  endfacet
  facet normal -0.471451 1.02718e-18 0.881892
    outer loop
      vertex 76.9134 4 25.3806
      vertex 77.7778 0 25.8427
      vertex 77.7778 4 25.8427
    endloop
  endfacet
  facet normal -0.471451 1.02718e-18 0.881892
    outer loop
      vertex 77.7778 0 25.8427
      vertex 76.9134 4 25.3806
      vertex 76.9134 0 25.3806
    endloop
  endfacet
  facet normal 0.995183 -0 0.098039
    outer loop
      vertex 70 0 30
      vertex 70.0961 4 29.0245
      vertex 70 4 30
    endloop
  endfacet
  facet normal 0.995183 0 0.098039
    outer loop
      vertex 70.0961 4 29.0245
      vertex 70 0 30
      vertex 70.0961 0 29.0245
    endloop
  endfacet
  facet normal -0.098049 1.67228e-18 -0.995182
    outer loop
      vertex 75 0 35
      vertex 75.9754 4 34.9039
      vertex 75.9754 0 34.9039
    endloop
  endfacet
  facet normal -0.098049 1.67228e-18 -0.995182
    outer loop
      vertex 75.9754 4 34.9039
      vertex 75 0 35
      vertex 75 4 35
    endloop
  endfacet
  facet normal 0.772984 -0 0.634426
    outer loop
      vertex 70.8427 0 27.2221
      vertex 71.4645 4 26.4645
      vertex 70.8427 4 27.2221
    endloop
  endfacet
  facet normal 0.772984 0 0.634426
    outer loop
      vertex 71.4645 4 26.4645
      vertex 70.8427 0 27.2221
      vertex 71.4645 0 26.4645
    endloop
  endfacet
  facet normal 0.995183 0 -0.098039
    outer loop
      vertex 70.0961 0 30.9755
      vertex 70 4 30
      vertex 70.0961 4 30.9755
    endloop
  endfacet
  facet normal 0.995183 0 -0.098039
    outer loop
      vertex 70 4 30
      vertex 70.0961 0 30.9755
      vertex 70 0 30
    endloop
  endfacet
  facet normal 0.956943 -0 0.290276
    outer loop
      vertex 70.0961 0 29.0245
      vertex 70.3806 4 28.0866
      vertex 70.0961 4 29.0245
    endloop
  endfacet
  facet normal 0.956943 0 0.290276
    outer loop
      vertex 70.3806 4 28.0866
      vertex 70.0961 0 29.0245
      vertex 70.3806 0 28.0866
    endloop
  endfacet
  facet normal 0.881915 -0 0.471409
    outer loop
      vertex 70.3806 0 28.0866
      vertex 70.8427 4 27.2221
      vertex 70.3806 4 28.0866
    endloop
  endfacet
  facet normal 0.881915 0 0.471409
    outer loop
      vertex 70.8427 4 27.2221
      vertex 70.3806 0 28.0866
      vertex 70.8427 0 27.2221
    endloop
  endfacet
  facet normal 0.881915 0 -0.471409
    outer loop
      vertex 70.8427 0 47.7779
      vertex 70.3806 4 46.9134
      vertex 70.8427 4 47.7779
    endloop
  endfacet
  facet normal 0.881915 0 -0.471409
    outer loop
      vertex 70.3806 4 46.9134
      vertex 70.8427 0 47.7779
      vertex 70.3806 0 46.9134
    endloop
  endfacet
  facet normal -0.956943 0 0.290276
    outer loop
      vertex 79.6194 0 43.0866
      vertex 79.9039 4 44.0245
      vertex 79.6194 4 43.0866
    endloop
  endfacet
  facet normal -0.956943 0 0.290276
    outer loop
      vertex 79.9039 4 44.0245
      vertex 79.6194 0 43.0866
      vertex 79.9039 0 44.0245
    endloop
  endfacet
  facet normal -0.995183 0 0.098039
    outer loop
      vertex 79.9039 0 44.0245
      vertex 80 4 45
      vertex 79.9039 4 44.0245
    endloop
  endfacet
  facet normal -0.995183 0 0.098039
    outer loop
      vertex 80 4 45
      vertex 79.9039 0 44.0245
      vertex 80 0 45
    endloop
  endfacet
  facet normal -0.881915 0 0.471409
    outer loop
      vertex 79.1573 0 42.2221
      vertex 79.6194 4 43.0866
      vertex 79.1573 4 42.2221
    endloop
  endfacet
  facet normal -0.881915 0 0.471409
    outer loop
      vertex 79.6194 4 43.0866
      vertex 79.1573 0 42.2221
      vertex 79.6194 0 43.0866
    endloop
  endfacet
  facet normal 0.471409 -1.86216e-18 -0.881915
    outer loop
      vertex 72.2221 0 49.1573
      vertex 73.0866 4 49.6194
      vertex 73.0866 0 49.6194
    endloop
  endfacet
  facet normal 0.471409 -1.86216e-18 -0.881915
    outer loop
      vertex 73.0866 4 49.6194
      vertex 72.2221 0 49.1573
      vertex 72.2221 4 49.1573
    endloop
  endfacet
  facet normal 0.290248 -8.46319e-19 0.956951
    outer loop
      vertex 73.0866 4 40.3806
      vertex 74.0246 0 40.0961
      vertex 74.0246 4 40.0961
    endloop
  endfacet
  facet normal 0.290248 -8.46319e-19 0.956951
    outer loop
      vertex 74.0246 0 40.0961
      vertex 73.0866 4 40.3806
      vertex 73.0866 0 40.3806
    endloop
  endfacet
  facet normal -0.995183 0 -0.098039
    outer loop
      vertex 80 0 45
      vertex 79.9039 4 45.9755
      vertex 80 4 45
    endloop
  endfacet
  facet normal -0.995183 -0 -0.098039
    outer loop
      vertex 79.9039 4 45.9755
      vertex 80 0 45
      vertex 79.9039 0 45.9755
    endloop
  endfacet
  facet normal -0.881915 0 -0.471409
    outer loop
      vertex 79.6194 0 46.9134
      vertex 79.1573 4 47.7779
      vertex 79.6194 4 46.9134
    endloop
  endfacet
  facet normal -0.881915 -0 -0.471409
    outer loop
      vertex 79.1573 4 47.7779
      vertex 79.6194 0 46.9134
      vertex 79.1573 0 47.7779
    endloop
  endfacet
  facet normal -0.634376 -5.99308e-18 -0.773025
    outer loop
      vertex 77.7778 0 49.1573
      vertex 78.5355 4 48.5355
      vertex 78.5355 0 48.5355
    endloop
  endfacet
  facet normal -0.634376 -5.99308e-18 -0.773025
    outer loop
      vertex 78.5355 4 48.5355
      vertex 77.7778 0 49.1573
      vertex 77.7778 4 49.1573
    endloop
  endfacet
  facet normal -0.772984 0 0.634426
    outer loop
      vertex 78.5355 0 41.4645
      vertex 79.1573 4 42.2221
      vertex 78.5355 4 41.4645
    endloop
  endfacet
  facet normal -0.772984 0 0.634426
    outer loop
      vertex 79.1573 4 42.2221
      vertex 78.5355 0 41.4645
      vertex 79.1573 0 42.2221
    endloop
  endfacet
  facet normal 0.098049 1.67228e-18 0.995182
    outer loop
      vertex 74.0246 4 40.0961
      vertex 75 0 40
      vertex 75 4 40
    endloop
  endfacet
  facet normal 0.098049 1.67228e-18 0.995182
    outer loop
      vertex 75 0 40
      vertex 74.0246 4 40.0961
      vertex 74.0246 0 40.0961
    endloop
  endfacet
  facet normal 0.634426 -4.98062e-18 -0.772984
    outer loop
      vertex 71.4645 0 48.5355
      vertex 72.2221 4 49.1573
      vertex 72.2221 0 49.1573
    endloop
  endfacet
  facet normal 0.634426 -4.98062e-18 -0.772984
    outer loop
      vertex 72.2221 4 49.1573
      vertex 71.4645 0 48.5355
      vertex 71.4645 4 48.5355
    endloop
  endfacet
  facet normal 0.098049 -1.67228e-18 -0.995182
    outer loop
      vertex 74.0246 0 49.9039
      vertex 75 4 50
      vertex 75 0 50
    endloop
  endfacet
  facet normal 0.098049 -1.67228e-18 -0.995182
    outer loop
      vertex 75 4 50
      vertex 74.0246 0 49.9039
      vertex 74.0246 4 49.9039
    endloop
  endfacet
  facet normal -0.098049 -1.67228e-18 0.995182
    outer loop
      vertex 75 4 40
      vertex 75.9754 0 40.0961
      vertex 75.9754 4 40.0961
    endloop
  endfacet
  facet normal -0.098049 -1.67228e-18 0.995182
    outer loop
      vertex 75.9754 0 40.0961
      vertex 75 4 40
      vertex 75 0 40
    endloop
  endfacet
  facet normal -0.956943 0 -0.290276
    outer loop
      vertex 79.9039 0 45.9755
      vertex 79.6194 4 46.9134
      vertex 79.9039 4 45.9755
    endloop
  endfacet
  facet normal -0.956943 -0 -0.290276
    outer loop
      vertex 79.6194 4 46.9134
      vertex 79.9039 0 45.9755
      vertex 79.6194 0 46.9134
    endloop
  endfacet
  facet normal 0.956943 0 -0.290276
    outer loop
      vertex 70.3806 0 46.9134
      vertex 70.0961 4 45.9755
      vertex 70.3806 4 46.9134
    endloop
  endfacet
  facet normal 0.956943 0 -0.290276
    outer loop
      vertex 70.0961 4 45.9755
      vertex 70.3806 0 46.9134
      vertex 70.0961 0 45.9755
    endloop
  endfacet
  facet normal -0.290248 8.46319e-19 0.956951
    outer loop
      vertex 75.9754 4 40.0961
      vertex 76.9134 0 40.3806
      vertex 76.9134 4 40.3806
    endloop
  endfacet
  facet normal -0.290248 8.46319e-19 0.956951
    outer loop
      vertex 76.9134 0 40.3806
      vertex 75.9754 4 40.0961
      vertex 75.9754 0 40.0961
    endloop
  endfacet
  facet normal -0.772984 0 -0.634426
    outer loop
      vertex 79.1573 0 47.7779
      vertex 78.5355 4 48.5355
      vertex 79.1573 4 47.7779
    endloop
  endfacet
  facet normal -0.772984 -0 -0.634426
    outer loop
      vertex 78.5355 4 48.5355
      vertex 79.1573 0 47.7779
      vertex 78.5355 0 48.5355
    endloop
  endfacet
  facet normal 0.634426 4.98062e-18 0.772984
    outer loop
      vertex 71.4645 4 41.4645
      vertex 72.2221 0 40.8427
      vertex 72.2221 4 40.8427
    endloop
  endfacet
  facet normal 0.634426 4.98062e-18 0.772984
    outer loop
      vertex 72.2221 0 40.8427
      vertex 71.4645 4 41.4645
      vertex 71.4645 0 41.4645
    endloop
  endfacet
  facet normal -0.290248 -8.46319e-19 -0.956951
    outer loop
      vertex 75.9754 0 49.9039
      vertex 76.9134 4 49.6194
      vertex 76.9134 0 49.6194
    endloop
  endfacet
  facet normal -0.290248 -8.46319e-19 -0.956951
    outer loop
      vertex 76.9134 4 49.6194
      vertex 75.9754 0 49.9039
      vertex 75.9754 4 49.9039
    endloop
  endfacet
  facet normal 0.471409 1.86216e-18 0.881915
    outer loop
      vertex 72.2221 4 40.8427
      vertex 73.0866 0 40.3806
      vertex 73.0866 4 40.3806
    endloop
  endfacet
  facet normal 0.471409 1.86216e-18 0.881915
    outer loop
      vertex 73.0866 0 40.3806
      vertex 72.2221 4 40.8427
      vertex 72.2221 0 40.8427
    endloop
  endfacet
  facet normal 0.772984 0 -0.634426
    outer loop
      vertex 71.4645 0 48.5355
      vertex 70.8427 4 47.7779
      vertex 71.4645 4 48.5355
    endloop
  endfacet
  facet normal 0.772984 0 -0.634426
    outer loop
      vertex 70.8427 4 47.7779
      vertex 71.4645 0 48.5355
      vertex 70.8427 0 47.7779
    endloop
  endfacet
  facet normal -0.471451 -1.02718e-18 -0.881892
    outer loop
      vertex 76.9134 0 49.6194
      vertex 77.7778 4 49.1573
      vertex 77.7778 0 49.1573
    endloop
  endfacet
  facet normal -0.471451 -1.02718e-18 -0.881892
    outer loop
      vertex 77.7778 4 49.1573
      vertex 76.9134 0 49.6194
      vertex 76.9134 4 49.6194
    endloop
  endfacet
  facet normal 0.290248 8.46319e-19 -0.956951
    outer loop
      vertex 73.0866 0 49.6194
      vertex 74.0246 4 49.9039
      vertex 74.0246 0 49.9039
    endloop
  endfacet
  facet normal 0.290248 8.46319e-19 -0.956951
    outer loop
      vertex 74.0246 4 49.9039
      vertex 73.0866 0 49.6194
      vertex 73.0866 4 49.6194
    endloop
  endfacet
  facet normal -0.634376 5.99308e-18 0.773025
    outer loop
      vertex 77.7778 4 40.8427
      vertex 78.5355 0 41.4645
      vertex 78.5355 4 41.4645
    endloop
  endfacet
  facet normal -0.634376 5.99308e-18 0.773025
    outer loop
      vertex 78.5355 0 41.4645
      vertex 77.7778 4 40.8427
      vertex 77.7778 0 40.8427
    endloop
  endfacet
  facet normal -0.471451 1.02718e-18 0.881892
    outer loop
      vertex 76.9134 4 40.3806
      vertex 77.7778 0 40.8427
      vertex 77.7778 4 40.8427
    endloop
  endfacet
  facet normal -0.471451 1.02718e-18 0.881892
    outer loop
      vertex 77.7778 0 40.8427
      vertex 76.9134 4 40.3806
      vertex 76.9134 0 40.3806
    endloop
  endfacet
  facet normal 0.995183 -0 0.098039
    outer loop
      vertex 70 0 45
      vertex 70.0961 4 44.0245
      vertex 70 4 45
    endloop
  endfacet
  facet normal 0.995183 0 0.098039
    outer loop
      vertex 70.0961 4 44.0245
      vertex 70 0 45
      vertex 70.0961 0 44.0245
    endloop
  endfacet
  facet normal -0.098049 1.67228e-18 -0.995182
    outer loop
      vertex 75 0 50
      vertex 75.9754 4 49.9039
      vertex 75.9754 0 49.9039
    endloop
  endfacet
  facet normal -0.098049 1.67228e-18 -0.995182
    outer loop
      vertex 75.9754 4 49.9039
      vertex 75 0 50
      vertex 75 4 50
    endloop
  endfacet
  facet normal 0.772984 -0 0.634426
    outer loop
      vertex 70.8427 0 42.2221
      vertex 71.4645 4 41.4645
      vertex 70.8427 4 42.2221
    endloop
  endfacet
  facet normal 0.772984 0 0.634426
    outer loop
      vertex 71.4645 4 41.4645
      vertex 70.8427 0 42.2221
      vertex 71.4645 0 41.4645
    endloop
  endfacet
  facet normal 0.995183 0 -0.098039
    outer loop
      vertex 70.0961 0 45.9755
      vertex 70 4 45
      vertex 70.0961 4 45.9755
    endloop
  endfacet
  facet normal 0.995183 0 -0.098039
    outer loop
      vertex 70 4 45
      vertex 70.0961 0 45.9755
      vertex 70 0 45
    endloop
  endfacet
  facet normal 0.956943 -0 0.290276
    outer loop
      vertex 70.0961 0 44.0245
      vertex 70.3806 4 43.0866
      vertex 70.0961 4 44.0245
    endloop
  endfacet
  facet normal 0.956943 0 0.290276
    outer loop
      vertex 70.3806 4 43.0866
      vertex 70.0961 0 44.0245
      vertex 70.3806 0 43.0866
    endloop
  endfacet
  facet normal 0.881915 -0 0.471409
    outer loop
      vertex 70.3806 0 43.0866
      vertex 70.8427 4 42.2221
      vertex 70.3806 4 43.0866
    endloop
  endfacet
  facet normal 0.881915 0 0.471409
    outer loop
      vertex 70.8427 4 42.2221
      vertex 70.3806 0 43.0866
      vertex 70.8427 0 42.2221
    endloop
  endfacet
  facet normal 1 -0 0
    outer loop
      vertex 100 0 60
      vertex 100 4 0
      vertex 100 4 60
    endloop
  endfacet
  facet normal 1 0 0
    outer loop
      vertex 100 4 0
      vertex 100 0 60
      vertex 100 0 0
    endloop
  endfacet
  facet normal -0 0 1
    outer loop
      vertex 0 4 60
      vertex 100 0 60
      vertex 100 4 60
    endloop
  endfacet
  facet normal 0 0 1
    outer loop
      vertex 100 0 60
      vertex 0 4 60
      vertex 0 0 60
    endloop
  endfacet
  facet normal 0 0 -1
    outer loop
      vertex 0 0 0
      vertex 100 4 0
      vertex 100 0 0
    endloop
  endfacet
  facet normal -0 0 -1
    outer loop
      vertex 100 4 0
      vertex 0 0 0
      vertex 0 4 0
    endloop
  endfacet
  facet normal -1 0 0
    outer loop
      vertex 0 0 0
      vertex 0 4 60
      vertex 0 4 0
    endloop
  endfacet
  facet normal -1 -0 0
    outer loop
      vertex 0 4 60
      vertex 0 0 0
      vertex 0 0 60
    endloop
  endfacet
  facet normal 0 1 0
    outer loop
      vertex 46.4645 4 26.4645
      vertex 46.4645 4 18.5355
      vertex 45.8427 4 27.2221
    endloop
  endfacet
  facet normal 0 1 0
    outer loop
      vertex 28.5355 4 26.4645
      vertex 25.9755 4 19.9039
      vertex 25 4 20
    endloop
  endfacet
  facet normal 0 1 0
    outer loop
      vertex 45.8427 4 17.7779
      vertex 45.8427 4 27.2221
      vertex 46.4645 4 18.5355
    endloop
  endfacet
  facet normal 0 1 0
    outer loop
      vertex 28.5355 4 26.4645
      vertex 26.9134 4 19.6194
      vertex 25.9755 4 19.9039
    endloop
  endfacet
  facet normal 0 1 0
    outer loop
      vertex 45.8427 4 27.2221
      vertex 45.8427 4 17.7779
      vertex 29.1573 4 27.2221
    endloop
  endfacet
  facet normal 0 1 0
    outer loop
      vertex 28.5355 4 26.4645
      vertex 27.7779 4 19.1573
      vertex 26.9134 4 19.6194
    endloop
  endfacet
  facet normal 0 1 0
    outer loop
      vertex 29.1573 4 17.7779
      vertex 29.1573 4 27.2221
      vertex 45.8427 4 17.7779
    endloop
  endfacet
  facet normal 0 1 0
    outer loop
      vertex 28.5355 4 26.4645
      vertex 28.5355 4 18.5355
      vertex 27.7779 4 19.1573
    endloop
  endfacet
  facet normal 0 1 0
    outer loop
      vertex 29.1573 4 27.2221
      vertex 29.1573 4 17.7779
      vertex 28.5355 4 26.4645
    endloop
  endfacet
  facet normal 0 1 0
    outer loop
      vertex 28.5355 4 26.4645
      vertex 29.1573 4 17.7779
      vertex 28.5355 4 18.5355
    endloop
  endfacet
  facet normal 0 1 -0
    outer loop
      vertex 45.3806 4 16.9134
      vertex 29.1573 4 17.7779
      vertex 45.8427 4 17.7779
    endloop
  endfacet
  facet normal 0 1 0
    outer loop
      vertex 45.3806 4 16.9134
      vertex 29.6194 4 16.9134
      vertex 29.1573 4 17.7779
    endloop
  endfacet
  facet normal 0 1 -0
    outer loop
      vertex 45.0961 4 15.9755
      vertex 29.6194 4 16.9134
      vertex 45.3806 4 16.9134
    endloop
  endfacet
  facet normal 0 1 0
    outer loop
      vertex 45.0961 4 15.9755
      vertex 29.9039 4 15.9755
      vertex 29.6194 4 16.9134
    endloop
  endfacet
  facet normal 0 1 -0
    outer loop
      vertex 45 4 15
      vertex 29.9039 4 15.9755
      vertex 45.0961 4 15.9755
    endloop
  endfacet
  facet normal 0 1 0
    outer loop
      vertex 45 4 15
      vertex 30 4 15
      vertex 29.9039 4 15.9755
    endloop
  endfacet
  facet normal 0 1 0
    outer loop
      vertex 45.0961 4 14.0245
      vertex 30 4 15
      vertex 45 4 15
    endloop
  endfacet
  facet normal 0 1 0
    outer loop
      vertex 45.0961 4 14.0245
      vertex 29.9039 4 14.0245
      vertex 30 4 15
    endloop
  endfacet
  facet normal 0 1 0
    outer loop
      vertex 45.3806 4 13.0866
      vertex 29.9039 4 14.0245
      vertex 45.0961 4 14.0245
    endloop
  endfacet
  facet normal 0 1 0
    outer loop
      vertex 45.3806 4 13.0866
      vertex 29.6194 4 13.0866
      vertex 29.9039 4 14.0245
    endloop
  endfacet
  facet normal 0 1 0
    outer loop
      vertex 45.8427 4 12.2221
      vertex 29.6194 4 13.0866
      vertex 45.3806 4 13.0866
    endloop
  endfacet
  facet normal 0 1 0
    outer loop
      vertex 45.8427 4 12.2221
      vertex 29.1573 4 12.2221
      vertex 29.6194 4 13.0866
    endloop
  endfacet
  facet normal 0 1 0
    outer loop
      vertex 46.4645 4 11.4645
      vertex 29.1573 4 12.2221
      vertex 45.8427 4 12.2221
    endloop
  endfacet
  facet normal 0 1 0
    outer loop
      vertex 46.4645 4 11.4645
      vertex 28.5355 4 11.4645
      vertex 29.1573 4 12.2221
    endloop
  endfacet
  facet normal 0 1 0
    outer loop
      vertex 47.2221 4 10.8427
      vertex 28.5355 4 11.4645
      vertex 46.4645 4 11.4645
    endloop
  endfacet
  facet normal 0 1 0
    outer loop
      vertex 47.2221 4 10.8427
      vertex 27.7779 4 10.8427
      vertex 28.5355 4 11.4645
    endloop
  endfacet
  facet normal 0 1 0
    outer loop
      vertex 48.0866 4 10.3806
      vertex 27.7779 4 10.8427
      vertex 47.2221 4 10.8427
    endloop
  endfacet
  facet normal 0 1 0
    outer loop
      vertex 48.0866 4 10.3806
      vertex 26.9134 4 10.3806
      vertex 27.7779 4 10.8427
    endloop
  endfacet
  facet normal 0 1 0
    outer loop
      vertex 49.0245 4 10.0961
      vertex 26.9134 4 10.3806
      vertex 48.0866 4 10.3806
    endloop
  endfacet
  facet normal 0 1 0
    outer loop
      vertex 49.0245 4 10.0961
      vertex 25.9755 4 10.0961
      vertex 26.9134 4 10.3806
    endloop
  endfacet
  facet normal 0 1 0
    outer loop
      vertex 0 4 0
      vertex 49.0245 4 10.0961
      vertex 50 4 10
    endloop
  endfacet
  facet normal 0 1 0
    outer loop
      vertex 49.0245 4 10.0961
      vertex 0 4 0
      vertex 25.9755 4 10.0961
    endloop
  endfacet
  facet normal 0 1 0
    outer loop
      vertex 71.4645 4 26.4645
      vertex 71.4645 4 18.5355
      vertex 70.8427 4 27.2221
    endloop
  endfacet
  facet normal 0 1 0
    outer loop
      vertex 53.5355 4 26.4645
      vertex 50.9755 4 19.9039
      vertex 50 4 20
    endloop
  endfacet
  facet normal 0 1 0
    outer loop
      vertex 70.8427 4 17.7779
      vertex 70.8427 4 27.2221
      vertex 71.4645 4 18.5355
    endloop
  endfacet
  facet normal 0 1 0
    outer loop
      vertex 53.5355 4 26.4645
      vertex 51.9134 4 19.6194
      vertex 50.9755 4 19.9039
    endloop
  endfacet
  facet normal 0 1 0
    outer loop
      vertex 70.8427 4 27.2221
      vertex 70.8427 4 17.7779
      vertex 54.1573 4 27.2221
    endloop
  endfacet
  facet normal 0 1 0
    outer loop
      vertex 53.5355 4 26.4645
      vertex 52.7779 4 19.1573
      vertex 51.9134 4 19.6194
    endloop
  endfacet
  facet normal 0 1 0
    outer loop
      vertex 54.1573 4 17.7779
      vertex 54.1573 4 27.2221
      vertex 70.8427 4 17.7779
    endloop
  endfacet
  facet normal 0 1 0
    outer loop
      vertex 53.5355 4 26.4645
      vertex 53.5355 4 18.5355
      vertex 52.7779 4 19.1573
    endloop
  endfacet
  facet normal 0 1 0
    outer loop
      vertex 54.1573 4 27.2221
      vertex 54.1573 4 17.7779
      vertex 53.5355 4 26.4645
    endloop
  endfacet
  facet normal 0 1 0
    outer loop
      vertex 53.5355 4 26.4645
      vertex 54.1573 4 17.7779
      vertex 53.5355 4 18.5355
    endloop
  endfacet
  facet normal 0 1 -0
    outer loop
      vertex 70.3806 4 16.9134
      vertex 54.1573 4 17.7779
      vertex 70.8427 4 17.7779
    endloop
  endfacet
  facet normal 0 1 0
    outer loop
      vertex 70.3806 4 16.9134
      vertex 54.6194 4 16.9134
      vertex 54.1573 4 17.7779
    endloop
  endfacet
  facet normal 0 1 -0
    outer loop
      vertex 70.0961 4 15.9755
      vertex 54.6194 4 16.9134
      vertex 70.3806 4 16.9134
    endloop
  endfacet
  facet normal 0 1 0
    outer loop
      vertex 70.0961 4 15.9755
      vertex 54.9039 4 15.9755
      vertex 54.6194 4 16.9134
    endloop
  endfacet
  facet normal 0 1 -0
    outer loop
      vertex 70 4 15
      vertex 54.9039 4 15.9755
      vertex 70.0961 4 15.9755
    endloop
  endfacet
  facet normal 0 1 0
    outer loop
      vertex 70 4 15
      vertex 55 4 15
      vertex 54.9039 4 15.9755
    endloop
  endfacet
  facet normal 0 1 0
    outer loop
      vertex 70.0961 4 14.0245
      vertex 55 4 15
      vertex 70 4 15
    endloop
  endfacet
  facet normal 0 1 0
    outer loop
      vertex 70.0961 4 14.0245
      vertex 54.9039 4 14.0245
      vertex 55 4 15
    endloop
  endfacet
  facet normal 0 1 0
    outer loop
      vertex 70.3806 4 13.0866
      vertex 54.9039 4 14.0245
      vertex 70.0961 4 14.0245
    endloop
  endfacet
  facet normal 0 1 0
    outer loop
      vertex 70.3806 4 13.0866
      vertex 54.6194 4 13.0866
      vertex 54.9039 4 14.0245
    endloop
  endfacet
  facet normal 0 1 0
    outer loop
      vertex 70.8427 4 12.2221
      vertex 54.6194 4 13.0866
      vertex 70.3806 4 13.0866
    endloop
  endfacet
  facet normal 0 1 0
    outer loop
      vertex 70.8427 4 12.2221
      vertex 54.1573 4 12.2221
      vertex 54.6194 4 13.0866
    endloop
  endfacet
  facet normal 0 1 0
    outer loop
      vertex 71.4645 4 11.4645
      vertex 54.1573 4 12.2221
      vertex 70.8427 4 12.2221
    endloop
  endfacet
  facet normal 0 1 0
    outer loop
      vertex 71.4645 4 11.4645
      vertex 53.5355 4 11.4645
      vertex 54.1573 4 12.2221
    endloop
  endfacet
  facet normal 0 1 0
    outer loop
      vertex 72.2221 4 10.8427
      vertex 53.5355 4 11.4645
      vertex 71.4645 4 11.4645
    endloop
  endfacet
  facet normal 0 1 0
    outer loop
      vertex 72.2221 4 10.8427
      vertex 52.7779 4 10.8427
      vertex 53.5355 4 11.4645
    endloop
  endfacet
  facet normal 0 1 0
    outer loop
      vertex 73.0866 4 10.3806
      vertex 52.7779 4 10.8427
      vertex 72.2221 4 10.8427
    endloop
  endfacet
  facet normal 0 1 0
    outer loop
      vertex 73.0866 4 10.3806
      vertex 51.9134 4 10.3806
      vertex 52.7779 4 10.8427
    endloop
  endfacet
  facet normal 0 1 0
    outer loop
      vertex 74.0246 4 10.0961
      vertex 51.9134 4 10.3806
      vertex 73.0866 4 10.3806
    endloop
  endfacet
  facet normal 0 1 0
    outer loop
      vertex 74.0246 4 10.0961
      vertex 50.9755 4 10.0961
      vertex 51.9134 4 10.3806
    endloop
  endfacet
  facet normal 0 1 0
    outer loop
      vertex 100 4 0
      vertex 74.0246 4 10.0961
      vertex 75 4 10
    endloop
  endfacet
  facet normal 0 1 0
    outer loop
      vertex 74.0246 4 10.0961
      vertex 100 4 0
      vertex 50.9755 4 10.0961
    endloop
  endfacet
  facet normal 0 1 0
    outer loop
      vertex 46.4645 4 41.4645
      vertex 46.4645 4 33.5355
      vertex 45.8427 4 42.2221
    endloop
  endfacet
  facet normal 0 1 0
    outer loop
      vertex 28.5355 4 41.4645
      vertex 25.9755 4 34.9039
      vertex 25 4 35
    endloop
  endfacet
  facet normal 0 1 0
    outer loop
      vertex 45.8427 4 32.7779
      vertex 45.8427 4 42.2221
      vertex 46.4645 4 33.5355
    endloop
  endfacet
  facet normal 0 1 0
    outer loop
      vertex 28.5355 4 41.4645
      vertex 26.9134 4 34.6194
      vertex 25.9755 4 34.9039
    endloop
  endfacet
  facet normal 0 1 0
    outer loop
      vertex 45.8427 4 42.2221
      vertex 45.8427 4 32.7779
      vertex 29.1573 4 42.2221
    endloop
  endfacet
  facet normal 0 1 0
    outer loop
      vertex 28.5355 4 41.4645
      vertex 27.7779 4 34.1573
      vertex 26.9134 4 34.6194
    endloop
  endfacet
  facet normal 0 1 0
    outer loop
      vertex 29.1573 4 32.7779
      vertex 29.1573 4 42.2221
      vertex 45.8427 4 32.7779
    endloop
  endfacet
  facet normal 0 1 0
    outer loop
      vertex 28.5355 4 41.4645
      vertex 28.5355 4 33.5355
      vertex 27.7779 4 34.1573
    endloop
  endfacet
  facet normal 0 1 0
    outer loop
      vertex 29.1573 4 42.2221
      vertex 29.1573 4 32.7779
      vertex 28.5355 4 41.4645
    endloop
  endfacet
  facet normal 0 1 0
    outer loop
      vertex 28.5355 4 41.4645
      vertex 29.1573 4 32.7779
      vertex 28.5355 4 33.5355
    endloop
  endfacet
  facet normal 0 1 -0
    outer loop
      vertex 45.3806 4 31.9134
      vertex 29.1573 4 32.7779
      vertex 45.8427 4 32.7779
    endloop
  endfacet
  facet normal 0 1 0
    outer loop
      vertex 45.3806 4 31.9134
      vertex 29.6194 4 31.9134
      vertex 29.1573 4 32.7779
    endloop
  endfacet
  facet normal 0 1 -0
    outer loop
      vertex 45.0961 4 30.9755
      vertex 29.6194 4 31.9134
      vertex 45.3806 4 31.9134
    endloop
  endfacet
  facet normal 0 1 0
    outer loop
      vertex 45.0961 4 30.9755
      vertex 29.9039 4 30.9755
      vertex 29.6194 4 31.9134
    endloop
  endfacet
  facet normal 0 1 -0
    outer loop
      vertex 45 4 30
      vertex 29.9039 4 30.9755
      vertex 45.0961 4 30.9755
    endloop
  endfacet
  facet normal 0 1 0
    outer loop
      vertex 45 4 30
      vertex 30 4 30
      vertex 29.9039 4 30.9755
    endloop
  endfacet
  facet normal 0 1 0
    outer loop
      vertex 45.0961 4 29.0245
      vertex 30 4 30
      vertex 45 4 30
    endloop
  endfacet
  facet normal 0 1 0
    outer loop
      vertex 45.0961 4 29.0245
      vertex 29.9039 4 29.0245
      vertex 30 4 30
    endloop
  endfacet
  facet normal 0 1 0
    outer loop
      vertex 45.3806 4 28.0866
      vertex 29.9039 4 29.0245
      vertex 45.0961 4 29.0245
    endloop
  endfacet
  facet normal 0 1 0
    outer loop
      vertex 45.3806 4 28.0866
      vertex 29.6194 4 28.0866
      vertex 29.9039 4 29.0245
    endloop
  endfacet
  facet normal 0 1 0
    outer loop
      vertex 45.8427 4 27.2221
      vertex 29.6194 4 28.0866
      vertex 45.3806 4 28.0866
    endloop
  endfacet
  facet normal 0 1 0
    outer loop
      vertex 45.8427 4 27.2221
      vertex 29.1573 4 27.2221
      vertex 29.6194 4 28.0866
    endloop
  endfacet
  facet normal 0 1 0
    outer loop
      vertex 47.2221 4 25.8427
      vertex 47.2221 4 19.1573
      vertex 46.4645 4 26.4645
    endloop
  endfacet
  facet normal 0 1 0
    outer loop
      vertex 46.4645 4 18.5355
      vertex 46.4645 4 26.4645
      vertex 47.2221 4 19.1573
    endloop
  endfacet
  facet normal 0 1 0
    outer loop
      vertex 48.0866 4 19.6194
      vertex 48.0866 4 25.3806
      vertex 49.0245 4 19.9039
    endloop
  endfacet
  facet normal 0 1 0
    outer loop
      vertex 48.0866 4 25.3806
      vertex 48.0866 4 19.6194
      vertex 47.2221 4 25.8427
    endloop
  endfacet
  facet normal 0 1 0
    outer loop
      vertex 49.0245 4 25.0961
      vertex 49.0245 4 19.9039
      vertex 48.0866 4 25.3806
    endloop
  endfacet
  facet normal 0 1 0
    outer loop
      vertex 47.2221 4 19.1573
      vertex 47.2221 4 25.8427
      vertex 48.0866 4 19.6194
    endloop
  endfacet
  facet normal 0 1 0
    outer loop
      vertex 49.0245 4 19.9039
      vertex 49.0245 4 25.0961
      vertex 50 4 20
    endloop
  endfacet
  facet normal 0 1 0
    outer loop
      vertex 28.5355 4 26.4645
      vertex 25 4 20
      vertex 27.7779 4 25.8427
    endloop
  endfacet
  facet normal 0 1 -0
    outer loop
      vertex 50 4 20
      vertex 49.0245 4 25.0961
      vertex 50 4 25
    endloop
  endfacet
  facet normal 0 1 0
    outer loop
      vertex 27.7779 4 25.8427
      vertex 25 4 20
      vertex 26.9134 4 25.3806
    endloop
  endfacet
  facet normal 0 1 0
    outer loop
      vertex 71.4645 4 41.4645
      vertex 71.4645 4 33.5355
      vertex 70.8427 4 42.2221
    endloop
  endfacet
  facet normal 0 1 0
    outer loop
      vertex 53.5355 4 41.4645
      vertex 50.9755 4 34.9039
      vertex 50 4 35
    endloop
  endfacet
  facet normal 0 1 0
    outer loop
      vertex 70.8427 4 32.7779
      vertex 70.8427 4 42.2221
      vertex 71.4645 4 33.5355
    endloop
  endfacet
  facet normal 0 1 0
    outer loop
      vertex 53.5355 4 41.4645
      vertex 51.9134 4 34.6194
      vertex 50.9755 4 34.9039
    endloop
  endfacet
  facet normal 0 1 0
    outer loop
      vertex 70.8427 4 42.2221
      vertex 70.8427 4 32.7779
      vertex 54.1573 4 42.2221
    endloop
  endfacet
  facet normal 0 1 0
    outer loop
      vertex 53.5355 4 41.4645
      vertex 52.7779 4 34.1573
      vertex 51.9134 4 34.6194
    endloop
  endfacet
  facet normal 0 1 0
    outer loop
      vertex 54.1573 4 32.7779
      vertex 54.1573 4 42.2221
      vertex 70.8427 4 32.7779
    endloop
  endfacet
  facet normal 0 1 0
    outer loop
      vertex 53.5355 4 41.4645
      vertex 53.5355 4 33.5355
      vertex 52.7779 4 34.1573
    endloop
  endfacet
  facet normal 0 1 0
    outer loop
      vertex 54.1573 4 42.2221
      vertex 54.1573 4 32.7779
      vertex 53.5355 4 41.4645
    endloop
  endfacet
  facet normal 0 1 0
    outer loop
      vertex 53.5355 4 41.4645
      vertex 54.1573 4 32.7779
      vertex 53.5355 4 33.5355
    endloop
  endfacet
  facet normal 0 1 -0
    outer loop
      vertex 70.3806 4 31.9134
      vertex 54.1573 4 32.7779
      vertex 70.8427 4 32.7779
    endloop
  endfacet
  facet normal 0 1 0
    outer loop
      vertex 70.3806 4 31.9134
      vertex 54.6194 4 31.9134
      vertex 54.1573 4 32.7779
    endloop
  endfacet
  facet normal 0 1 -0
    outer loop
      vertex 70.0961 4 30.9755
      vertex 54.6194 4 31.9134
      vertex 70.3806 4 31.9134
    endloop
  endfacet
  facet normal 0 1 0
    outer loop
      vertex 70.0961 4 30.9755
      vertex 54.9039 4 30.9755
      vertex 54.6194 4 31.9134
    endloop
  endfacet
  facet normal 0 1 -0
    outer loop
      vertex 70 4 30
      vertex 54.9039 4 30.9755
      vertex 70.0961 4 30.9755
    endloop
  endfacet
  facet normal 0 1 0
    outer loop
      vertex 70 4 30
      vertex 55 4 30
      vertex 54.9039 4 30.9755
    endloop
  endfacet
  facet normal 0 1 0
    outer loop
      vertex 70.0961 4 29.0245
      vertex 55 4 30
      vertex 70 4 30
    endloop
  endfacet
  facet normal 0 1 0
    outer loop
      vertex 70.0961 4 29.0245
      vertex 54.9039 4 29.0245
      vertex 55 4 30
    endloop
  endfacet
  facet normal 0 1 0
    outer loop
      vertex 70.3806 4 28.0866
      vertex 54.9039 4 29.0245
      vertex 70.0961 4 29.0245
    endloop
  endfacet
  facet normal 0 1 0
    outer loop
      vertex 70.3806 4 28.0866
      vertex 54.6194 4 28.0866
      vertex 54.9039 4 29.0245
    endloop
  endfacet
  facet normal 0 1 0
    outer loop
      vertex 70.8427 4 27.2221
      vertex 54.6194 4 28.0866
      vertex 70.3806 4 28.0866
    endloop
  endfacet
  facet normal 0 1 0
    outer loop
      vertex 70.8427 4 27.2221
      vertex 54.1573 4 27.2221
      vertex 54.6194 4 28.0866
    endloop
  endfacet
  facet normal 0 1 0
    outer loop
      vertex 72.2221 4 25.8427
      vertex 72.2221 4 19.1573
      vertex 71.4645 4 26.4645
    endloop
  endfacet
  facet normal 0 1 0
    outer loop
      vertex 71.4645 4 18.5355
      vertex 71.4645 4 26.4645
      vertex 72.2221 4 19.1573
    endloop
  endfacet
  facet normal 0 1 0
    outer loop
      vertex 73.0866 4 19.6194
      vertex 73.0866 4 25.3806
      vertex 74.0246 4 19.9039
    endloop
  endfacet
  facet normal 0 1 0
    outer loop
      vertex 73.0866 4 25.3806
      vertex 73.0866 4 19.6194
      vertex 72.2221 4 25.8427
    endloop
  endfacet
  facet normal 0 1 0
    outer loop
      vertex 74.0246 4 25.0961
      vertex 74.0246 4 19.9039
      vertex 73.0866 4 25.3806
    endloop
  endfacet
  facet normal 0 1 0
    outer loop
      vertex 72.2221 4 19.1573
      vertex 72.2221 4 25.8427
      vertex 73.0866 4 19.6194
    endloop
  endfacet
  facet normal 0 1 0
    outer loop
      vertex 74.0246 4 19.9039
      vertex 74.0246 4 25.0961
      vertex 75 4 20
    endloop
  endfacet
  facet normal 0 1 0
    outer loop
      vertex 53.5355 4 26.4645
      vertex 50 4 20
      vertex 52.7779 4 25.8427
    endloop
  endfacet
  facet normal 0 1 -0
    outer loop
      vertex 75 4 20
      vertex 74.0246 4 25.0961
      vertex 75 4 25
    endloop
  endfacet
  facet normal 0 1 0
    outer loop
      vertex 52.7779 4 25.8427
      vertex 50 4 20
      vertex 51.9134 4 25.3806
    endloop
  endfacet
  facet normal 0 1 -0
    outer loop
      vertex 25.9755 4 49.9039
      vertex 0 4 60
      vertex 49.0245 4 49.9039
    endloop
  endfacet
  facet normal 0 1 0
    outer loop
      vertex 0 4 60
      vertex 25.9755 4 49.9039
      vertex 25 4 50
    endloop
  endfacet
  facet normal 0 1 -0
    outer loop
      vertex 48.0866 4 49.6194
      vertex 25.9755 4 49.9039
      vertex 49.0245 4 49.9039
    endloop
  endfacet
  facet normal 0 1 0
    outer loop
      vertex 48.0866 4 49.6194
      vertex 26.9134 4 49.6194
      vertex 25.9755 4 49.9039
    endloop
  endfacet
  facet normal 0 1 -0
    outer loop
      vertex 47.2221 4 49.1573
      vertex 26.9134 4 49.6194
      vertex 48.0866 4 49.6194
    endloop
  endfacet
  facet normal 0 1 0
    outer loop
      vertex 47.2221 4 49.1573
      vertex 27.7779 4 49.1573
      vertex 26.9134 4 49.6194
    endloop
  endfacet
  facet normal 0 1 -0
    outer loop
      vertex 46.4645 4 48.5355
      vertex 27.7779 4 49.1573
      vertex 47.2221 4 49.1573
    endloop
  endfacet
  facet normal 0 1 0
    outer loop
      vertex 46.4645 4 48.5355
      vertex 28.5355 4 48.5355
      vertex 27.7779 4 49.1573
    endloop
  endfacet
  facet normal 0 1 -0
    outer loop
      vertex 45.8427 4 47.7779
      vertex 28.5355 4 48.5355
      vertex 46.4645 4 48.5355
    endloop
  endfacet
  facet normal 0 1 0
    outer loop
      vertex 45.8427 4 47.7779
      vertex 29.1573 4 47.7779
      vertex 28.5355 4 48.5355
    endloop
  endfacet
  facet normal 0 1 -0
    outer loop
      vertex 45.3806 4 46.9134
      vertex 29.1573 4 47.7779
      vertex 45.8427 4 47.7779
    endloop
  endfacet
  facet normal 0 1 0
    outer loop
      vertex 45.3806 4 46.9134
      vertex 29.6194 4 46.9134
      vertex 29.1573 4 47.7779
    endloop
  endfacet
  facet normal 0 1 -0
    outer loop
      vertex 45.0961 4 45.9755
      vertex 29.6194 4 46.9134
      vertex 45.3806 4 46.9134
    endloop
  endfacet
  facet normal 0 1 0
    outer loop
      vertex 45.0961 4 45.9755
      vertex 29.9039 4 45.9755
      vertex 29.6194 4 46.9134
    endloop
  endfacet
  facet normal 0 1 -0
    outer loop
      vertex 45 4 45
      vertex 29.9039 4 45.9755
      vertex 45.0961 4 45.9755
    endloop
  endfacet
  facet normal 0 1 0
    outer loop
      vertex 45 4 45
      vertex 30 4 45
      vertex 29.9039 4 45.9755
    endloop
  endfacet
  facet normal 0 1 0
    outer loop
      vertex 45.0961 4 44.0245
      vertex 30 4 45
      vertex 45 4 45
    endloop
  endfacet
  facet normal 0 1 0
    outer loop
      vertex 45.0961 4 44.0245
      vertex 29.9039 4 44.0245
      vertex 30 4 45
    endloop
  endfacet
  facet normal 0 1 0
    outer loop
      vertex 45.3806 4 43.0866
      vertex 29.9039 4 44.0245
      vertex 45.0961 4 44.0245
    endloop
  endfacet
  facet normal 0 1 0
    outer loop
      vertex 45.3806 4 43.0866
      vertex 29.6194 4 43.0866
      vertex 29.9039 4 44.0245
    endloop
  endfacet
  facet normal 0 1 0
    outer loop
      vertex 45.8427 4 42.2221
      vertex 29.6194 4 43.0866
      vertex 45.3806 4 43.0866
    endloop
  endfacet
  facet normal 0 1 0
    outer loop
      vertex 45.8427 4 42.2221
      vertex 29.1573 4 42.2221
      vertex 29.6194 4 43.0866
    endloop
  endfacet
  facet normal 0 1 0
    outer loop
      vertex 47.2221 4 40.8427
      vertex 47.2221 4 34.1573
      vertex 46.4645 4 41.4645
    endloop
  endfacet
  facet normal 0 1 0
    outer loop
      vertex 46.4645 4 33.5355
      vertex 46.4645 4 41.4645
      vertex 47.2221 4 34.1573
    endloop
  endfacet
  facet normal 0 1 0
    outer loop
      vertex 48.0866 4 34.6194
      vertex 48.0866 4 40.3806
      vertex 49.0245 4 34.9039
    endloop
  endfacet
  facet normal 0 1 0
    outer loop
      vertex 48.0866 4 40.3806
      vertex 48.0866 4 34.6194
      vertex 47.2221 4 40.8427
    endloop
  endfacet
  facet normal 0 1 0
    outer loop
      vertex 49.0245 4 40.0961
      vertex 49.0245 4 34.9039
      vertex 48.0866 4 40.3806
    endloop
  endfacet
  facet normal 0 1 0
    outer loop
      vertex 47.2221 4 34.1573
      vertex 47.2221 4 40.8427
      vertex 48.0866 4 34.6194
    endloop
  endfacet
  facet normal 0 1 0
    outer loop
      vertex 49.0245 4 34.9039
      vertex 49.0245 4 40.0961
      vertex 50 4 35
    endloop
  endfacet
  facet normal 0 1 0
    outer loop
      vertex 28.5355 4 41.4645
      vertex 25 4 35
      vertex 27.7779 4 40.8427
    endloop
  endfacet
  facet normal 0 1 -0
    outer loop
      vertex 50 4 35
      vertex 49.0245 4 40.0961
      vertex 50 4 40
    endloop
  endfacet
  facet normal 0 1 0
    outer loop
      vertex 27.7779 4 40.8427
      vertex 25 4 35
      vertex 26.9134 4 40.3806
    endloop
  endfacet
  facet normal 0 1 0
    outer loop
      vertex 50.9755 4 49.9039
      vertex 100 4 60
      vertex 74.0246 4 49.9039
    endloop
  endfacet
  facet normal 0 1 0
    outer loop
      vertex 100 4 60
      vertex 50.9755 4 49.9039
      vertex 50 4 50
    endloop
  endfacet
  facet normal 0 1 -0
    outer loop
      vertex 73.0866 4 49.6194
      vertex 50.9755 4 49.9039
      vertex 74.0246 4 49.9039
    endloop
  endfacet
  facet normal 0 1 0
    outer loop
      vertex 73.0866 4 49.6194
      vertex 51.9134 4 49.6194
      vertex 50.9755 4 49.9039
    endloop
  endfacet
  facet normal 0 1 -0
    outer loop
      vertex 72.2221 4 49.1573
      vertex 51.9134 4 49.6194
      vertex 73.0866 4 49.6194
    endloop
  endfacet
  facet normal 0 1 0
    outer loop
      vertex 72.2221 4 49.1573
      vertex 52.7779 4 49.1573
      vertex 51.9134 4 49.6194
    endloop
  endfacet
  facet normal 0 1 -0
    outer loop
      vertex 71.4645 4 48.5355
      vertex 52.7779 4 49.1573
      vertex 72.2221 4 49.1573
    endloop
  endfacet
  facet normal 0 1 0
    outer loop
      vertex 71.4645 4 48.5355
      vertex 53.5355 4 48.5355
      vertex 52.7779 4 49.1573
    endloop
  endfacet
  facet normal 0 1 -0
    outer loop
      vertex 70.8427 4 47.7779
      vertex 53.5355 4 48.5355
      vertex 71.4645 4 48.5355
    endloop
  endfacet
  facet normal 0 1 0
    outer loop
      vertex 70.8427 4 47.7779
      vertex 54.1573 4 47.7779
      vertex 53.5355 4 48.5355
    endloop
  endfacet
  facet normal 0 1 -0
    outer loop
      vertex 70.3806 4 46.9134
      vertex 54.1573 4 47.7779
      vertex 70.8427 4 47.7779
    endloop
  endfacet
  facet normal 0 1 0
    outer loop
      vertex 70.3806 4 46.9134
      vertex 54.6194 4 46.9134
      vertex 54.1573 4 47.7779
    endloop
  endfacet
  facet normal 0 1 -0
    outer loop
      vertex 70.0961 4 45.9755
      vertex 54.6194 4 46.9134
      vertex 70.3806 4 46.9134
    endloop
  endfacet
  facet normal 0 1 0
    outer loop
      vertex 70.0961 4 45.9755
      vertex 54.9039 4 45.9755
      vertex 54.6194 4 46.9134
    endloop
  endfacet
  facet normal 0 1 -0
    outer loop
      vertex 70 4 45
      vertex 54.9039 4 45.9755
      vertex 70.0961 4 45.9755
    endloop
  endfacet
  facet normal 0 1 0
    outer loop
      vertex 70 4 45
      vertex 55 4 45
      vertex 54.9039 4 45.9755
    endloop
  endfacet
  facet normal 0 1 0
    outer loop
      vertex 70.0961 4 44.0245
      vertex 55 4 45
      vertex 70 4 45
    endloop
  endfacet
  facet normal 0 1 0
    outer loop
      vertex 70.0961 4 44.0245
      vertex 54.9039 4 44.0245
      vertex 55 4 45
    endloop
  endfacet
  facet normal 0 1 0
    outer loop
      vertex 70.3806 4 43.0866
      vertex 54.9039 4 44.0245
      vertex 70.0961 4 44.0245
    endloop
  endfacet
  facet normal 0 1 0
    outer loop
      vertex 70.3806 4 43.0866
      vertex 54.6194 4 43.0866
      vertex 54.9039 4 44.0245
    endloop
  endfacet
  facet normal 0 1 0
    outer loop
      vertex 70.8427 4 42.2221
      vertex 54.6194 4 43.0866
      vertex 70.3806 4 43.0866
    endloop
  endfacet
  facet normal 0 1 0
    outer loop
      vertex 70.8427 4 42.2221
      vertex 54.1573 4 42.2221
      vertex 54.6194 4 43.0866
    endloop
  endfacet
  facet normal 0 1 0
    outer loop
      vertex 72.2221 4 40.8427
      vertex 72.2221 4 34.1573
      vertex 71.4645 4 41.4645
    endloop
  endfacet
  facet normal 0 1 0
    outer loop
      vertex 71.4645 4 33.5355
      vertex 71.4645 4 41.4645
      vertex 72.2221 4 34.1573
    endloop
  endfacet
  facet normal 0 1 0
    outer loop
      vertex 73.0866 4 34.6194
      vertex 73.0866 4 40.3806
      vertex 74.0246 4 34.9039
    endloop
  endfacet
  facet normal 0 1 0
    outer loop
      vertex 73.0866 4 40.3806
      vertex 73.0866 4 34.6194
      vertex 72.2221 4 40.8427
    endloop
  endfacet
  facet normal 0 1 0
    outer loop
      vertex 74.0246 4 40.0961
      vertex 74.0246 4 34.9039
      vertex 73.0866 4 40.3806
    endloop
  endfacet
  facet normal 0 1 0
    outer loop
      vertex 72.2221 4 34.1573
      vertex 72.2221 4 40.8427
      vertex 73.0866 4 34.6194
    endloop
  endfacet
  facet normal 0 1 0
    outer loop
      vertex 74.0246 4 34.9039
      vertex 74.0246 4 40.0961
      vertex 75 4 35
    endloop
  endfacet
  facet normal 0 1 0
    outer loop
      vertex 53.5355 4 41.4645
      vertex 50 4 35
      vertex 52.7779 4 40.8427
    endloop
  endfacet
  facet normal 0 1 -0
    outer loop
      vertex 75 4 35
      vertex 74.0246 4 40.0961
      vertex 75 4 40
    endloop
  endfacet
  facet normal 0 1 0
    outer loop
      vertex 52.7779 4 40.8427
      vertex 50 4 35
      vertex 51.9134 4 40.3806
    endloop
  endfacet
  facet normal 0 1 0
    outer loop
      vertex 74.0246 4 49.9039
      vertex 100 4 60
      vertex 75 4 50
    endloop
  endfacet
  facet normal 0 1 0
    outer loop
      vertex 100 4 60
      vertex 75.9754 4 49.9039
      vertex 75 4 50
    endloop
  endfacet
  facet normal 0 1 0
    outer loop
      vertex 100 4 60
      vertex 76.9134 4 49.6194
      vertex 75.9754 4 49.9039
    endloop
  endfacet
  facet normal 0 1 0
    outer loop
      vertex 100 4 60
      vertex 77.7778 4 49.1573
      vertex 76.9134 4 49.6194
    endloop
  endfacet
  facet normal 0 1 0
    outer loop
      vertex 100 4 60
      vertex 78.5355 4 48.5355
      vertex 77.7778 4 49.1573
    endloop
  endfacet
  facet normal 0 1 0
    outer loop
      vertex 100 4 60
      vertex 79.1573 4 47.7779
      vertex 78.5355 4 48.5355
    endloop
  endfacet
  facet normal 0 1 0
    outer loop
      vertex 100 4 60
      vertex 79.6194 4 46.9134
      vertex 79.1573 4 47.7779
    endloop
  endfacet
  facet normal 0 1 0
    outer loop
      vertex 100 4 60
      vertex 79.9039 4 45.9755
      vertex 79.6194 4 46.9134
    endloop
  endfacet
  facet normal 0 1 0
    outer loop
      vertex 100 4 60
      vertex 80 4 45
      vertex 79.9039 4 45.9755
    endloop
  endfacet
  facet normal 0 1 0
    outer loop
      vertex 100 4 60
      vertex 79.9039 4 44.0245
      vertex 80 4 45
    endloop
  endfacet
  facet normal 0 1 0
    outer loop
      vertex 79.9039 4 30.9755
      vertex 79.9039 4 44.0245
      vertex 100 4 60
    endloop
  endfacet
  facet normal 0 1 0
    outer loop
      vertex 79.9039 4 44.0245
      vertex 79.9039 4 30.9755
      vertex 79.6194 4 43.0866
    endloop
  endfacet
  facet normal 0 1 0
    outer loop
      vertex 79.6194 4 43.0866
      vertex 79.6194 4 31.9134
      vertex 79.1573 4 42.2221
    endloop
  endfacet
  facet normal 0 1 0
    outer loop
      vertex 50.9755 4 40.0961
      vertex 50 4 35
      vertex 50 4 40
    endloop
  endfacet
  facet normal 0 1 0
    outer loop
      vertex 51.9134 4 40.3806
      vertex 50 4 35
      vertex 50.9755 4 40.0961
    endloop
  endfacet
  facet normal 0 1 0
    outer loop
      vertex 75.9754 4 40.0961
      vertex 75 4 35
      vertex 75 4 40
    endloop
  endfacet
  facet normal 0 1 0
    outer loop
      vertex 75.9754 4 34.9039
      vertex 75.9754 4 40.0961
      vertex 76.9134 4 40.3806
    endloop
  endfacet
  facet normal 0 1 0
    outer loop
      vertex 76.9134 4 34.6194
      vertex 76.9134 4 40.3806
      vertex 77.7778 4 40.8427
    endloop
  endfacet
  facet normal 0 1 0
    outer loop
      vertex 77.7778 4 34.1573
      vertex 77.7778 4 40.8427
      vertex 78.5355 4 41.4645
    endloop
  endfacet
  facet normal -0 1 0
    outer loop
      vertex 79.1573 4 32.7779
      vertex 79.1573 4 42.2221
      vertex 79.6194 4 31.9134
    endloop
  endfacet
  facet normal 0 1 0
    outer loop
      vertex 75.9754 4 40.0961
      vertex 75.9754 4 34.9039
      vertex 75 4 35
    endloop
  endfacet
  facet normal 0 1 0
    outer loop
      vertex 76.9134 4 40.3806
      vertex 76.9134 4 34.6194
      vertex 75.9754 4 34.9039
    endloop
  endfacet
  facet normal 0 1 0
    outer loop
      vertex 77.7778 4 40.8427
      vertex 77.7778 4 34.1573
      vertex 76.9134 4 34.6194
    endloop
  endfacet
  facet normal 0 1 0
    outer loop
      vertex 78.5355 4 41.4645
      vertex 78.5355 4 33.5355
      vertex 77.7778 4 34.1573
    endloop
  endfacet
  facet normal 0 1 0
    outer loop
      vertex 78.5355 4 41.4645
      vertex 79.1573 4 32.7779
      vertex 78.5355 4 33.5355
    endloop
  endfacet
  facet normal 0 1 0
    outer loop
      vertex 79.1573 4 42.2221
      vertex 79.1573 4 32.7779
      vertex 78.5355 4 41.4645
    endloop
  endfacet
  facet normal 0 1 0
    outer loop
      vertex 79.6194 4 43.0866
      vertex 79.9039 4 30.9755
      vertex 79.6194 4 31.9134
    endloop
  endfacet
  facet normal 0 1 0
    outer loop
      vertex 100 4 60
      vertex 80 4 30
      vertex 79.9039 4 30.9755
    endloop
  endfacet
  facet normal 0 1 -0
    outer loop
      vertex 100 4 0
      vertex 80 4 30
      vertex 100 4 60
    endloop
  endfacet
  facet normal 0 1 0
    outer loop
      vertex 80 4 30
      vertex 100 4 0
      vertex 79.9039 4 29.0245
    endloop
  endfacet
  facet normal -0 1 0
    outer loop
      vertex 79.9039 4 15.9755
      vertex 79.9039 4 29.0245
      vertex 100 4 0
    endloop
  endfacet
  facet normal 0 1 0
    outer loop
      vertex 50.9755 4 25.0961
      vertex 50 4 20
      vertex 50 4 25
    endloop
  endfacet
  facet normal 0 1 0
    outer loop
      vertex 51.9134 4 25.3806
      vertex 50 4 20
      vertex 50.9755 4 25.0961
    endloop
  endfacet
  facet normal 0 1 0
    outer loop
      vertex 75.9754 4 25.0961
      vertex 75 4 20
      vertex 75 4 25
    endloop
  endfacet
  facet normal 0 1 0
    outer loop
      vertex 75.9754 4 19.9039
      vertex 75.9754 4 25.0961
      vertex 76.9134 4 25.3806
    endloop
  endfacet
  facet normal 0 1 0
    outer loop
      vertex 76.9134 4 19.6194
      vertex 76.9134 4 25.3806
      vertex 77.7778 4 25.8427
    endloop
  endfacet
  facet normal 0 1 0
    outer loop
      vertex 77.7778 4 19.1573
      vertex 77.7778 4 25.8427
      vertex 78.5355 4 26.4645
    endloop
  endfacet
  facet normal 0 1 0
    outer loop
      vertex 78.5355 4 18.5355
      vertex 78.5355 4 26.4645
      vertex 79.1573 4 27.2221
    endloop
  endfacet
  facet normal 0 1 0
    outer loop
      vertex 79.9039 4 29.0245
      vertex 79.9039 4 15.9755
      vertex 79.6194 4 28.0866
    endloop
  endfacet
  facet normal 0 1 0
    outer loop
      vertex 75.9754 4 25.0961
      vertex 75.9754 4 19.9039
      vertex 75 4 20
    endloop
  endfacet
  facet normal 0 1 0
    outer loop
      vertex 76.9134 4 25.3806
      vertex 76.9134 4 19.6194
      vertex 75.9754 4 19.9039
    endloop
  endfacet
  facet normal 0 1 0
    outer loop
      vertex 77.7778 4 25.8427
      vertex 77.7778 4 19.1573
      vertex 76.9134 4 19.6194
    endloop
  endfacet
  facet normal 0 1 0
    outer loop
      vertex 78.5355 4 26.4645
      vertex 78.5355 4 18.5355
      vertex 77.7778 4 19.1573
    endloop
  endfacet
  facet normal 0 1 0
    outer loop
      vertex 79.1573 4 27.2221
      vertex 79.1573 4 17.7779
      vertex 78.5355 4 18.5355
    endloop
  endfacet
  facet normal 0 1 0
    outer loop
      vertex 79.1573 4 27.2221
      vertex 79.6194 4 16.9134
      vertex 79.1573 4 17.7779
    endloop
  endfacet
  facet normal 0 1 0
    outer loop
      vertex 79.6194 4 28.0866
      vertex 79.6194 4 16.9134
      vertex 79.1573 4 27.2221
    endloop
  endfacet
  facet normal 0 1 0
    outer loop
      vertex 79.6194 4 28.0866
      vertex 79.9039 4 15.9755
      vertex 79.6194 4 16.9134
    endloop
  endfacet
  facet normal 0 1 0
    outer loop
      vertex 79.9039 4 15.9755
      vertex 100 4 0
      vertex 80 4 15
    endloop
  endfacet
  facet normal 0 1 0
    outer loop
      vertex 80 4 15
      vertex 100 4 0
      vertex 79.9039 4 14.0245
    endloop
  endfacet
  facet normal 0 1 0
    outer loop
      vertex 50.9755 4 10.0961
      vertex 100 4 0
      vertex 50 4 10
    endloop
  endfacet
  facet normal 0 1 0
    outer loop
      vertex 0 4 0
      vertex 50 4 10
      vertex 100 4 0
    endloop
  endfacet
  facet normal 0 1 0
    outer loop
      vertex 75.9754 4 10.0961
      vertex 100 4 0
      vertex 75 4 10
    endloop
  endfacet
  facet normal 0 1 0
    outer loop
      vertex 76.9134 4 10.3806
      vertex 100 4 0
      vertex 75.9754 4 10.0961
    endloop
  endfacet
  facet normal 0 1 0
    outer loop
      vertex 77.7778 4 10.8427
      vertex 100 4 0
      vertex 76.9134 4 10.3806
    endloop
  endfacet
  facet normal 0 1 0
    outer loop
      vertex 78.5355 4 11.4645
      vertex 100 4 0
      vertex 77.7778 4 10.8427
    endloop
  endfacet
  facet normal 0 1 0
    outer loop
      vertex 79.1573 4 12.2221
      vertex 100 4 0
      vertex 78.5355 4 11.4645
    endloop
  endfacet
  facet normal 0 1 0
    outer loop
      vertex 79.6194 4 13.0866
      vertex 100 4 0
      vertex 79.1573 4 12.2221
    endloop
  endfacet
  facet normal 0 1 0
    outer loop
      vertex 79.9039 4 14.0245
      vertex 100 4 0
      vertex 79.6194 4 13.0866
    endloop
  endfacet
  facet normal 0 1 0
    outer loop
      vertex 100 4 60
      vertex 50 4 50
      vertex 0 4 60
    endloop
  endfacet
  facet normal 0 1 -0
    outer loop
      vertex 49.0245 4 49.9039
      vertex 0 4 60
      vertex 50 4 50
    endloop
  endfacet
  facet normal 0 1 -0
    outer loop
      vertex 24.0245 4 49.9039
      vertex 0 4 60
      vertex 25 4 50
    endloop
  endfacet
  facet normal 0 1 -0
    outer loop
      vertex 23.0866 4 49.6194
      vertex 0 4 60
      vertex 24.0245 4 49.9039
    endloop
  endfacet
  facet normal 0 1 -0
    outer loop
      vertex 22.2221 4 49.1573
      vertex 0 4 60
      vertex 23.0866 4 49.6194
    endloop
  endfacet
  facet normal 0 1 -0
    outer loop
      vertex 21.4645 4 48.5355
      vertex 0 4 60
      vertex 22.2221 4 49.1573
    endloop
  endfacet
  facet normal 0 1 -0
    outer loop
      vertex 20.8427 4 47.7779
      vertex 0 4 60
      vertex 21.4645 4 48.5355
    endloop
  endfacet
  facet normal 0 1 -0
    outer loop
      vertex 20.3806 4 46.9134
      vertex 0 4 60
      vertex 20.8427 4 47.7779
    endloop
  endfacet
  facet normal 0 1 -0
    outer loop
      vertex 20.0961 4 45.9755
      vertex 0 4 60
      vertex 20.3806 4 46.9134
    endloop
  endfacet
  facet normal 0 1 -0
    outer loop
      vertex 20 4 45
      vertex 0 4 60
      vertex 20.0961 4 45.9755
    endloop
  endfacet
  facet normal 0 1 0
    outer loop
      vertex 20.0961 4 44.0245
      vertex 0 4 60
      vertex 20 4 45
    endloop
  endfacet
  facet normal 0 1 0
    outer loop
      vertex 20.0961 4 30.9755
      vertex 20.0961 4 44.0245
      vertex 20.3806 4 43.0866
    endloop
  endfacet
  facet normal 0 1 0
    outer loop
      vertex 20.3806 4 31.9134
      vertex 20.3806 4 43.0866
      vertex 20.8427 4 42.2221
    endloop
  endfacet
  facet normal 0 1 0
    outer loop
      vertex 20.8427 4 32.7779
      vertex 20.8427 4 42.2221
      vertex 21.4645 4 41.4645
    endloop
  endfacet
  facet normal 0 1 0
    outer loop
      vertex 26.9134 4 40.3806
      vertex 25 4 35
      vertex 25.9755 4 40.0961
    endloop
  endfacet
  facet normal 0 1 0
    outer loop
      vertex 25.9755 4 40.0961
      vertex 25 4 35
      vertex 25 4 40
    endloop
  endfacet
  facet normal 0 1 0
    outer loop
      vertex 25 4 40
      vertex 25 4 35
      vertex 24.0245 4 40.0961
    endloop
  endfacet
  facet normal 0 1 0
    outer loop
      vertex 24.0245 4 34.9039
      vertex 24.0245 4 40.0961
      vertex 25 4 35
    endloop
  endfacet
  facet normal 0 1 0
    outer loop
      vertex 24.0245 4 40.0961
      vertex 24.0245 4 34.9039
      vertex 23.0866 4 40.3806
    endloop
  endfacet
  facet normal 0 1 0
    outer loop
      vertex 23.0866 4 34.6194
      vertex 23.0866 4 40.3806
      vertex 24.0245 4 34.9039
    endloop
  endfacet
  facet normal 0 1 0
    outer loop
      vertex 23.0866 4 40.3806
      vertex 23.0866 4 34.6194
      vertex 22.2221 4 40.8427
    endloop
  endfacet
  facet normal 0 1 0
    outer loop
      vertex 22.2221 4 34.1573
      vertex 22.2221 4 40.8427
      vertex 23.0866 4 34.6194
    endloop
  endfacet
  facet normal 0 1 0
    outer loop
      vertex 22.2221 4 40.8427
      vertex 22.2221 4 34.1573
      vertex 21.4645 4 41.4645
    endloop
  endfacet
  facet normal 0 1 0
    outer loop
      vertex 21.4645 4 33.5355
      vertex 21.4645 4 41.4645
      vertex 22.2221 4 34.1573
    endloop
  endfacet
  facet normal 0 1 0
    outer loop
      vertex 20.8427 4 32.7779
      vertex 21.4645 4 41.4645
      vertex 21.4645 4 33.5355
    endloop
  endfacet
  facet normal 0 1 0
    outer loop
      vertex 20.8427 4 42.2221
      vertex 20.8427 4 32.7779
      vertex 20.3806 4 31.9134
    endloop
  endfacet
  facet normal 0 1 0
    outer loop
      vertex 20.0961 4 30.9755
      vertex 20.3806 4 43.0866
      vertex 20.3806 4 31.9134
    endloop
  endfacet
  facet normal 0 1 0
    outer loop
      vertex 20.0961 4 44.0245
      vertex 20.0961 4 30.9755
      vertex 0 4 60
    endloop
  endfacet
  facet normal 0 1 -0
    outer loop
      vertex 20 4 30
      vertex 0 4 60
      vertex 20.0961 4 30.9755
    endloop
  endfacet
  facet normal 0 1 0
    outer loop
      vertex 0 4 0
      vertex 20 4 30
      vertex 20.0961 4 29.0245
    endloop
  endfacet
  facet normal 0 1 0
    outer loop
      vertex 20.0961 4 15.9755
      vertex 20.0961 4 29.0245
      vertex 20.3806 4 28.0866
    endloop
  endfacet
  facet normal 0 1 0
    outer loop
      vertex 20.3806 4 16.9134
      vertex 20.3806 4 28.0866
      vertex 20.8427 4 27.2221
    endloop
  endfacet
  facet normal 0 1 0
    outer loop
      vertex 26.9134 4 25.3806
      vertex 25 4 20
      vertex 25.9755 4 25.0961
    endloop
  endfacet
  facet normal 0 1 0
    outer loop
      vertex 25.9755 4 25.0961
      vertex 25 4 20
      vertex 25 4 25
    endloop
  endfacet
  facet normal 0 1 0
    outer loop
      vertex 25 4 25
      vertex 25 4 20
      vertex 24.0245 4 25.0961
    endloop
  endfacet
  facet normal 0 1 0
    outer loop
      vertex 24.0245 4 19.9039
      vertex 24.0245 4 25.0961
      vertex 25 4 20
    endloop
  endfacet
  facet normal 0 1 0
    outer loop
      vertex 24.0245 4 25.0961
      vertex 24.0245 4 19.9039
      vertex 23.0866 4 25.3806
    endloop
  endfacet
  facet normal 0 1 0
    outer loop
      vertex 23.0866 4 19.6194
      vertex 23.0866 4 25.3806
      vertex 24.0245 4 19.9039
    endloop
  endfacet
  facet normal 0 1 0
    outer loop
      vertex 23.0866 4 25.3806
      vertex 23.0866 4 19.6194
      vertex 22.2221 4 25.8427
    endloop
  endfacet
  facet normal 0 1 0
    outer loop
      vertex 22.2221 4 19.1573
      vertex 22.2221 4 25.8427
      vertex 23.0866 4 19.6194
    endloop
  endfacet
  facet normal 0 1 0
    outer loop
      vertex 22.2221 4 25.8427
      vertex 22.2221 4 19.1573
      vertex 21.4645 4 26.4645
    endloop
  endfacet
  facet normal 0 1 0
    outer loop
      vertex 21.4645 4 18.5355
      vertex 21.4645 4 26.4645
      vertex 22.2221 4 19.1573
    endloop
  endfacet
  facet normal 0 1 0
    outer loop
      vertex 21.4645 4 26.4645
      vertex 21.4645 4 18.5355
      vertex 20.8427 4 27.2221
    endloop
  endfacet
  facet normal 0 1 0
    outer loop
      vertex 20.8427 4 17.7779
      vertex 20.8427 4 27.2221
      vertex 21.4645 4 18.5355
    endloop
  endfacet
  facet normal 0 1 0
    outer loop
      vertex 20.3806 4 16.9134
      vertex 20.8427 4 27.2221
      vertex 20.8427 4 17.7779
    endloop
  endfacet
  facet normal 0 1 0
    outer loop
      vertex 20.0961 4 15.9755
      vertex 20.3806 4 28.0866
      vertex 20.3806 4 16.9134
    endloop
  endfacet
  facet normal 0 1 0
    outer loop
      vertex 20.0961 4 29.0245
      vertex 20.0961 4 15.9755
      vertex 0 4 0
    endloop
  endfacet
  facet normal 0 1 0
    outer loop
      vertex 0 4 0
      vertex 20.0961 4 15.9755
      vertex 20 4 15
    endloop
  endfacet
  facet normal 0 1 0
    outer loop
      vertex 0 4 0
      vertex 20 4 15
      vertex 20.0961 4 14.0245
    endloop
  endfacet
  facet normal 0 1 0
    outer loop
      vertex 0 4 0
      vertex 20.0961 4 14.0245
      vertex 20.3806 4 13.0866
    endloop
  endfacet
  facet normal 0 1 0
    outer loop
      vertex 25.9755 4 10.0961
      vertex 0 4 0
      vertex 25 4 10
    endloop
  endfacet
  facet normal 0 1 0
    outer loop
      vertex 20 4 30
      vertex 0 4 0
      vertex 0 4 60
    endloop
  endfacet
  facet normal 0 1 0
    outer loop
      vertex 20.8427 4 12.2221
      vertex 0 4 0
      vertex 20.3806 4 13.0866
    endloop
  endfacet
  facet normal 0 1 0
    outer loop
      vertex 21.4645 4 11.4645
      vertex 0 4 0
      vertex 20.8427 4 12.2221
    endloop
  endfacet
  facet normal 0 1 0
    outer loop
      vertex 22.2221 4 10.8427
      vertex 0 4 0
      vertex 21.4645 4 11.4645
    endloop
  endfacet
  facet normal 0 1 0
    outer loop
      vertex 23.0866 4 10.3806
      vertex 0 4 0
      vertex 22.2221 4 10.8427
    endloop
  endfacet
  facet normal 0 1 0
    outer loop
      vertex 24.0245 4 10.0961
      vertex 0 4 0
      vertex 23.0866 4 10.3806
    endloop
  endfacet
  facet normal 0 1 0
    outer loop
      vertex 25 4 10
      vertex 0 4 0
      vertex 24.0245 4 10.0961
    endloop
  endfacet
  facet normal 0 -1 0
    outer loop
      vertex 53.5355 0 26.4645
      vertex 53.5355 0 18.5355
      vertex 54.1573 0 27.2221
    endloop
  endfacet
  facet normal 0 -1 0
    outer loop
      vertex 71.4645 0 26.4645
      vertex 74.0246 0 19.9039
      vertex 75 0 20
    endloop
  endfacet
  facet normal 0 -1 0
    outer loop
      vertex 54.1573 0 17.7779
      vertex 54.1573 0 27.2221
      vertex 53.5355 0 18.5355
    endloop
  endfacet
  facet normal 0 -1 0
    outer loop
      vertex 71.4645 0 26.4645
      vertex 73.0866 0 19.6194
      vertex 74.0246 0 19.9039
    endloop
  endfacet
  facet normal 0 -1 0
    outer loop
      vertex 54.1573 0 27.2221
      vertex 54.1573 0 17.7779
      vertex 70.8427 0 27.2221
    endloop
  endfacet
  facet normal 0 -1 0
    outer loop
      vertex 71.4645 0 26.4645
      vertex 72.2221 0 19.1573
      vertex 73.0866 0 19.6194
    endloop
  endfacet
  facet normal 0 -1 0
    outer loop
      vertex 70.8427 0 17.7779
      vertex 70.8427 0 27.2221
      vertex 54.1573 0 17.7779
    endloop
  endfacet
  facet normal 0 -1 0
    outer loop
      vertex 71.4645 0 26.4645
      vertex 71.4645 0 18.5355
      vertex 72.2221 0 19.1573
    endloop
  endfacet
  facet normal 0 -1 0
    outer loop
      vertex 70.8427 0 27.2221
      vertex 70.8427 0 17.7779
      vertex 71.4645 0 26.4645
    endloop
  endfacet
  facet normal 0 -1 -0
    outer loop
      vertex 71.4645 0 26.4645
      vertex 70.8427 0 17.7779
      vertex 71.4645 0 18.5355
    endloop
  endfacet
  facet normal 0 -1 0
    outer loop
      vertex 54.6194 0 16.9134
      vertex 70.8427 0 17.7779
      vertex 54.1573 0 17.7779
    endloop
  endfacet
  facet normal 0 -1 0
    outer loop
      vertex 54.6194 0 16.9134
      vertex 70.3806 0 16.9134
      vertex 70.8427 0 17.7779
    endloop
  endfacet
  facet normal 0 -1 0
    outer loop
      vertex 54.9039 0 15.9755
      vertex 70.3806 0 16.9134
      vertex 54.6194 0 16.9134
    endloop
  endfacet
  facet normal 0 -1 0
    outer loop
      vertex 54.9039 0 15.9755
      vertex 70.0961 0 15.9755
      vertex 70.3806 0 16.9134
    endloop
  endfacet
  facet normal 0 -1 0
    outer loop
      vertex 55 0 15
      vertex 70.0961 0 15.9755
      vertex 54.9039 0 15.9755
    endloop
  endfacet
  facet normal 0 -1 0
    outer loop
      vertex 55 0 15
      vertex 70 0 15
      vertex 70.0961 0 15.9755
    endloop
  endfacet
  facet normal 0 -1 0
    outer loop
      vertex 54.9039 0 14.0245
      vertex 70 0 15
      vertex 55 0 15
    endloop
  endfacet
  facet normal 0 -1 0
    outer loop
      vertex 54.9039 0 14.0245
      vertex 70.0961 0 14.0245
      vertex 70 0 15
    endloop
  endfacet
  facet normal 0 -1 0
    outer loop
      vertex 54.6194 0 13.0866
      vertex 70.0961 0 14.0245
      vertex 54.9039 0 14.0245
    endloop
  endfacet
  facet normal 0 -1 0
    outer loop
      vertex 54.6194 0 13.0866
      vertex 70.3806 0 13.0866
      vertex 70.0961 0 14.0245
    endloop
  endfacet
  facet normal 0 -1 0
    outer loop
      vertex 54.1573 0 12.2221
      vertex 70.3806 0 13.0866
      vertex 54.6194 0 13.0866
    endloop
  endfacet
  facet normal 0 -1 0
    outer loop
      vertex 54.1573 0 12.2221
      vertex 70.8427 0 12.2221
      vertex 70.3806 0 13.0866
    endloop
  endfacet
  facet normal 0 -1 0
    outer loop
      vertex 53.5355 0 11.4645
      vertex 70.8427 0 12.2221
      vertex 54.1573 0 12.2221
    endloop
  endfacet
  facet normal 0 -1 0
    outer loop
      vertex 53.5355 0 11.4645
      vertex 71.4645 0 11.4645
      vertex 70.8427 0 12.2221
    endloop
  endfacet
  facet normal 0 -1 0
    outer loop
      vertex 52.7779 0 10.8427
      vertex 71.4645 0 11.4645
      vertex 53.5355 0 11.4645
    endloop
  endfacet
  facet normal 0 -1 0
    outer loop
      vertex 52.7779 0 10.8427
      vertex 72.2221 0 10.8427
      vertex 71.4645 0 11.4645
    endloop
  endfacet
  facet normal 0 -1 0
    outer loop
      vertex 51.9134 0 10.3806
      vertex 72.2221 0 10.8427
      vertex 52.7779 0 10.8427
    endloop
  endfacet
  facet normal 0 -1 0
    outer loop
      vertex 51.9134 0 10.3806
      vertex 73.0866 0 10.3806
      vertex 72.2221 0 10.8427
    endloop
  endfacet
  facet normal 0 -1 0
    outer loop
      vertex 50.9755 0 10.0961
      vertex 73.0866 0 10.3806
      vertex 51.9134 0 10.3806
    endloop
  endfacet
  facet normal 0 -1 0
    outer loop
      vertex 50.9755 0 10.0961
      vertex 74.0246 0 10.0961
      vertex 73.0866 0 10.3806
    endloop
  endfacet
  facet normal 0 -1 0
    outer loop
      vertex 100 0 0
      vertex 50.9755 0 10.0961
      vertex 50 0 10
    endloop
  endfacet
  facet normal 0 -1 0
    outer loop
      vertex 50.9755 0 10.0961
      vertex 100 0 0
      vertex 74.0246 0 10.0961
    endloop
  endfacet
  facet normal 0 -1 0
    outer loop
      vertex 28.5355 0 26.4645
      vertex 28.5355 0 18.5355
      vertex 29.1573 0 27.2221
    endloop
  endfacet
  facet normal 0 -1 0
    outer loop
      vertex 46.4645 0 26.4645
      vertex 49.0245 0 19.9039
      vertex 50 0 20
    endloop
  endfacet
  facet normal 0 -1 0
    outer loop
      vertex 29.1573 0 17.7779
      vertex 29.1573 0 27.2221
      vertex 28.5355 0 18.5355
    endloop
  endfacet
  facet normal 0 -1 0
    outer loop
      vertex 46.4645 0 26.4645
      vertex 48.0866 0 19.6194
      vertex 49.0245 0 19.9039
    endloop
  endfacet
  facet normal 0 -1 0
    outer loop
      vertex 29.1573 0 27.2221
      vertex 29.1573 0 17.7779
      vertex 45.8427 0 27.2221
    endloop
  endfacet
  facet normal 0 -1 0
    outer loop
      vertex 46.4645 0 26.4645
      vertex 47.2221 0 19.1573
      vertex 48.0866 0 19.6194
    endloop
  endfacet
  facet normal 0 -1 0
    outer loop
      vertex 45.8427 0 17.7779
      vertex 45.8427 0 27.2221
      vertex 29.1573 0 17.7779
    endloop
  endfacet
  facet normal 0 -1 0
    outer loop
      vertex 46.4645 0 26.4645
      vertex 46.4645 0 18.5355
      vertex 47.2221 0 19.1573
    endloop
  endfacet
  facet normal 0 -1 0
    outer loop
      vertex 45.8427 0 27.2221
      vertex 45.8427 0 17.7779
      vertex 46.4645 0 26.4645
    endloop
  endfacet
  facet normal 0 -1 -0
    outer loop
      vertex 46.4645 0 26.4645
      vertex 45.8427 0 17.7779
      vertex 46.4645 0 18.5355
    endloop
  endfacet
  facet normal 0 -1 0
    outer loop
      vertex 29.6194 0 16.9134
      vertex 45.8427 0 17.7779
      vertex 29.1573 0 17.7779
    endloop
  endfacet
  facet normal 0 -1 0
    outer loop
      vertex 29.6194 0 16.9134
      vertex 45.3806 0 16.9134
      vertex 45.8427 0 17.7779
    endloop
  endfacet
  facet normal 0 -1 0
    outer loop
      vertex 29.9039 0 15.9755
      vertex 45.3806 0 16.9134
      vertex 29.6194 0 16.9134
    endloop
  endfacet
  facet normal 0 -1 0
    outer loop
      vertex 29.9039 0 15.9755
      vertex 45.0961 0 15.9755
      vertex 45.3806 0 16.9134
    endloop
  endfacet
  facet normal 0 -1 0
    outer loop
      vertex 30 0 15
      vertex 45.0961 0 15.9755
      vertex 29.9039 0 15.9755
    endloop
  endfacet
  facet normal 0 -1 0
    outer loop
      vertex 30 0 15
      vertex 45 0 15
      vertex 45.0961 0 15.9755
    endloop
  endfacet
  facet normal 0 -1 0
    outer loop
      vertex 29.9039 0 14.0245
      vertex 45 0 15
      vertex 30 0 15
    endloop
  endfacet
  facet normal 0 -1 0
    outer loop
      vertex 29.9039 0 14.0245
      vertex 45.0961 0 14.0245
      vertex 45 0 15
    endloop
  endfacet
  facet normal 0 -1 0
    outer loop
      vertex 29.6194 0 13.0866
      vertex 45.0961 0 14.0245
      vertex 29.9039 0 14.0245
    endloop
  endfacet
  facet normal 0 -1 0
    outer loop
      vertex 29.6194 0 13.0866
      vertex 45.3806 0 13.0866
      vertex 45.0961 0 14.0245
    endloop
  endfacet
  facet normal 0 -1 0
    outer loop
      vertex 29.1573 0 12.2221
      vertex 45.3806 0 13.0866
      vertex 29.6194 0 13.0866
    endloop
  endfacet
  facet normal 0 -1 0
    outer loop
      vertex 29.1573 0 12.2221
      vertex 45.8427 0 12.2221
      vertex 45.3806 0 13.0866
    endloop
  endfacet
  facet normal 0 -1 0
    outer loop
      vertex 28.5355 0 11.4645
      vertex 45.8427 0 12.2221
      vertex 29.1573 0 12.2221
    endloop
  endfacet
  facet normal 0 -1 0
    outer loop
      vertex 28.5355 0 11.4645
      vertex 46.4645 0 11.4645
      vertex 45.8427 0 12.2221
    endloop
  endfacet
  facet normal 0 -1 0
    outer loop
      vertex 27.7779 0 10.8427
      vertex 46.4645 0 11.4645
      vertex 28.5355 0 11.4645
    endloop
  endfacet
  facet normal 0 -1 0
    outer loop
      vertex 27.7779 0 10.8427
      vertex 47.2221 0 10.8427
      vertex 46.4645 0 11.4645
    endloop
  endfacet
  facet normal 0 -1 0
    outer loop
      vertex 26.9134 0 10.3806
      vertex 47.2221 0 10.8427
      vertex 27.7779 0 10.8427
    endloop
  endfacet
  facet normal 0 -1 0
    outer loop
      vertex 26.9134 0 10.3806
      vertex 48.0866 0 10.3806
      vertex 47.2221 0 10.8427
    endloop
  endfacet
  facet normal 0 -1 0
    outer loop
      vertex 25.9755 0 10.0961
      vertex 48.0866 0 10.3806
      vertex 26.9134 0 10.3806
    endloop
  endfacet
  facet normal 0 -1 0
    outer loop
      vertex 25.9755 0 10.0961
      vertex 49.0245 0 10.0961
      vertex 48.0866 0 10.3806
    endloop
  endfacet
  facet normal 0 -1 0
    outer loop
      vertex 0 0 0
      vertex 25.9755 0 10.0961
      vertex 25 0 10
    endloop
  endfacet
  facet normal 0 -1 -0
    outer loop
      vertex 25.9755 0 10.0961
      vertex 0 0 0
      vertex 49.0245 0 10.0961
    endloop
  endfacet
  facet normal 0 -1 0
    outer loop
      vertex 53.5355 0 41.4645
      vertex 53.5355 0 33.5355
      vertex 54.1573 0 42.2221
    endloop
  endfacet
  facet normal 0 -1 0
    outer loop
      vertex 71.4645 0 41.4645
      vertex 74.0246 0 34.9039
      vertex 75 0 35
    endloop
  endfacet
  facet normal 0 -1 0
    outer loop
      vertex 54.1573 0 32.7779
      vertex 54.1573 0 42.2221
      vertex 53.5355 0 33.5355
    endloop
  endfacet
  facet normal 0 -1 0
    outer loop
      vertex 71.4645 0 41.4645
      vertex 73.0866 0 34.6194
      vertex 74.0246 0 34.9039
    endloop
  endfacet
  facet normal 0 -1 0
    outer loop
      vertex 54.1573 0 42.2221
      vertex 54.1573 0 32.7779
      vertex 70.8427 0 42.2221
    endloop
  endfacet
  facet normal 0 -1 0
    outer loop
      vertex 71.4645 0 41.4645
      vertex 72.2221 0 34.1573
      vertex 73.0866 0 34.6194
    endloop
  endfacet
  facet normal 0 -1 0
    outer loop
      vertex 70.8427 0 32.7779
      vertex 70.8427 0 42.2221
      vertex 54.1573 0 32.7779
    endloop
  endfacet
  facet normal 0 -1 0
    outer loop
      vertex 71.4645 0 41.4645
      vertex 71.4645 0 33.5355
      vertex 72.2221 0 34.1573
    endloop
  endfacet
  facet normal 0 -1 0
    outer loop
      vertex 70.8427 0 42.2221
      vertex 70.8427 0 32.7779
      vertex 71.4645 0 41.4645
    endloop
  endfacet
  facet normal 0 -1 -0
    outer loop
      vertex 71.4645 0 41.4645
      vertex 70.8427 0 32.7779
      vertex 71.4645 0 33.5355
    endloop
  endfacet
  facet normal 0 -1 0
    outer loop
      vertex 54.6194 0 31.9134
      vertex 70.8427 0 32.7779
      vertex 54.1573 0 32.7779
    endloop
  endfacet
  facet normal 0 -1 0
    outer loop
      vertex 54.6194 0 31.9134
      vertex 70.3806 0 31.9134
      vertex 70.8427 0 32.7779
    endloop
  endfacet
  facet normal 0 -1 0
    outer loop
      vertex 54.9039 0 30.9755
      vertex 70.3806 0 31.9134
      vertex 54.6194 0 31.9134
    endloop
  endfacet
  facet normal 0 -1 0
    outer loop
      vertex 54.9039 0 30.9755
      vertex 70.0961 0 30.9755
      vertex 70.3806 0 31.9134
    endloop
  endfacet
  facet normal 0 -1 0
    outer loop
      vertex 55 0 30
      vertex 70.0961 0 30.9755
      vertex 54.9039 0 30.9755
    endloop
  endfacet
  facet normal 0 -1 0
    outer loop
      vertex 55 0 30
      vertex 70 0 30
      vertex 70.0961 0 30.9755
    endloop
  endfacet
  facet normal 0 -1 0
    outer loop
      vertex 54.9039 0 29.0245
      vertex 70 0 30
      vertex 55 0 30
    endloop
  endfacet
  facet normal 0 -1 0
    outer loop
      vertex 54.9039 0 29.0245
      vertex 70.0961 0 29.0245
      vertex 70 0 30
    endloop
  endfacet
  facet normal 0 -1 0
    outer loop
      vertex 54.6194 0 28.0866
      vertex 70.0961 0 29.0245
      vertex 54.9039 0 29.0245
    endloop
  endfacet
  facet normal 0 -1 0
    outer loop
      vertex 54.6194 0 28.0866
      vertex 70.3806 0 28.0866
      vertex 70.0961 0 29.0245
    endloop
  endfacet
  facet normal 0 -1 0
    outer loop
      vertex 54.1573 0 27.2221
      vertex 70.3806 0 28.0866
      vertex 54.6194 0 28.0866
    endloop
  endfacet
  facet normal 0 -1 0
    outer loop
      vertex 54.1573 0 27.2221
      vertex 70.8427 0 27.2221
      vertex 70.3806 0 28.0866
    endloop
  endfacet
  facet normal 0 -1 0
    outer loop
      vertex 52.7779 0 25.8427
      vertex 52.7779 0 19.1573
      vertex 53.5355 0 26.4645
    endloop
  endfacet
  facet normal 0 -1 0
    outer loop
      vertex 53.5355 0 18.5355
      vertex 53.5355 0 26.4645
      vertex 52.7779 0 19.1573
    endloop
  endfacet
  facet normal 0 -1 0
    outer loop
      vertex 51.9134 0 19.6194
      vertex 51.9134 0 25.3806
      vertex 50.9755 0 19.9039
    endloop
  endfacet
  facet normal 0 -1 0
    outer loop
      vertex 51.9134 0 25.3806
      vertex 51.9134 0 19.6194
      vertex 52.7779 0 25.8427
    endloop
  endfacet
  facet normal 0 -1 0
    outer loop
      vertex 50.9755 0 25.0961
      vertex 50.9755 0 19.9039
      vertex 51.9134 0 25.3806
    endloop
  endfacet
  facet normal 0 -1 0
    outer loop
      vertex 52.7779 0 19.1573
      vertex 52.7779 0 25.8427
      vertex 51.9134 0 19.6194
    endloop
  endfacet
  facet normal 0 -1 0
    outer loop
      vertex 50.9755 0 19.9039
      vertex 50.9755 0 25.0961
      vertex 50 0 20
    endloop
  endfacet
  facet normal 0 -1 0
    outer loop
      vertex 71.4645 0 26.4645
      vertex 75 0 20
      vertex 72.2221 0 25.8427
    endloop
  endfacet
  facet normal 0 -1 0
    outer loop
      vertex 50 0 20
      vertex 50.9755 0 25.0961
      vertex 50 0 25
    endloop
  endfacet
  facet normal 0 -1 0
    outer loop
      vertex 72.2221 0 25.8427
      vertex 75 0 20
      vertex 73.0866 0 25.3806
    endloop
  endfacet
  facet normal 0 -1 0
    outer loop
      vertex 28.5355 0 41.4645
      vertex 28.5355 0 33.5355
      vertex 29.1573 0 42.2221
    endloop
  endfacet
  facet normal 0 -1 0
    outer loop
      vertex 46.4645 0 41.4645
      vertex 49.0245 0 34.9039
      vertex 50 0 35
    endloop
  endfacet
  facet normal 0 -1 0
    outer loop
      vertex 29.1573 0 32.7779
      vertex 29.1573 0 42.2221
      vertex 28.5355 0 33.5355
    endloop
  endfacet
  facet normal 0 -1 0
    outer loop
      vertex 46.4645 0 41.4645
      vertex 48.0866 0 34.6194
      vertex 49.0245 0 34.9039
    endloop
  endfacet
  facet normal 0 -1 0
    outer loop
      vertex 29.1573 0 42.2221
      vertex 29.1573 0 32.7779
      vertex 45.8427 0 42.2221
    endloop
  endfacet
  facet normal 0 -1 0
    outer loop
      vertex 46.4645 0 41.4645
      vertex 47.2221 0 34.1573
      vertex 48.0866 0 34.6194
    endloop
  endfacet
  facet normal 0 -1 0
    outer loop
      vertex 45.8427 0 32.7779
      vertex 45.8427 0 42.2221
      vertex 29.1573 0 32.7779
    endloop
  endfacet
  facet normal 0 -1 0
    outer loop
      vertex 46.4645 0 41.4645
      vertex 46.4645 0 33.5355
      vertex 47.2221 0 34.1573
    endloop
  endfacet
  facet normal 0 -1 0
    outer loop
      vertex 45.8427 0 42.2221
      vertex 45.8427 0 32.7779
      vertex 46.4645 0 41.4645
    endloop
  endfacet
  facet normal 0 -1 -0
    outer loop
      vertex 46.4645 0 41.4645
      vertex 45.8427 0 32.7779
      vertex 46.4645 0 33.5355
    endloop
  endfacet
  facet normal 0 -1 0
    outer loop
      vertex 29.6194 0 31.9134
      vertex 45.8427 0 32.7779
      vertex 29.1573 0 32.7779
    endloop
  endfacet
  facet normal 0 -1 0
    outer loop
      vertex 29.6194 0 31.9134
      vertex 45.3806 0 31.9134
      vertex 45.8427 0 32.7779
    endloop
  endfacet
  facet normal 0 -1 0
    outer loop
      vertex 29.9039 0 30.9755
      vertex 45.3806 0 31.9134
      vertex 29.6194 0 31.9134
    endloop
  endfacet
  facet normal 0 -1 0
    outer loop
      vertex 29.9039 0 30.9755
      vertex 45.0961 0 30.9755
      vertex 45.3806 0 31.9134
    endloop
  endfacet
  facet normal 0 -1 0
    outer loop
      vertex 30 0 30
      vertex 45.0961 0 30.9755
      vertex 29.9039 0 30.9755
    endloop
  endfacet
  facet normal 0 -1 0
    outer loop
      vertex 30 0 30
      vertex 45 0 30
      vertex 45.0961 0 30.9755
    endloop
  endfacet
  facet normal 0 -1 0
    outer loop
      vertex 29.9039 0 29.0245
      vertex 45 0 30
      vertex 30 0 30
    endloop
  endfacet
  facet normal 0 -1 0
    outer loop
      vertex 29.9039 0 29.0245
      vertex 45.0961 0 29.0245
      vertex 45 0 30
    endloop
  endfacet
  facet normal 0 -1 0
    outer loop
      vertex 29.6194 0 28.0866
      vertex 45.0961 0 29.0245
      vertex 29.9039 0 29.0245
    endloop
  endfacet
  facet normal 0 -1 0
    outer loop
      vertex 29.6194 0 28.0866
      vertex 45.3806 0 28.0866
      vertex 45.0961 0 29.0245
    endloop
  endfacet
  facet normal 0 -1 0
    outer loop
      vertex 29.1573 0 27.2221
      vertex 45.3806 0 28.0866
      vertex 29.6194 0 28.0866
    endloop
  endfacet
  facet normal 0 -1 0
    outer loop
      vertex 29.1573 0 27.2221
      vertex 45.8427 0 27.2221
      vertex 45.3806 0 28.0866
    endloop
  endfacet
  facet normal 0 -1 0
    outer loop
      vertex 27.7779 0 25.8427
      vertex 27.7779 0 19.1573
      vertex 28.5355 0 26.4645
    endloop
  endfacet
  facet normal 0 -1 0
    outer loop
      vertex 28.5355 0 18.5355
      vertex 28.5355 0 26.4645
      vertex 27.7779 0 19.1573
    endloop
  endfacet
  facet normal 0 -1 0
    outer loop
      vertex 26.9134 0 19.6194
      vertex 26.9134 0 25.3806
      vertex 25.9755 0 19.9039
    endloop
  endfacet
  facet normal 0 -1 0
    outer loop
      vertex 26.9134 0 25.3806
      vertex 26.9134 0 19.6194
      vertex 27.7779 0 25.8427
    endloop
  endfacet
  facet normal 0 -1 0
    outer loop
      vertex 25.9755 0 25.0961
      vertex 25.9755 0 19.9039
      vertex 26.9134 0 25.3806
    endloop
  endfacet
  facet normal 0 -1 0
    outer loop
      vertex 27.7779 0 19.1573
      vertex 27.7779 0 25.8427
      vertex 26.9134 0 19.6194
    endloop
  endfacet
  facet normal 0 -1 0
    outer loop
      vertex 25.9755 0 19.9039
      vertex 25.9755 0 25.0961
      vertex 25 0 20
    endloop
  endfacet
  facet normal 0 -1 0
    outer loop
      vertex 46.4645 0 26.4645
      vertex 50 0 20
      vertex 47.2221 0 25.8427
    endloop
  endfacet
  facet normal 0 -1 0
    outer loop
      vertex 25 0 20
      vertex 25.9755 0 25.0961
      vertex 25 0 25
    endloop
  endfacet
  facet normal 0 -1 0
    outer loop
      vertex 47.2221 0 25.8427
      vertex 50 0 20
      vertex 48.0866 0 25.3806
    endloop
  endfacet
  facet normal 0 -1 0
    outer loop
      vertex 74.0246 0 49.9039
      vertex 100 0 60
      vertex 50.9755 0 49.9039
    endloop
  endfacet
  facet normal 0 -1 0
    outer loop
      vertex 100 0 60
      vertex 74.0246 0 49.9039
      vertex 75 0 50
    endloop
  endfacet
  facet normal 0 -1 0
    outer loop
      vertex 51.9134 0 49.6194
      vertex 74.0246 0 49.9039
      vertex 50.9755 0 49.9039
    endloop
  endfacet
  facet normal 0 -1 0
    outer loop
      vertex 51.9134 0 49.6194
      vertex 73.0866 0 49.6194
      vertex 74.0246 0 49.9039
    endloop
  endfacet
  facet normal 0 -1 0
    outer loop
      vertex 52.7779 0 49.1573
      vertex 73.0866 0 49.6194
      vertex 51.9134 0 49.6194
    endloop
  endfacet
  facet normal 0 -1 0
    outer loop
      vertex 52.7779 0 49.1573
      vertex 72.2221 0 49.1573
      vertex 73.0866 0 49.6194
    endloop
  endfacet
  facet normal 0 -1 0
    outer loop
      vertex 53.5355 0 48.5355
      vertex 72.2221 0 49.1573
      vertex 52.7779 0 49.1573
    endloop
  endfacet
  facet normal 0 -1 0
    outer loop
      vertex 53.5355 0 48.5355
      vertex 71.4645 0 48.5355
      vertex 72.2221 0 49.1573
    endloop
  endfacet
  facet normal 0 -1 0
    outer loop
      vertex 54.1573 0 47.7779
      vertex 71.4645 0 48.5355
      vertex 53.5355 0 48.5355
    endloop
  endfacet
  facet normal 0 -1 0
    outer loop
      vertex 54.1573 0 47.7779
      vertex 70.8427 0 47.7779
      vertex 71.4645 0 48.5355
    endloop
  endfacet
  facet normal 0 -1 0
    outer loop
      vertex 54.6194 0 46.9134
      vertex 70.8427 0 47.7779
      vertex 54.1573 0 47.7779
    endloop
  endfacet
  facet normal 0 -1 0
    outer loop
      vertex 54.6194 0 46.9134
      vertex 70.3806 0 46.9134
      vertex 70.8427 0 47.7779
    endloop
  endfacet
  facet normal 0 -1 0
    outer loop
      vertex 54.9039 0 45.9755
      vertex 70.3806 0 46.9134
      vertex 54.6194 0 46.9134
    endloop
  endfacet
  facet normal 0 -1 0
    outer loop
      vertex 54.9039 0 45.9755
      vertex 70.0961 0 45.9755
      vertex 70.3806 0 46.9134
    endloop
  endfacet
  facet normal 0 -1 0
    outer loop
      vertex 55 0 45
      vertex 70.0961 0 45.9755
      vertex 54.9039 0 45.9755
    endloop
  endfacet
  facet normal 0 -1 0
    outer loop
      vertex 55 0 45
      vertex 70 0 45
      vertex 70.0961 0 45.9755
    endloop
  endfacet
  facet normal 0 -1 0
    outer loop
      vertex 54.9039 0 44.0245
      vertex 70 0 45
      vertex 55 0 45
    endloop
  endfacet
  facet normal 0 -1 0
    outer loop
      vertex 54.9039 0 44.0245
      vertex 70.0961 0 44.0245
      vertex 70 0 45
    endloop
  endfacet
  facet normal 0 -1 0
    outer loop
      vertex 54.6194 0 43.0866
      vertex 70.0961 0 44.0245
      vertex 54.9039 0 44.0245
    endloop
  endfacet
  facet normal 0 -1 0
    outer loop
      vertex 54.6194 0 43.0866
      vertex 70.3806 0 43.0866
      vertex 70.0961 0 44.0245
    endloop
  endfacet
  facet normal 0 -1 0
    outer loop
      vertex 54.1573 0 42.2221
      vertex 70.3806 0 43.0866
      vertex 54.6194 0 43.0866
    endloop
  endfacet
  facet normal 0 -1 0
    outer loop
      vertex 54.1573 0 42.2221
      vertex 70.8427 0 42.2221
      vertex 70.3806 0 43.0866
    endloop
  endfacet
  facet normal 0 -1 0
    outer loop
      vertex 52.7779 0 40.8427
      vertex 52.7779 0 34.1573
      vertex 53.5355 0 41.4645
    endloop
  endfacet
  facet normal 0 -1 0
    outer loop
      vertex 53.5355 0 33.5355
      vertex 53.5355 0 41.4645
      vertex 52.7779 0 34.1573
    endloop
  endfacet
  facet normal 0 -1 0
    outer loop
      vertex 51.9134 0 34.6194
      vertex 51.9134 0 40.3806
      vertex 50.9755 0 34.9039
    endloop
  endfacet
  facet normal 0 -1 0
    outer loop
      vertex 51.9134 0 40.3806
      vertex 51.9134 0 34.6194
      vertex 52.7779 0 40.8427
    endloop
  endfacet
  facet normal 0 -1 0
    outer loop
      vertex 50.9755 0 40.0961
      vertex 50.9755 0 34.9039
      vertex 51.9134 0 40.3806
    endloop
  endfacet
  facet normal 0 -1 0
    outer loop
      vertex 52.7779 0 34.1573
      vertex 52.7779 0 40.8427
      vertex 51.9134 0 34.6194
    endloop
  endfacet
  facet normal 0 -1 0
    outer loop
      vertex 50.9755 0 34.9039
      vertex 50.9755 0 40.0961
      vertex 50 0 35
    endloop
  endfacet
  facet normal 0 -1 0
    outer loop
      vertex 71.4645 0 41.4645
      vertex 75 0 35
      vertex 72.2221 0 40.8427
    endloop
  endfacet
  facet normal 0 -1 0
    outer loop
      vertex 50 0 35
      vertex 50.9755 0 40.0961
      vertex 50 0 40
    endloop
  endfacet
  facet normal 0 -1 0
    outer loop
      vertex 72.2221 0 40.8427
      vertex 75 0 35
      vertex 73.0866 0 40.3806
    endloop
  endfacet
  facet normal 0 -1 0
    outer loop
      vertex 49.0245 0 49.9039
      vertex 0 0 60
      vertex 25.9755 0 49.9039
    endloop
  endfacet
  facet normal 0 -1 0
    outer loop
      vertex 0 0 60
      vertex 49.0245 0 49.9039
      vertex 50 0 50
    endloop
  endfacet
  facet normal 0 -1 0
    outer loop
      vertex 26.9134 0 49.6194
      vertex 49.0245 0 49.9039
      vertex 25.9755 0 49.9039
    endloop
  endfacet
  facet normal 0 -1 0
    outer loop
      vertex 26.9134 0 49.6194
      vertex 48.0866 0 49.6194
      vertex 49.0245 0 49.9039
    endloop
  endfacet
  facet normal 0 -1 0
    outer loop
      vertex 27.7779 0 49.1573
      vertex 48.0866 0 49.6194
      vertex 26.9134 0 49.6194
    endloop
  endfacet
  facet normal 0 -1 0
    outer loop
      vertex 27.7779 0 49.1573
      vertex 47.2221 0 49.1573
      vertex 48.0866 0 49.6194
    endloop
  endfacet
  facet normal 0 -1 0
    outer loop
      vertex 28.5355 0 48.5355
      vertex 47.2221 0 49.1573
      vertex 27.7779 0 49.1573
    endloop
  endfacet
  facet normal 0 -1 0
    outer loop
      vertex 28.5355 0 48.5355
      vertex 46.4645 0 48.5355
      vertex 47.2221 0 49.1573
    endloop
  endfacet
  facet normal 0 -1 0
    outer loop
      vertex 29.1573 0 47.7779
      vertex 46.4645 0 48.5355
      vertex 28.5355 0 48.5355
    endloop
  endfacet
  facet normal 0 -1 0
    outer loop
      vertex 29.1573 0 47.7779
      vertex 45.8427 0 47.7779
      vertex 46.4645 0 48.5355
    endloop
  endfacet
  facet normal 0 -1 0
    outer loop
      vertex 29.6194 0 46.9134
      vertex 45.8427 0 47.7779
      vertex 29.1573 0 47.7779
    endloop
  endfacet
  facet normal 0 -1 0
    outer loop
      vertex 29.6194 0 46.9134
      vertex 45.3806 0 46.9134
      vertex 45.8427 0 47.7779
    endloop
  endfacet
  facet normal 0 -1 0
    outer loop
      vertex 29.9039 0 45.9755
      vertex 45.3806 0 46.9134
      vertex 29.6194 0 46.9134
    endloop
  endfacet
  facet normal 0 -1 0
    outer loop
      vertex 29.9039 0 45.9755
      vertex 45.0961 0 45.9755
      vertex 45.3806 0 46.9134
    endloop
  endfacet
  facet normal 0 -1 0
    outer loop
      vertex 30 0 45
      vertex 45.0961 0 45.9755
      vertex 29.9039 0 45.9755
    endloop
  endfacet
  facet normal 0 -1 0
    outer loop
      vertex 30 0 45
      vertex 45 0 45
      vertex 45.0961 0 45.9755
    endloop
  endfacet
  facet normal 0 -1 0
    outer loop
      vertex 29.9039 0 44.0245
      vertex 45 0 45
      vertex 30 0 45
    endloop
  endfacet
  facet normal 0 -1 0
    outer loop
      vertex 29.9039 0 44.0245
      vertex 45.0961 0 44.0245
      vertex 45 0 45
    endloop
  endfacet
  facet normal 0 -1 0
    outer loop
      vertex 29.6194 0 43.0866
      vertex 45.0961 0 44.0245
      vertex 29.9039 0 44.0245
    endloop
  endfacet
  facet normal 0 -1 0
    outer loop
      vertex 29.6194 0 43.0866
      vertex 45.3806 0 43.0866
      vertex 45.0961 0 44.0245
    endloop
  endfacet
  facet normal 0 -1 0
    outer loop
      vertex 29.1573 0 42.2221
      vertex 45.3806 0 43.0866
      vertex 29.6194 0 43.0866
    endloop
  endfacet
  facet normal 0 -1 0
    outer loop
      vertex 29.1573 0 42.2221
      vertex 45.8427 0 42.2221
      vertex 45.3806 0 43.0866
    endloop
  endfacet
  facet normal 0 -1 0
    outer loop
      vertex 27.7779 0 40.8427
      vertex 27.7779 0 34.1573
      vertex 28.5355 0 41.4645
    endloop
  endfacet
  facet normal 0 -1 0
    outer loop
      vertex 28.5355 0 33.5355
      vertex 28.5355 0 41.4645
      vertex 27.7779 0 34.1573
    endloop
  endfacet
  facet normal 0 -1 0
    outer loop
      vertex 26.9134 0 34.6194
      vertex 26.9134 0 40.3806
      vertex 25.9755 0 34.9039
    endloop
  endfacet
  facet normal 0 -1 0
    outer loop
      vertex 26.9134 0 40.3806
      vertex 26.9134 0 34.6194
      vertex 27.7779 0 40.8427
    endloop
  endfacet
  facet normal 0 -1 0
    outer loop
      vertex 25.9755 0 40.0961
      vertex 25.9755 0 34.9039
      vertex 26.9134 0 40.3806
    endloop
  endfacet
  facet normal 0 -1 0
    outer loop
      vertex 27.7779 0 34.1573
      vertex 27.7779 0 40.8427
      vertex 26.9134 0 34.6194
    endloop
  endfacet
  facet normal 0 -1 0
    outer loop
      vertex 25.9755 0 34.9039
      vertex 25.9755 0 40.0961
      vertex 25 0 35
    endloop
  endfacet
  facet normal 0 -1 0
    outer loop
      vertex 46.4645 0 41.4645
      vertex 50 0 35
      vertex 47.2221 0 40.8427
    endloop
  endfacet
  facet normal 0 -1 0
    outer loop
      vertex 25 0 35
      vertex 25.9755 0 40.0961
      vertex 25 0 40
    endloop
  endfacet
  facet normal 0 -1 0
    outer loop
      vertex 47.2221 0 40.8427
      vertex 50 0 35
      vertex 48.0866 0 40.3806
    endloop
  endfacet
  facet normal 0 -1 0
    outer loop
      vertex 25.9755 0 49.9039
      vertex 0 0 60
      vertex 25 0 50
    endloop
  endfacet
  facet normal 0 -1 0
    outer loop
      vertex 0 0 60
      vertex 24.0245 0 49.9039
      vertex 25 0 50
    endloop
  endfacet
  facet normal 0 -1 0
    outer loop
      vertex 0 0 60
      vertex 23.0866 0 49.6194
      vertex 24.0245 0 49.9039
    endloop
  endfacet
  facet normal 0 -1 0
    outer loop
      vertex 0 0 60
      vertex 22.2221 0 49.1573
      vertex 23.0866 0 49.6194
    endloop
  endfacet
  facet normal 0 -1 0
    outer loop
      vertex 0 0 60
      vertex 21.4645 0 48.5355
      vertex 22.2221 0 49.1573
    endloop
  endfacet
  facet normal 0 -1 0
    outer loop
      vertex 0 0 60
      vertex 20.8427 0 47.7779
      vertex 21.4645 0 48.5355
    endloop
  endfacet
  facet normal 0 -1 0
    outer loop
      vertex 0 0 60
      vertex 20.3806 0 46.9134
      vertex 20.8427 0 47.7779
    endloop
  endfacet
  facet normal 0 -1 0
    outer loop
      vertex 0 0 60
      vertex 20.0961 0 45.9755
      vertex 20.3806 0 46.9134
    endloop
  endfacet
  facet normal 0 -1 0
    outer loop
      vertex 0 0 60
      vertex 20 0 45
      vertex 20.0961 0 45.9755
    endloop
  endfacet
  facet normal 0 -1 0
    outer loop
      vertex 0 0 60
      vertex 20.0961 0 44.0245
      vertex 20 0 45
    endloop
  endfacet
  facet normal 0 -1 0
    outer loop
      vertex 20.0961 0 30.9755
      vertex 20.0961 0 44.0245
      vertex 0 0 60
    endloop
  endfacet
  facet normal 0 -1 0
    outer loop
      vertex 20.0961 0 44.0245
      vertex 20.0961 0 30.9755
      vertex 20.3806 0 43.0866
    endloop
  endfacet
  facet normal 0 -1 0
    outer loop
      vertex 20.3806 0 43.0866
      vertex 20.3806 0 31.9134
      vertex 20.8427 0 42.2221
    endloop
  endfacet
  facet normal 0 -1 0
    outer loop
      vertex 49.0245 0 40.0961
      vertex 50 0 35
      vertex 50 0 40
    endloop
  endfacet
  facet normal 0 -1 0
    outer loop
      vertex 48.0866 0 40.3806
      vertex 50 0 35
      vertex 49.0245 0 40.0961
    endloop
  endfacet
  facet normal 0 -1 0
    outer loop
      vertex 24.0245 0 40.0961
      vertex 25 0 35
      vertex 25 0 40
    endloop
  endfacet
  facet normal 0 -1 0
    outer loop
      vertex 24.0245 0 34.9039
      vertex 24.0245 0 40.0961
      vertex 23.0866 0 40.3806
    endloop
  endfacet
  facet normal 0 -1 0
    outer loop
      vertex 23.0866 0 34.6194
      vertex 23.0866 0 40.3806
      vertex 22.2221 0 40.8427
    endloop
  endfacet
  facet normal 0 -1 0
    outer loop
      vertex 22.2221 0 34.1573
      vertex 22.2221 0 40.8427
      vertex 21.4645 0 41.4645
    endloop
  endfacet
  facet normal -0 -1 0
    outer loop
      vertex 20.8427 0 32.7779
      vertex 20.8427 0 42.2221
      vertex 20.3806 0 31.9134
    endloop
  endfacet
  facet normal 0 -1 0
    outer loop
      vertex 24.0245 0 40.0961
      vertex 24.0245 0 34.9039
      vertex 25 0 35
    endloop
  endfacet
  facet normal 0 -1 0
    outer loop
      vertex 23.0866 0 40.3806
      vertex 23.0866 0 34.6194
      vertex 24.0245 0 34.9039
    endloop
  endfacet
  facet normal 0 -1 0
    outer loop
      vertex 22.2221 0 40.8427
      vertex 22.2221 0 34.1573
      vertex 23.0866 0 34.6194
    endloop
  endfacet
  facet normal 0 -1 0
    outer loop
      vertex 21.4645 0 41.4645
      vertex 21.4645 0 33.5355
      vertex 22.2221 0 34.1573
    endloop
  endfacet
  facet normal 0 -1 -0
    outer loop
      vertex 21.4645 0 41.4645
      vertex 20.8427 0 32.7779
      vertex 21.4645 0 33.5355
    endloop
  endfacet
  facet normal 0 -1 0
    outer loop
      vertex 20.8427 0 42.2221
      vertex 20.8427 0 32.7779
      vertex 21.4645 0 41.4645
    endloop
  endfacet
  facet normal 0 -1 -0
    outer loop
      vertex 20.3806 0 43.0866
      vertex 20.0961 0 30.9755
      vertex 20.3806 0 31.9134
    endloop
  endfacet
  facet normal 0 -1 0
    outer loop
      vertex 0 0 60
      vertex 20 0 30
      vertex 20.0961 0 30.9755
    endloop
  endfacet
  facet normal 0 -1 0
    outer loop
      vertex 0 0 0
      vertex 20 0 30
      vertex 0 0 60
    endloop
  endfacet
  facet normal 0 -1 -0
    outer loop
      vertex 20 0 30
      vertex 0 0 0
      vertex 20.0961 0 29.0245
    endloop
  endfacet
  facet normal -0 -1 0
    outer loop
      vertex 20.0961 0 15.9755
      vertex 20.0961 0 29.0245
      vertex 0 0 0
    endloop
  endfacet
  facet normal 0 -1 0
    outer loop
      vertex 49.0245 0 25.0961
      vertex 50 0 20
      vertex 50 0 25
    endloop
  endfacet
  facet normal 0 -1 0
    outer loop
      vertex 48.0866 0 25.3806
      vertex 50 0 20
      vertex 49.0245 0 25.0961
    endloop
  endfacet
  facet normal 0 -1 0
    outer loop
      vertex 24.0245 0 25.0961
      vertex 25 0 20
      vertex 25 0 25
    endloop
  endfacet
  facet normal 0 -1 0
    outer loop
      vertex 24.0245 0 19.9039
      vertex 24.0245 0 25.0961
      vertex 23.0866 0 25.3806
    endloop
  endfacet
  facet normal 0 -1 0
    outer loop
      vertex 23.0866 0 19.6194
      vertex 23.0866 0 25.3806
      vertex 22.2221 0 25.8427
    endloop
  endfacet
  facet normal 0 -1 0
    outer loop
      vertex 22.2221 0 19.1573
      vertex 22.2221 0 25.8427
      vertex 21.4645 0 26.4645
    endloop
  endfacet
  facet normal 0 -1 0
    outer loop
      vertex 21.4645 0 18.5355
      vertex 21.4645 0 26.4645
      vertex 20.8427 0 27.2221
    endloop
  endfacet
  facet normal 0 -1 0
    outer loop
      vertex 20.0961 0 29.0245
      vertex 20.0961 0 15.9755
      vertex 20.3806 0 28.0866
    endloop
  endfacet
  facet normal 0 -1 0
    outer loop
      vertex 24.0245 0 25.0961
      vertex 24.0245 0 19.9039
      vertex 25 0 20
    endloop
  endfacet
  facet normal 0 -1 0
    outer loop
      vertex 23.0866 0 25.3806
      vertex 23.0866 0 19.6194
      vertex 24.0245 0 19.9039
    endloop
  endfacet
  facet normal 0 -1 0
    outer loop
      vertex 22.2221 0 25.8427
      vertex 22.2221 0 19.1573
      vertex 23.0866 0 19.6194
    endloop
  endfacet
  facet normal 0 -1 0
    outer loop
      vertex 21.4645 0 26.4645
      vertex 21.4645 0 18.5355
      vertex 22.2221 0 19.1573
    endloop
  endfacet
  facet normal 0 -1 0
    outer loop
      vertex 20.8427 0 27.2221
      vertex 20.8427 0 17.7779
      vertex 21.4645 0 18.5355
    endloop
  endfacet
  facet normal 0 -1 -0
    outer loop
      vertex 20.8427 0 27.2221
      vertex 20.3806 0 16.9134
      vertex 20.8427 0 17.7779
    endloop
  endfacet
  facet normal 0 -1 0
    outer loop
      vertex 20.3806 0 28.0866
      vertex 20.3806 0 16.9134
      vertex 20.8427 0 27.2221
    endloop
  endfacet
  facet normal 0 -1 -0
    outer loop
      vertex 20.3806 0 28.0866
      vertex 20.0961 0 15.9755
      vertex 20.3806 0 16.9134
    endloop
  endfacet
  facet normal 0 -1 0
    outer loop
      vertex 20.0961 0 15.9755
      vertex 0 0 0
      vertex 20 0 15
    endloop
  endfacet
  facet normal 0 -1 -0
    outer loop
      vertex 20 0 15
      vertex 0 0 0
      vertex 20.0961 0 14.0245
    endloop
  endfacet
  facet normal 0 -1 -0
    outer loop
      vertex 49.0245 0 10.0961
      vertex 0 0 0
      vertex 50 0 10
    endloop
  endfacet
  facet normal 0 -1 0
    outer loop
      vertex 100 0 0
      vertex 50 0 10
      vertex 0 0 0
    endloop
  endfacet
  facet normal 0 -1 -0
    outer loop
      vertex 24.0245 0 10.0961
      vertex 0 0 0
      vertex 25 0 10
    endloop
  endfacet
  facet normal 0 -1 -0
    outer loop
      vertex 23.0866 0 10.3806
      vertex 0 0 0
      vertex 24.0245 0 10.0961
    endloop
  endfacet
  facet normal 0 -1 -0
    outer loop
      vertex 22.2221 0 10.8427
      vertex 0 0 0
      vertex 23.0866 0 10.3806
    endloop
  endfacet
  facet normal 0 -1 -0
    outer loop
      vertex 21.4645 0 11.4645
      vertex 0 0 0
      vertex 22.2221 0 10.8427
    endloop
  endfacet
  facet normal 0 -1 -0
    outer loop
      vertex 20.8427 0 12.2221
      vertex 0 0 0
      vertex 21.4645 0 11.4645
    endloop
  endfacet
  facet normal 0 -1 -0
    outer loop
      vertex 20.3806 0 13.0866
      vertex 0 0 0
      vertex 20.8427 0 12.2221
    endloop
  endfacet
  facet normal 0 -1 -0
    outer loop
      vertex 20.0961 0 14.0245
      vertex 0 0 0
      vertex 20.3806 0 13.0866
    endloop
  endfacet
  facet normal 0 -1 0
    outer loop
      vertex 0 0 60
      vertex 50 0 50
      vertex 100 0 60
    endloop
  endfacet
  facet normal 0 -1 0
    outer loop
      vertex 50.9755 0 49.9039
      vertex 100 0 60
      vertex 50 0 50
    endloop
  endfacet
  facet normal 0 -1 0
    outer loop
      vertex 75.9754 0 49.9039
      vertex 100 0 60
      vertex 75 0 50
    endloop
  endfacet
  facet normal 0 -1 0
    outer loop
      vertex 76.9134 0 49.6194
      vertex 100 0 60
      vertex 75.9754 0 49.9039
    endloop
  endfacet
  facet normal 0 -1 0
    outer loop
      vertex 77.7778 0 49.1573
      vertex 100 0 60
      vertex 76.9134 0 49.6194
    endloop
  endfacet
  facet normal 0 -1 0
    outer loop
      vertex 78.5355 0 48.5355
      vertex 100 0 60
      vertex 77.7778 0 49.1573
    endloop
  endfacet
  facet normal 0 -1 0
    outer loop
      vertex 79.1573 0 47.7779
      vertex 100 0 60
      vertex 78.5355 0 48.5355
    endloop
  endfacet
  facet normal 0 -1 0
    outer loop
      vertex 79.6194 0 46.9134
      vertex 100 0 60
      vertex 79.1573 0 47.7779
    endloop
  endfacet
  facet normal 0 -1 0
    outer loop
      vertex 79.9039 0 45.9755
      vertex 100 0 60
      vertex 79.6194 0 46.9134
    endloop
  endfacet
  facet normal 0 -1 0
    outer loop
      vertex 80 0 45
      vertex 100 0 60
      vertex 79.9039 0 45.9755
    endloop
  endfacet
  facet normal 0 -1 0
    outer loop
      vertex 79.9039 0 44.0245
      vertex 100 0 60
      vertex 80 0 45
    endloop
  endfacet
  facet normal 0 -1 0
    outer loop
      vertex 79.9039 0 30.9755
      vertex 79.9039 0 44.0245
      vertex 79.6194 0 43.0866
    endloop
  endfacet
  facet normal 0 -1 0
    outer loop
      vertex 79.6194 0 31.9134
      vertex 79.6194 0 43.0866
      vertex 79.1573 0 42.2221
    endloop
  endfacet
  facet normal 0 -1 0
    outer loop
      vertex 79.1573 0 32.7779
      vertex 79.1573 0 42.2221
      vertex 78.5355 0 41.4645
    endloop
  endfacet
  facet normal 0 -1 0
    outer loop
      vertex 73.0866 0 40.3806
      vertex 75 0 35
      vertex 74.0246 0 40.0961
    endloop
  endfacet
  facet normal 0 -1 0
    outer loop
      vertex 74.0246 0 40.0961
      vertex 75 0 35
      vertex 75 0 40
    endloop
  endfacet
  facet normal 0 -1 0
    outer loop
      vertex 75 0 40
      vertex 75 0 35
      vertex 75.9754 0 40.0961
    endloop
  endfacet
  facet normal 0 -1 0
    outer loop
      vertex 75.9754 0 34.9039
      vertex 75.9754 0 40.0961
      vertex 75 0 35
    endloop
  endfacet
  facet normal 0 -1 0
    outer loop
      vertex 75.9754 0 40.0961
      vertex 75.9754 0 34.9039
      vertex 76.9134 0 40.3806
    endloop
  endfacet
  facet normal 0 -1 0
    outer loop
      vertex 76.9134 0 34.6194
      vertex 76.9134 0 40.3806
      vertex 75.9754 0 34.9039
    endloop
  endfacet
  facet normal 0 -1 0
    outer loop
      vertex 76.9134 0 40.3806
      vertex 76.9134 0 34.6194
      vertex 77.7778 0 40.8427
    endloop
  endfacet
  facet normal 0 -1 0
    outer loop
      vertex 77.7778 0 34.1573
      vertex 77.7778 0 40.8427
      vertex 76.9134 0 34.6194
    endloop
  endfacet
  facet normal 0 -1 0
    outer loop
      vertex 77.7778 0 40.8427
      vertex 77.7778 0 34.1573
      vertex 78.5355 0 41.4645
    endloop
  endfacet
  facet normal 0 -1 0
    outer loop
      vertex 78.5355 0 33.5355
      vertex 78.5355 0 41.4645
      vertex 77.7778 0 34.1573
    endloop
  endfacet
  facet normal 0 -1 0
    outer loop
      vertex 79.1573 0 32.7779
      vertex 78.5355 0 41.4645
      vertex 78.5355 0 33.5355
    endloop
  endfacet
  facet normal 0 -1 0
    outer loop
      vertex 79.1573 0 42.2221
      vertex 79.1573 0 32.7779
      vertex 79.6194 0 31.9134
    endloop
  endfacet
  facet normal 0 -1 0
    outer loop
      vertex 79.9039 0 30.9755
      vertex 79.6194 0 43.0866
      vertex 79.6194 0 31.9134
    endloop
  endfacet
  facet normal 0 -1 0
    outer loop
      vertex 79.9039 0 44.0245
      vertex 79.9039 0 30.9755
      vertex 100 0 60
    endloop
  endfacet
  facet normal 0 -1 0
    outer loop
      vertex 80 0 30
      vertex 100 0 60
      vertex 79.9039 0 30.9755
    endloop
  endfacet
  facet normal 0 -1 0
    outer loop
      vertex 100 0 0
      vertex 80 0 30
      vertex 79.9039 0 29.0245
    endloop
  endfacet
  facet normal 0 -1 0
    outer loop
      vertex 79.9039 0 15.9755
      vertex 79.9039 0 29.0245
      vertex 79.6194 0 28.0866
    endloop
  endfacet
  facet normal 0 -1 0
    outer loop
      vertex 79.6194 0 16.9134
      vertex 79.6194 0 28.0866
      vertex 79.1573 0 27.2221
    endloop
  endfacet
  facet normal 0 -1 0
    outer loop
      vertex 73.0866 0 25.3806
      vertex 75 0 20
      vertex 74.0246 0 25.0961
    endloop
  endfacet
  facet normal 0 -1 0
    outer loop
      vertex 74.0246 0 25.0961
      vertex 75 0 20
      vertex 75 0 25
    endloop
  endfacet
  facet normal 0 -1 0
    outer loop
      vertex 75 0 25
      vertex 75 0 20
      vertex 75.9754 0 25.0961
    endloop
  endfacet
  facet normal 0 -1 0
    outer loop
      vertex 75.9754 0 19.9039
      vertex 75.9754 0 25.0961
      vertex 75 0 20
    endloop
  endfacet
  facet normal 0 -1 0
    outer loop
      vertex 75.9754 0 25.0961
      vertex 75.9754 0 19.9039
      vertex 76.9134 0 25.3806
    endloop
  endfacet
  facet normal 0 -1 0
    outer loop
      vertex 76.9134 0 19.6194
      vertex 76.9134 0 25.3806
      vertex 75.9754 0 19.9039
    endloop
  endfacet
  facet normal 0 -1 0
    outer loop
      vertex 76.9134 0 25.3806
      vertex 76.9134 0 19.6194
      vertex 77.7778 0 25.8427
    endloop
  endfacet
  facet normal 0 -1 0
    outer loop
      vertex 77.7778 0 19.1573
      vertex 77.7778 0 25.8427
      vertex 76.9134 0 19.6194
    endloop
  endfacet
  facet normal 0 -1 0
    outer loop
      vertex 77.7778 0 25.8427
      vertex 77.7778 0 19.1573
      vertex 78.5355 0 26.4645
    endloop
  endfacet
  facet normal 0 -1 0
    outer loop
      vertex 78.5355 0 18.5355
      vertex 78.5355 0 26.4645
      vertex 77.7778 0 19.1573
    endloop
  endfacet
  facet normal 0 -1 0
    outer loop
      vertex 78.5355 0 26.4645
      vertex 78.5355 0 18.5355
      vertex 79.1573 0 27.2221
    endloop
  endfacet
  facet normal 0 -1 0
    outer loop
      vertex 79.1573 0 17.7779
      vertex 79.1573 0 27.2221
      vertex 78.5355 0 18.5355
    endloop
  endfacet
  facet normal 0 -1 0
    outer loop
      vertex 79.6194 0 16.9134
      vertex 79.1573 0 27.2221
      vertex 79.1573 0 17.7779
    endloop
  endfacet
  facet normal 0 -1 0
    outer loop
      vertex 79.9039 0 15.9755
      vertex 79.6194 0 28.0866
      vertex 79.6194 0 16.9134
    endloop
  endfacet
  facet normal 0 -1 0
    outer loop
      vertex 79.9039 0 29.0245
      vertex 79.9039 0 15.9755
      vertex 100 0 0
    endloop
  endfacet
  facet normal 0 -1 0
    outer loop
      vertex 100 0 0
      vertex 79.9039 0 15.9755
      vertex 80 0 15
    endloop
  endfacet
  facet normal 0 -1 0
    outer loop
      vertex 100 0 0
      vertex 80 0 15
      vertex 79.9039 0 14.0245
    endloop
  endfacet
  facet normal 0 -1 0
    outer loop
      vertex 100 0 0
      vertex 79.9039 0 14.0245
      vertex 79.6194 0 13.0866
    endloop
  endfacet
  facet normal 0 -1 0
    outer loop
      vertex 74.0246 0 10.0961
      vertex 100 0 0
      vertex 75 0 10
    endloop
  endfacet
  facet normal 0 -1 0
    outer loop
      vertex 80 0 30
      vertex 100 0 0
      vertex 100 0 60
    endloop
  endfacet
  facet normal 0 -1 0
    outer loop
      vertex 79.1573 0 12.2221
      vertex 100 0 0
      vertex 79.6194 0 13.0866
    endloop
  endfacet
  facet normal 0 -1 0
    outer loop
      vertex 78.5355 0 11.4645
      vertex 100 0 0
      vertex 79.1573 0 12.2221
    endloop
  endfacet
  facet normal 0 -1 0
    outer loop
      vertex 77.7778 0 10.8427
      vertex 100 0 0
      vertex 78.5355 0 11.4645
    endloop
  endfacet
  facet normal 0 -1 0
    outer loop
      vertex 76.9134 0 10.3806
      vertex 100 0 0
      vertex 77.7778 0 10.8427
    endloop
  endfacet
  facet normal 0 -1 0
    outer loop
      vertex 75.9754 0 10.0961
      vertex 100 0 0
      vertex 76.9134 0 10.3806
    endloop
  endfacet
  facet normal 0 -1 0
    outer loop
      vertex 75 0 10
      vertex 100 0 0
      vertex 75.9754 0 10.0961
    endloop
  endfacet
endsolid OpenSCAD_Model
