solid OpenSCAD_Model
  facet normal 0 -0 -1
    outer loop
      vertex 17.8202 -28.8472 -1.5
      vertex 20.6207 -37.8381 -1.5
      vertex 17.6754 -28.9308 -1.5
    endloop
  endfacet
  facet normal 0 0 -1
    outer loop
      vertex 17.6754 -28.9308 -1.5
      vertex 20.2954 -37.9114 -1.5
      vertex 19.9852 -37.9606 -1.5
    endloop
  endfacet
  facet normal -0 0 -1
    outer loop
      vertex 20.6207 -37.8381 -1.5
      vertex 20.2954 -37.9114 -1.5
      vertex 17.6754 -28.9308 -1.5
    endloop
  endfacet
  facet normal 0 0 -1
    outer loop
      vertex 40.9545 -32.1707 -1.5
      vertex 41.658 -31.5457 -1.5
      vertex 41.202 -31.9773 -1.5
    endloop
  endfacet
  facet normal 0 0 -1
    outer loop
      vertex 39.2621 -32.9751 -1.5
      vertex 39.8585 -32.7788 -1.5
      vertex 39.5634 -32.8863 -1.5
    endloop
  endfacet
  facet normal 0 0 -1
    outer loop
      vertex 40.4256 -32.5092 -1.5
      vertex 40.1463 -32.6529 -1.5
      vertex 39.8585 -32.7788 -1.5
    endloop
  endfacet
  facet normal 0 0 -1
    outer loop
      vertex 39.2621 -32.9751 -1.5
      vertex 40.4256 -32.5092 -1.5
      vertex 39.8585 -32.7788 -1.5
    endloop
  endfacet
  facet normal 0 0 -1
    outer loop
      vertex 41.658 -31.5457 -1.5
      vertex 42.5323 -30.2484 -1.5
      vertex 41.8648 -31.3092 -1.5
    endloop
  endfacet
  facet normal 0 0 -1
    outer loop
      vertex 41.202 -31.9773 -1.5
      vertex 41.658 -31.5457 -1.5
      vertex 41.4368 -31.7686 -1.5
    endloop
  endfacet
  facet normal -0 0 -1
    outer loop
      vertex 40.9545 -32.1707 -1.5
      vertex 40.6954 -32.3483 -1.5
      vertex 41.658 -31.5457 -1.5
    endloop
  endfacet
  facet normal 0 0 -1
    outer loop
      vertex 42.5323 -30.2484 -1.5
      vertex 42.0564 -31.0603 -1.5
      vertex 41.8648 -31.3092 -1.5
    endloop
  endfacet
  facet normal 0 0 -1
    outer loop
      vertex 40.6954 -32.3483 -1.5
      vertex 42.5323 -30.2484 -1.5
      vertex 41.658 -31.5457 -1.5
    endloop
  endfacet
  facet normal -0 0 -1
    outer loop
      vertex 40.6954 -32.3483 -1.5
      vertex 40.4256 -32.5092 -1.5
      vertex 42.5323 -30.2484 -1.5
    endloop
  endfacet
  facet normal -0 0 -1
    outer loop
      vertex 42.2319 -30.7999 -1.5
      vertex 42.0564 -31.0603 -1.5
      vertex 42.5323 -30.2484 -1.5
    endloop
  endfacet
  facet normal -0 0 -1
    outer loop
      vertex 42.3908 -30.5289 -1.5
      vertex 42.2319 -30.7999 -1.5
      vertex 42.5323 -30.2484 -1.5
    endloop
  endfacet
  facet normal 0 0 -1
    outer loop
      vertex 42.5323 -30.2484 -1.5
      vertex 42.9913 -28.4317 -1.5
      vertex 42.915 -29.055 -1.5
    endloop
  endfacet
  facet normal -0 0 -1
    outer loop
      vertex 42.6559 -29.9597 -1.5
      vertex 42.5323 -30.2484 -1.5
      vertex 42.7612 -29.6638 -1.5
    endloop
  endfacet
  facet normal 0 0 -1
    outer loop
      vertex 42.7612 -29.6638 -1.5
      vertex 42.915 -29.055 -1.5
      vertex 42.8477 -29.3618 -1.5
    endloop
  endfacet
  facet normal -0 0 -1
    outer loop
      vertex 42.7612 -29.6638 -1.5
      vertex 42.5323 -30.2484 -1.5
      vertex 42.915 -29.055 -1.5
    endloop
  endfacet
  facet normal -0 0 -1
    outer loop
      vertex 42.5323 -30.2484 -1.5
      vertex 40.4256 -32.5092 -1.5
      vertex 42.9913 -28.4317 -1.5
    endloop
  endfacet
  facet normal -0 0 -1
    outer loop
      vertex 42.963 -28.7446 -1.5
      vertex 42.915 -29.055 -1.5
      vertex 42.9913 -28.4317 -1.5
    endloop
  endfacet
  facet normal 0 0 -1
    outer loop
      vertex 42.9913 -28.4317 -1.5
      vertex 40.4256 -32.5092 -1.5
      vertex 39.2621 -32.9751 -1.5
    endloop
  endfacet
  facet normal 0 0 -1
    outer loop
      vertex 43 -28.137 -1.5
      vertex 42.9913 -28.4317 -1.5
      vertex 39.2621 -32.9751 -1.5
    endloop
  endfacet
  facet normal 0 0 -1
    outer loop
      vertex 26.35 -28.2 -1.5
      vertex 35.6257 2.29486 -1.5
      vertex 36.1221 1.90982 -1.5
    endloop
  endfacet
  facet normal 0 0 -1
    outer loop
      vertex 39.5131 0.314163 -1.5
      vertex 40.1262 0.177124 -1.5
      vertex 43 -12 -1.5
    endloop
  endfacet
  facet normal 0 0 -1
    outer loop
      vertex 62.9606 19.8152 -1.5
      vertex 62.8429 20.432 -1.5
      vertex 62.9114 20.1255 -1.5
    endloop
  endfacet
  facet normal 0 0 -1
    outer loop
      vertex 61.2382 3.5025 -1.5
      vertex 61.6902 3.9384 -1.5
      vertex 61.4711 3.71335 -1.5
    endloop
  endfacet
  facet normal 0 0 -1
    outer loop
      vertex 62.0839 4.42751 -1.5
      vertex 61.8947 4.17676 -1.5
      vertex 61.6902 3.9384 -1.5
    endloop
  endfacet
  facet normal 0 0 -1
    outer loop
      vertex 62.4133 4.96211 -1.5
      vertex 62.0839 4.42751 -1.5
      vertex 61.6902 3.9384 -1.5
    endloop
  endfacet
  facet normal 0 0 -1
    outer loop
      vertex 62.4133 4.96211 -1.5
      vertex 62.257 4.68964 -1.5
      vertex 62.0839 4.42751 -1.5
    endloop
  endfacet
  facet normal 0 0 -1
    outer loop
      vertex 61.2382 3.5025 -1.5
      vertex 62.4133 4.96211 -1.5
      vertex 61.6902 3.9384 -1.5
    endloop
  endfacet
  facet normal 0 0 -1
    outer loop
      vertex 62.673 5.53377 -1.5
      vertex 62.8591 6.13348 -1.5
      vertex 62.7755 5.8307 -1.5
    endloop
  endfacet
  facet normal -0 0 -1
    outer loop
      vertex 62.673 5.53377 -1.5
      vertex 62.5521 5.24385 -1.5
      vertex 62.8591 6.13348 -1.5
    endloop
  endfacet
  facet normal 0 0 -1
    outer loop
      vertex 62.8591 6.13348 -1.5
      vertex 62.5521 5.24385 -1.5
      vertex 62.4133 4.96211 -1.5
    endloop
  endfacet
  facet normal 0 0 -1
    outer loop
      vertex 61.2382 3.5025 -1.5
      vertex 62.8591 6.13348 -1.5
      vertex 62.4133 4.96211 -1.5
    endloop
  endfacet
  facet normal 0 0 -1
    outer loop
      vertex 62.9685 6.75177 -1.5
      vertex 62.9235 6.4409 -1.5
      vertex 62.8591 6.13348 -1.5
    endloop
  endfacet
  facet normal 0 0 -1
    outer loop
      vertex 63 7.31219 -1.5
      vertex 62.9685 6.75177 -1.5
      vertex 62.8591 6.13348 -1.5
    endloop
  endfacet
  facet normal 0 0 -1
    outer loop
      vertex 63 7.31219 -1.5
      vertex 62.9939 7.06485 -1.5
      vertex 62.9685 6.75177 -1.5
    endloop
  endfacet
  facet normal 0 0 -1
    outer loop
      vertex 61.2382 3.5025 -1.5
      vertex 63 7.31219 -1.5
      vertex 62.8591 6.13348 -1.5
    endloop
  endfacet
  facet normal 0 0 -1
    outer loop
      vertex 44.4869 19.6858 -1.5
      vertex 55.0305 35.4949 -1.5
      vertex 45.0902 19.5106 -1.5
    endloop
  endfacet
  facet normal 0 0 -1
    outer loop
      vertex 43.2533 19.9211 -1.5
      vertex 40.4081 37.932 -1.5
      vertex 43.8738 19.8229 -1.5
    endloop
  endfacet
  facet normal -0 -0 -1
    outer loop
      vertex 62.9606 19.8152 -1.5
      vertex 62.9901 19.5025 -1.5
      vertex 62.8429 20.432 -1.5
    endloop
  endfacet
  facet normal -0 -0 -1
    outer loop
      vertex 62.8429 20.432 -1.5
      vertex 62.9901 19.5025 -1.5
      vertex 62.7434 20.7697 -1.5
    endloop
  endfacet
  facet normal 0 0 -1
    outer loop
      vertex 62.7434 20.7697 -1.5
      vertex 62.9901 19.5025 -1.5
      vertex 63 19.1886 -1.5
    endloop
  endfacet
  facet normal 0 0 -1
    outer loop
      vertex 42.6279 19.9803 -1.5
      vertex 40.4081 37.932 -1.5
      vertex 43.2533 19.9211 -1.5
    endloop
  endfacet
  facet normal 0 0 -1
    outer loop
      vertex 57.6035 34.2336 -1.5
      vertex 57.1167 34.6302 -1.5
      vertex 57.3663 34.4396 -1.5
    endloop
  endfacet
  facet normal 0 0 -1
    outer loop
      vertex 58.7164 32.7261 -1.5
      vertex 58.8433 32.4388 -1.5
      vertex 58.952 32.1441 -1.5
    endloop
  endfacet
  facet normal 0 0 -1
    outer loop
      vertex 58.5717 33.0049 -1.5
      vertex 58.2312 33.5325 -1.5
      vertex 58.4097 33.274 -1.5
    endloop
  endfacet
  facet normal -0 -0 -1
    outer loop
      vertex 58.5717 33.0049 -1.5
      vertex 58.7164 32.7261 -1.5
      vertex 58.2312 33.5325 -1.5
    endloop
  endfacet
  facet normal 0 0 -1
    outer loop
      vertex 58.2312 33.5325 -1.5
      vertex 57.6035 34.2336 -1.5
      vertex 57.8273 34.0132 -1.5
    endloop
  endfacet
  facet normal -0 -0 -1
    outer loop
      vertex 58.0368 33.7792 -1.5
      vertex 58.2312 33.5325 -1.5
      vertex 57.8273 34.0132 -1.5
    endloop
  endfacet
  facet normal 0 0 -1
    outer loop
      vertex 56.8556 34.8048 -1.5
      vertex 57.1167 34.6302 -1.5
      vertex 57.6035 34.2336 -1.5
    endloop
  endfacet
  facet normal 0 0 -1
    outer loop
      vertex 56.584 34.9626 -1.5
      vertex 56.8556 34.8048 -1.5
      vertex 57.6035 34.2336 -1.5
    endloop
  endfacet
  facet normal 0 0 -1
    outer loop
      vertex 56.584 34.9626 -1.5
      vertex 57.6035 34.2336 -1.5
      vertex 58.2312 33.5325 -1.5
    endloop
  endfacet
  facet normal 0 0 -1
    outer loop
      vertex 56.3031 35.1031 -1.5
      vertex 56.584 34.9626 -1.5
      vertex 58.2312 33.5325 -1.5
    endloop
  endfacet
  facet normal 0 0 -1
    outer loop
      vertex 58.7164 32.7261 -1.5
      vertex 56.3031 35.1031 -1.5
      vertex 58.2312 33.5325 -1.5
    endloop
  endfacet
  facet normal 0 0 -1
    outer loop
      vertex 55.7175 35.3298 -1.5
      vertex 56.0138 35.2256 -1.5
      vertex 56.3031 35.1031 -1.5
    endloop
  endfacet
  facet normal 0 0 -1
    outer loop
      vertex 55.4152 35.4151 -1.5
      vertex 55.7175 35.3298 -1.5
      vertex 56.3031 35.1031 -1.5
    endloop
  endfacet
  facet normal 0 0 -1
    outer loop
      vertex 58.7164 32.7261 -1.5
      vertex 55.4152 35.4151 -1.5
      vertex 56.3031 35.1031 -1.5
    endloop
  endfacet
  facet normal 0 0 -1
    outer loop
      vertex 58.7164 32.7261 -1.5
      vertex 55.0305 35.4949 -1.5
      vertex 55.4152 35.4151 -1.5
    endloop
  endfacet
  facet normal -0 -0 -1
    outer loop
      vertex 58.7164 32.7261 -1.5
      vertex 58.952 32.1441 -1.5
      vertex 55.0305 35.4949 -1.5
    endloop
  endfacet
  facet normal 0 0 -1
    outer loop
      vertex 37.7422 19.0483 -1.5
      vertex 39.5862 38 -1.5
      vertex 38.3187 19.2978 -1.5
    endloop
  endfacet
  facet normal 0 0 -1
    outer loop
      vertex 17.5972 18.9608 -1.5
      vertex 17.35 19 -1.5
      vertex 39.5862 38 -1.5
    endloop
  endfacet
  facet normal 0 0 -1
    outer loop
      vertex -18.0428 18.6 -1.5
      vertex -18.1108 18.4472 -1.5
      vertex -22.9192 18.5254 -1.5
    endloop
  endfacet
  facet normal -0 -0 -1
    outer loop
      vertex 39.7835 37.9961 -1.5
      vertex 40.0968 37.9738 -1.5
      vertex 39.5862 38 -1.5
    endloop
  endfacet
  facet normal 0 0 -1
    outer loop
      vertex 39.5862 38 -1.5
      vertex 40.0968 37.9738 -1.5
      vertex 40.4081 37.932 -1.5
    endloop
  endfacet
  facet normal 0 0 -1
    outer loop
      vertex 49.2897 16.8455 -1.5
      vertex 48.8455 17.2897 -1.5
      vertex 62.7434 20.7697 -1.5
    endloop
  endfacet
  facet normal 0 0 -1
    outer loop
      vertex -62.7434 20.7697 -1.5
      vertex -49.7051 16.3742 -1.5
      vertex -50.0902 15.8778 -1.5
    endloop
  endfacet
  facet normal 0 0 -1
    outer loop
      vertex -39.5862 38 -1.5
      vertex -40.2128 37.9606 -1.5
      vertex -39.9001 37.9901 -1.5
    endloop
  endfacet
  facet normal 0 0 -1
    outer loop
      vertex -39.5862 38 -1.5
      vertex -40.4081 37.932 -1.5
      vertex -40.2128 37.9606 -1.5
    endloop
  endfacet
  facet normal 0 0 -1
    outer loop
      vertex -55.3386 35.4335 -1.5
      vertex -58.952 32.1441 -1.5
      vertex -58.8132 32.5116 -1.5
    endloop
  endfacet
  facet normal 0 -0 -1
    outer loop
      vertex -55.9402 35.2535 -1.5
      vertex -55.3386 35.4335 -1.5
      vertex -57.0522 34.6755 -1.5
    endloop
  endfacet
  facet normal 0 0 -1
    outer loop
      vertex -55.9402 35.2535 -1.5
      vertex -55.6422 35.353 -1.5
      vertex -55.3386 35.4335 -1.5
    endloop
  endfacet
  facet normal 0 -0 -1
    outer loop
      vertex -56.2313 35.1355 -1.5
      vertex -55.9402 35.2535 -1.5
      vertex -56.5144 34.9995 -1.5
    endloop
  endfacet
  facet normal 0 -0 -1
    outer loop
      vertex -56.5144 34.9995 -1.5
      vertex -55.9402 35.2535 -1.5
      vertex -57.0522 34.6755 -1.5
    endloop
  endfacet
  facet normal 0 -0 -1
    outer loop
      vertex -56.7884 34.846 -1.5
      vertex -56.5144 34.9995 -1.5
      vertex -57.0522 34.6755 -1.5
    endloop
  endfacet
  facet normal 0 -0 -1
    outer loop
      vertex -57.0522 34.6755 -1.5
      vertex -55.3386 35.4335 -1.5
      vertex -57.3049 34.4888 -1.5
    endloop
  endfacet
  facet normal 0 0 -1
    outer loop
      vertex -57.3049 34.4888 -1.5
      vertex -57.9857 33.8391 -1.5
      vertex -57.5453 34.2867 -1.5
    endloop
  endfacet
  facet normal 0 0 -1
    outer loop
      vertex -57.5453 34.2867 -1.5
      vertex -57.9857 33.8391 -1.5
      vertex -57.7725 34.0698 -1.5
    endloop
  endfacet
  facet normal 0 -0 -1
    outer loop
      vertex -57.3049 34.4888 -1.5
      vertex -55.3386 35.4335 -1.5
      vertex -57.9857 33.8391 -1.5
    endloop
  endfacet
  facet normal 0 0 -1
    outer loop
      vertex -57.9857 33.8391 -1.5
      vertex -58.3665 33.3399 -1.5
      vertex -58.1839 33.5955 -1.5
    endloop
  endfacet
  facet normal 0 0 -1
    outer loop
      vertex -57.9857 33.8391 -1.5
      vertex -58.5327 33.0733 -1.5
      vertex -58.3665 33.3399 -1.5
    endloop
  endfacet
  facet normal 0 0 -1
    outer loop
      vertex -57.9857 33.8391 -1.5
      vertex -58.8132 32.5116 -1.5
      vertex -58.5327 33.0733 -1.5
    endloop
  endfacet
  facet normal 0 0 -1
    outer loop
      vertex -58.5327 33.0733 -1.5
      vertex -58.8132 32.5116 -1.5
      vertex -58.6818 32.7969 -1.5
    endloop
  endfacet
  facet normal 0 -0 -1
    outer loop
      vertex -57.9857 33.8391 -1.5
      vertex -55.3386 35.4335 -1.5
      vertex -58.8132 32.5116 -1.5
    endloop
  endfacet
  facet normal 0 -0 -1
    outer loop
      vertex -55.3386 35.4335 -1.5
      vertex -55.0305 35.4949 -1.5
      vertex -58.952 32.1441 -1.5
    endloop
  endfacet
  facet normal 0 0 -1
    outer loop
      vertex -63 7.31219 -1.5
      vertex -51.9211 11.2533 -1.5
      vertex -51.9803 10.6279 -1.5
    endloop
  endfacet
  facet normal 0 0 -1
    outer loop
      vertex -62.8333 20.4688 -1.5
      vertex -62.9557 19.8529 -1.5
      vertex -62.9042 20.1628 -1.5
    endloop
  endfacet
  facet normal 0 -0 -1
    outer loop
      vertex -62.8333 20.4688 -1.5
      vertex -62.7434 20.7697 -1.5
      vertex -62.9557 19.8529 -1.5
    endloop
  endfacet
  facet normal 0 0 -1
    outer loop
      vertex -62.9557 19.8529 -1.5
      vertex -63 19.1886 -1.5
      vertex -62.9876 19.5404 -1.5
    endloop
  endfacet
  facet normal 0 -0 -1
    outer loop
      vertex -62.9557 19.8529 -1.5
      vertex -62.7434 20.7697 -1.5
      vertex -63 19.1886 -1.5
    endloop
  endfacet
  facet normal -0 0 -1
    outer loop
      vertex -50.7631 5.18245 -1.5
      vertex -61.2382 3.5025 -1.5
      vertex -51.0483 5.7422 -1.5
    endloop
  endfacet
  facet normal 0 0 -1
    outer loop
      vertex -61.6448 3.88947 -1.5
      vertex -62.8429 6.06874 -1.5
      vertex -62.9901 6.99825 -1.5
    endloop
  endfacet
  facet normal 0 0 -1
    outer loop
      vertex -61.8526 4.12508 -1.5
      vertex -62.0451 4.37328 -1.5
      vertex -61.6448 3.88947 -1.5
    endloop
  endfacet
  facet normal 0 0 -1
    outer loop
      vertex -62.9606 6.68553 -1.5
      vertex -62.8429 6.06874 -1.5
      vertex -62.9114 6.37529 -1.5
    endloop
  endfacet
  facet normal 0 0 -1
    outer loop
      vertex -62.9606 6.68553 -1.5
      vertex -62.9901 6.99825 -1.5
      vertex -62.8429 6.06874 -1.5
    endloop
  endfacet
  facet normal 0 0 -1
    outer loop
      vertex -62.8429 6.06874 -1.5
      vertex -62.6489 5.47157 -1.5
      vertex -62.7553 5.76711 -1.5
    endloop
  endfacet
  facet normal 0 0 -1
    outer loop
      vertex -61.6448 3.88947 -1.5
      vertex -62.3815 4.90343 -1.5
      vertex -62.6489 5.47157 -1.5
    endloop
  endfacet
  facet normal 0 0 -1
    outer loop
      vertex -62.6489 5.47157 -1.5
      vertex -62.3815 4.90343 -1.5
      vertex -62.5241 5.1833 -1.5
    endloop
  endfacet
  facet normal 0 0 -1
    outer loop
      vertex -62.8429 6.06874 -1.5
      vertex -61.6448 3.88947 -1.5
      vertex -62.6489 5.47157 -1.5
    endloop
  endfacet
  facet normal 0 0 -1
    outer loop
      vertex -62.3815 4.90343 -1.5
      vertex -61.6448 3.88947 -1.5
      vertex -62.2216 4.63306 -1.5
    endloop
  endfacet
  facet normal 0 0 -1
    outer loop
      vertex -61.6448 3.88947 -1.5
      vertex -62.0451 4.37328 -1.5
      vertex -62.2216 4.63306 -1.5
    endloop
  endfacet
  facet normal 0 0 -1
    outer loop
      vertex -61.4227 3.66736 -1.5
      vertex -61.6448 3.88947 -1.5
      vertex -62.9901 6.99825 -1.5
    endloop
  endfacet
  facet normal 0 0 -1
    outer loop
      vertex -61.2382 3.5025 -1.5
      vertex -61.4227 3.66736 -1.5
      vertex -62.9901 6.99825 -1.5
    endloop
  endfacet
  facet normal 0 0 -1
    outer loop
      vertex -63 7.31219 -1.5
      vertex -61.2382 3.5025 -1.5
      vertex -62.9901 6.99825 -1.5
    endloop
  endfacet
  facet normal 0 -0 -1
    outer loop
      vertex -50.4433 4.64172 -1.5
      vertex -50.0902 4.12215 -1.5
      vertex -61.2382 3.5025 -1.5
    endloop
  endfacet
  facet normal 0 0 -1
    outer loop
      vertex -63 7.31219 -1.5
      vertex -51.8229 11.8738 -1.5
      vertex -51.9211 11.2533 -1.5
    endloop
  endfacet
  facet normal -0 0 -1
    outer loop
      vertex -42 0 -1.5
      vertex -43 -12 -1.5
      vertex -42.6279 0.0197296 -1.5
    endloop
  endfacet
  facet normal 0 0 -1
    outer loop
      vertex -33.9098 15.8778 -1.5
      vertex -26.35 18.2 -1.5
      vertex -33.5567 15.3583 -1.5
    endloop
  endfacet
  facet normal 0 0 -1
    outer loop
      vertex -42.2216 -30.8161 -1.5
      vertex -41.6448 -31.5597 -1.5
      vertex -42.0451 -31.0759 -1.5
    endloop
  endfacet
  facet normal 0 0 -1
    outer loop
      vertex -42.9114 -29.0739 -1.5
      vertex -42.9606 -28.7637 -1.5
      vertex -42.8429 -29.3805 -1.5
    endloop
  endfacet
  facet normal 0 0 -1
    outer loop
      vertex -42.8429 -29.3805 -1.5
      vertex -42.9606 -28.7637 -1.5
      vertex -42.9901 -28.451 -1.5
    endloop
  endfacet
  facet normal 0 0 -1
    outer loop
      vertex -42.7553 -29.6821 -1.5
      vertex -42.8429 -29.3805 -1.5
      vertex -42.6489 -29.9776 -1.5
    endloop
  endfacet
  facet normal 0 0 -1
    outer loop
      vertex -42.6489 -29.9776 -1.5
      vertex -41.6448 -31.5597 -1.5
      vertex -42.3815 -30.5458 -1.5
    endloop
  endfacet
  facet normal 0 0 -1
    outer loop
      vertex -42.5241 -30.2659 -1.5
      vertex -42.6489 -29.9776 -1.5
      vertex -42.3815 -30.5458 -1.5
    endloop
  endfacet
  facet normal 0 0 -1
    outer loop
      vertex -42.6489 -29.9776 -1.5
      vertex -42.8429 -29.3805 -1.5
      vertex -41.6448 -31.5597 -1.5
    endloop
  endfacet
  facet normal 0 0 -1
    outer loop
      vertex -42.2216 -30.8161 -1.5
      vertex -42.3815 -30.5458 -1.5
      vertex -41.6448 -31.5597 -1.5
    endloop
  endfacet
  facet normal 0 0 -1
    outer loop
      vertex -42.0451 -31.0759 -1.5
      vertex -41.6448 -31.5597 -1.5
      vertex -41.8526 -31.3241 -1.5
    endloop
  endfacet
  facet normal 0 0 -1
    outer loop
      vertex -42.8429 -29.3805 -1.5
      vertex -42.9901 -28.451 -1.5
      vertex -41.6448 -31.5597 -1.5
    endloop
  endfacet
  facet normal 0 0 -1
    outer loop
      vertex -41.6448 -31.5597 -1.5
      vertex -42.9901 -28.451 -1.5
      vertex -41.4227 -31.7818 -1.5
    endloop
  endfacet
  facet normal 0 0 -1
    outer loop
      vertex -41.4227 -31.7818 -1.5
      vertex -40.6791 -32.3586 -1.5
      vertex -40.9389 -32.1821 -1.5
    endloop
  endfacet
  facet normal 0 0 -1
    outer loop
      vertex -41.1871 -31.9896 -1.5
      vertex -41.4227 -31.7818 -1.5
      vertex -40.9389 -32.1821 -1.5
    endloop
  endfacet
  facet normal 0 0 -1
    outer loop
      vertex -41.4227 -31.7818 -1.5
      vertex -40.4088 -32.5185 -1.5
      vertex -40.6791 -32.3586 -1.5
    endloop
  endfacet
  facet normal 0 0 -1
    outer loop
      vertex -41.4227 -31.7818 -1.5
      vertex -39.8406 -32.7859 -1.5
      vertex -40.4088 -32.5185 -1.5
    endloop
  endfacet
  facet normal 0 0 -1
    outer loop
      vertex -40.4088 -32.5185 -1.5
      vertex -39.8406 -32.7859 -1.5
      vertex -40.1289 -32.6611 -1.5
    endloop
  endfacet
  facet normal 0 0 -1
    outer loop
      vertex -41.4227 -31.7818 -1.5
      vertex -39.5451 -32.8923 -1.5
      vertex -39.8406 -32.7859 -1.5
    endloop
  endfacet
  facet normal 0 0 -1
    outer loop
      vertex -41.4227 -31.7818 -1.5
      vertex -42.9901 -28.451 -1.5
      vertex -39.5451 -32.8923 -1.5
    endloop
  endfacet
  facet normal 0 0 -1
    outer loop
      vertex -39.5451 -32.8923 -1.5
      vertex -42.9901 -28.451 -1.5
      vertex -39.2621 -32.9751 -1.5
    endloop
  endfacet
  facet normal 0 0 -1
    outer loop
      vertex -39.2621 -32.9751 -1.5
      vertex -42.9901 -28.451 -1.5
      vertex -43 -28.137 -1.5
    endloop
  endfacet
  facet normal 0 0 -1
    outer loop
      vertex -20.6207 -37.8381 -1.5
      vertex -25.7972 -28.9608 -1.5
      vertex -25.55 -29 -1.5
    endloop
  endfacet
  facet normal -0 -0 -1
    outer loop
      vertex -23.65 -29 -1.5
      vertex -20.6207 -37.8381 -1.5
      vertex -25.55 -29 -1.5
    endloop
  endfacet
  facet normal 0 0 -1
    outer loop
      vertex -20.0043 -37.9581 -1.5
      vertex -17.5972 -28.9608 -1.5
      vertex -19.6917 -37.9889 -1.5
    endloop
  endfacet
  facet normal 0 -0 -1
    outer loop
      vertex -17.5972 -28.9608 -1.5
      vertex -17.35 -29 -1.5
      vertex -19.3585 -38 -1.5
    endloop
  endfacet
  facet normal 0 0 -1
    outer loop
      vertex -19.6917 -37.9889 -1.5
      vertex -17.5972 -28.9608 -1.5
      vertex -19.3585 -38 -1.5
    endloop
  endfacet
  facet normal 0 0 -1
    outer loop
      vertex 43 -12 -1.5
      vertex 42 0 -1.5
      vertex 42.6279 0.0197296 -1.5
    endloop
  endfacet
  facet normal 0 0 -1
    outer loop
      vertex -35.6257 17.7051 -1.5
      vertex -36.1221 18.0902 -1.5
      vertex -26.1445 18.7353 -1.5
    endloop
  endfacet
  facet normal 0 0 -1
    outer loop
      vertex -40.4081 37.932 -1.5
      vertex -43.2533 19.9211 -1.5
      vertex -43.8738 19.8229 -1.5
    endloop
  endfacet
  facet normal -0 0 -1
    outer loop
      vertex -42.6279 0.0197296 -1.5
      vertex -43 -12 -1.5
      vertex -43.2533 0.0788422 -1.5
    endloop
  endfacet
  facet normal -0 -0 -1
    outer loop
      vertex -43.2533 0.0788422 -1.5
      vertex -43 -12 -1.5
      vertex -43.8738 0.177124 -1.5
    endloop
  endfacet
  facet normal -0 -0 -1
    outer loop
      vertex -43.8738 0.177124 -1.5
      vertex -43 -12 -1.5
      vertex -44.4869 0.314163 -1.5
    endloop
  endfacet
  facet normal -0 -0 -1
    outer loop
      vertex -44.4869 0.314163 -1.5
      vertex -43 -12 -1.5
      vertex -45.0902 0.489426 -1.5
    endloop
  endfacet
  facet normal -0 -0 -1
    outer loop
      vertex -45.0902 0.489426 -1.5
      vertex -43 -12 -1.5
      vertex -45.6812 0.702225 -1.5
    endloop
  endfacet
  facet normal -0 -0 -1
    outer loop
      vertex -46.2578 0.951721 -1.5
      vertex -43 -12 -1.5
      vertex -46.8175 1.23692 -1.5
    endloop
  endfacet
  facet normal -0 -0 -1
    outer loop
      vertex -45.6812 0.702225 -1.5
      vertex -43 -12 -1.5
      vertex -46.2578 0.951721 -1.5
    endloop
  endfacet
  facet normal -0 -0 -1
    outer loop
      vertex -46.8175 1.23692 -1.5
      vertex -43 -12 -1.5
      vertex -47.3583 1.55672 -1.5
    endloop
  endfacet
  facet normal -0 -0 -1
    outer loop
      vertex -47.3583 1.55672 -1.5
      vertex -43 -12 -1.5
      vertex -47.8778 1.90982 -1.5
    endloop
  endfacet
  facet normal -0 -0 -1
    outer loop
      vertex -47.8778 1.90982 -1.5
      vertex -43 -12 -1.5
      vertex -61.2382 3.5025 -1.5
    endloop
  endfacet
  facet normal -0 -0 -1
    outer loop
      vertex -48.3742 2.29486 -1.5
      vertex -47.8778 1.90982 -1.5
      vertex -61.2382 3.5025 -1.5
    endloop
  endfacet
  facet normal -0 -0 -1
    outer loop
      vertex -48.8455 2.71031 -1.5
      vertex -48.3742 2.29486 -1.5
      vertex -61.2382 3.5025 -1.5
    endloop
  endfacet
  facet normal -0 -0 -1
    outer loop
      vertex -49.2897 3.15453 -1.5
      vertex -48.8455 2.71031 -1.5
      vertex -61.2382 3.5025 -1.5
    endloop
  endfacet
  facet normal 0 -0 -1
    outer loop
      vertex -49.7051 3.62575 -1.5
      vertex -49.2897 3.15453 -1.5
      vertex -61.2382 3.5025 -1.5
    endloop
  endfacet
  facet normal 0 -0 -1
    outer loop
      vertex -50.0902 4.12215 -1.5
      vertex -49.7051 3.62575 -1.5
      vertex -61.2382 3.5025 -1.5
    endloop
  endfacet
  facet normal -0 0 -1
    outer loop
      vertex -50.4433 4.64172 -1.5
      vertex -61.2382 3.5025 -1.5
      vertex -50.7631 5.18245 -1.5
    endloop
  endfacet
  facet normal 0 0 -1
    outer loop
      vertex -61.2382 3.5025 -1.5
      vertex -51.2978 6.31874 -1.5
      vertex -51.0483 5.7422 -1.5
    endloop
  endfacet
  facet normal 0 0 -1
    outer loop
      vertex -61.2382 3.5025 -1.5
      vertex -51.5106 6.90982 -1.5
      vertex -51.2978 6.31874 -1.5
    endloop
  endfacet
  facet normal 0 0 -1
    outer loop
      vertex -61.2382 3.5025 -1.5
      vertex -51.6858 7.51309 -1.5
      vertex -51.5106 6.90982 -1.5
    endloop
  endfacet
  facet normal 0 0 -1
    outer loop
      vertex -61.2382 3.5025 -1.5
      vertex -51.8229 8.12617 -1.5
      vertex -51.6858 7.51309 -1.5
    endloop
  endfacet
  facet normal 0 0 -1
    outer loop
      vertex -63 7.31219 -1.5
      vertex -51.9211 8.74666 -1.5
      vertex -61.2382 3.5025 -1.5
    endloop
  endfacet
  facet normal 0 -0 -1
    outer loop
      vertex -51.9211 8.74666 -1.5
      vertex -51.8229 8.12617 -1.5
      vertex -61.2382 3.5025 -1.5
    endloop
  endfacet
  facet normal 0 0 -1
    outer loop
      vertex -63 7.31219 -1.5
      vertex -51.9803 9.37209 -1.5
      vertex -51.9211 8.74666 -1.5
    endloop
  endfacet
  facet normal 0 0 -1
    outer loop
      vertex -63 7.31219 -1.5
      vertex -52 10 -1.5
      vertex -51.9803 9.37209 -1.5
    endloop
  endfacet
  facet normal 0 0 -1
    outer loop
      vertex -63 7.31219 -1.5
      vertex -51.9803 10.6279 -1.5
      vertex -52 10 -1.5
    endloop
  endfacet
  facet normal 0 0 -1
    outer loop
      vertex -63 7.31219 -1.5
      vertex -63 19.1886 -1.5
      vertex -51.8229 11.8738 -1.5
    endloop
  endfacet
  facet normal 0 0 -1
    outer loop
      vertex -51.8229 11.8738 -1.5
      vertex -63 19.1886 -1.5
      vertex -51.6858 12.4869 -1.5
    endloop
  endfacet
  facet normal 0 0 -1
    outer loop
      vertex -51.6858 12.4869 -1.5
      vertex -63 19.1886 -1.5
      vertex -51.5106 13.0902 -1.5
    endloop
  endfacet
  facet normal 0 0 -1
    outer loop
      vertex -51.5106 13.0902 -1.5
      vertex -63 19.1886 -1.5
      vertex -51.2978 13.6812 -1.5
    endloop
  endfacet
  facet normal 0 0 -1
    outer loop
      vertex -51.2978 13.6812 -1.5
      vertex -63 19.1886 -1.5
      vertex -51.0483 14.2578 -1.5
    endloop
  endfacet
  facet normal 0 0 -1
    outer loop
      vertex -51.0483 14.2578 -1.5
      vertex -63 19.1886 -1.5
      vertex -50.7631 14.8175 -1.5
    endloop
  endfacet
  facet normal 0 0 -1
    outer loop
      vertex -50.7631 14.8175 -1.5
      vertex -63 19.1886 -1.5
      vertex -50.4433 15.3583 -1.5
    endloop
  endfacet
  facet normal 0 0 -1
    outer loop
      vertex -50.4433 15.3583 -1.5
      vertex -63 19.1886 -1.5
      vertex -62.7434 20.7697 -1.5
    endloop
  endfacet
  facet normal -0 0 -1
    outer loop
      vertex -50.0902 15.8778 -1.5
      vertex -50.4433 15.3583 -1.5
      vertex -62.7434 20.7697 -1.5
    endloop
  endfacet
  facet normal 0 0 -1
    outer loop
      vertex -49.7051 16.3742 -1.5
      vertex -62.7434 20.7697 -1.5
      vertex -49.2897 16.8455 -1.5
    endloop
  endfacet
  facet normal 0 0 -1
    outer loop
      vertex -49.2897 16.8455 -1.5
      vertex -62.7434 20.7697 -1.5
      vertex -48.8455 17.2897 -1.5
    endloop
  endfacet
  facet normal 0 0 -1
    outer loop
      vertex -48.8455 17.2897 -1.5
      vertex -62.7434 20.7697 -1.5
      vertex -48.3742 17.7051 -1.5
    endloop
  endfacet
  facet normal 0 0 -1
    outer loop
      vertex -48.3742 17.7051 -1.5
      vertex -62.7434 20.7697 -1.5
      vertex -58.952 32.1441 -1.5
    endloop
  endfacet
  facet normal -0 0 -1
    outer loop
      vertex -47.8778 18.0902 -1.5
      vertex -48.3742 17.7051 -1.5
      vertex -58.952 32.1441 -1.5
    endloop
  endfacet
  facet normal -0 0 -1
    outer loop
      vertex -47.3583 18.4433 -1.5
      vertex -47.8778 18.0902 -1.5
      vertex -58.952 32.1441 -1.5
    endloop
  endfacet
  facet normal -0 0 -1
    outer loop
      vertex -46.8175 18.7631 -1.5
      vertex -47.3583 18.4433 -1.5
      vertex -58.952 32.1441 -1.5
    endloop
  endfacet
  facet normal 0 -0 -1
    outer loop
      vertex -55.0305 35.4949 -1.5
      vertex -46.8175 18.7631 -1.5
      vertex -58.952 32.1441 -1.5
    endloop
  endfacet
  facet normal 0 0 -1
    outer loop
      vertex -55.0305 35.4949 -1.5
      vertex -46.2578 19.0483 -1.5
      vertex -46.8175 18.7631 -1.5
    endloop
  endfacet
  facet normal 0 0 -1
    outer loop
      vertex -55.0305 35.4949 -1.5
      vertex -45.6812 19.2978 -1.5
      vertex -46.2578 19.0483 -1.5
    endloop
  endfacet
  facet normal 0 0 -1
    outer loop
      vertex -55.0305 35.4949 -1.5
      vertex -45.0902 19.5106 -1.5
      vertex -45.6812 19.2978 -1.5
    endloop
  endfacet
  facet normal 0 0 -1
    outer loop
      vertex -55.0305 35.4949 -1.5
      vertex -44.4869 19.6858 -1.5
      vertex -45.0902 19.5106 -1.5
    endloop
  endfacet
  facet normal 0 0 -1
    outer loop
      vertex -55.0305 35.4949 -1.5
      vertex -40.4081 37.932 -1.5
      vertex -44.4869 19.6858 -1.5
    endloop
  endfacet
  facet normal 0 0 -1
    outer loop
      vertex -44.4869 19.6858 -1.5
      vertex -40.4081 37.932 -1.5
      vertex -43.8738 19.8229 -1.5
    endloop
  endfacet
  facet normal 0 0 -1
    outer loop
      vertex -40.4081 37.932 -1.5
      vertex -42.6279 19.9803 -1.5
      vertex -43.2533 19.9211 -1.5
    endloop
  endfacet
  facet normal 0 0 -1
    outer loop
      vertex -40.4081 37.932 -1.5
      vertex -42 20 -1.5
      vertex -42.6279 19.9803 -1.5
    endloop
  endfacet
  facet normal 0 0 -1
    outer loop
      vertex -40.4081 37.932 -1.5
      vertex -41.3721 19.9803 -1.5
      vertex -42 20 -1.5
    endloop
  endfacet
  facet normal 0 0 -1
    outer loop
      vertex -40.4081 37.932 -1.5
      vertex -40.7467 19.9211 -1.5
      vertex -41.3721 19.9803 -1.5
    endloop
  endfacet
  facet normal 0 -0 -1
    outer loop
      vertex -40.4081 37.932 -1.5
      vertex -39.5862 38 -1.5
      vertex -40.7467 19.9211 -1.5
    endloop
  endfacet
  facet normal 0 0 -1
    outer loop
      vertex -40.7467 19.9211 -1.5
      vertex -39.5862 38 -1.5
      vertex -40.1262 19.8229 -1.5
    endloop
  endfacet
  facet normal 0 0 -1
    outer loop
      vertex -40.1262 19.8229 -1.5
      vertex -39.5862 38 -1.5
      vertex -39.5131 19.6858 -1.5
    endloop
  endfacet
  facet normal 0 0 -1
    outer loop
      vertex -39.5131 19.6858 -1.5
      vertex -39.5862 38 -1.5
      vertex -38.9098 19.5106 -1.5
    endloop
  endfacet
  facet normal 0 0 -1
    outer loop
      vertex -38.9098 19.5106 -1.5
      vertex -39.5862 38 -1.5
      vertex -38.3187 19.2978 -1.5
    endloop
  endfacet
  facet normal 0 0 -1
    outer loop
      vertex -37.7422 19.0483 -1.5
      vertex -39.5862 38 -1.5
      vertex -37.1824 18.7631 -1.5
    endloop
  endfacet
  facet normal 0 0 -1
    outer loop
      vertex -38.3187 19.2978 -1.5
      vertex -39.5862 38 -1.5
      vertex -37.7422 19.0483 -1.5
    endloop
  endfacet
  facet normal 0 0 -1
    outer loop
      vertex -35.6257 17.7051 -1.5
      vertex -26.1445 18.7353 -1.5
      vertex -26.2428 18.6 -1.5
    endloop
  endfacet
  facet normal 0 0 -1
    outer loop
      vertex -35.1545 17.2897 -1.5
      vertex -35.6257 17.7051 -1.5
      vertex -26.2428 18.6 -1.5
    endloop
  endfacet
  facet normal 0 0 -1
    outer loop
      vertex -34.7103 16.8455 -1.5
      vertex -35.1545 17.2897 -1.5
      vertex -26.2428 18.6 -1.5
    endloop
  endfacet
  facet normal -0 0 -1
    outer loop
      vertex -26.3108 18.4472 -1.5
      vertex -34.7103 16.8455 -1.5
      vertex -26.2428 18.6 -1.5
    endloop
  endfacet
  facet normal 0 0 -1
    outer loop
      vertex -26.3108 18.4472 -1.5
      vertex -34.2949 16.3742 -1.5
      vertex -34.7103 16.8455 -1.5
    endloop
  endfacet
  facet normal 0 0 -1
    outer loop
      vertex -26.3108 18.4472 -1.5
      vertex -26.35 18.2 -1.5
      vertex -34.2949 16.3742 -1.5
    endloop
  endfacet
  facet normal 0 0 -1
    outer loop
      vertex -34.2949 16.3742 -1.5
      vertex -26.35 18.2 -1.5
      vertex -33.9098 15.8778 -1.5
    endloop
  endfacet
  facet normal 0 0 -1
    outer loop
      vertex -32.4894 13.0902 -1.5
      vertex -32.7022 13.6812 -1.5
      vertex -26.35 18.2 -1.5
    endloop
  endfacet
  facet normal 0 0 -1
    outer loop
      vertex -14.7192 18.5254 -1.5
      vertex -14.8028 18.6702 -1.5
      vertex -9.84282 18.6 -1.5
    endloop
  endfacet
  facet normal 0 -0 -1
    outer loop
      vertex -32 10 -1.5
      vertex -26.35 18.2 -1.5
      vertex -32.0197 9.37209 -1.5
    endloop
  endfacet
  facet normal 0 0 -1
    outer loop
      vertex -32.3142 7.51309 -1.5
      vertex -32.1771 8.12617 -1.5
      vertex -26.35 18.2 -1.5
    endloop
  endfacet
  facet normal 0 0 -1
    outer loop
      vertex 6.55717 18.6 -1.5
      vertex 1.59721 18.6702 -1.5
      vertex 6.65549 18.7353 -1.5
    endloop
  endfacet
  facet normal 0 0 -1
    outer loop
      vertex 26.0853 18.7945 -1.5
      vertex 36.6417 18.4433 -1.5
      vertex 36.1221 18.0902 -1.5
    endloop
  endfacet
  facet normal 0 0 -1
    outer loop
      vertex 17.9972 18.6702 -1.5
      vertex 17.8853 18.7945 -1.5
      vertex 23.0555 18.7353 -1.5
    endloop
  endfacet
  facet normal 0 0 -1
    outer loop
      vertex 23.0555 18.7353 -1.5
      vertex 17.8853 18.7945 -1.5
      vertex 23.1798 18.8472 -1.5
    endloop
  endfacet
  facet normal 0 0 -1
    outer loop
      vertex 43 -12 -1.5
      vertex 36.6417 1.55672 -1.5
      vertex 37.1824 1.23692 -1.5
    endloop
  endfacet
  facet normal -0 -0 -1
    outer loop
      vertex 37.7422 0.951721 -1.5
      vertex 43 -12 -1.5
      vertex 37.1824 1.23692 -1.5
    endloop
  endfacet
  facet normal 0 0 -1
    outer loop
      vertex 37.7422 0.951721 -1.5
      vertex 38.3187 0.702225 -1.5
      vertex 43 -12 -1.5
    endloop
  endfacet
  facet normal 0 0 -1
    outer loop
      vertex 41.3721 0.0197296 -1.5
      vertex 42 0 -1.5
      vertex 43 -12 -1.5
    endloop
  endfacet
  facet normal 0 0 -1
    outer loop
      vertex 40.1262 0.177124 -1.5
      vertex 40.7467 0.0788422 -1.5
      vertex 43 -12 -1.5
    endloop
  endfacet
  facet normal -0 -0 -1
    outer loop
      vertex 36.6417 1.55672 -1.5
      vertex 43 -12 -1.5
      vertex 36.1221 1.90982 -1.5
    endloop
  endfacet
  facet normal 0 0 -1
    outer loop
      vertex -23.1798 -28.8472 -1.5
      vertex -23.0555 -28.7353 -1.5
      vertex -17.8853 -28.7945 -1.5
    endloop
  endfacet
  facet normal 0 0 -1
    outer loop
      vertex -37.1824 18.7631 -1.5
      vertex -25.8754 18.9308 -1.5
      vertex -26.0202 18.8472 -1.5
    endloop
  endfacet
  facet normal 0 0 -1
    outer loop
      vertex -37.1824 18.7631 -1.5
      vertex -26.0202 18.8472 -1.5
      vertex -36.6417 18.4433 -1.5
    endloop
  endfacet
  facet normal 0 0 -1
    outer loop
      vertex -26.0202 18.8472 -1.5
      vertex -36.1221 18.0902 -1.5
      vertex -36.6417 18.4433 -1.5
    endloop
  endfacet
  facet normal 0 0 -1
    outer loop
      vertex -26.35 -28.2 -1.5
      vertex -34.7103 3.15453 -1.5
      vertex -34.2949 3.62575 -1.5
    endloop
  endfacet
  facet normal 0 0 -1
    outer loop
      vertex -17.75 -28.8928 -1.5
      vertex -23.1798 -28.8472 -1.5
      vertex -17.8853 -28.7945 -1.5
    endloop
  endfacet
  facet normal 0 0 -1
    outer loop
      vertex -36.1221 1.90982 -1.5
      vertex -35.6257 2.29486 -1.5
      vertex -26.35 -28.2 -1.5
    endloop
  endfacet
  facet normal 0 0 -1
    outer loop
      vertex -39.2621 -32.9751 -1.5
      vertex -25.95 -28.8928 -1.5
      vertex -20.6207 -37.8381 -1.5
    endloop
  endfacet
  facet normal 0 0 -1
    outer loop
      vertex -26.35 -28.2 -1.5
      vertex -43 -12 -1.5
      vertex -36.1221 1.90982 -1.5
    endloop
  endfacet
  facet normal 0 -0 -1
    outer loop
      vertex -36.6417 1.55672 -1.5
      vertex -36.1221 1.90982 -1.5
      vertex -43 -12 -1.5
    endloop
  endfacet
  facet normal 0 -0 -1
    outer loop
      vertex -37.1824 1.23692 -1.5
      vertex -36.6417 1.55672 -1.5
      vertex -43 -12 -1.5
    endloop
  endfacet
  facet normal 0 -0 -1
    outer loop
      vertex -37.7422 0.951721 -1.5
      vertex -37.1824 1.23692 -1.5
      vertex -43 -12 -1.5
    endloop
  endfacet
  facet normal 0 -0 -1
    outer loop
      vertex -38.3187 0.702225 -1.5
      vertex -37.7422 0.951721 -1.5
      vertex -43 -12 -1.5
    endloop
  endfacet
  facet normal 0 -0 -1
    outer loop
      vertex -38.9098 0.489426 -1.5
      vertex -38.3187 0.702225 -1.5
      vertex -43 -12 -1.5
    endloop
  endfacet
  facet normal 0 -0 -1
    outer loop
      vertex -39.5131 0.314163 -1.5
      vertex -38.9098 0.489426 -1.5
      vertex -43 -12 -1.5
    endloop
  endfacet
  facet normal 0 -0 -1
    outer loop
      vertex -40.1262 0.177124 -1.5
      vertex -39.5131 0.314163 -1.5
      vertex -43 -12 -1.5
    endloop
  endfacet
  facet normal 0 -0 -1
    outer loop
      vertex -40.7467 0.0788422 -1.5
      vertex -40.1262 0.177124 -1.5
      vertex -43 -12 -1.5
    endloop
  endfacet
  facet normal 0 -0 -1
    outer loop
      vertex -42 0 -1.5
      vertex -41.3721 0.0197296 -1.5
      vertex -43 -12 -1.5
    endloop
  endfacet
  facet normal 0 -0 -1
    outer loop
      vertex -41.3721 0.0197296 -1.5
      vertex -40.7467 0.0788422 -1.5
      vertex -43 -12 -1.5
    endloop
  endfacet
  facet normal 0 0 -1
    outer loop
      vertex 14.9147 -28.7945 -1.5
      vertex 9.74451 -28.7353 -1.5
      vertex 14.8028 -28.6702 -1.5
    endloop
  endfacet
  facet normal -0 -0 -1
    outer loop
      vertex 41.3721 0.0197296 -1.5
      vertex 43 -12 -1.5
      vertex 40.7467 0.0788422 -1.5
    endloop
  endfacet
  facet normal 0 0 -1
    outer loop
      vertex 38.3187 0.702225 -1.5
      vertex 38.9098 0.489426 -1.5
      vertex 43 -12 -1.5
    endloop
  endfacet
  facet normal 0 0 -1
    outer loop
      vertex 38.9098 0.489426 -1.5
      vertex 39.5131 0.314163 -1.5
      vertex 43 -12 -1.5
    endloop
  endfacet
  facet normal 0 0 -1
    outer loop
      vertex 9.6853 18.7945 -1.5
      vertex 14.8555 18.7353 -1.5
      vertex 9.79721 18.6702 -1.5
    endloop
  endfacet
  facet normal 0 0 -1
    outer loop
      vertex 22.85 18.2 -1.5
      vertex 18.15 18.2 -1.5
      vertex 18.1325 18.3663 -1.5
    endloop
  endfacet
  facet normal 0 0 -1
    outer loop
      vertex -1.75 -28.2 -1.5
      vertex -6.45 18.2 -1.5
      vertex -1.75 18.2 -1.5
    endloop
  endfacet
  facet normal 0 0 -1
    outer loop
      vertex -6.46748 18.3663 -1.5
      vertex -6.51917 18.5254 -1.5
      vertex -1.71085 18.4472 -1.5
    endloop
  endfacet
  facet normal 0 0 -1
    outer loop
      vertex -37.1824 18.7631 -1.5
      vertex -39.5862 38 -1.5
      vertex -25.8754 18.9308 -1.5
    endloop
  endfacet
  facet normal 0 0 -1
    outer loop
      vertex -32.4894 6.90982 -1.5
      vertex -32.3142 7.51309 -1.5
      vertex -26.35 18.2 -1.5
    endloop
  endfacet
  facet normal 0 0 -1
    outer loop
      vertex -6.51917 18.5254 -1.5
      vertex -6.60278 18.6702 -1.5
      vertex -1.64282 18.6 -1.5
    endloop
  endfacet
  facet normal 0 0 -1
    outer loop
      vertex -1.64282 18.6 -1.5
      vertex -6.60278 18.6702 -1.5
      vertex -1.54451 18.7353 -1.5
    endloop
  endfacet
  facet normal 0 0 -1
    outer loop
      vertex -26.35 18.2 -1.5
      vertex -32.1771 8.12617 -1.5
      vertex -32.0788 8.74666 -1.5
    endloop
  endfacet
  facet normal 0 0 -1
    outer loop
      vertex -22.85 18.2 -1.5
      vertex -18.15 18.2 -1.5
      vertex -18.15 -28.2 -1.5
    endloop
  endfacet
  facet normal 0 -0 -1
    outer loop
      vertex -32.0197 9.37209 -1.5
      vertex -26.35 18.2 -1.5
      vertex -32.0788 8.74666 -1.5
    endloop
  endfacet
  facet normal 0 0 -1
    outer loop
      vertex -32 10 -1.5
      vertex -32.0197 10.6279 -1.5
      vertex -26.35 18.2 -1.5
    endloop
  endfacet
  facet normal 0 0 -1
    outer loop
      vertex -18.15 18.2 -1.5
      vertex -22.85 18.2 -1.5
      vertex -22.8675 18.3663 -1.5
    endloop
  endfacet
  facet normal 0 0 -1
    outer loop
      vertex -26.35 18.2 -1.5
      vertex -32.0197 10.6279 -1.5
      vertex -32.0788 11.2533 -1.5
    endloop
  endfacet
  facet normal 0 0 -1
    outer loop
      vertex -26.35 18.2 -1.5
      vertex -32.0788 11.2533 -1.5
      vertex -32.1771 11.8738 -1.5
    endloop
  endfacet
  facet normal 0 0 -1
    outer loop
      vertex -9.74451 18.7353 -1.5
      vertex -9.84282 18.6 -1.5
      vertex -14.8028 18.6702 -1.5
    endloop
  endfacet
  facet normal 0 0 -1
    outer loop
      vertex -32.3142 12.4869 -1.5
      vertex -26.35 18.2 -1.5
      vertex -32.1771 11.8738 -1.5
    endloop
  endfacet
  facet normal 0 0 -1
    outer loop
      vertex -32.3142 12.4869 -1.5
      vertex -32.4894 13.0902 -1.5
      vertex -26.35 18.2 -1.5
    endloop
  endfacet
  facet normal 0 0 -1
    outer loop
      vertex -39.5862 38 -1.5
      vertex -17.5163 18.9825 -1.5
      vertex -23.4028 18.9608 -1.5
    endloop
  endfacet
  facet normal 0 0 -1
    outer loop
      vertex -22.9192 18.5254 -1.5
      vertex -18.1108 18.4472 -1.5
      vertex -22.8675 18.3663 -1.5
    endloop
  endfacet
  facet normal 0 0 -1
    outer loop
      vertex -32.9517 14.2578 -1.5
      vertex -26.35 18.2 -1.5
      vertex -32.7022 13.6812 -1.5
    endloop
  endfacet
  facet normal 0 0 -1
    outer loop
      vertex -33.2369 14.8175 -1.5
      vertex -26.35 18.2 -1.5
      vertex -32.9517 14.2578 -1.5
    endloop
  endfacet
  facet normal 0 0 -1
    outer loop
      vertex -23.0028 18.6702 -1.5
      vertex -18.0428 18.6 -1.5
      vertex -22.9192 18.5254 -1.5
    endloop
  endfacet
  facet normal -0 0 -1
    outer loop
      vertex -26.1445 18.7353 -1.5
      vertex -36.1221 18.0902 -1.5
      vertex -26.0202 18.8472 -1.5
    endloop
  endfacet
  facet normal 0 0 -1
    outer loop
      vertex -23.0028 18.6702 -1.5
      vertex -17.9445 18.7353 -1.5
      vertex -18.0428 18.6 -1.5
    endloop
  endfacet
  facet normal 0 0 -1
    outer loop
      vertex 17.5972 18.9608 -1.5
      vertex 23.3246 18.9308 -1.5
      vertex 17.75 18.8928 -1.5
    endloop
  endfacet
  facet normal 0 0 -1
    outer loop
      vertex 23.65 19 -1.5
      vertex 39.5862 38 -1.5
      vertex 25.55 19 -1.5
    endloop
  endfacet
  facet normal 0 0 -1
    outer loop
      vertex 37.1824 18.7631 -1.5
      vertex 39.5862 38 -1.5
      vertex 37.7422 19.0483 -1.5
    endloop
  endfacet
  facet normal 0 0 -1
    outer loop
      vertex 39.5862 38 -1.5
      vertex 38.9098 19.5106 -1.5
      vertex 38.3187 19.2978 -1.5
    endloop
  endfacet
  facet normal 0 0 -1
    outer loop
      vertex 39.5862 38 -1.5
      vertex 39.5131 19.6858 -1.5
      vertex 38.9098 19.5106 -1.5
    endloop
  endfacet
  facet normal 0 -0 -1
    outer loop
      vertex 39.5862 38 -1.5
      vertex 40.1262 19.8229 -1.5
      vertex 39.5131 19.6858 -1.5
    endloop
  endfacet
  facet normal 0 0 -1
    outer loop
      vertex 39.5862 38 -1.5
      vertex 40.7467 19.9211 -1.5
      vertex 40.1262 19.8229 -1.5
    endloop
  endfacet
  facet normal 0 0 -1
    outer loop
      vertex 39.5862 38 -1.5
      vertex 40.4081 37.932 -1.5
      vertex 40.7467 19.9211 -1.5
    endloop
  endfacet
  facet normal 0 0 -1
    outer loop
      vertex 40.7467 19.9211 -1.5
      vertex 40.4081 37.932 -1.5
      vertex 41.3721 19.9803 -1.5
    endloop
  endfacet
  facet normal 0 0 -1
    outer loop
      vertex 41.3721 19.9803 -1.5
      vertex 40.4081 37.932 -1.5
      vertex 42 20 -1.5
    endloop
  endfacet
  facet normal 0 0 -1
    outer loop
      vertex 42 20 -1.5
      vertex 40.4081 37.932 -1.5
      vertex 42.6279 19.9803 -1.5
    endloop
  endfacet
  facet normal 0 0 -1
    outer loop
      vertex 43.8738 19.8229 -1.5
      vertex 40.4081 37.932 -1.5
      vertex 44.4869 19.6858 -1.5
    endloop
  endfacet
  facet normal 0 0 -1
    outer loop
      vertex 44.4869 19.6858 -1.5
      vertex 40.4081 37.932 -1.5
      vertex 55.0305 35.4949 -1.5
    endloop
  endfacet
  facet normal 0 0 -1
    outer loop
      vertex 45.0902 19.5106 -1.5
      vertex 55.0305 35.4949 -1.5
      vertex 45.6812 19.2978 -1.5
    endloop
  endfacet
  facet normal 0 0 -1
    outer loop
      vertex 45.6812 19.2978 -1.5
      vertex 55.0305 35.4949 -1.5
      vertex 46.2578 19.0483 -1.5
    endloop
  endfacet
  facet normal 0 0 -1
    outer loop
      vertex 46.2578 19.0483 -1.5
      vertex 55.0305 35.4949 -1.5
      vertex 46.8175 18.7631 -1.5
    endloop
  endfacet
  facet normal 0 0 -1
    outer loop
      vertex 46.8175 18.7631 -1.5
      vertex 55.0305 35.4949 -1.5
      vertex 58.952 32.1441 -1.5
    endloop
  endfacet
  facet normal 0 0 -1
    outer loop
      vertex 47.3583 18.4433 -1.5
      vertex 46.8175 18.7631 -1.5
      vertex 58.952 32.1441 -1.5
    endloop
  endfacet
  facet normal 0 0 -1
    outer loop
      vertex 47.8778 18.0902 -1.5
      vertex 47.3583 18.4433 -1.5
      vertex 58.952 32.1441 -1.5
    endloop
  endfacet
  facet normal 0 0 -1
    outer loop
      vertex 48.3742 17.7051 -1.5
      vertex 47.8778 18.0902 -1.5
      vertex 58.952 32.1441 -1.5
    endloop
  endfacet
  facet normal -0 0 -1
    outer loop
      vertex 62.7434 20.7697 -1.5
      vertex 48.3742 17.7051 -1.5
      vertex 58.952 32.1441 -1.5
    endloop
  endfacet
  facet normal 0 0 -1
    outer loop
      vertex 62.7434 20.7697 -1.5
      vertex 48.8455 17.2897 -1.5
      vertex 48.3742 17.7051 -1.5
    endloop
  endfacet
  facet normal 0 0 -1
    outer loop
      vertex 49.7051 16.3742 -1.5
      vertex 49.2897 16.8455 -1.5
      vertex 62.7434 20.7697 -1.5
    endloop
  endfacet
  facet normal 0 0 -1
    outer loop
      vertex 50.0902 15.8778 -1.5
      vertex 49.7051 16.3742 -1.5
      vertex 62.7434 20.7697 -1.5
    endloop
  endfacet
  facet normal 0 0 -1
    outer loop
      vertex 50.4433 15.3583 -1.5
      vertex 50.0902 15.8778 -1.5
      vertex 62.7434 20.7697 -1.5
    endloop
  endfacet
  facet normal 0 -0 -1
    outer loop
      vertex 62.7434 20.7697 -1.5
      vertex 63 19.1886 -1.5
      vertex 50.4433 15.3583 -1.5
    endloop
  endfacet
  facet normal 0 0 -1
    outer loop
      vertex 50.4433 15.3583 -1.5
      vertex 63 19.1886 -1.5
      vertex 50.7631 14.8175 -1.5
    endloop
  endfacet
  facet normal 0 0 -1
    outer loop
      vertex 50.7631 14.8175 -1.5
      vertex 63 19.1886 -1.5
      vertex 51.0483 14.2578 -1.5
    endloop
  endfacet
  facet normal 0 0 -1
    outer loop
      vertex 51.0483 14.2578 -1.5
      vertex 63 19.1886 -1.5
      vertex 51.2978 13.6812 -1.5
    endloop
  endfacet
  facet normal 0 0 -1
    outer loop
      vertex 51.2978 13.6812 -1.5
      vertex 63 19.1886 -1.5
      vertex 51.5106 13.0902 -1.5
    endloop
  endfacet
  facet normal 0 0 -1
    outer loop
      vertex 51.5106 13.0902 -1.5
      vertex 63 19.1886 -1.5
      vertex 51.6858 12.4869 -1.5
    endloop
  endfacet
  facet normal 0 0 -1
    outer loop
      vertex 51.6858 12.4869 -1.5
      vertex 63 19.1886 -1.5
      vertex 51.8229 11.8738 -1.5
    endloop
  endfacet
  facet normal 0 0 -1
    outer loop
      vertex 51.8229 11.8738 -1.5
      vertex 63 19.1886 -1.5
      vertex 63 7.31219 -1.5
    endloop
  endfacet
  facet normal 0 0 -1
    outer loop
      vertex 51.9211 11.2533 -1.5
      vertex 51.8229 11.8738 -1.5
      vertex 63 7.31219 -1.5
    endloop
  endfacet
  facet normal 0 0 -1
    outer loop
      vertex 51.9803 10.6279 -1.5
      vertex 51.9211 11.2533 -1.5
      vertex 63 7.31219 -1.5
    endloop
  endfacet
  facet normal 0 0 -1
    outer loop
      vertex 52 10 -1.5
      vertex 51.9803 10.6279 -1.5
      vertex 63 7.31219 -1.5
    endloop
  endfacet
  facet normal 0 0 -1
    outer loop
      vertex 51.9803 9.37209 -1.5
      vertex 52 10 -1.5
      vertex 63 7.31219 -1.5
    endloop
  endfacet
  facet normal 0 0 -1
    outer loop
      vertex 51.9211 8.74666 -1.5
      vertex 51.9803 9.37209 -1.5
      vertex 63 7.31219 -1.5
    endloop
  endfacet
  facet normal 0 0 -1
    outer loop
      vertex 61.2382 3.5025 -1.5
      vertex 51.9211 8.74666 -1.5
      vertex 63 7.31219 -1.5
    endloop
  endfacet
  facet normal 0 0 -1
    outer loop
      vertex 61.2382 3.5025 -1.5
      vertex 51.8229 8.12617 -1.5
      vertex 51.9211 8.74666 -1.5
    endloop
  endfacet
  facet normal 0 0 -1
    outer loop
      vertex 61.2382 3.5025 -1.5
      vertex 51.6858 7.51309 -1.5
      vertex 51.8229 8.12617 -1.5
    endloop
  endfacet
  facet normal 0 0 -1
    outer loop
      vertex 61.2382 3.5025 -1.5
      vertex 51.5106 6.90982 -1.5
      vertex 51.6858 7.51309 -1.5
    endloop
  endfacet
  facet normal 0 0 -1
    outer loop
      vertex 61.2382 3.5025 -1.5
      vertex 51.2978 6.31874 -1.5
      vertex 51.5106 6.90982 -1.5
    endloop
  endfacet
  facet normal 0 0 -1
    outer loop
      vertex 50.7631 5.18245 -1.5
      vertex 51.0483 5.7422 -1.5
      vertex 61.2382 3.5025 -1.5
    endloop
  endfacet
  facet normal 0 0 -1
    outer loop
      vertex 51.0483 5.7422 -1.5
      vertex 51.2978 6.31874 -1.5
      vertex 61.2382 3.5025 -1.5
    endloop
  endfacet
  facet normal 0 0 -1
    outer loop
      vertex 50.4433 4.64172 -1.5
      vertex 50.7631 5.18245 -1.5
      vertex 61.2382 3.5025 -1.5
    endloop
  endfacet
  facet normal 0 0 -1
    outer loop
      vertex 50.0902 4.12215 -1.5
      vertex 50.4433 4.64172 -1.5
      vertex 61.2382 3.5025 -1.5
    endloop
  endfacet
  facet normal 0 0 -1
    outer loop
      vertex 49.7051 3.62575 -1.5
      vertex 50.0902 4.12215 -1.5
      vertex 61.2382 3.5025 -1.5
    endloop
  endfacet
  facet normal 0 0 -1
    outer loop
      vertex 49.2897 3.15453 -1.5
      vertex 49.7051 3.62575 -1.5
      vertex 61.2382 3.5025 -1.5
    endloop
  endfacet
  facet normal 0 0 -1
    outer loop
      vertex 48.8455 2.71031 -1.5
      vertex 49.2897 3.15453 -1.5
      vertex 61.2382 3.5025 -1.5
    endloop
  endfacet
  facet normal 0 0 -1
    outer loop
      vertex 48.3742 2.29486 -1.5
      vertex 48.8455 2.71031 -1.5
      vertex 61.2382 3.5025 -1.5
    endloop
  endfacet
  facet normal 0 0 -1
    outer loop
      vertex 47.8778 1.90982 -1.5
      vertex 48.3742 2.29486 -1.5
      vertex 61.2382 3.5025 -1.5
    endloop
  endfacet
  facet normal 0 0 -1
    outer loop
      vertex 43 -12 -1.5
      vertex 47.8778 1.90982 -1.5
      vertex 61.2382 3.5025 -1.5
    endloop
  endfacet
  facet normal 0 0 -1
    outer loop
      vertex 43 -12 -1.5
      vertex 47.3583 1.55672 -1.5
      vertex 47.8778 1.90982 -1.5
    endloop
  endfacet
  facet normal 0 0 -1
    outer loop
      vertex 43 -12 -1.5
      vertex 46.8175 1.23692 -1.5
      vertex 47.3583 1.55672 -1.5
    endloop
  endfacet
  facet normal 0 0 -1
    outer loop
      vertex 43 -12 -1.5
      vertex 46.2578 0.951721 -1.5
      vertex 46.8175 1.23692 -1.5
    endloop
  endfacet
  facet normal 0 0 -1
    outer loop
      vertex 43 -12 -1.5
      vertex 45.6812 0.702225 -1.5
      vertex 46.2578 0.951721 -1.5
    endloop
  endfacet
  facet normal 0 0 -1
    outer loop
      vertex 43 -12 -1.5
      vertex 45.0902 0.489426 -1.5
      vertex 45.6812 0.702225 -1.5
    endloop
  endfacet
  facet normal 0 0 -1
    outer loop
      vertex 43 -12 -1.5
      vertex 44.4869 0.314163 -1.5
      vertex 45.0902 0.489426 -1.5
    endloop
  endfacet
  facet normal 0 0 -1
    outer loop
      vertex 43 -12 -1.5
      vertex 43.8738 0.177124 -1.5
      vertex 44.4869 0.314163 -1.5
    endloop
  endfacet
  facet normal 0 0 -1
    outer loop
      vertex 43 -12 -1.5
      vertex 43.2533 0.0788422 -1.5
      vertex 43.8738 0.177124 -1.5
    endloop
  endfacet
  facet normal 0 0 -1
    outer loop
      vertex 43 -12 -1.5
      vertex 42.6279 0.0197296 -1.5
      vertex 43.2533 0.0788422 -1.5
    endloop
  endfacet
  facet normal 0 0 -1
    outer loop
      vertex -35.6257 2.29486 -1.5
      vertex -35.1545 2.71031 -1.5
      vertex -26.35 -28.2 -1.5
    endloop
  endfacet
  facet normal 0 0 -1
    outer loop
      vertex -20.6207 -37.8381 -1.5
      vertex -25.95 -28.8928 -1.5
      vertex -25.7972 -28.9608 -1.5
    endloop
  endfacet
  facet normal 0 0 -1
    outer loop
      vertex -39.2621 -32.9751 -1.5
      vertex -26.0853 -28.7945 -1.5
      vertex -25.95 -28.8928 -1.5
    endloop
  endfacet
  facet normal 0 0 -1
    outer loop
      vertex -39.2621 -32.9751 -1.5
      vertex -26.1972 -28.6702 -1.5
      vertex -26.0853 -28.7945 -1.5
    endloop
  endfacet
  facet normal 0 0 -1
    outer loop
      vertex -39.2621 -32.9751 -1.5
      vertex -26.2808 -28.5254 -1.5
      vertex -26.1972 -28.6702 -1.5
    endloop
  endfacet
  facet normal 0 0 -1
    outer loop
      vertex -39.2621 -32.9751 -1.5
      vertex -26.3325 -28.3663 -1.5
      vertex -26.2808 -28.5254 -1.5
    endloop
  endfacet
  facet normal 0 0 -1
    outer loop
      vertex -39.2621 -32.9751 -1.5
      vertex -26.35 -28.2 -1.5
      vertex -26.3325 -28.3663 -1.5
    endloop
  endfacet
  facet normal 0 0 -1
    outer loop
      vertex -26.35 -28.2 -1.5
      vertex -43 -28.137 -1.5
      vertex -43 -12 -1.5
    endloop
  endfacet
  facet normal 0 0 -1
    outer loop
      vertex -39.2621 -32.9751 -1.5
      vertex -43 -28.137 -1.5
      vertex -26.35 -28.2 -1.5
    endloop
  endfacet
  facet normal 0 0 -1
    outer loop
      vertex -26.35 -28.2 -1.5
      vertex -35.1545 2.71031 -1.5
      vertex -34.7103 3.15453 -1.5
    endloop
  endfacet
  facet normal 0 0 -1
    outer loop
      vertex -33.5567 15.3583 -1.5
      vertex -26.35 18.2 -1.5
      vertex -33.2369 14.8175 -1.5
    endloop
  endfacet
  facet normal 0 0 -1
    outer loop
      vertex -39.5862 38 -1.5
      vertex -23.65 19 -1.5
      vertex -25.55 19 -1.5
    endloop
  endfacet
  facet normal 0 0 -1
    outer loop
      vertex -34.2949 3.62575 -1.5
      vertex -33.9098 4.12215 -1.5
      vertex -26.35 -28.2 -1.5
    endloop
  endfacet
  facet normal 0 0 -1
    outer loop
      vertex -33.9098 4.12215 -1.5
      vertex -33.5567 4.64172 -1.5
      vertex -26.35 -28.2 -1.5
    endloop
  endfacet
  facet normal 0 0 -1
    outer loop
      vertex -33.5567 4.64172 -1.5
      vertex -33.2369 5.18245 -1.5
      vertex -26.35 -28.2 -1.5
    endloop
  endfacet
  facet normal 0 0 -1
    outer loop
      vertex -33.2369 5.18245 -1.5
      vertex -32.9517 5.7422 -1.5
      vertex -26.35 -28.2 -1.5
    endloop
  endfacet
  facet normal 0 0 -1
    outer loop
      vertex -32.9517 5.7422 -1.5
      vertex -32.7022 6.31874 -1.5
      vertex -26.35 -28.2 -1.5
    endloop
  endfacet
  facet normal 0 0 -1
    outer loop
      vertex -32.7022 6.31874 -1.5
      vertex -32.4894 6.90982 -1.5
      vertex -26.35 -28.2 -1.5
    endloop
  endfacet
  facet normal 0 0 -1
    outer loop
      vertex -32.4894 6.90982 -1.5
      vertex -26.35 18.2 -1.5
      vertex -26.35 -28.2 -1.5
    endloop
  endfacet
  facet normal 0 0 -1
    outer loop
      vertex -20.6207 -37.8381 -1.5
      vertex -23.65 -29 -1.5
      vertex -23.4837 -28.9825 -1.5
    endloop
  endfacet
  facet normal 0 0 -1
    outer loop
      vertex -25.8754 18.9308 -1.5
      vertex -39.5862 38 -1.5
      vertex -25.7163 18.9825 -1.5
    endloop
  endfacet
  facet normal 0 0 -1
    outer loop
      vertex -25.7163 18.9825 -1.5
      vertex -39.5862 38 -1.5
      vertex -25.55 19 -1.5
    endloop
  endfacet
  facet normal 0 0 -1
    outer loop
      vertex -39.5862 38 -1.5
      vertex -23.4028 18.9608 -1.5
      vertex -23.65 19 -1.5
    endloop
  endfacet
  facet normal -0 0 -1
    outer loop
      vertex -17.9445 18.7353 -1.5
      vertex -23.0028 18.6702 -1.5
      vertex -23.1147 18.7945 -1.5
    endloop
  endfacet
  facet normal 0 0 -1
    outer loop
      vertex -14.7192 18.5254 -1.5
      vertex -9.91084 18.4472 -1.5
      vertex -14.6675 18.3663 -1.5
    endloop
  endfacet
  facet normal 0 0 -1
    outer loop
      vertex -39.5862 38 -1.5
      vertex -9.31633 18.9825 -1.5
      vertex -15.45 19 -1.5
    endloop
  endfacet
  facet normal -0 -0 -1
    outer loop
      vertex -9.95 18.2 -1.5
      vertex -9.95 -28.2 -1.5
      vertex -14.65 18.2 -1.5
    endloop
  endfacet
  facet normal 0 0 -1
    outer loop
      vertex -6.46748 18.3663 -1.5
      vertex -1.71085 18.4472 -1.5
      vertex -1.75 18.2 -1.5
    endloop
  endfacet
  facet normal 0 0 -1
    outer loop
      vertex -1.75 18.2 -1.5
      vertex -6.45 18.2 -1.5
      vertex -6.46748 18.3663 -1.5
    endloop
  endfacet
  facet normal 0 0 -1
    outer loop
      vertex 9.79721 18.6702 -1.5
      vertex 14.8555 18.7353 -1.5
      vertex 14.7572 18.6 -1.5
    endloop
  endfacet
  facet normal 0 0 -1
    outer loop
      vertex -17.8853 -28.7945 -1.5
      vertex -23.0555 -28.7353 -1.5
      vertex -17.9972 -28.6702 -1.5
    endloop
  endfacet
  facet normal 0 0 -1
    outer loop
      vertex -20.6207 -37.8381 -1.5
      vertex -23.1798 -28.8472 -1.5
      vertex -17.75 -28.8928 -1.5
    endloop
  endfacet
  facet normal 0 -0 -1
    outer loop
      vertex -17.35 -29 -1.5
      vertex -15.45 -29 -1.5
      vertex -19.3585 -38 -1.5
    endloop
  endfacet
  facet normal 0 0 -1
    outer loop
      vertex -20.6207 -37.8381 -1.5
      vertex -17.5972 -28.9608 -1.5
      vertex -20.3144 -37.9078 -1.5
    endloop
  endfacet
  facet normal 0 0 -1
    outer loop
      vertex -20.6207 -37.8381 -1.5
      vertex -23.3246 -28.9308 -1.5
      vertex -23.1798 -28.8472 -1.5
    endloop
  endfacet
  facet normal 0 0 -1
    outer loop
      vertex -20.6207 -37.8381 -1.5
      vertex -23.4837 -28.9825 -1.5
      vertex -23.3246 -28.9308 -1.5
    endloop
  endfacet
  facet normal 0 0 -1
    outer loop
      vertex -14.9798 -28.8472 -1.5
      vertex -14.8555 -28.7353 -1.5
      vertex -9.6853 -28.7945 -1.5
    endloop
  endfacet
  facet normal -0 -0 -1
    outer loop
      vertex 6.45 18.2 -1.5
      vertex 6.45 -28.2 -1.5
      vertex 1.75 18.2 -1.5
    endloop
  endfacet
  facet normal -0 0 -1
    outer loop
      vertex -17.5972 -28.9608 -1.5
      vertex -20.6207 -37.8381 -1.5
      vertex -17.75 -28.8928 -1.5
    endloop
  endfacet
  facet normal 0 0 -1
    outer loop
      vertex -20.0043 -37.9581 -1.5
      vertex -20.3144 -37.9078 -1.5
      vertex -17.5972 -28.9608 -1.5
    endloop
  endfacet
  facet normal -0 0 -1
    outer loop
      vertex -17.9972 -28.6702 -1.5
      vertex -23.0555 -28.7353 -1.5
      vertex -22.9572 -28.6 -1.5
    endloop
  endfacet
  facet normal 0 -0 -1
    outer loop
      vertex -18.0808 -28.5254 -1.5
      vertex -17.9972 -28.6702 -1.5
      vertex -22.9572 -28.6 -1.5
    endloop
  endfacet
  facet normal 0 -0 -1
    outer loop
      vertex -22.8891 -28.4472 -1.5
      vertex -18.0808 -28.5254 -1.5
      vertex -22.9572 -28.6 -1.5
    endloop
  endfacet
  facet normal 0 0 -1
    outer loop
      vertex -22.8891 -28.4472 -1.5
      vertex -18.1325 -28.3663 -1.5
      vertex -18.0808 -28.5254 -1.5
    endloop
  endfacet
  facet normal 0 0 -1
    outer loop
      vertex -22.8891 -28.4472 -1.5
      vertex -22.85 -28.2 -1.5
      vertex -18.1325 -28.3663 -1.5
    endloop
  endfacet
  facet normal 0 0 -1
    outer loop
      vertex -18.1325 -28.3663 -1.5
      vertex -22.85 -28.2 -1.5
      vertex -18.15 -28.2 -1.5
    endloop
  endfacet
  facet normal 0 0 -1
    outer loop
      vertex -18.15 -28.2 -1.5
      vertex -22.85 -28.2 -1.5
      vertex -22.85 18.2 -1.5
    endloop
  endfacet
  facet normal 0 0 -1
    outer loop
      vertex -18.1108 18.4472 -1.5
      vertex -18.15 18.2 -1.5
      vertex -22.8675 18.3663 -1.5
    endloop
  endfacet
  facet normal 0 0 -1
    outer loop
      vertex -9.91084 18.4472 -1.5
      vertex -14.7192 18.5254 -1.5
      vertex -9.84282 18.6 -1.5
    endloop
  endfacet
  facet normal 0 0 -1
    outer loop
      vertex -23.1147 18.7945 -1.5
      vertex -17.8202 18.8472 -1.5
      vertex -17.9445 18.7353 -1.5
    endloop
  endfacet
  facet normal 0 0 -1
    outer loop
      vertex -23.1147 18.7945 -1.5
      vertex -23.25 18.8928 -1.5
      vertex -17.8202 18.8472 -1.5
    endloop
  endfacet
  facet normal 0 0 -1
    outer loop
      vertex -17.8202 18.8472 -1.5
      vertex -23.25 18.8928 -1.5
      vertex -17.6754 18.9308 -1.5
    endloop
  endfacet
  facet normal -0 0 -1
    outer loop
      vertex -17.6754 18.9308 -1.5
      vertex -23.25 18.8928 -1.5
      vertex -23.4028 18.9608 -1.5
    endloop
  endfacet
  facet normal 0 0 -1
    outer loop
      vertex -17.5163 18.9825 -1.5
      vertex -17.6754 18.9308 -1.5
      vertex -23.4028 18.9608 -1.5
    endloop
  endfacet
  facet normal 0 0 -1
    outer loop
      vertex -17.5163 18.9825 -1.5
      vertex -39.5862 38 -1.5
      vertex -17.35 19 -1.5
    endloop
  endfacet
  facet normal 0 0 -1
    outer loop
      vertex -17.35 19 -1.5
      vertex -39.5862 38 -1.5
      vertex -15.45 19 -1.5
    endloop
  endfacet
  facet normal 0 0 -1
    outer loop
      vertex -14.8028 18.6702 -1.5
      vertex -14.9147 18.7945 -1.5
      vertex -9.74451 18.7353 -1.5
    endloop
  endfacet
  facet normal 0 0 -1
    outer loop
      vertex -14.9147 18.7945 -1.5
      vertex -15.05 18.8928 -1.5
      vertex -9.62022 18.8472 -1.5
    endloop
  endfacet
  facet normal -0 0 -1
    outer loop
      vertex -1.54451 18.7353 -1.5
      vertex -6.60278 18.6702 -1.5
      vertex -6.71469 18.7945 -1.5
    endloop
  endfacet
  facet normal 0 0 -1
    outer loop
      vertex -14.65 18.2 -1.5
      vertex -14.6675 18.3663 -1.5
      vertex -9.95 18.2 -1.5
    endloop
  endfacet
  facet normal 0 0 -1
    outer loop
      vertex 1.75 18.2 -1.5
      vertex 1.73251 18.3663 -1.5
      vertex 6.45 18.2 -1.5
    endloop
  endfacet
  facet normal 0 0 -1
    outer loop
      vertex 9.93251 18.3663 -1.5
      vertex 14.6891 18.4472 -1.5
      vertex 14.65 18.2 -1.5
    endloop
  endfacet
  facet normal -0 0 -1
    outer loop
      vertex 37.1824 18.7631 -1.5
      vertex 36.6417 18.4433 -1.5
      vertex 25.95 18.8928 -1.5
    endloop
  endfacet
  facet normal 0 0 -1
    outer loop
      vertex 9.95 18.2 -1.5
      vertex 9.93251 18.3663 -1.5
      vertex 14.65 18.2 -1.5
    endloop
  endfacet
  facet normal 0 0 -1
    outer loop
      vertex -14.65 -28.2 -1.5
      vertex -14.65 18.2 -1.5
      vertex -9.95 -28.2 -1.5
    endloop
  endfacet
  facet normal 0 0 -1
    outer loop
      vertex -14.9798 -28.8472 -1.5
      vertex -9.6853 -28.7945 -1.5
      vertex -9.54999 -28.8928 -1.5
    endloop
  endfacet
  facet normal 0 0 -1
    outer loop
      vertex -9.3972 -28.9608 -1.5
      vertex -15.1246 -28.9308 -1.5
      vertex -9.54999 -28.8928 -1.5
    endloop
  endfacet
  facet normal 0 0 -1
    outer loop
      vertex -15.1246 -28.9308 -1.5
      vertex -14.9798 -28.8472 -1.5
      vertex -9.54999 -28.8928 -1.5
    endloop
  endfacet
  facet normal -0 0 -1
    outer loop
      vertex 0.949997 -29 -1.5
      vertex -19.3585 -38 -1.5
      vertex -0.949997 -29 -1.5
    endloop
  endfacet
  facet normal -0 0 -1
    outer loop
      vertex -9.3972 -28.9608 -1.5
      vertex -19.3585 -38 -1.5
      vertex -15.1246 -28.9308 -1.5
    endloop
  endfacet
  facet normal 0 -0 -1
    outer loop
      vertex -15.45 -29 -1.5
      vertex -15.2837 -28.9825 -1.5
      vertex -19.3585 -38 -1.5
    endloop
  endfacet
  facet normal 0 -0 -1
    outer loop
      vertex -15.2837 -28.9825 -1.5
      vertex -15.1246 -28.9308 -1.5
      vertex -19.3585 -38 -1.5
    endloop
  endfacet
  facet normal 0 0 -1
    outer loop
      vertex -6.77977 -28.8472 -1.5
      vertex -6.65549 -28.7353 -1.5
      vertex -1.48531 -28.7945 -1.5
    endloop
  endfacet
  facet normal 0 0 -1
    outer loop
      vertex 6.71469 -28.7945 -1.5
      vertex 1.54451 -28.7353 -1.5
      vertex 6.60278 -28.6702 -1.5
    endloop
  endfacet
  facet normal 0 -0 -1
    outer loop
      vertex -9.3972 -28.9608 -1.5
      vertex -9.14999 -29 -1.5
      vertex -19.3585 -38 -1.5
    endloop
  endfacet
  facet normal 0 -0 -1
    outer loop
      vertex -9.14999 -29 -1.5
      vertex -7.25 -29 -1.5
      vertex -19.3585 -38 -1.5
    endloop
  endfacet
  facet normal 0 0 -1
    outer loop
      vertex -14.8555 -28.7353 -1.5
      vertex -9.79721 -28.6702 -1.5
      vertex -9.6853 -28.7945 -1.5
    endloop
  endfacet
  facet normal 0 0 -1
    outer loop
      vertex -14.8555 -28.7353 -1.5
      vertex -14.7572 -28.6 -1.5
      vertex -9.79721 -28.6702 -1.5
    endloop
  endfacet
  facet normal 0 0 -1
    outer loop
      vertex -9.79721 -28.6702 -1.5
      vertex -14.7572 -28.6 -1.5
      vertex -9.88083 -28.5254 -1.5
    endloop
  endfacet
  facet normal -0 0 -1
    outer loop
      vertex -9.88083 -28.5254 -1.5
      vertex -14.7572 -28.6 -1.5
      vertex -14.6891 -28.4472 -1.5
    endloop
  endfacet
  facet normal 0 -0 -1
    outer loop
      vertex -9.93251 -28.3663 -1.5
      vertex -9.88083 -28.5254 -1.5
      vertex -14.6891 -28.4472 -1.5
    endloop
  endfacet
  facet normal 0 -0 -1
    outer loop
      vertex -14.65 -28.2 -1.5
      vertex -9.93251 -28.3663 -1.5
      vertex -14.6891 -28.4472 -1.5
    endloop
  endfacet
  facet normal 0 0 -1
    outer loop
      vertex -14.65 -28.2 -1.5
      vertex -9.95 -28.2 -1.5
      vertex -9.93251 -28.3663 -1.5
    endloop
  endfacet
  facet normal 0 0 -1
    outer loop
      vertex -9.91084 18.4472 -1.5
      vertex -9.95 18.2 -1.5
      vertex -14.6675 18.3663 -1.5
    endloop
  endfacet
  facet normal 0 0 -1
    outer loop
      vertex -1.71085 18.4472 -1.5
      vertex -6.51917 18.5254 -1.5
      vertex -1.64282 18.6 -1.5
    endloop
  endfacet
  facet normal 0 0 -1
    outer loop
      vertex -14.9147 18.7945 -1.5
      vertex -9.62022 18.8472 -1.5
      vertex -9.74451 18.7353 -1.5
    endloop
  endfacet
  facet normal 0 0 -1
    outer loop
      vertex -15.05 18.8928 -1.5
      vertex -9.47539 18.9308 -1.5
      vertex -9.62022 18.8472 -1.5
    endloop
  endfacet
  facet normal 0 0 -1
    outer loop
      vertex -15.05 18.8928 -1.5
      vertex -15.2028 18.9608 -1.5
      vertex -9.47539 18.9308 -1.5
    endloop
  endfacet
  facet normal 0 0 -1
    outer loop
      vertex -9.47539 18.9308 -1.5
      vertex -15.2028 18.9608 -1.5
      vertex -9.31633 18.9825 -1.5
    endloop
  endfacet
  facet normal -0 0 -1
    outer loop
      vertex -9.31633 18.9825 -1.5
      vertex -15.2028 18.9608 -1.5
      vertex -15.45 19 -1.5
    endloop
  endfacet
  facet normal 0 0 -1
    outer loop
      vertex -9.31633 18.9825 -1.5
      vertex -39.5862 38 -1.5
      vertex -9.14999 19 -1.5
    endloop
  endfacet
  facet normal 0 0 -1
    outer loop
      vertex -9.14999 19 -1.5
      vertex -39.5862 38 -1.5
      vertex -7.25 19 -1.5
    endloop
  endfacet
  facet normal 0 0 -1
    outer loop
      vertex -1.54451 18.7353 -1.5
      vertex -6.71469 18.7945 -1.5
      vertex -1.42023 18.8472 -1.5
    endloop
  endfacet
  facet normal 0 0 -1
    outer loop
      vertex -1.42023 18.8472 -1.5
      vertex -6.85001 18.8928 -1.5
      vertex -1.27539 18.9308 -1.5
    endloop
  endfacet
  facet normal -0 0 -1
    outer loop
      vertex 6.65549 18.7353 -1.5
      vertex 1.59721 18.6702 -1.5
      vertex 1.48531 18.7945 -1.5
    endloop
  endfacet
  facet normal 0 0 -1
    outer loop
      vertex 18.1325 18.3663 -1.5
      vertex 22.8891 18.4472 -1.5
      vertex 22.85 18.2 -1.5
    endloop
  endfacet
  facet normal 0 0 -1
    outer loop
      vertex 26.0853 18.7945 -1.5
      vertex 35.6257 17.7051 -1.5
      vertex 26.1972 18.6702 -1.5
    endloop
  endfacet
  facet normal 0 0 -1
    outer loop
      vertex 26.1972 18.6702 -1.5
      vertex 35.6257 17.7051 -1.5
      vertex 35.1545 17.2897 -1.5
    endloop
  endfacet
  facet normal 0 -0 -1
    outer loop
      vertex -1.48531 -28.7945 -1.5
      vertex -1.34999 -28.8928 -1.5
      vertex -6.77977 -28.8472 -1.5
    endloop
  endfacet
  facet normal 0 -0 -1
    outer loop
      vertex -6.77977 -28.8472 -1.5
      vertex -1.34999 -28.8928 -1.5
      vertex -6.92461 -28.9308 -1.5
    endloop
  endfacet
  facet normal 0 0 -1
    outer loop
      vertex -6.92461 -28.9308 -1.5
      vertex -1.34999 -28.8928 -1.5
      vertex -1.1972 -28.9608 -1.5
    endloop
  endfacet
  facet normal 0 0 -1
    outer loop
      vertex -7.08366 -28.9825 -1.5
      vertex -6.92461 -28.9308 -1.5
      vertex -1.1972 -28.9608 -1.5
    endloop
  endfacet
  facet normal 0 0 -1
    outer loop
      vertex -19.3585 -38 -1.5
      vertex -7.08366 -28.9825 -1.5
      vertex -1.1972 -28.9608 -1.5
    endloop
  endfacet
  facet normal 0 0 -1
    outer loop
      vertex 19.3585 -38 -1.5
      vertex -19.3585 -38 -1.5
      vertex 0.949997 -29 -1.5
    endloop
  endfacet
  facet normal 0 0 -1
    outer loop
      vertex -7.08366 -28.9825 -1.5
      vertex -19.3585 -38 -1.5
      vertex -7.25 -29 -1.5
    endloop
  endfacet
  facet normal 0 0 -1
    outer loop
      vertex 17.6754 -28.9308 -1.5
      vertex 19.9852 -37.9606 -1.5
      vertex 19.6725 -37.9901 -1.5
    endloop
  endfacet
  facet normal -0 0 -1
    outer loop
      vertex -0.949997 -29 -1.5
      vertex -19.3585 -38 -1.5
      vertex -1.1972 -28.9608 -1.5
    endloop
  endfacet
  facet normal 0 -0 -1
    outer loop
      vertex -1.59721 -28.6702 -1.5
      vertex -1.48531 -28.7945 -1.5
      vertex -6.65549 -28.7353 -1.5
    endloop
  endfacet
  facet normal 0 -0 -1
    outer loop
      vertex -6.55717 -28.6 -1.5
      vertex -1.59721 -28.6702 -1.5
      vertex -6.65549 -28.7353 -1.5
    endloop
  endfacet
  facet normal 0 0 -1
    outer loop
      vertex -6.55717 -28.6 -1.5
      vertex -1.68083 -28.5254 -1.5
      vertex -1.59721 -28.6702 -1.5
    endloop
  endfacet
  facet normal 0 0 -1
    outer loop
      vertex -6.55717 -28.6 -1.5
      vertex -6.48915 -28.4472 -1.5
      vertex -1.68083 -28.5254 -1.5
    endloop
  endfacet
  facet normal 0 0 -1
    outer loop
      vertex -1.68083 -28.5254 -1.5
      vertex -6.48915 -28.4472 -1.5
      vertex -1.73251 -28.3663 -1.5
    endloop
  endfacet
  facet normal -0 0 -1
    outer loop
      vertex -1.73251 -28.3663 -1.5
      vertex -6.48915 -28.4472 -1.5
      vertex -6.45 -28.2 -1.5
    endloop
  endfacet
  facet normal 0 0 -1
    outer loop
      vertex -6.45 18.2 -1.5
      vertex -1.75 -28.2 -1.5
      vertex -6.45 -28.2 -1.5
    endloop
  endfacet
  facet normal -0 -0 -1
    outer loop
      vertex -1.75 -28.2 -1.5
      vertex -1.73251 -28.3663 -1.5
      vertex -6.45 -28.2 -1.5
    endloop
  endfacet
  facet normal 0 0 -1
    outer loop
      vertex 6.55717 18.6 -1.5
      vertex 6.48915 18.4472 -1.5
      vertex 1.68083 18.5254 -1.5
    endloop
  endfacet
  facet normal -0 0 -1
    outer loop
      vertex 6.55717 18.6 -1.5
      vertex 1.68083 18.5254 -1.5
      vertex 1.59721 18.6702 -1.5
    endloop
  endfacet
  facet normal -0 0 -1
    outer loop
      vertex -1.42023 18.8472 -1.5
      vertex -6.71469 18.7945 -1.5
      vertex -6.85001 18.8928 -1.5
    endloop
  endfacet
  facet normal -0 0 -1
    outer loop
      vertex -1.27539 18.9308 -1.5
      vertex -6.85001 18.8928 -1.5
      vertex -7.00279 18.9608 -1.5
    endloop
  endfacet
  facet normal 0 0 -1
    outer loop
      vertex -1.11633 18.9825 -1.5
      vertex -1.27539 18.9308 -1.5
      vertex -7.00279 18.9608 -1.5
    endloop
  endfacet
  facet normal 0 0 -1
    outer loop
      vertex -7.25 19 -1.5
      vertex -1.11633 18.9825 -1.5
      vertex -7.00279 18.9608 -1.5
    endloop
  endfacet
  facet normal 0 0 -1
    outer loop
      vertex -7.25 19 -1.5
      vertex -0.949997 19 -1.5
      vertex -1.11633 18.9825 -1.5
    endloop
  endfacet
  facet normal 0 0 -1
    outer loop
      vertex -7.25 19 -1.5
      vertex -39.5862 38 -1.5
      vertex -0.949997 19 -1.5
    endloop
  endfacet
  facet normal 0 0 -1
    outer loop
      vertex -0.949997 19 -1.5
      vertex -39.5862 38 -1.5
      vertex 0.949997 19 -1.5
    endloop
  endfacet
  facet normal -0 0 -1
    outer loop
      vertex 6.77977 18.8472 -1.5
      vertex 1.48531 18.7945 -1.5
      vertex 1.34999 18.8928 -1.5
    endloop
  endfacet
  facet normal 0 0 -1
    outer loop
      vertex 0.949997 19 -1.5
      vertex -39.5862 38 -1.5
      vertex 39.5862 38 -1.5
    endloop
  endfacet
  facet normal 0 0 -1
    outer loop
      vertex 9.88083 18.5254 -1.5
      vertex 9.79721 18.6702 -1.5
      vertex 14.7572 18.6 -1.5
    endloop
  endfacet
  facet normal -0 0 -1
    outer loop
      vertex 6.48915 18.4472 -1.5
      vertex 1.73251 18.3663 -1.5
      vertex 1.68083 18.5254 -1.5
    endloop
  endfacet
  facet normal 0 0 -1
    outer loop
      vertex 26.3325 18.3663 -1.5
      vertex 26.2808 18.5254 -1.5
      vertex 34.7103 16.8455 -1.5
    endloop
  endfacet
  facet normal 0 0 -1
    outer loop
      vertex 34.2949 16.3742 -1.5
      vertex 26.3325 18.3663 -1.5
      vertex 34.7103 16.8455 -1.5
    endloop
  endfacet
  facet normal -0 0 -1
    outer loop
      vertex 34.2949 16.3742 -1.5
      vertex 33.9098 15.8778 -1.5
      vertex 26.3325 18.3663 -1.5
    endloop
  endfacet
  facet normal 0 0 -1
    outer loop
      vertex 26.35 18.2 -1.5
      vertex 33.9098 15.8778 -1.5
      vertex 33.5567 15.3583 -1.5
    endloop
  endfacet
  facet normal 0 0 -1
    outer loop
      vertex 33.2369 14.8175 -1.5
      vertex 26.35 18.2 -1.5
      vertex 33.5567 15.3583 -1.5
    endloop
  endfacet
  facet normal -0 0 -1
    outer loop
      vertex 33.2369 14.8175 -1.5
      vertex 32.9517 14.2578 -1.5
      vertex 26.35 18.2 -1.5
    endloop
  endfacet
  facet normal 0 0 -1
    outer loop
      vertex 9.91084 -28.4472 -1.5
      vertex 9.95 -28.2 -1.5
      vertex 14.6675 -28.3663 -1.5
    endloop
  endfacet
  facet normal 0 0 -1
    outer loop
      vertex 1.42023 -28.8472 -1.5
      vertex 6.71469 -28.7945 -1.5
      vertex 6.85001 -28.8928 -1.5
    endloop
  endfacet
  facet normal 0 0 -1
    outer loop
      vertex 1.27539 -28.9308 -1.5
      vertex 1.42023 -28.8472 -1.5
      vertex 6.85001 -28.8928 -1.5
    endloop
  endfacet
  facet normal 0 0 -1
    outer loop
      vertex 7.00279 -28.9608 -1.5
      vertex 1.27539 -28.9308 -1.5
      vertex 6.85001 -28.8928 -1.5
    endloop
  endfacet
  facet normal -0 0 -1
    outer loop
      vertex 7.00279 -28.9608 -1.5
      vertex 1.11633 -28.9825 -1.5
      vertex 1.27539 -28.9308 -1.5
    endloop
  endfacet
  facet normal 0 -0 -1
    outer loop
      vertex 7.00279 -28.9608 -1.5
      vertex 19.3585 -38 -1.5
      vertex 1.11633 -28.9825 -1.5
    endloop
  endfacet
  facet normal 0 0 -1
    outer loop
      vertex 0.949997 -29 -1.5
      vertex 1.11633 -28.9825 -1.5
      vertex 19.3585 -38 -1.5
    endloop
  endfacet
  facet normal 0 -0 -1
    outer loop
      vertex 1.54451 -28.7353 -1.5
      vertex 6.71469 -28.7945 -1.5
      vertex 1.42023 -28.8472 -1.5
    endloop
  endfacet
  facet normal 0 -0 -1
    outer loop
      vertex 23.1147 -28.7945 -1.5
      vertex 23.25 -28.8928 -1.5
      vertex 17.8202 -28.8472 -1.5
    endloop
  endfacet
  facet normal 0 0 -1
    outer loop
      vertex 7.00279 -28.9608 -1.5
      vertex 7.25 -29 -1.5
      vertex 19.3585 -38 -1.5
    endloop
  endfacet
  facet normal 0 0 -1
    outer loop
      vertex 7.25 -29 -1.5
      vertex 9.14999 -29 -1.5
      vertex 19.3585 -38 -1.5
    endloop
  endfacet
  facet normal -0 0 -1
    outer loop
      vertex 6.60278 -28.6702 -1.5
      vertex 1.54451 -28.7353 -1.5
      vertex 1.64282 -28.6 -1.5
    endloop
  endfacet
  facet normal 0 -0 -1
    outer loop
      vertex 6.51917 -28.5254 -1.5
      vertex 6.60278 -28.6702 -1.5
      vertex 1.64282 -28.6 -1.5
    endloop
  endfacet
  facet normal 0 -0 -1
    outer loop
      vertex 1.71085 -28.4472 -1.5
      vertex 6.51917 -28.5254 -1.5
      vertex 1.64282 -28.6 -1.5
    endloop
  endfacet
  facet normal 0 0 -1
    outer loop
      vertex 1.71085 -28.4472 -1.5
      vertex 6.46748 -28.3663 -1.5
      vertex 6.51917 -28.5254 -1.5
    endloop
  endfacet
  facet normal 0 0 -1
    outer loop
      vertex 1.71085 -28.4472 -1.5
      vertex 1.75 -28.2 -1.5
      vertex 6.46748 -28.3663 -1.5
    endloop
  endfacet
  facet normal 0 0 -1
    outer loop
      vertex 6.46748 -28.3663 -1.5
      vertex 1.75 -28.2 -1.5
      vertex 6.45 -28.2 -1.5
    endloop
  endfacet
  facet normal 0 0 -1
    outer loop
      vertex 6.45 -28.2 -1.5
      vertex 1.75 -28.2 -1.5
      vertex 1.75 18.2 -1.5
    endloop
  endfacet
  facet normal 0 0 -1
    outer loop
      vertex 6.48915 18.4472 -1.5
      vertex 6.45 18.2 -1.5
      vertex 1.73251 18.3663 -1.5
    endloop
  endfacet
  facet normal 0 0 -1
    outer loop
      vertex 14.6891 18.4472 -1.5
      vertex 9.88083 18.5254 -1.5
      vertex 14.7572 18.6 -1.5
    endloop
  endfacet
  facet normal 0 0 -1
    outer loop
      vertex 6.77977 18.8472 -1.5
      vertex 6.65549 18.7353 -1.5
      vertex 1.48531 18.7945 -1.5
    endloop
  endfacet
  facet normal 0 0 -1
    outer loop
      vertex 6.92461 18.9308 -1.5
      vertex 6.77977 18.8472 -1.5
      vertex 1.34999 18.8928 -1.5
    endloop
  endfacet
  facet normal 0 0 -1
    outer loop
      vertex 1.1972 18.9608 -1.5
      vertex 6.92461 18.9308 -1.5
      vertex 1.34999 18.8928 -1.5
    endloop
  endfacet
  facet normal 0 0 -1
    outer loop
      vertex 1.1972 18.9608 -1.5
      vertex 7.08366 18.9825 -1.5
      vertex 6.92461 18.9308 -1.5
    endloop
  endfacet
  facet normal 0 0 -1
    outer loop
      vertex 1.1972 18.9608 -1.5
      vertex 0.949997 19 -1.5
      vertex 7.08366 18.9825 -1.5
    endloop
  endfacet
  facet normal 0 0 -1
    outer loop
      vertex 7.08366 18.9825 -1.5
      vertex 0.949997 19 -1.5
      vertex 7.25 19 -1.5
    endloop
  endfacet
  facet normal 0 0 -1
    outer loop
      vertex 7.25 19 -1.5
      vertex 0.949997 19 -1.5
      vertex 39.5862 38 -1.5
    endloop
  endfacet
  facet normal 0 0 -1
    outer loop
      vertex 15.1246 18.9308 -1.5
      vertex 14.9798 18.8472 -1.5
      vertex 9.54999 18.8928 -1.5
    endloop
  endfacet
  facet normal 0 0 -1
    outer loop
      vertex 9.14999 19 -1.5
      vertex 7.25 19 -1.5
      vertex 39.5862 38 -1.5
    endloop
  endfacet
  facet normal 0 0 -1
    outer loop
      vertex 23.3246 18.9308 -1.5
      vertex 23.1798 18.8472 -1.5
      vertex 17.75 18.8928 -1.5
    endloop
  endfacet
  facet normal 0 0 -1
    outer loop
      vertex 18.0808 18.5254 -1.5
      vertex 17.9972 18.6702 -1.5
      vertex 22.9572 18.6 -1.5
    endloop
  endfacet
  facet normal 0 0 -1
    outer loop
      vertex 26.1972 18.6702 -1.5
      vertex 35.1545 17.2897 -1.5
      vertex 26.2808 18.5254 -1.5
    endloop
  endfacet
  facet normal 0 0 -1
    outer loop
      vertex 26.35 18.2 -1.5
      vertex 32.1771 11.8738 -1.5
      vertex 32.0788 11.2533 -1.5
    endloop
  endfacet
  facet normal 0 0 -1
    outer loop
      vertex 17.8202 -28.8472 -1.5
      vertex 23.25 -28.8928 -1.5
      vertex 20.6207 -37.8381 -1.5
    endloop
  endfacet
  facet normal 0 0 -1
    outer loop
      vertex 26.35 18.2 -1.5
      vertex 32.4894 13.0902 -1.5
      vertex 32.3142 12.4869 -1.5
    endloop
  endfacet
  facet normal 0 -0 -1
    outer loop
      vertex 14.9147 -28.7945 -1.5
      vertex 15.05 -28.8928 -1.5
      vertex 9.62022 -28.8472 -1.5
    endloop
  endfacet
  facet normal 0 -0 -1
    outer loop
      vertex 9.62022 -28.8472 -1.5
      vertex 15.05 -28.8928 -1.5
      vertex 9.47539 -28.9308 -1.5
    endloop
  endfacet
  facet normal 0 0 -1
    outer loop
      vertex 9.47539 -28.9308 -1.5
      vertex 15.05 -28.8928 -1.5
      vertex 15.2028 -28.9608 -1.5
    endloop
  endfacet
  facet normal -0 -0 -1
    outer loop
      vertex 17.35 -29 -1.5
      vertex 19.3585 -38 -1.5
      vertex 15.45 -29 -1.5
    endloop
  endfacet
  facet normal -0 -0 -1
    outer loop
      vertex 15.45 -29 -1.5
      vertex 19.3585 -38 -1.5
      vertex 15.2028 -28.9608 -1.5
    endloop
  endfacet
  facet normal 0 -0 -1
    outer loop
      vertex 9.47539 -28.9308 -1.5
      vertex 19.3585 -38 -1.5
      vertex 9.31633 -28.9825 -1.5
    endloop
  endfacet
  facet normal 0 -0 -1
    outer loop
      vertex 9.31633 -28.9825 -1.5
      vertex 19.3585 -38 -1.5
      vertex 9.14999 -29 -1.5
    endloop
  endfacet
  facet normal 0 -0 -1
    outer loop
      vertex 9.74451 -28.7353 -1.5
      vertex 14.9147 -28.7945 -1.5
      vertex 9.62022 -28.8472 -1.5
    endloop
  endfacet
  facet normal 0 -0 -1
    outer loop
      vertex 43 -12 -1.5
      vertex 43 -28.137 -1.5
      vertex 26.35 -28.2 -1.5
    endloop
  endfacet
  facet normal 0 0 -1
    outer loop
      vertex 19.3585 -38 -1.5
      vertex 9.47539 -28.9308 -1.5
      vertex 15.2028 -28.9608 -1.5
    endloop
  endfacet
  facet normal -0 0 -1
    outer loop
      vertex 14.8028 -28.6702 -1.5
      vertex 9.74451 -28.7353 -1.5
      vertex 9.84282 -28.6 -1.5
    endloop
  endfacet
  facet normal 0 -0 -1
    outer loop
      vertex 14.7192 -28.5254 -1.5
      vertex 14.8028 -28.6702 -1.5
      vertex 9.84282 -28.6 -1.5
    endloop
  endfacet
  facet normal 0 -0 -1
    outer loop
      vertex 9.91084 -28.4472 -1.5
      vertex 14.7192 -28.5254 -1.5
      vertex 9.84282 -28.6 -1.5
    endloop
  endfacet
  facet normal 0 0 -1
    outer loop
      vertex 9.91084 -28.4472 -1.5
      vertex 14.6675 -28.3663 -1.5
      vertex 14.7192 -28.5254 -1.5
    endloop
  endfacet
  facet normal -0 0 -1
    outer loop
      vertex 23.65 -29 -1.5
      vertex 20.6207 -37.8381 -1.5
      vertex 23.4028 -28.9608 -1.5
    endloop
  endfacet
  facet normal 0 0 -1
    outer loop
      vertex 14.6675 -28.3663 -1.5
      vertex 9.95 -28.2 -1.5
      vertex 14.65 -28.2 -1.5
    endloop
  endfacet
  facet normal 0 0 -1
    outer loop
      vertex 37.1824 18.7631 -1.5
      vertex 25.95 18.8928 -1.5
      vertex 39.5862 38 -1.5
    endloop
  endfacet
  facet normal 0 0 -1
    outer loop
      vertex 9.93251 18.3663 -1.5
      vertex 9.88083 18.5254 -1.5
      vertex 14.6891 18.4472 -1.5
    endloop
  endfacet
  facet normal 0 0 -1
    outer loop
      vertex 9.95 -28.2 -1.5
      vertex 9.95 18.2 -1.5
      vertex 14.65 -28.2 -1.5
    endloop
  endfacet
  facet normal 0 0 -1
    outer loop
      vertex 9.95 18.2 -1.5
      vertex 14.65 18.2 -1.5
      vertex 14.65 -28.2 -1.5
    endloop
  endfacet
  facet normal -0 0 -1
    outer loop
      vertex 25.55 -29 -1.5
      vertex 20.6207 -37.8381 -1.5
      vertex 23.65 -29 -1.5
    endloop
  endfacet
  facet normal 0 0 -1
    outer loop
      vertex 9.6853 18.7945 -1.5
      vertex 14.9798 18.8472 -1.5
      vertex 14.8555 18.7353 -1.5
    endloop
  endfacet
  facet normal 0 0 -1
    outer loop
      vertex 9.6853 18.7945 -1.5
      vertex 9.54999 18.8928 -1.5
      vertex 14.9798 18.8472 -1.5
    endloop
  endfacet
  facet normal 0 0 -1
    outer loop
      vertex 15.1246 18.9308 -1.5
      vertex 9.3972 18.9608 -1.5
      vertex 15.2837 18.9825 -1.5
    endloop
  endfacet
  facet normal 0 0 -1
    outer loop
      vertex 9.54999 18.8928 -1.5
      vertex 9.3972 18.9608 -1.5
      vertex 15.1246 18.9308 -1.5
    endloop
  endfacet
  facet normal 0 0 -1
    outer loop
      vertex 9.3972 18.9608 -1.5
      vertex 9.14999 19 -1.5
      vertex 15.2837 18.9825 -1.5
    endloop
  endfacet
  facet normal 0 0 -1
    outer loop
      vertex 15.2837 18.9825 -1.5
      vertex 9.14999 19 -1.5
      vertex 39.5862 38 -1.5
    endloop
  endfacet
  facet normal -0 0 -1
    outer loop
      vertex 15.45 19 -1.5
      vertex 15.2837 18.9825 -1.5
      vertex 39.5862 38 -1.5
    endloop
  endfacet
  facet normal 0 0 -1
    outer loop
      vertex 17.9972 18.6702 -1.5
      vertex 23.0555 18.7353 -1.5
      vertex 22.9572 18.6 -1.5
    endloop
  endfacet
  facet normal 0 0 -1
    outer loop
      vertex 17.35 19 -1.5
      vertex 15.45 19 -1.5
      vertex 39.5862 38 -1.5
    endloop
  endfacet
  facet normal 0 0 -1
    outer loop
      vertex 18.0808 18.5254 -1.5
      vertex 22.9572 18.6 -1.5
      vertex 22.8891 18.4472 -1.5
    endloop
  endfacet
  facet normal 0 0 -1
    outer loop
      vertex 26.35 18.2 -1.5
      vertex 32.7022 13.6812 -1.5
      vertex 32.4894 13.0902 -1.5
    endloop
  endfacet
  facet normal 0 0 -1
    outer loop
      vertex 26.3108 -28.4472 -1.5
      vertex 26.35 -28.2 -1.5
      vertex 39.2621 -32.9751 -1.5
    endloop
  endfacet
  facet normal 0 0 -1
    outer loop
      vertex 26.2428 -28.6 -1.5
      vertex 26.3108 -28.4472 -1.5
      vertex 39.2621 -32.9751 -1.5
    endloop
  endfacet
  facet normal 0 0 -1
    outer loop
      vertex 23.4837 18.9825 -1.5
      vertex 39.5862 38 -1.5
      vertex 23.65 19 -1.5
    endloop
  endfacet
  facet normal 0 0 -1
    outer loop
      vertex 17.5972 18.9608 -1.5
      vertex 39.5862 38 -1.5
      vertex 23.4837 18.9825 -1.5
    endloop
  endfacet
  facet normal 0 0 -1
    outer loop
      vertex 39.2621 -32.9751 -1.5
      vertex 26.0202 -28.8472 -1.5
      vertex 26.1445 -28.7353 -1.5
    endloop
  endfacet
  facet normal 0 0 -1
    outer loop
      vertex 17.5972 18.9608 -1.5
      vertex 23.4837 18.9825 -1.5
      vertex 23.3246 18.9308 -1.5
    endloop
  endfacet
  facet normal -0 0 -1
    outer loop
      vertex 23.1798 18.8472 -1.5
      vertex 17.8853 18.7945 -1.5
      vertex 17.75 18.8928 -1.5
    endloop
  endfacet
  facet normal -0 0 -1
    outer loop
      vertex 19.6725 -37.9901 -1.5
      vertex 19.3585 -38 -1.5
      vertex 17.6754 -28.9308 -1.5
    endloop
  endfacet
  facet normal 0 -0 -1
    outer loop
      vertex 17.6754 -28.9308 -1.5
      vertex 19.3585 -38 -1.5
      vertex 17.5163 -28.9825 -1.5
    endloop
  endfacet
  facet normal 0 -0 -1
    outer loop
      vertex 17.5163 -28.9825 -1.5
      vertex 19.3585 -38 -1.5
      vertex 17.35 -29 -1.5
    endloop
  endfacet
  facet normal 0 -0 -1
    outer loop
      vertex 17.9445 -28.7353 -1.5
      vertex 23.1147 -28.7945 -1.5
      vertex 17.8202 -28.8472 -1.5
    endloop
  endfacet
  facet normal 0 0 -1
    outer loop
      vertex 26.35 -28.2 -1.5
      vertex 43 -28.137 -1.5
      vertex 39.2621 -32.9751 -1.5
    endloop
  endfacet
  facet normal 0 0 -1
    outer loop
      vertex 20.6207 -37.8381 -1.5
      vertex 23.25 -28.8928 -1.5
      vertex 23.4028 -28.9608 -1.5
    endloop
  endfacet
  facet normal 0 0 -1
    outer loop
      vertex 17.9445 -28.7353 -1.5
      vertex 23.0028 -28.6702 -1.5
      vertex 23.1147 -28.7945 -1.5
    endloop
  endfacet
  facet normal 0 0 -1
    outer loop
      vertex 17.9445 -28.7353 -1.5
      vertex 18.0428 -28.6 -1.5
      vertex 23.0028 -28.6702 -1.5
    endloop
  endfacet
  facet normal 0 0 -1
    outer loop
      vertex 23.0028 -28.6702 -1.5
      vertex 18.0428 -28.6 -1.5
      vertex 22.9192 -28.5254 -1.5
    endloop
  endfacet
  facet normal -0 0 -1
    outer loop
      vertex 22.9192 -28.5254 -1.5
      vertex 18.0428 -28.6 -1.5
      vertex 18.1108 -28.4472 -1.5
    endloop
  endfacet
  facet normal 0 -0 -1
    outer loop
      vertex 22.8675 -28.3663 -1.5
      vertex 22.9192 -28.5254 -1.5
      vertex 18.1108 -28.4472 -1.5
    endloop
  endfacet
  facet normal 0 -0 -1
    outer loop
      vertex 18.15 -28.2 -1.5
      vertex 22.8675 -28.3663 -1.5
      vertex 18.1108 -28.4472 -1.5
    endloop
  endfacet
  facet normal 0 0 -1
    outer loop
      vertex 18.15 -28.2 -1.5
      vertex 22.85 -28.2 -1.5
      vertex 22.8675 -28.3663 -1.5
    endloop
  endfacet
  facet normal -0 0 -1
    outer loop
      vertex 22.8891 18.4472 -1.5
      vertex 18.1325 18.3663 -1.5
      vertex 18.0808 18.5254 -1.5
    endloop
  endfacet
  facet normal 0 0 -1
    outer loop
      vertex 35.6257 17.7051 -1.5
      vertex 26.0853 18.7945 -1.5
      vertex 36.1221 18.0902 -1.5
    endloop
  endfacet
  facet normal 0 0 -1
    outer loop
      vertex 18.15 -28.2 -1.5
      vertex 18.15 18.2 -1.5
      vertex 22.85 -28.2 -1.5
    endloop
  endfacet
  facet normal 0 0 -1
    outer loop
      vertex 18.15 18.2 -1.5
      vertex 22.85 18.2 -1.5
      vertex 22.85 -28.2 -1.5
    endloop
  endfacet
  facet normal 0 0 -1
    outer loop
      vertex 26.1445 -28.7353 -1.5
      vertex 26.2428 -28.6 -1.5
      vertex 39.2621 -32.9751 -1.5
    endloop
  endfacet
  facet normal 0 -0 -1
    outer loop
      vertex 26.0202 -28.8472 -1.5
      vertex 39.2621 -32.9751 -1.5
      vertex 25.8754 -28.9308 -1.5
    endloop
  endfacet
  facet normal 0 -0 -1
    outer loop
      vertex 25.8754 -28.9308 -1.5
      vertex 39.2621 -32.9751 -1.5
      vertex 20.6207 -37.8381 -1.5
    endloop
  endfacet
  facet normal 0 -0 -1
    outer loop
      vertex 25.55 -29 -1.5
      vertex 25.7163 -28.9825 -1.5
      vertex 20.6207 -37.8381 -1.5
    endloop
  endfacet
  facet normal 0 -0 -1
    outer loop
      vertex 25.7163 -28.9825 -1.5
      vertex 25.8754 -28.9308 -1.5
      vertex 20.6207 -37.8381 -1.5
    endloop
  endfacet
  facet normal 0 0 -1
    outer loop
      vertex 39.5862 38 -1.5
      vertex 25.95 18.8928 -1.5
      vertex 25.7972 18.9608 -1.5
    endloop
  endfacet
  facet normal 0 0 -1
    outer loop
      vertex 25.55 19 -1.5
      vertex 39.5862 38 -1.5
      vertex 25.7972 18.9608 -1.5
    endloop
  endfacet
  facet normal 0 0 -1
    outer loop
      vertex 25.95 18.8928 -1.5
      vertex 36.6417 18.4433 -1.5
      vertex 26.0853 18.7945 -1.5
    endloop
  endfacet
  facet normal 0 0 -1
    outer loop
      vertex 26.2808 18.5254 -1.5
      vertex 35.1545 17.2897 -1.5
      vertex 34.7103 16.8455 -1.5
    endloop
  endfacet
  facet normal 0 0 -1
    outer loop
      vertex 26.3325 18.3663 -1.5
      vertex 33.9098 15.8778 -1.5
      vertex 26.35 18.2 -1.5
    endloop
  endfacet
  facet normal 0 0 -1
    outer loop
      vertex 26.35 18.2 -1.5
      vertex 32.9517 14.2578 -1.5
      vertex 32.7022 13.6812 -1.5
    endloop
  endfacet
  facet normal 0 0 -1
    outer loop
      vertex 32.1771 11.8738 -1.5
      vertex 26.35 18.2 -1.5
      vertex 32.3142 12.4869 -1.5
    endloop
  endfacet
  facet normal -0 0 -1
    outer loop
      vertex 32.0788 11.2533 -1.5
      vertex 32.0197 10.6279 -1.5
      vertex 26.35 18.2 -1.5
    endloop
  endfacet
  facet normal 0 0 -1
    outer loop
      vertex 26.35 -28.2 -1.5
      vertex 36.1221 1.90982 -1.5
      vertex 43 -12 -1.5
    endloop
  endfacet
  facet normal -0 0 -1
    outer loop
      vertex 32.0197 10.6279 -1.5
      vertex 32 10 -1.5
      vertex 26.35 18.2 -1.5
    endloop
  endfacet
  facet normal -0 -0 -1
    outer loop
      vertex 32 10 -1.5
      vertex 32.0197 9.37209 -1.5
      vertex 26.35 18.2 -1.5
    endloop
  endfacet
  facet normal -0 -0 -1
    outer loop
      vertex 32.0197 9.37209 -1.5
      vertex 32.0788 8.74666 -1.5
      vertex 26.35 18.2 -1.5
    endloop
  endfacet
  facet normal -0 -0 -1
    outer loop
      vertex 32.0788 8.74666 -1.5
      vertex 32.1771 8.12617 -1.5
      vertex 26.35 18.2 -1.5
    endloop
  endfacet
  facet normal -0 -0 -1
    outer loop
      vertex 32.1771 8.12617 -1.5
      vertex 32.3142 7.51309 -1.5
      vertex 26.35 18.2 -1.5
    endloop
  endfacet
  facet normal -0 -0 -1
    outer loop
      vertex 32.3142 7.51309 -1.5
      vertex 32.4894 6.90982 -1.5
      vertex 26.35 18.2 -1.5
    endloop
  endfacet
  facet normal -0 0 -1
    outer loop
      vertex 32.4894 6.90982 -1.5
      vertex 26.35 -28.2 -1.5
      vertex 26.35 18.2 -1.5
    endloop
  endfacet
  facet normal -0 0 -1
    outer loop
      vertex 32.7022 6.31874 -1.5
      vertex 26.35 -28.2 -1.5
      vertex 32.4894 6.90982 -1.5
    endloop
  endfacet
  facet normal -0 0 -1
    outer loop
      vertex 32.9517 5.7422 -1.5
      vertex 26.35 -28.2 -1.5
      vertex 32.7022 6.31874 -1.5
    endloop
  endfacet
  facet normal -0 0 -1
    outer loop
      vertex 35.6257 2.29486 -1.5
      vertex 26.35 -28.2 -1.5
      vertex 35.1545 2.71031 -1.5
    endloop
  endfacet
  facet normal -0 0 -1
    outer loop
      vertex 35.1545 2.71031 -1.5
      vertex 26.35 -28.2 -1.5
      vertex 34.7103 3.15453 -1.5
    endloop
  endfacet
  facet normal -0 0 -1
    outer loop
      vertex 34.7103 3.15453 -1.5
      vertex 26.35 -28.2 -1.5
      vertex 34.2949 3.62575 -1.5
    endloop
  endfacet
  facet normal -0 0 -1
    outer loop
      vertex 34.2949 3.62575 -1.5
      vertex 26.35 -28.2 -1.5
      vertex 33.9098 4.12215 -1.5
    endloop
  endfacet
  facet normal -0 0 -1
    outer loop
      vertex 33.9098 4.12215 -1.5
      vertex 26.35 -28.2 -1.5
      vertex 33.5567 4.64172 -1.5
    endloop
  endfacet
  facet normal -0 0 -1
    outer loop
      vertex 33.5567 4.64172 -1.5
      vertex 26.35 -28.2 -1.5
      vertex 33.2369 5.18245 -1.5
    endloop
  endfacet
  facet normal -0 0 -1
    outer loop
      vertex 33.2369 5.18245 -1.5
      vertex 26.35 -28.2 -1.5
      vertex 32.9517 5.7422 -1.5
    endloop
  endfacet
  facet normal -0 0 1
    outer loop
      vertex 17.6754 -28.9308 1.5
      vertex 20.6207 -37.8381 1.5
      vertex 17.8202 -28.8472 1.5
    endloop
  endfacet
  facet normal 0 -0 1
    outer loop
      vertex 19.9852 -37.9606 1.5
      vertex 20.2954 -37.9114 1.5
      vertex 17.6754 -28.9308 1.5
    endloop
  endfacet
  facet normal 0 0 1
    outer loop
      vertex 17.6754 -28.9308 1.5
      vertex 20.2954 -37.9114 1.5
      vertex 20.6207 -37.8381 1.5
    endloop
  endfacet
  facet normal 0 -0 1
    outer loop
      vertex 41.202 -31.9773 1.5
      vertex 41.658 -31.5457 1.5
      vertex 40.9545 -32.1707 1.5
    endloop
  endfacet
  facet normal 0 -0 1
    outer loop
      vertex 39.5634 -32.8863 1.5
      vertex 39.8585 -32.7788 1.5
      vertex 39.2621 -32.9751 1.5
    endloop
  endfacet
  facet normal 0 0 1
    outer loop
      vertex 39.8585 -32.7788 1.5
      vertex 40.1463 -32.6529 1.5
      vertex 40.4256 -32.5092 1.5
    endloop
  endfacet
  facet normal 0 -0 1
    outer loop
      vertex 39.8585 -32.7788 1.5
      vertex 40.4256 -32.5092 1.5
      vertex 39.2621 -32.9751 1.5
    endloop
  endfacet
  facet normal 0 -0 1
    outer loop
      vertex 41.8648 -31.3092 1.5
      vertex 42.5323 -30.2484 1.5
      vertex 41.658 -31.5457 1.5
    endloop
  endfacet
  facet normal 0 -0 1
    outer loop
      vertex 41.4368 -31.7686 1.5
      vertex 41.658 -31.5457 1.5
      vertex 41.202 -31.9773 1.5
    endloop
  endfacet
  facet normal 0 0 1
    outer loop
      vertex 41.658 -31.5457 1.5
      vertex 40.6954 -32.3483 1.5
      vertex 40.9545 -32.1707 1.5
    endloop
  endfacet
  facet normal 0 0 1
    outer loop
      vertex 41.8648 -31.3092 1.5
      vertex 42.0564 -31.0603 1.5
      vertex 42.5323 -30.2484 1.5
    endloop
  endfacet
  facet normal 0 -0 1
    outer loop
      vertex 41.658 -31.5457 1.5
      vertex 42.5323 -30.2484 1.5
      vertex 40.6954 -32.3483 1.5
    endloop
  endfacet
  facet normal 0 0 1
    outer loop
      vertex 42.5323 -30.2484 1.5
      vertex 40.4256 -32.5092 1.5
      vertex 40.6954 -32.3483 1.5
    endloop
  endfacet
  facet normal 0 0 1
    outer loop
      vertex 42.5323 -30.2484 1.5
      vertex 42.0564 -31.0603 1.5
      vertex 42.2319 -30.7999 1.5
    endloop
  endfacet
  facet normal 0 0 1
    outer loop
      vertex 42.5323 -30.2484 1.5
      vertex 42.2319 -30.7999 1.5
      vertex 42.3908 -30.5289 1.5
    endloop
  endfacet
  facet normal 0 -0 1
    outer loop
      vertex 42.915 -29.055 1.5
      vertex 42.9913 -28.4317 1.5
      vertex 42.5323 -30.2484 1.5
    endloop
  endfacet
  facet normal 0 0 1
    outer loop
      vertex 42.7612 -29.6638 1.5
      vertex 42.5323 -30.2484 1.5
      vertex 42.6559 -29.9597 1.5
    endloop
  endfacet
  facet normal 0 -0 1
    outer loop
      vertex 42.8477 -29.3618 1.5
      vertex 42.915 -29.055 1.5
      vertex 42.7612 -29.6638 1.5
    endloop
  endfacet
  facet normal 0 0 1
    outer loop
      vertex 42.915 -29.055 1.5
      vertex 42.5323 -30.2484 1.5
      vertex 42.7612 -29.6638 1.5
    endloop
  endfacet
  facet normal 0 0 1
    outer loop
      vertex 42.9913 -28.4317 1.5
      vertex 40.4256 -32.5092 1.5
      vertex 42.5323 -30.2484 1.5
    endloop
  endfacet
  facet normal 0 0 1
    outer loop
      vertex 42.9913 -28.4317 1.5
      vertex 42.915 -29.055 1.5
      vertex 42.963 -28.7446 1.5
    endloop
  endfacet
  facet normal 0 0 1
    outer loop
      vertex 39.2621 -32.9751 1.5
      vertex 40.4256 -32.5092 1.5
      vertex 42.9913 -28.4317 1.5
    endloop
  endfacet
  facet normal 0 0 1
    outer loop
      vertex 39.2621 -32.9751 1.5
      vertex 42.9913 -28.4317 1.5
      vertex 43 -28.137 1.5
    endloop
  endfacet
  facet normal 0 0 1
    outer loop
      vertex 36.1221 1.90982 1.5
      vertex 35.6257 2.29486 1.5
      vertex 26.35 -28.2 1.5
    endloop
  endfacet
  facet normal 0 0 1
    outer loop
      vertex 43 -12 1.5
      vertex 40.1262 0.177124 1.5
      vertex 39.5131 0.314163 1.5
    endloop
  endfacet
  facet normal 0 0 1
    outer loop
      vertex 62.9114 20.1255 1.5
      vertex 62.8429 20.432 1.5
      vertex 62.9606 19.8152 1.5
    endloop
  endfacet
  facet normal 0 -0 1
    outer loop
      vertex 61.4711 3.71335 1.5
      vertex 61.6902 3.9384 1.5
      vertex 61.2382 3.5025 1.5
    endloop
  endfacet
  facet normal 0 0 1
    outer loop
      vertex 61.6902 3.9384 1.5
      vertex 61.8947 4.17676 1.5
      vertex 62.0839 4.42751 1.5
    endloop
  endfacet
  facet normal 0 0 1
    outer loop
      vertex 61.6902 3.9384 1.5
      vertex 62.0839 4.42751 1.5
      vertex 62.4133 4.96211 1.5
    endloop
  endfacet
  facet normal 0 0 1
    outer loop
      vertex 62.0839 4.42751 1.5
      vertex 62.257 4.68964 1.5
      vertex 62.4133 4.96211 1.5
    endloop
  endfacet
  facet normal 0 -0 1
    outer loop
      vertex 61.6902 3.9384 1.5
      vertex 62.4133 4.96211 1.5
      vertex 61.2382 3.5025 1.5
    endloop
  endfacet
  facet normal 0 -0 1
    outer loop
      vertex 62.7755 5.8307 1.5
      vertex 62.8591 6.13348 1.5
      vertex 62.673 5.53377 1.5
    endloop
  endfacet
  facet normal 0 0 1
    outer loop
      vertex 62.8591 6.13348 1.5
      vertex 62.5521 5.24385 1.5
      vertex 62.673 5.53377 1.5
    endloop
  endfacet
  facet normal 0 0 1
    outer loop
      vertex 62.4133 4.96211 1.5
      vertex 62.5521 5.24385 1.5
      vertex 62.8591 6.13348 1.5
    endloop
  endfacet
  facet normal 0 -0 1
    outer loop
      vertex 62.4133 4.96211 1.5
      vertex 62.8591 6.13348 1.5
      vertex 61.2382 3.5025 1.5
    endloop
  endfacet
  facet normal 0 0 1
    outer loop
      vertex 62.8591 6.13348 1.5
      vertex 62.9235 6.4409 1.5
      vertex 62.9685 6.75177 1.5
    endloop
  endfacet
  facet normal 0 0 1
    outer loop
      vertex 62.8591 6.13348 1.5
      vertex 62.9685 6.75177 1.5
      vertex 63 7.31219 1.5
    endloop
  endfacet
  facet normal 0 0 1
    outer loop
      vertex 62.9685 6.75177 1.5
      vertex 62.9939 7.06485 1.5
      vertex 63 7.31219 1.5
    endloop
  endfacet
  facet normal 0 -0 1
    outer loop
      vertex 62.8591 6.13348 1.5
      vertex 63 7.31219 1.5
      vertex 61.2382 3.5025 1.5
    endloop
  endfacet
  facet normal 0 -0 1
    outer loop
      vertex 45.0902 19.5106 1.5
      vertex 55.0305 35.4949 1.5
      vertex 44.4869 19.6858 1.5
    endloop
  endfacet
  facet normal 0 0 1
    outer loop
      vertex 43.8738 19.8229 1.5
      vertex 40.4081 37.932 1.5
      vertex 43.2533 19.9211 1.5
    endloop
  endfacet
  facet normal 0 0 1
    outer loop
      vertex 62.8429 20.432 1.5
      vertex 62.9901 19.5025 1.5
      vertex 62.9606 19.8152 1.5
    endloop
  endfacet
  facet normal 0 0 1
    outer loop
      vertex 62.7434 20.7697 1.5
      vertex 62.9901 19.5025 1.5
      vertex 62.8429 20.432 1.5
    endloop
  endfacet
  facet normal 0 0 1
    outer loop
      vertex 63 19.1886 1.5
      vertex 62.9901 19.5025 1.5
      vertex 62.7434 20.7697 1.5
    endloop
  endfacet
  facet normal 0 0 1
    outer loop
      vertex 43.2533 19.9211 1.5
      vertex 40.4081 37.932 1.5
      vertex 42.6279 19.9803 1.5
    endloop
  endfacet
  facet normal 0 0 1
    outer loop
      vertex 57.3663 34.4396 1.5
      vertex 57.1167 34.6302 1.5
      vertex 57.6035 34.2336 1.5
    endloop
  endfacet
  facet normal 0 0 1
    outer loop
      vertex 58.952 32.1441 1.5
      vertex 58.8433 32.4388 1.5
      vertex 58.7164 32.7261 1.5
    endloop
  endfacet
  facet normal 0 0 1
    outer loop
      vertex 58.4097 33.274 1.5
      vertex 58.2312 33.5325 1.5
      vertex 58.5717 33.0049 1.5
    endloop
  endfacet
  facet normal 0 0 1
    outer loop
      vertex 58.2312 33.5325 1.5
      vertex 58.7164 32.7261 1.5
      vertex 58.5717 33.0049 1.5
    endloop
  endfacet
  facet normal 0 0 1
    outer loop
      vertex 57.8273 34.0132 1.5
      vertex 57.6035 34.2336 1.5
      vertex 58.2312 33.5325 1.5
    endloop
  endfacet
  facet normal 0 0 1
    outer loop
      vertex 57.8273 34.0132 1.5
      vertex 58.2312 33.5325 1.5
      vertex 58.0368 33.7792 1.5
    endloop
  endfacet
  facet normal 0 0 1
    outer loop
      vertex 57.6035 34.2336 1.5
      vertex 57.1167 34.6302 1.5
      vertex 56.8556 34.8048 1.5
    endloop
  endfacet
  facet normal 0 0 1
    outer loop
      vertex 57.6035 34.2336 1.5
      vertex 56.8556 34.8048 1.5
      vertex 56.584 34.9626 1.5
    endloop
  endfacet
  facet normal 0 0 1
    outer loop
      vertex 58.2312 33.5325 1.5
      vertex 57.6035 34.2336 1.5
      vertex 56.584 34.9626 1.5
    endloop
  endfacet
  facet normal 0 0 1
    outer loop
      vertex 58.2312 33.5325 1.5
      vertex 56.584 34.9626 1.5
      vertex 56.3031 35.1031 1.5
    endloop
  endfacet
  facet normal 0 0 1
    outer loop
      vertex 58.2312 33.5325 1.5
      vertex 56.3031 35.1031 1.5
      vertex 58.7164 32.7261 1.5
    endloop
  endfacet
  facet normal 0 0 1
    outer loop
      vertex 56.3031 35.1031 1.5
      vertex 56.0138 35.2256 1.5
      vertex 55.7175 35.3298 1.5
    endloop
  endfacet
  facet normal 0 0 1
    outer loop
      vertex 56.3031 35.1031 1.5
      vertex 55.7175 35.3298 1.5
      vertex 55.4152 35.4151 1.5
    endloop
  endfacet
  facet normal 0 0 1
    outer loop
      vertex 56.3031 35.1031 1.5
      vertex 55.4152 35.4151 1.5
      vertex 58.7164 32.7261 1.5
    endloop
  endfacet
  facet normal 0 0 1
    outer loop
      vertex 55.4152 35.4151 1.5
      vertex 55.0305 35.4949 1.5
      vertex 58.7164 32.7261 1.5
    endloop
  endfacet
  facet normal 0 0 1
    outer loop
      vertex 55.0305 35.4949 1.5
      vertex 58.952 32.1441 1.5
      vertex 58.7164 32.7261 1.5
    endloop
  endfacet
  facet normal 0 -0 1
    outer loop
      vertex 38.3187 19.2978 1.5
      vertex 39.5862 38 1.5
      vertex 37.7422 19.0483 1.5
    endloop
  endfacet
  facet normal 0 0 1
    outer loop
      vertex 39.5862 38 1.5
      vertex 17.35 19 1.5
      vertex 17.5972 18.9608 1.5
    endloop
  endfacet
  facet normal -0 0 1
    outer loop
      vertex -22.9192 18.5254 1.5
      vertex -18.1108 18.4472 1.5
      vertex -18.0428 18.6 1.5
    endloop
  endfacet
  facet normal 0 0 1
    outer loop
      vertex 39.5862 38 1.5
      vertex 40.0968 37.9738 1.5
      vertex 39.7835 37.9961 1.5
    endloop
  endfacet
  facet normal 0 0 1
    outer loop
      vertex 40.4081 37.932 1.5
      vertex 40.0968 37.9738 1.5
      vertex 39.5862 38 1.5
    endloop
  endfacet
  facet normal 0 0 1
    outer loop
      vertex 62.7434 20.7697 1.5
      vertex 48.8455 17.2897 1.5
      vertex 49.2897 16.8455 1.5
    endloop
  endfacet
  facet normal 0 -0 1
    outer loop
      vertex -50.0902 15.8778 1.5
      vertex -49.7051 16.3742 1.5
      vertex -62.7434 20.7697 1.5
    endloop
  endfacet
  facet normal -0 0 1
    outer loop
      vertex -39.9001 37.9901 1.5
      vertex -40.2128 37.9606 1.5
      vertex -39.5862 38 1.5
    endloop
  endfacet
  facet normal -0 0 1
    outer loop
      vertex -40.2128 37.9606 1.5
      vertex -40.4081 37.932 1.5
      vertex -39.5862 38 1.5
    endloop
  endfacet
  facet normal -0 0 1
    outer loop
      vertex -58.8132 32.5116 1.5
      vertex -58.952 32.1441 1.5
      vertex -55.3386 35.4335 1.5
    endloop
  endfacet
  facet normal 0 0 1
    outer loop
      vertex -57.0522 34.6755 1.5
      vertex -55.3386 35.4335 1.5
      vertex -55.9402 35.2535 1.5
    endloop
  endfacet
  facet normal 0 0 1
    outer loop
      vertex -55.3386 35.4335 1.5
      vertex -55.6422 35.353 1.5
      vertex -55.9402 35.2535 1.5
    endloop
  endfacet
  facet normal 0 0 1
    outer loop
      vertex -56.5144 34.9995 1.5
      vertex -55.9402 35.2535 1.5
      vertex -56.2313 35.1355 1.5
    endloop
  endfacet
  facet normal 0 0 1
    outer loop
      vertex -57.0522 34.6755 1.5
      vertex -55.9402 35.2535 1.5
      vertex -56.5144 34.9995 1.5
    endloop
  endfacet
  facet normal 0 0 1
    outer loop
      vertex -57.0522 34.6755 1.5
      vertex -56.5144 34.9995 1.5
      vertex -56.7884 34.846 1.5
    endloop
  endfacet
  facet normal 0 0 1
    outer loop
      vertex -57.3049 34.4888 1.5
      vertex -55.3386 35.4335 1.5
      vertex -57.0522 34.6755 1.5
    endloop
  endfacet
  facet normal -0 0 1
    outer loop
      vertex -57.5453 34.2867 1.5
      vertex -57.9857 33.8391 1.5
      vertex -57.3049 34.4888 1.5
    endloop
  endfacet
  facet normal -0 0 1
    outer loop
      vertex -57.7725 34.0698 1.5
      vertex -57.9857 33.8391 1.5
      vertex -57.5453 34.2867 1.5
    endloop
  endfacet
  facet normal 0 0 1
    outer loop
      vertex -57.9857 33.8391 1.5
      vertex -55.3386 35.4335 1.5
      vertex -57.3049 34.4888 1.5
    endloop
  endfacet
  facet normal -0 0 1
    outer loop
      vertex -58.1839 33.5955 1.5
      vertex -58.3665 33.3399 1.5
      vertex -57.9857 33.8391 1.5
    endloop
  endfacet
  facet normal -0 0 1
    outer loop
      vertex -58.3665 33.3399 1.5
      vertex -58.5327 33.0733 1.5
      vertex -57.9857 33.8391 1.5
    endloop
  endfacet
  facet normal -0 0 1
    outer loop
      vertex -58.5327 33.0733 1.5
      vertex -58.8132 32.5116 1.5
      vertex -57.9857 33.8391 1.5
    endloop
  endfacet
  facet normal -0 0 1
    outer loop
      vertex -58.6818 32.7969 1.5
      vertex -58.8132 32.5116 1.5
      vertex -58.5327 33.0733 1.5
    endloop
  endfacet
  facet normal 0 0 1
    outer loop
      vertex -58.8132 32.5116 1.5
      vertex -55.3386 35.4335 1.5
      vertex -57.9857 33.8391 1.5
    endloop
  endfacet
  facet normal 0 0 1
    outer loop
      vertex -58.952 32.1441 1.5
      vertex -55.0305 35.4949 1.5
      vertex -55.3386 35.4335 1.5
    endloop
  endfacet
  facet normal 0 -0 1
    outer loop
      vertex -51.9803 10.6279 1.5
      vertex -51.9211 11.2533 1.5
      vertex -63 7.31219 1.5
    endloop
  endfacet
  facet normal -0 0 1
    outer loop
      vertex -62.9042 20.1628 1.5
      vertex -62.9557 19.8529 1.5
      vertex -62.8333 20.4688 1.5
    endloop
  endfacet
  facet normal 0 0 1
    outer loop
      vertex -62.9557 19.8529 1.5
      vertex -62.7434 20.7697 1.5
      vertex -62.8333 20.4688 1.5
    endloop
  endfacet
  facet normal -0 0 1
    outer loop
      vertex -62.9876 19.5404 1.5
      vertex -63 19.1886 1.5
      vertex -62.9557 19.8529 1.5
    endloop
  endfacet
  facet normal 0 0 1
    outer loop
      vertex -63 19.1886 1.5
      vertex -62.7434 20.7697 1.5
      vertex -62.9557 19.8529 1.5
    endloop
  endfacet
  facet normal 0 0 1
    outer loop
      vertex -51.0483 5.7422 1.5
      vertex -61.2382 3.5025 1.5
      vertex -50.7631 5.18245 1.5
    endloop
  endfacet
  facet normal 0 0 1
    outer loop
      vertex -62.9901 6.99825 1.5
      vertex -62.8429 6.06874 1.5
      vertex -61.6448 3.88947 1.5
    endloop
  endfacet
  facet normal 0 0 1
    outer loop
      vertex -61.6448 3.88947 1.5
      vertex -62.0451 4.37328 1.5
      vertex -61.8526 4.12508 1.5
    endloop
  endfacet
  facet normal -0 -0 1
    outer loop
      vertex -62.9114 6.37529 1.5
      vertex -62.8429 6.06874 1.5
      vertex -62.9606 6.68553 1.5
    endloop
  endfacet
  facet normal 0 0 1
    outer loop
      vertex -62.8429 6.06874 1.5
      vertex -62.9901 6.99825 1.5
      vertex -62.9606 6.68553 1.5
    endloop
  endfacet
  facet normal -0 -0 1
    outer loop
      vertex -62.7553 5.76711 1.5
      vertex -62.6489 5.47157 1.5
      vertex -62.8429 6.06874 1.5
    endloop
  endfacet
  facet normal 0 0 1
    outer loop
      vertex -62.6489 5.47157 1.5
      vertex -62.3815 4.90343 1.5
      vertex -61.6448 3.88947 1.5
    endloop
  endfacet
  facet normal -0 -0 1
    outer loop
      vertex -62.5241 5.1833 1.5
      vertex -62.3815 4.90343 1.5
      vertex -62.6489 5.47157 1.5
    endloop
  endfacet
  facet normal -0 -0 1
    outer loop
      vertex -62.6489 5.47157 1.5
      vertex -61.6448 3.88947 1.5
      vertex -62.8429 6.06874 1.5
    endloop
  endfacet
  facet normal -0 -0 1
    outer loop
      vertex -62.2216 4.63306 1.5
      vertex -61.6448 3.88947 1.5
      vertex -62.3815 4.90343 1.5
    endloop
  endfacet
  facet normal 0 0 1
    outer loop
      vertex -62.2216 4.63306 1.5
      vertex -62.0451 4.37328 1.5
      vertex -61.6448 3.88947 1.5
    endloop
  endfacet
  facet normal 0 0 1
    outer loop
      vertex -62.9901 6.99825 1.5
      vertex -61.6448 3.88947 1.5
      vertex -61.4227 3.66736 1.5
    endloop
  endfacet
  facet normal 0 0 1
    outer loop
      vertex -62.9901 6.99825 1.5
      vertex -61.4227 3.66736 1.5
      vertex -61.2382 3.5025 1.5
    endloop
  endfacet
  facet normal -0 -0 1
    outer loop
      vertex -62.9901 6.99825 1.5
      vertex -61.2382 3.5025 1.5
      vertex -63 7.31219 1.5
    endloop
  endfacet
  facet normal 0 0 1
    outer loop
      vertex -61.2382 3.5025 1.5
      vertex -50.0902 4.12215 1.5
      vertex -50.4433 4.64172 1.5
    endloop
  endfacet
  facet normal 0 -0 1
    outer loop
      vertex -51.9211 11.2533 1.5
      vertex -51.8229 11.8738 1.5
      vertex -63 7.31219 1.5
    endloop
  endfacet
  facet normal 0 0 1
    outer loop
      vertex -42.6279 0.0197296 1.5
      vertex -43 -12 1.5
      vertex -42 0 1.5
    endloop
  endfacet
  facet normal 0 -0 1
    outer loop
      vertex -33.5567 15.3583 1.5
      vertex -26.35 18.2 1.5
      vertex -33.9098 15.8778 1.5
    endloop
  endfacet
  facet normal -0 -0 1
    outer loop
      vertex -42.0451 -31.0759 1.5
      vertex -41.6448 -31.5597 1.5
      vertex -42.2216 -30.8161 1.5
    endloop
  endfacet
  facet normal 0 0 1
    outer loop
      vertex -42.8429 -29.3805 1.5
      vertex -42.9606 -28.7637 1.5
      vertex -42.9114 -29.0739 1.5
    endloop
  endfacet
  facet normal 0 0 1
    outer loop
      vertex -42.9901 -28.451 1.5
      vertex -42.9606 -28.7637 1.5
      vertex -42.8429 -29.3805 1.5
    endloop
  endfacet
  facet normal 0 0 1
    outer loop
      vertex -42.6489 -29.9776 1.5
      vertex -42.8429 -29.3805 1.5
      vertex -42.7553 -29.6821 1.5
    endloop
  endfacet
  facet normal -0 -0 1
    outer loop
      vertex -42.3815 -30.5458 1.5
      vertex -41.6448 -31.5597 1.5
      vertex -42.6489 -29.9776 1.5
    endloop
  endfacet
  facet normal 0 0 1
    outer loop
      vertex -42.3815 -30.5458 1.5
      vertex -42.6489 -29.9776 1.5
      vertex -42.5241 -30.2659 1.5
    endloop
  endfacet
  facet normal 0 0 1
    outer loop
      vertex -41.6448 -31.5597 1.5
      vertex -42.8429 -29.3805 1.5
      vertex -42.6489 -29.9776 1.5
    endloop
  endfacet
  facet normal 0 0 1
    outer loop
      vertex -41.6448 -31.5597 1.5
      vertex -42.3815 -30.5458 1.5
      vertex -42.2216 -30.8161 1.5
    endloop
  endfacet
  facet normal -0 -0 1
    outer loop
      vertex -41.8526 -31.3241 1.5
      vertex -41.6448 -31.5597 1.5
      vertex -42.0451 -31.0759 1.5
    endloop
  endfacet
  facet normal 0 0 1
    outer loop
      vertex -41.6448 -31.5597 1.5
      vertex -42.9901 -28.451 1.5
      vertex -42.8429 -29.3805 1.5
    endloop
  endfacet
  facet normal 0 0 1
    outer loop
      vertex -41.4227 -31.7818 1.5
      vertex -42.9901 -28.451 1.5
      vertex -41.6448 -31.5597 1.5
    endloop
  endfacet
  facet normal -0 -0 1
    outer loop
      vertex -40.9389 -32.1821 1.5
      vertex -40.6791 -32.3586 1.5
      vertex -41.4227 -31.7818 1.5
    endloop
  endfacet
  facet normal 0 0 1
    outer loop
      vertex -40.9389 -32.1821 1.5
      vertex -41.4227 -31.7818 1.5
      vertex -41.1871 -31.9896 1.5
    endloop
  endfacet
  facet normal -0 -0 1
    outer loop
      vertex -40.6791 -32.3586 1.5
      vertex -40.4088 -32.5185 1.5
      vertex -41.4227 -31.7818 1.5
    endloop
  endfacet
  facet normal -0 -0 1
    outer loop
      vertex -40.4088 -32.5185 1.5
      vertex -39.8406 -32.7859 1.5
      vertex -41.4227 -31.7818 1.5
    endloop
  endfacet
  facet normal -0 -0 1
    outer loop
      vertex -40.1289 -32.6611 1.5
      vertex -39.8406 -32.7859 1.5
      vertex -40.4088 -32.5185 1.5
    endloop
  endfacet
  facet normal -0 -0 1
    outer loop
      vertex -39.8406 -32.7859 1.5
      vertex -39.5451 -32.8923 1.5
      vertex -41.4227 -31.7818 1.5
    endloop
  endfacet
  facet normal 0 0 1
    outer loop
      vertex -39.5451 -32.8923 1.5
      vertex -42.9901 -28.451 1.5
      vertex -41.4227 -31.7818 1.5
    endloop
  endfacet
  facet normal 0 0 1
    outer loop
      vertex -39.2621 -32.9751 1.5
      vertex -42.9901 -28.451 1.5
      vertex -39.5451 -32.8923 1.5
    endloop
  endfacet
  facet normal 0 0 1
    outer loop
      vertex -43 -28.137 1.5
      vertex -42.9901 -28.451 1.5
      vertex -39.2621 -32.9751 1.5
    endloop
  endfacet
  facet normal 0 0 1
    outer loop
      vertex -25.55 -29 1.5
      vertex -25.7972 -28.9608 1.5
      vertex -20.6207 -37.8381 1.5
    endloop
  endfacet
  facet normal -0 0 1
    outer loop
      vertex -25.55 -29 1.5
      vertex -20.6207 -37.8381 1.5
      vertex -23.65 -29 1.5
    endloop
  endfacet
  facet normal 0 -0 1
    outer loop
      vertex -19.6917 -37.9889 1.5
      vertex -17.5972 -28.9608 1.5
      vertex -20.0043 -37.9581 1.5
    endloop
  endfacet
  facet normal 0 0 1
    outer loop
      vertex -19.3585 -38 1.5
      vertex -17.35 -29 1.5
      vertex -17.5972 -28.9608 1.5
    endloop
  endfacet
  facet normal 0 -0 1
    outer loop
      vertex -19.3585 -38 1.5
      vertex -17.5972 -28.9608 1.5
      vertex -19.6917 -37.9889 1.5
    endloop
  endfacet
  facet normal 0 0 1
    outer loop
      vertex 42.6279 0.0197296 1.5
      vertex 42 0 1.5
      vertex 43 -12 1.5
    endloop
  endfacet
  facet normal 0 0 1
    outer loop
      vertex -26.1445 18.7353 1.5
      vertex -36.1221 18.0902 1.5
      vertex -35.6257 17.7051 1.5
    endloop
  endfacet
  facet normal 0 0 1
    outer loop
      vertex -43.8738 19.8229 1.5
      vertex -43.2533 19.9211 1.5
      vertex -40.4081 37.932 1.5
    endloop
  endfacet
  facet normal 0 0 1
    outer loop
      vertex -43.2533 0.0788422 1.5
      vertex -43 -12 1.5
      vertex -42.6279 0.0197296 1.5
    endloop
  endfacet
  facet normal 0 0 1
    outer loop
      vertex -43.8738 0.177124 1.5
      vertex -43 -12 1.5
      vertex -43.2533 0.0788422 1.5
    endloop
  endfacet
  facet normal 0 0 1
    outer loop
      vertex -44.4869 0.314163 1.5
      vertex -43 -12 1.5
      vertex -43.8738 0.177124 1.5
    endloop
  endfacet
  facet normal 0 0 1
    outer loop
      vertex -45.0902 0.489426 1.5
      vertex -43 -12 1.5
      vertex -44.4869 0.314163 1.5
    endloop
  endfacet
  facet normal 0 0 1
    outer loop
      vertex -45.6812 0.702225 1.5
      vertex -43 -12 1.5
      vertex -45.0902 0.489426 1.5
    endloop
  endfacet
  facet normal 0 0 1
    outer loop
      vertex -46.8175 1.23692 1.5
      vertex -43 -12 1.5
      vertex -46.2578 0.951721 1.5
    endloop
  endfacet
  facet normal 0 0 1
    outer loop
      vertex -46.2578 0.951721 1.5
      vertex -43 -12 1.5
      vertex -45.6812 0.702225 1.5
    endloop
  endfacet
  facet normal 0 0 1
    outer loop
      vertex -47.3583 1.55672 1.5
      vertex -43 -12 1.5
      vertex -46.8175 1.23692 1.5
    endloop
  endfacet
  facet normal 0 0 1
    outer loop
      vertex -47.8778 1.90982 1.5
      vertex -43 -12 1.5
      vertex -47.3583 1.55672 1.5
    endloop
  endfacet
  facet normal 0 0 1
    outer loop
      vertex -61.2382 3.5025 1.5
      vertex -43 -12 1.5
      vertex -47.8778 1.90982 1.5
    endloop
  endfacet
  facet normal 0 0 1
    outer loop
      vertex -61.2382 3.5025 1.5
      vertex -47.8778 1.90982 1.5
      vertex -48.3742 2.29486 1.5
    endloop
  endfacet
  facet normal 0 0 1
    outer loop
      vertex -61.2382 3.5025 1.5
      vertex -48.3742 2.29486 1.5
      vertex -48.8455 2.71031 1.5
    endloop
  endfacet
  facet normal 0 0 1
    outer loop
      vertex -61.2382 3.5025 1.5
      vertex -48.8455 2.71031 1.5
      vertex -49.2897 3.15453 1.5
    endloop
  endfacet
  facet normal -0 0 1
    outer loop
      vertex -61.2382 3.5025 1.5
      vertex -49.2897 3.15453 1.5
      vertex -49.7051 3.62575 1.5
    endloop
  endfacet
  facet normal 0 0 1
    outer loop
      vertex -61.2382 3.5025 1.5
      vertex -49.7051 3.62575 1.5
      vertex -50.0902 4.12215 1.5
    endloop
  endfacet
  facet normal 0 0 1
    outer loop
      vertex -50.7631 5.18245 1.5
      vertex -61.2382 3.5025 1.5
      vertex -50.4433 4.64172 1.5
    endloop
  endfacet
  facet normal 0 0 1
    outer loop
      vertex -51.0483 5.7422 1.5
      vertex -51.2978 6.31874 1.5
      vertex -61.2382 3.5025 1.5
    endloop
  endfacet
  facet normal 0 0 1
    outer loop
      vertex -51.2978 6.31874 1.5
      vertex -51.5106 6.90982 1.5
      vertex -61.2382 3.5025 1.5
    endloop
  endfacet
  facet normal 0 0 1
    outer loop
      vertex -51.5106 6.90982 1.5
      vertex -51.6858 7.51309 1.5
      vertex -61.2382 3.5025 1.5
    endloop
  endfacet
  facet normal 0 0 1
    outer loop
      vertex -51.6858 7.51309 1.5
      vertex -51.8229 8.12617 1.5
      vertex -61.2382 3.5025 1.5
    endloop
  endfacet
  facet normal 0 -0 1
    outer loop
      vertex -61.2382 3.5025 1.5
      vertex -51.9211 8.74666 1.5
      vertex -63 7.31219 1.5
    endloop
  endfacet
  facet normal 0 0 1
    outer loop
      vertex -61.2382 3.5025 1.5
      vertex -51.8229 8.12617 1.5
      vertex -51.9211 8.74666 1.5
    endloop
  endfacet
  facet normal 0 0 1
    outer loop
      vertex -51.9211 8.74666 1.5
      vertex -51.9803 9.37209 1.5
      vertex -63 7.31219 1.5
    endloop
  endfacet
  facet normal 0 0 1
    outer loop
      vertex -51.9803 9.37209 1.5
      vertex -52 10 1.5
      vertex -63 7.31219 1.5
    endloop
  endfacet
  facet normal 0 -0 1
    outer loop
      vertex -52 10 1.5
      vertex -51.9803 10.6279 1.5
      vertex -63 7.31219 1.5
    endloop
  endfacet
  facet normal 0 0 1
    outer loop
      vertex -51.8229 11.8738 1.5
      vertex -63 19.1886 1.5
      vertex -63 7.31219 1.5
    endloop
  endfacet
  facet normal 0 0 1
    outer loop
      vertex -51.6858 12.4869 1.5
      vertex -63 19.1886 1.5
      vertex -51.8229 11.8738 1.5
    endloop
  endfacet
  facet normal 0 0 1
    outer loop
      vertex -51.5106 13.0902 1.5
      vertex -63 19.1886 1.5
      vertex -51.6858 12.4869 1.5
    endloop
  endfacet
  facet normal 0 0 1
    outer loop
      vertex -51.2978 13.6812 1.5
      vertex -63 19.1886 1.5
      vertex -51.5106 13.0902 1.5
    endloop
  endfacet
  facet normal 0 0 1
    outer loop
      vertex -51.0483 14.2578 1.5
      vertex -63 19.1886 1.5
      vertex -51.2978 13.6812 1.5
    endloop
  endfacet
  facet normal 0 0 1
    outer loop
      vertex -50.7631 14.8175 1.5
      vertex -63 19.1886 1.5
      vertex -51.0483 14.2578 1.5
    endloop
  endfacet
  facet normal 0 0 1
    outer loop
      vertex -50.4433 15.3583 1.5
      vertex -63 19.1886 1.5
      vertex -50.7631 14.8175 1.5
    endloop
  endfacet
  facet normal 0 0 1
    outer loop
      vertex -62.7434 20.7697 1.5
      vertex -63 19.1886 1.5
      vertex -50.4433 15.3583 1.5
    endloop
  endfacet
  facet normal 0 0 1
    outer loop
      vertex -62.7434 20.7697 1.5
      vertex -50.4433 15.3583 1.5
      vertex -50.0902 15.8778 1.5
    endloop
  endfacet
  facet normal 0 0 1
    outer loop
      vertex -49.2897 16.8455 1.5
      vertex -62.7434 20.7697 1.5
      vertex -49.7051 16.3742 1.5
    endloop
  endfacet
  facet normal 0 0 1
    outer loop
      vertex -48.8455 17.2897 1.5
      vertex -62.7434 20.7697 1.5
      vertex -49.2897 16.8455 1.5
    endloop
  endfacet
  facet normal 0 0 1
    outer loop
      vertex -48.3742 17.7051 1.5
      vertex -62.7434 20.7697 1.5
      vertex -48.8455 17.2897 1.5
    endloop
  endfacet
  facet normal 0 0 1
    outer loop
      vertex -58.952 32.1441 1.5
      vertex -62.7434 20.7697 1.5
      vertex -48.3742 17.7051 1.5
    endloop
  endfacet
  facet normal 0 0 1
    outer loop
      vertex -58.952 32.1441 1.5
      vertex -48.3742 17.7051 1.5
      vertex -47.8778 18.0902 1.5
    endloop
  endfacet
  facet normal 0 0 1
    outer loop
      vertex -58.952 32.1441 1.5
      vertex -47.8778 18.0902 1.5
      vertex -47.3583 18.4433 1.5
    endloop
  endfacet
  facet normal 0 0 1
    outer loop
      vertex -58.952 32.1441 1.5
      vertex -47.3583 18.4433 1.5
      vertex -46.8175 18.7631 1.5
    endloop
  endfacet
  facet normal -0 0 1
    outer loop
      vertex -58.952 32.1441 1.5
      vertex -46.8175 18.7631 1.5
      vertex -55.0305 35.4949 1.5
    endloop
  endfacet
  facet normal 0 -0 1
    outer loop
      vertex -46.8175 18.7631 1.5
      vertex -46.2578 19.0483 1.5
      vertex -55.0305 35.4949 1.5
    endloop
  endfacet
  facet normal 0 -0 1
    outer loop
      vertex -46.2578 19.0483 1.5
      vertex -45.6812 19.2978 1.5
      vertex -55.0305 35.4949 1.5
    endloop
  endfacet
  facet normal 0 -0 1
    outer loop
      vertex -45.6812 19.2978 1.5
      vertex -45.0902 19.5106 1.5
      vertex -55.0305 35.4949 1.5
    endloop
  endfacet
  facet normal 0 -0 1
    outer loop
      vertex -45.0902 19.5106 1.5
      vertex -44.4869 19.6858 1.5
      vertex -55.0305 35.4949 1.5
    endloop
  endfacet
  facet normal 0 -0 1
    outer loop
      vertex -44.4869 19.6858 1.5
      vertex -40.4081 37.932 1.5
      vertex -55.0305 35.4949 1.5
    endloop
  endfacet
  facet normal 0 -0 1
    outer loop
      vertex -43.8738 19.8229 1.5
      vertex -40.4081 37.932 1.5
      vertex -44.4869 19.6858 1.5
    endloop
  endfacet
  facet normal 0 0 1
    outer loop
      vertex -43.2533 19.9211 1.5
      vertex -42.6279 19.9803 1.5
      vertex -40.4081 37.932 1.5
    endloop
  endfacet
  facet normal 0 0 1
    outer loop
      vertex -42.6279 19.9803 1.5
      vertex -42 20 1.5
      vertex -40.4081 37.932 1.5
    endloop
  endfacet
  facet normal -0 0 1
    outer loop
      vertex -42 20 1.5
      vertex -41.3721 19.9803 1.5
      vertex -40.4081 37.932 1.5
    endloop
  endfacet
  facet normal -0 0 1
    outer loop
      vertex -41.3721 19.9803 1.5
      vertex -40.7467 19.9211 1.5
      vertex -40.4081 37.932 1.5
    endloop
  endfacet
  facet normal 0 0 1
    outer loop
      vertex -40.7467 19.9211 1.5
      vertex -39.5862 38 1.5
      vertex -40.4081 37.932 1.5
    endloop
  endfacet
  facet normal 0 -0 1
    outer loop
      vertex -40.1262 19.8229 1.5
      vertex -39.5862 38 1.5
      vertex -40.7467 19.9211 1.5
    endloop
  endfacet
  facet normal 0 0 1
    outer loop
      vertex -39.5131 19.6858 1.5
      vertex -39.5862 38 1.5
      vertex -40.1262 19.8229 1.5
    endloop
  endfacet
  facet normal 0 0 1
    outer loop
      vertex -38.9098 19.5106 1.5
      vertex -39.5862 38 1.5
      vertex -39.5131 19.6858 1.5
    endloop
  endfacet
  facet normal 0 0 1
    outer loop
      vertex -38.3187 19.2978 1.5
      vertex -39.5862 38 1.5
      vertex -38.9098 19.5106 1.5
    endloop
  endfacet
  facet normal 0 0 1
    outer loop
      vertex -37.1824 18.7631 1.5
      vertex -39.5862 38 1.5
      vertex -37.7422 19.0483 1.5
    endloop
  endfacet
  facet normal 0 0 1
    outer loop
      vertex -37.7422 19.0483 1.5
      vertex -39.5862 38 1.5
      vertex -38.3187 19.2978 1.5
    endloop
  endfacet
  facet normal 0 -0 1
    outer loop
      vertex -26.2428 18.6 1.5
      vertex -26.1445 18.7353 1.5
      vertex -35.6257 17.7051 1.5
    endloop
  endfacet
  facet normal 0 0 1
    outer loop
      vertex -26.2428 18.6 1.5
      vertex -35.6257 17.7051 1.5
      vertex -35.1545 17.2897 1.5
    endloop
  endfacet
  facet normal 0 0 1
    outer loop
      vertex -26.2428 18.6 1.5
      vertex -35.1545 17.2897 1.5
      vertex -34.7103 16.8455 1.5
    endloop
  endfacet
  facet normal 0 0 1
    outer loop
      vertex -26.2428 18.6 1.5
      vertex -34.7103 16.8455 1.5
      vertex -26.3108 18.4472 1.5
    endloop
  endfacet
  facet normal -0 0 1
    outer loop
      vertex -34.7103 16.8455 1.5
      vertex -34.2949 16.3742 1.5
      vertex -26.3108 18.4472 1.5
    endloop
  endfacet
  facet normal 0 0 1
    outer loop
      vertex -34.2949 16.3742 1.5
      vertex -26.35 18.2 1.5
      vertex -26.3108 18.4472 1.5
    endloop
  endfacet
  facet normal 0 -0 1
    outer loop
      vertex -33.9098 15.8778 1.5
      vertex -26.35 18.2 1.5
      vertex -34.2949 16.3742 1.5
    endloop
  endfacet
  facet normal 0 0 1
    outer loop
      vertex -26.35 18.2 1.5
      vertex -32.7022 13.6812 1.5
      vertex -32.4894 13.0902 1.5
    endloop
  endfacet
  facet normal 0 0 1
    outer loop
      vertex -9.84282 18.6 1.5
      vertex -14.8028 18.6702 1.5
      vertex -14.7192 18.5254 1.5
    endloop
  endfacet
  facet normal 0 0 1
    outer loop
      vertex -32.0197 9.37209 1.5
      vertex -26.35 18.2 1.5
      vertex -32 10 1.5
    endloop
  endfacet
  facet normal 0 0 1
    outer loop
      vertex -26.35 18.2 1.5
      vertex -32.1771 8.12617 1.5
      vertex -32.3142 7.51309 1.5
    endloop
  endfacet
  facet normal 0 0 1
    outer loop
      vertex 6.65549 18.7353 1.5
      vertex 1.59721 18.6702 1.5
      vertex 6.55717 18.6 1.5
    endloop
  endfacet
  facet normal 0 -0 1
    outer loop
      vertex 36.1221 18.0902 1.5
      vertex 36.6417 18.4433 1.5
      vertex 26.0853 18.7945 1.5
    endloop
  endfacet
  facet normal 0 0 1
    outer loop
      vertex 23.0555 18.7353 1.5
      vertex 17.8853 18.7945 1.5
      vertex 17.9972 18.6702 1.5
    endloop
  endfacet
  facet normal 0 0 1
    outer loop
      vertex 23.1798 18.8472 1.5
      vertex 17.8853 18.7945 1.5
      vertex 23.0555 18.7353 1.5
    endloop
  endfacet
  facet normal 0 0 1
    outer loop
      vertex 37.1824 1.23692 1.5
      vertex 36.6417 1.55672 1.5
      vertex 43 -12 1.5
    endloop
  endfacet
  facet normal 0 0 1
    outer loop
      vertex 37.1824 1.23692 1.5
      vertex 43 -12 1.5
      vertex 37.7422 0.951721 1.5
    endloop
  endfacet
  facet normal 0 0 1
    outer loop
      vertex 43 -12 1.5
      vertex 38.3187 0.702225 1.5
      vertex 37.7422 0.951721 1.5
    endloop
  endfacet
  facet normal 0 0 1
    outer loop
      vertex 43 -12 1.5
      vertex 42 0 1.5
      vertex 41.3721 0.0197296 1.5
    endloop
  endfacet
  facet normal 0 0 1
    outer loop
      vertex 43 -12 1.5
      vertex 40.7467 0.0788422 1.5
      vertex 40.1262 0.177124 1.5
    endloop
  endfacet
  facet normal 0 0 1
    outer loop
      vertex 36.1221 1.90982 1.5
      vertex 43 -12 1.5
      vertex 36.6417 1.55672 1.5
    endloop
  endfacet
  facet normal 0 0 1
    outer loop
      vertex -17.8853 -28.7945 1.5
      vertex -23.0555 -28.7353 1.5
      vertex -23.1798 -28.8472 1.5
    endloop
  endfacet
  facet normal 0 -0 1
    outer loop
      vertex -26.0202 18.8472 1.5
      vertex -25.8754 18.9308 1.5
      vertex -37.1824 18.7631 1.5
    endloop
  endfacet
  facet normal 0 -0 1
    outer loop
      vertex -36.6417 18.4433 1.5
      vertex -26.0202 18.8472 1.5
      vertex -37.1824 18.7631 1.5
    endloop
  endfacet
  facet normal -0 0 1
    outer loop
      vertex -36.6417 18.4433 1.5
      vertex -36.1221 18.0902 1.5
      vertex -26.0202 18.8472 1.5
    endloop
  endfacet
  facet normal 0 0 1
    outer loop
      vertex -34.2949 3.62575 1.5
      vertex -34.7103 3.15453 1.5
      vertex -26.35 -28.2 1.5
    endloop
  endfacet
  facet normal 0 0 1
    outer loop
      vertex -17.8853 -28.7945 1.5
      vertex -23.1798 -28.8472 1.5
      vertex -17.75 -28.8928 1.5
    endloop
  endfacet
  facet normal 0 0 1
    outer loop
      vertex -26.35 -28.2 1.5
      vertex -35.6257 2.29486 1.5
      vertex -36.1221 1.90982 1.5
    endloop
  endfacet
  facet normal 0 0 1
    outer loop
      vertex -20.6207 -37.8381 1.5
      vertex -25.95 -28.8928 1.5
      vertex -39.2621 -32.9751 1.5
    endloop
  endfacet
  facet normal 0 0 1
    outer loop
      vertex -36.1221 1.90982 1.5
      vertex -43 -12 1.5
      vertex -26.35 -28.2 1.5
    endloop
  endfacet
  facet normal 0 0 1
    outer loop
      vertex -43 -12 1.5
      vertex -36.1221 1.90982 1.5
      vertex -36.6417 1.55672 1.5
    endloop
  endfacet
  facet normal 0 0 1
    outer loop
      vertex -43 -12 1.5
      vertex -36.6417 1.55672 1.5
      vertex -37.1824 1.23692 1.5
    endloop
  endfacet
  facet normal 0 0 1
    outer loop
      vertex -43 -12 1.5
      vertex -37.1824 1.23692 1.5
      vertex -37.7422 0.951721 1.5
    endloop
  endfacet
  facet normal 0 0 1
    outer loop
      vertex -43 -12 1.5
      vertex -37.7422 0.951721 1.5
      vertex -38.3187 0.702225 1.5
    endloop
  endfacet
  facet normal 0 0 1
    outer loop
      vertex -43 -12 1.5
      vertex -38.3187 0.702225 1.5
      vertex -38.9098 0.489426 1.5
    endloop
  endfacet
  facet normal 0 0 1
    outer loop
      vertex -43 -12 1.5
      vertex -38.9098 0.489426 1.5
      vertex -39.5131 0.314163 1.5
    endloop
  endfacet
  facet normal 0 0 1
    outer loop
      vertex -43 -12 1.5
      vertex -39.5131 0.314163 1.5
      vertex -40.1262 0.177124 1.5
    endloop
  endfacet
  facet normal 0 0 1
    outer loop
      vertex -43 -12 1.5
      vertex -40.1262 0.177124 1.5
      vertex -40.7467 0.0788422 1.5
    endloop
  endfacet
  facet normal 0 0 1
    outer loop
      vertex -43 -12 1.5
      vertex -41.3721 0.0197296 1.5
      vertex -42 0 1.5
    endloop
  endfacet
  facet normal 0 0 1
    outer loop
      vertex -43 -12 1.5
      vertex -40.7467 0.0788422 1.5
      vertex -41.3721 0.0197296 1.5
    endloop
  endfacet
  facet normal 0 0 1
    outer loop
      vertex 14.8028 -28.6702 1.5
      vertex 9.74451 -28.7353 1.5
      vertex 14.9147 -28.7945 1.5
    endloop
  endfacet
  facet normal 0 0 1
    outer loop
      vertex 40.7467 0.0788422 1.5
      vertex 43 -12 1.5
      vertex 41.3721 0.0197296 1.5
    endloop
  endfacet
  facet normal 0 0 1
    outer loop
      vertex 43 -12 1.5
      vertex 38.9098 0.489426 1.5
      vertex 38.3187 0.702225 1.5
    endloop
  endfacet
  facet normal 0 0 1
    outer loop
      vertex 43 -12 1.5
      vertex 39.5131 0.314163 1.5
      vertex 38.9098 0.489426 1.5
    endloop
  endfacet
  facet normal 0 -0 1
    outer loop
      vertex 9.79721 18.6702 1.5
      vertex 14.8555 18.7353 1.5
      vertex 9.6853 18.7945 1.5
    endloop
  endfacet
  facet normal 0 0 1
    outer loop
      vertex 18.1325 18.3663 1.5
      vertex 18.15 18.2 1.5
      vertex 22.85 18.2 1.5
    endloop
  endfacet
  facet normal 0 0 1
    outer loop
      vertex -1.75 18.2 1.5
      vertex -6.45 18.2 1.5
      vertex -1.75 -28.2 1.5
    endloop
  endfacet
  facet normal 0 0 1
    outer loop
      vertex -1.71085 18.4472 1.5
      vertex -6.51917 18.5254 1.5
      vertex -6.46748 18.3663 1.5
    endloop
  endfacet
  facet normal 0 0 1
    outer loop
      vertex -25.8754 18.9308 1.5
      vertex -39.5862 38 1.5
      vertex -37.1824 18.7631 1.5
    endloop
  endfacet
  facet normal 0 0 1
    outer loop
      vertex -26.35 18.2 1.5
      vertex -32.3142 7.51309 1.5
      vertex -32.4894 6.90982 1.5
    endloop
  endfacet
  facet normal 0 0 1
    outer loop
      vertex -1.64282 18.6 1.5
      vertex -6.60278 18.6702 1.5
      vertex -6.51917 18.5254 1.5
    endloop
  endfacet
  facet normal 0 0 1
    outer loop
      vertex -1.54451 18.7353 1.5
      vertex -6.60278 18.6702 1.5
      vertex -1.64282 18.6 1.5
    endloop
  endfacet
  facet normal -0 0 1
    outer loop
      vertex -32.0788 8.74666 1.5
      vertex -32.1771 8.12617 1.5
      vertex -26.35 18.2 1.5
    endloop
  endfacet
  facet normal 0 -0 1
    outer loop
      vertex -18.15 -28.2 1.5
      vertex -18.15 18.2 1.5
      vertex -22.85 18.2 1.5
    endloop
  endfacet
  facet normal 0 0 1
    outer loop
      vertex -32.0788 8.74666 1.5
      vertex -26.35 18.2 1.5
      vertex -32.0197 9.37209 1.5
    endloop
  endfacet
  facet normal 0 0 1
    outer loop
      vertex -26.35 18.2 1.5
      vertex -32.0197 10.6279 1.5
      vertex -32 10 1.5
    endloop
  endfacet
  facet normal 0 0 1
    outer loop
      vertex -22.8675 18.3663 1.5
      vertex -22.85 18.2 1.5
      vertex -18.15 18.2 1.5
    endloop
  endfacet
  facet normal -0 0 1
    outer loop
      vertex -32.0788 11.2533 1.5
      vertex -32.0197 10.6279 1.5
      vertex -26.35 18.2 1.5
    endloop
  endfacet
  facet normal -0 0 1
    outer loop
      vertex -32.1771 11.8738 1.5
      vertex -32.0788 11.2533 1.5
      vertex -26.35 18.2 1.5
    endloop
  endfacet
  facet normal -0 0 1
    outer loop
      vertex -14.8028 18.6702 1.5
      vertex -9.84282 18.6 1.5
      vertex -9.74451 18.7353 1.5
    endloop
  endfacet
  facet normal 0 -0 1
    outer loop
      vertex -32.1771 11.8738 1.5
      vertex -26.35 18.2 1.5
      vertex -32.3142 12.4869 1.5
    endloop
  endfacet
  facet normal 0 0 1
    outer loop
      vertex -26.35 18.2 1.5
      vertex -32.4894 13.0902 1.5
      vertex -32.3142 12.4869 1.5
    endloop
  endfacet
  facet normal 0 -0 1
    outer loop
      vertex -23.4028 18.9608 1.5
      vertex -17.5163 18.9825 1.5
      vertex -39.5862 38 1.5
    endloop
  endfacet
  facet normal 0 -0 1
    outer loop
      vertex -22.8675 18.3663 1.5
      vertex -18.1108 18.4472 1.5
      vertex -22.9192 18.5254 1.5
    endloop
  endfacet
  facet normal 0 -0 1
    outer loop
      vertex -32.7022 13.6812 1.5
      vertex -26.35 18.2 1.5
      vertex -32.9517 14.2578 1.5
    endloop
  endfacet
  facet normal 0 -0 1
    outer loop
      vertex -32.9517 14.2578 1.5
      vertex -26.35 18.2 1.5
      vertex -33.2369 14.8175 1.5
    endloop
  endfacet
  facet normal 0 -0 1
    outer loop
      vertex -22.9192 18.5254 1.5
      vertex -18.0428 18.6 1.5
      vertex -23.0028 18.6702 1.5
    endloop
  endfacet
  facet normal 0 0 1
    outer loop
      vertex -26.0202 18.8472 1.5
      vertex -36.1221 18.0902 1.5
      vertex -26.1445 18.7353 1.5
    endloop
  endfacet
  facet normal 0 -0 1
    outer loop
      vertex -18.0428 18.6 1.5
      vertex -17.9445 18.7353 1.5
      vertex -23.0028 18.6702 1.5
    endloop
  endfacet
  facet normal 0 -0 1
    outer loop
      vertex 17.75 18.8928 1.5
      vertex 23.3246 18.9308 1.5
      vertex 17.5972 18.9608 1.5
    endloop
  endfacet
  facet normal 0 -0 1
    outer loop
      vertex 25.55 19 1.5
      vertex 39.5862 38 1.5
      vertex 23.65 19 1.5
    endloop
  endfacet
  facet normal 0 -0 1
    outer loop
      vertex 37.7422 19.0483 1.5
      vertex 39.5862 38 1.5
      vertex 37.1824 18.7631 1.5
    endloop
  endfacet
  facet normal 0 0 1
    outer loop
      vertex 38.3187 19.2978 1.5
      vertex 38.9098 19.5106 1.5
      vertex 39.5862 38 1.5
    endloop
  endfacet
  facet normal 0 0 1
    outer loop
      vertex 38.9098 19.5106 1.5
      vertex 39.5131 19.6858 1.5
      vertex 39.5862 38 1.5
    endloop
  endfacet
  facet normal 0 0 1
    outer loop
      vertex 39.5131 19.6858 1.5
      vertex 40.1262 19.8229 1.5
      vertex 39.5862 38 1.5
    endloop
  endfacet
  facet normal 0 -0 1
    outer loop
      vertex 40.1262 19.8229 1.5
      vertex 40.7467 19.9211 1.5
      vertex 39.5862 38 1.5
    endloop
  endfacet
  facet normal 0 0 1
    outer loop
      vertex 40.7467 19.9211 1.5
      vertex 40.4081 37.932 1.5
      vertex 39.5862 38 1.5
    endloop
  endfacet
  facet normal 0 0 1
    outer loop
      vertex 41.3721 19.9803 1.5
      vertex 40.4081 37.932 1.5
      vertex 40.7467 19.9211 1.5
    endloop
  endfacet
  facet normal 0 0 1
    outer loop
      vertex 42 20 1.5
      vertex 40.4081 37.932 1.5
      vertex 41.3721 19.9803 1.5
    endloop
  endfacet
  facet normal 0 0 1
    outer loop
      vertex 42.6279 19.9803 1.5
      vertex 40.4081 37.932 1.5
      vertex 42 20 1.5
    endloop
  endfacet
  facet normal 0 0 1
    outer loop
      vertex 44.4869 19.6858 1.5
      vertex 40.4081 37.932 1.5
      vertex 43.8738 19.8229 1.5
    endloop
  endfacet
  facet normal 0 0 1
    outer loop
      vertex 55.0305 35.4949 1.5
      vertex 40.4081 37.932 1.5
      vertex 44.4869 19.6858 1.5
    endloop
  endfacet
  facet normal 0 -0 1
    outer loop
      vertex 45.6812 19.2978 1.5
      vertex 55.0305 35.4949 1.5
      vertex 45.0902 19.5106 1.5
    endloop
  endfacet
  facet normal 0 -0 1
    outer loop
      vertex 46.2578 19.0483 1.5
      vertex 55.0305 35.4949 1.5
      vertex 45.6812 19.2978 1.5
    endloop
  endfacet
  facet normal 0 -0 1
    outer loop
      vertex 46.8175 18.7631 1.5
      vertex 55.0305 35.4949 1.5
      vertex 46.2578 19.0483 1.5
    endloop
  endfacet
  facet normal 0 0 1
    outer loop
      vertex 58.952 32.1441 1.5
      vertex 55.0305 35.4949 1.5
      vertex 46.8175 18.7631 1.5
    endloop
  endfacet
  facet normal 0 0 1
    outer loop
      vertex 58.952 32.1441 1.5
      vertex 46.8175 18.7631 1.5
      vertex 47.3583 18.4433 1.5
    endloop
  endfacet
  facet normal 0 0 1
    outer loop
      vertex 58.952 32.1441 1.5
      vertex 47.3583 18.4433 1.5
      vertex 47.8778 18.0902 1.5
    endloop
  endfacet
  facet normal 0 0 1
    outer loop
      vertex 58.952 32.1441 1.5
      vertex 47.8778 18.0902 1.5
      vertex 48.3742 17.7051 1.5
    endloop
  endfacet
  facet normal 0 0 1
    outer loop
      vertex 58.952 32.1441 1.5
      vertex 48.3742 17.7051 1.5
      vertex 62.7434 20.7697 1.5
    endloop
  endfacet
  facet normal -0 0 1
    outer loop
      vertex 48.3742 17.7051 1.5
      vertex 48.8455 17.2897 1.5
      vertex 62.7434 20.7697 1.5
    endloop
  endfacet
  facet normal 0 0 1
    outer loop
      vertex 62.7434 20.7697 1.5
      vertex 49.2897 16.8455 1.5
      vertex 49.7051 16.3742 1.5
    endloop
  endfacet
  facet normal 0 0 1
    outer loop
      vertex 62.7434 20.7697 1.5
      vertex 49.7051 16.3742 1.5
      vertex 50.0902 15.8778 1.5
    endloop
  endfacet
  facet normal 0 0 1
    outer loop
      vertex 62.7434 20.7697 1.5
      vertex 50.0902 15.8778 1.5
      vertex 50.4433 15.3583 1.5
    endloop
  endfacet
  facet normal 0 0 1
    outer loop
      vertex 50.4433 15.3583 1.5
      vertex 63 19.1886 1.5
      vertex 62.7434 20.7697 1.5
    endloop
  endfacet
  facet normal 0 -0 1
    outer loop
      vertex 50.7631 14.8175 1.5
      vertex 63 19.1886 1.5
      vertex 50.4433 15.3583 1.5
    endloop
  endfacet
  facet normal 0 -0 1
    outer loop
      vertex 51.0483 14.2578 1.5
      vertex 63 19.1886 1.5
      vertex 50.7631 14.8175 1.5
    endloop
  endfacet
  facet normal 0 -0 1
    outer loop
      vertex 51.2978 13.6812 1.5
      vertex 63 19.1886 1.5
      vertex 51.0483 14.2578 1.5
    endloop
  endfacet
  facet normal 0 -0 1
    outer loop
      vertex 51.5106 13.0902 1.5
      vertex 63 19.1886 1.5
      vertex 51.2978 13.6812 1.5
    endloop
  endfacet
  facet normal 0 -0 1
    outer loop
      vertex 51.6858 12.4869 1.5
      vertex 63 19.1886 1.5
      vertex 51.5106 13.0902 1.5
    endloop
  endfacet
  facet normal 0 -0 1
    outer loop
      vertex 51.8229 11.8738 1.5
      vertex 63 19.1886 1.5
      vertex 51.6858 12.4869 1.5
    endloop
  endfacet
  facet normal 0 -0 1
    outer loop
      vertex 63 7.31219 1.5
      vertex 63 19.1886 1.5
      vertex 51.8229 11.8738 1.5
    endloop
  endfacet
  facet normal 0 0 1
    outer loop
      vertex 63 7.31219 1.5
      vertex 51.8229 11.8738 1.5
      vertex 51.9211 11.2533 1.5
    endloop
  endfacet
  facet normal 0 0 1
    outer loop
      vertex 63 7.31219 1.5
      vertex 51.9211 11.2533 1.5
      vertex 51.9803 10.6279 1.5
    endloop
  endfacet
  facet normal 0 0 1
    outer loop
      vertex 63 7.31219 1.5
      vertex 51.9803 10.6279 1.5
      vertex 52 10 1.5
    endloop
  endfacet
  facet normal 0 0 1
    outer loop
      vertex 63 7.31219 1.5
      vertex 52 10 1.5
      vertex 51.9803 9.37209 1.5
    endloop
  endfacet
  facet normal 0 0 1
    outer loop
      vertex 63 7.31219 1.5
      vertex 51.9803 9.37209 1.5
      vertex 51.9211 8.74666 1.5
    endloop
  endfacet
  facet normal 0 0 1
    outer loop
      vertex 63 7.31219 1.5
      vertex 51.9211 8.74666 1.5
      vertex 61.2382 3.5025 1.5
    endloop
  endfacet
  facet normal 0 0 1
    outer loop
      vertex 51.9211 8.74666 1.5
      vertex 51.8229 8.12617 1.5
      vertex 61.2382 3.5025 1.5
    endloop
  endfacet
  facet normal 0 0 1
    outer loop
      vertex 51.8229 8.12617 1.5
      vertex 51.6858 7.51309 1.5
      vertex 61.2382 3.5025 1.5
    endloop
  endfacet
  facet normal 0 0 1
    outer loop
      vertex 51.6858 7.51309 1.5
      vertex 51.5106 6.90982 1.5
      vertex 61.2382 3.5025 1.5
    endloop
  endfacet
  facet normal 0 0 1
    outer loop
      vertex 51.5106 6.90982 1.5
      vertex 51.2978 6.31874 1.5
      vertex 61.2382 3.5025 1.5
    endloop
  endfacet
  facet normal 0 0 1
    outer loop
      vertex 61.2382 3.5025 1.5
      vertex 51.0483 5.7422 1.5
      vertex 50.7631 5.18245 1.5
    endloop
  endfacet
  facet normal 0 0 1
    outer loop
      vertex 61.2382 3.5025 1.5
      vertex 51.2978 6.31874 1.5
      vertex 51.0483 5.7422 1.5
    endloop
  endfacet
  facet normal 0 0 1
    outer loop
      vertex 61.2382 3.5025 1.5
      vertex 50.7631 5.18245 1.5
      vertex 50.4433 4.64172 1.5
    endloop
  endfacet
  facet normal 0 0 1
    outer loop
      vertex 61.2382 3.5025 1.5
      vertex 50.4433 4.64172 1.5
      vertex 50.0902 4.12215 1.5
    endloop
  endfacet
  facet normal 0 0 1
    outer loop
      vertex 61.2382 3.5025 1.5
      vertex 50.0902 4.12215 1.5
      vertex 49.7051 3.62575 1.5
    endloop
  endfacet
  facet normal 0 0 1
    outer loop
      vertex 61.2382 3.5025 1.5
      vertex 49.7051 3.62575 1.5
      vertex 49.2897 3.15453 1.5
    endloop
  endfacet
  facet normal 0 0 1
    outer loop
      vertex 61.2382 3.5025 1.5
      vertex 49.2897 3.15453 1.5
      vertex 48.8455 2.71031 1.5
    endloop
  endfacet
  facet normal 0 0 1
    outer loop
      vertex 61.2382 3.5025 1.5
      vertex 48.8455 2.71031 1.5
      vertex 48.3742 2.29486 1.5
    endloop
  endfacet
  facet normal 0 0 1
    outer loop
      vertex 61.2382 3.5025 1.5
      vertex 48.3742 2.29486 1.5
      vertex 47.8778 1.90982 1.5
    endloop
  endfacet
  facet normal 0 0 1
    outer loop
      vertex 61.2382 3.5025 1.5
      vertex 47.8778 1.90982 1.5
      vertex 43 -12 1.5
    endloop
  endfacet
  facet normal 0 0 1
    outer loop
      vertex 47.8778 1.90982 1.5
      vertex 47.3583 1.55672 1.5
      vertex 43 -12 1.5
    endloop
  endfacet
  facet normal 0 0 1
    outer loop
      vertex 47.3583 1.55672 1.5
      vertex 46.8175 1.23692 1.5
      vertex 43 -12 1.5
    endloop
  endfacet
  facet normal 0 0 1
    outer loop
      vertex 46.8175 1.23692 1.5
      vertex 46.2578 0.951721 1.5
      vertex 43 -12 1.5
    endloop
  endfacet
  facet normal 0 0 1
    outer loop
      vertex 46.2578 0.951721 1.5
      vertex 45.6812 0.702225 1.5
      vertex 43 -12 1.5
    endloop
  endfacet
  facet normal 0 0 1
    outer loop
      vertex 45.6812 0.702225 1.5
      vertex 45.0902 0.489426 1.5
      vertex 43 -12 1.5
    endloop
  endfacet
  facet normal 0 0 1
    outer loop
      vertex 45.0902 0.489426 1.5
      vertex 44.4869 0.314163 1.5
      vertex 43 -12 1.5
    endloop
  endfacet
  facet normal 0 0 1
    outer loop
      vertex 44.4869 0.314163 1.5
      vertex 43.8738 0.177124 1.5
      vertex 43 -12 1.5
    endloop
  endfacet
  facet normal 0 0 1
    outer loop
      vertex 43.8738 0.177124 1.5
      vertex 43.2533 0.0788422 1.5
      vertex 43 -12 1.5
    endloop
  endfacet
  facet normal 0 0 1
    outer loop
      vertex 43.2533 0.0788422 1.5
      vertex 42.6279 0.0197296 1.5
      vertex 43 -12 1.5
    endloop
  endfacet
  facet normal 0 0 1
    outer loop
      vertex -26.35 -28.2 1.5
      vertex -35.1545 2.71031 1.5
      vertex -35.6257 2.29486 1.5
    endloop
  endfacet
  facet normal 0 0 1
    outer loop
      vertex -25.7972 -28.9608 1.5
      vertex -25.95 -28.8928 1.5
      vertex -20.6207 -37.8381 1.5
    endloop
  endfacet
  facet normal 0 0 1
    outer loop
      vertex -25.95 -28.8928 1.5
      vertex -26.0853 -28.7945 1.5
      vertex -39.2621 -32.9751 1.5
    endloop
  endfacet
  facet normal 0 0 1
    outer loop
      vertex -26.0853 -28.7945 1.5
      vertex -26.1972 -28.6702 1.5
      vertex -39.2621 -32.9751 1.5
    endloop
  endfacet
  facet normal 0 0 1
    outer loop
      vertex -26.1972 -28.6702 1.5
      vertex -26.2808 -28.5254 1.5
      vertex -39.2621 -32.9751 1.5
    endloop
  endfacet
  facet normal 0 0 1
    outer loop
      vertex -26.2808 -28.5254 1.5
      vertex -26.3325 -28.3663 1.5
      vertex -39.2621 -32.9751 1.5
    endloop
  endfacet
  facet normal 0 0 1
    outer loop
      vertex -26.3325 -28.3663 1.5
      vertex -26.35 -28.2 1.5
      vertex -39.2621 -32.9751 1.5
    endloop
  endfacet
  facet normal 0 0 1
    outer loop
      vertex -43 -12 1.5
      vertex -43 -28.137 1.5
      vertex -26.35 -28.2 1.5
    endloop
  endfacet
  facet normal 0 0 1
    outer loop
      vertex -26.35 -28.2 1.5
      vertex -43 -28.137 1.5
      vertex -39.2621 -32.9751 1.5
    endloop
  endfacet
  facet normal 0 0 1
    outer loop
      vertex -34.7103 3.15453 1.5
      vertex -35.1545 2.71031 1.5
      vertex -26.35 -28.2 1.5
    endloop
  endfacet
  facet normal 0 -0 1
    outer loop
      vertex -33.2369 14.8175 1.5
      vertex -26.35 18.2 1.5
      vertex -33.5567 15.3583 1.5
    endloop
  endfacet
  facet normal 0 -0 1
    outer loop
      vertex -25.55 19 1.5
      vertex -23.65 19 1.5
      vertex -39.5862 38 1.5
    endloop
  endfacet
  facet normal 0 0 1
    outer loop
      vertex -26.35 -28.2 1.5
      vertex -33.9098 4.12215 1.5
      vertex -34.2949 3.62575 1.5
    endloop
  endfacet
  facet normal 0 0 1
    outer loop
      vertex -26.35 -28.2 1.5
      vertex -33.5567 4.64172 1.5
      vertex -33.9098 4.12215 1.5
    endloop
  endfacet
  facet normal 0 0 1
    outer loop
      vertex -26.35 -28.2 1.5
      vertex -33.2369 5.18245 1.5
      vertex -33.5567 4.64172 1.5
    endloop
  endfacet
  facet normal 0 0 1
    outer loop
      vertex -26.35 -28.2 1.5
      vertex -32.9517 5.7422 1.5
      vertex -33.2369 5.18245 1.5
    endloop
  endfacet
  facet normal 0 0 1
    outer loop
      vertex -26.35 -28.2 1.5
      vertex -32.7022 6.31874 1.5
      vertex -32.9517 5.7422 1.5
    endloop
  endfacet
  facet normal 0 0 1
    outer loop
      vertex -26.35 -28.2 1.5
      vertex -32.4894 6.90982 1.5
      vertex -32.7022 6.31874 1.5
    endloop
  endfacet
  facet normal 0 -0 1
    outer loop
      vertex -26.35 -28.2 1.5
      vertex -26.35 18.2 1.5
      vertex -32.4894 6.90982 1.5
    endloop
  endfacet
  facet normal 0 0 1
    outer loop
      vertex -23.4837 -28.9825 1.5
      vertex -23.65 -29 1.5
      vertex -20.6207 -37.8381 1.5
    endloop
  endfacet
  facet normal 0 0 1
    outer loop
      vertex -25.7163 18.9825 1.5
      vertex -39.5862 38 1.5
      vertex -25.8754 18.9308 1.5
    endloop
  endfacet
  facet normal 0 0 1
    outer loop
      vertex -25.55 19 1.5
      vertex -39.5862 38 1.5
      vertex -25.7163 18.9825 1.5
    endloop
  endfacet
  facet normal -0 -0 1
    outer loop
      vertex -23.65 19 1.5
      vertex -23.4028 18.9608 1.5
      vertex -39.5862 38 1.5
    endloop
  endfacet
  facet normal 0 0 1
    outer loop
      vertex -23.1147 18.7945 1.5
      vertex -23.0028 18.6702 1.5
      vertex -17.9445 18.7353 1.5
    endloop
  endfacet
  facet normal 0 -0 1
    outer loop
      vertex -14.6675 18.3663 1.5
      vertex -9.91084 18.4472 1.5
      vertex -14.7192 18.5254 1.5
    endloop
  endfacet
  facet normal -0 -0 1
    outer loop
      vertex -15.45 19 1.5
      vertex -9.31633 18.9825 1.5
      vertex -39.5862 38 1.5
    endloop
  endfacet
  facet normal -0 0 1
    outer loop
      vertex -14.65 18.2 1.5
      vertex -9.95 -28.2 1.5
      vertex -9.95 18.2 1.5
    endloop
  endfacet
  facet normal 0 -0 1
    outer loop
      vertex -1.75 18.2 1.5
      vertex -1.71085 18.4472 1.5
      vertex -6.46748 18.3663 1.5
    endloop
  endfacet
  facet normal 0 0 1
    outer loop
      vertex -6.46748 18.3663 1.5
      vertex -6.45 18.2 1.5
      vertex -1.75 18.2 1.5
    endloop
  endfacet
  facet normal 0 -0 1
    outer loop
      vertex 14.7572 18.6 1.5
      vertex 14.8555 18.7353 1.5
      vertex 9.79721 18.6702 1.5
    endloop
  endfacet
  facet normal 0 0 1
    outer loop
      vertex -17.9972 -28.6702 1.5
      vertex -23.0555 -28.7353 1.5
      vertex -17.8853 -28.7945 1.5
    endloop
  endfacet
  facet normal 0 0 1
    outer loop
      vertex -17.75 -28.8928 1.5
      vertex -23.1798 -28.8472 1.5
      vertex -20.6207 -37.8381 1.5
    endloop
  endfacet
  facet normal 0 0 1
    outer loop
      vertex -19.3585 -38 1.5
      vertex -15.45 -29 1.5
      vertex -17.35 -29 1.5
    endloop
  endfacet
  facet normal 0 -0 1
    outer loop
      vertex -20.3144 -37.9078 1.5
      vertex -17.5972 -28.9608 1.5
      vertex -20.6207 -37.8381 1.5
    endloop
  endfacet
  facet normal 0 0 1
    outer loop
      vertex -23.1798 -28.8472 1.5
      vertex -23.3246 -28.9308 1.5
      vertex -20.6207 -37.8381 1.5
    endloop
  endfacet
  facet normal 0 0 1
    outer loop
      vertex -23.3246 -28.9308 1.5
      vertex -23.4837 -28.9825 1.5
      vertex -20.6207 -37.8381 1.5
    endloop
  endfacet
  facet normal 0 0 1
    outer loop
      vertex -9.6853 -28.7945 1.5
      vertex -14.8555 -28.7353 1.5
      vertex -14.9798 -28.8472 1.5
    endloop
  endfacet
  facet normal -0 0 1
    outer loop
      vertex 1.75 18.2 1.5
      vertex 6.45 -28.2 1.5
      vertex 6.45 18.2 1.5
    endloop
  endfacet
  facet normal 0 0 1
    outer loop
      vertex -17.75 -28.8928 1.5
      vertex -20.6207 -37.8381 1.5
      vertex -17.5972 -28.9608 1.5
    endloop
  endfacet
  facet normal 0 0 1
    outer loop
      vertex -17.5972 -28.9608 1.5
      vertex -20.3144 -37.9078 1.5
      vertex -20.0043 -37.9581 1.5
    endloop
  endfacet
  facet normal 0 0 1
    outer loop
      vertex -22.9572 -28.6 1.5
      vertex -23.0555 -28.7353 1.5
      vertex -17.9972 -28.6702 1.5
    endloop
  endfacet
  facet normal -0 0 1
    outer loop
      vertex -22.9572 -28.6 1.5
      vertex -17.9972 -28.6702 1.5
      vertex -18.0808 -28.5254 1.5
    endloop
  endfacet
  facet normal 0 0 1
    outer loop
      vertex -22.9572 -28.6 1.5
      vertex -18.0808 -28.5254 1.5
      vertex -22.8891 -28.4472 1.5
    endloop
  endfacet
  facet normal 0 0 1
    outer loop
      vertex -18.0808 -28.5254 1.5
      vertex -18.1325 -28.3663 1.5
      vertex -22.8891 -28.4472 1.5
    endloop
  endfacet
  facet normal 0 0 1
    outer loop
      vertex -18.1325 -28.3663 1.5
      vertex -22.85 -28.2 1.5
      vertex -22.8891 -28.4472 1.5
    endloop
  endfacet
  facet normal 0 0 1
    outer loop
      vertex -18.15 -28.2 1.5
      vertex -22.85 -28.2 1.5
      vertex -18.1325 -28.3663 1.5
    endloop
  endfacet
  facet normal 0 0 1
    outer loop
      vertex -22.85 18.2 1.5
      vertex -22.85 -28.2 1.5
      vertex -18.15 -28.2 1.5
    endloop
  endfacet
  facet normal -0 0 1
    outer loop
      vertex -22.8675 18.3663 1.5
      vertex -18.15 18.2 1.5
      vertex -18.1108 18.4472 1.5
    endloop
  endfacet
  facet normal 0 0 1
    outer loop
      vertex -9.84282 18.6 1.5
      vertex -14.7192 18.5254 1.5
      vertex -9.91084 18.4472 1.5
    endloop
  endfacet
  facet normal 0 -0 1
    outer loop
      vertex -17.9445 18.7353 1.5
      vertex -17.8202 18.8472 1.5
      vertex -23.1147 18.7945 1.5
    endloop
  endfacet
  facet normal 0 0 1
    outer loop
      vertex -17.8202 18.8472 1.5
      vertex -23.25 18.8928 1.5
      vertex -23.1147 18.7945 1.5
    endloop
  endfacet
  facet normal 0 0 1
    outer loop
      vertex -17.6754 18.9308 1.5
      vertex -23.25 18.8928 1.5
      vertex -17.8202 18.8472 1.5
    endloop
  endfacet
  facet normal 0 0 1
    outer loop
      vertex -23.4028 18.9608 1.5
      vertex -23.25 18.8928 1.5
      vertex -17.6754 18.9308 1.5
    endloop
  endfacet
  facet normal -0 0 1
    outer loop
      vertex -23.4028 18.9608 1.5
      vertex -17.6754 18.9308 1.5
      vertex -17.5163 18.9825 1.5
    endloop
  endfacet
  facet normal 0 0 1
    outer loop
      vertex -17.35 19 1.5
      vertex -39.5862 38 1.5
      vertex -17.5163 18.9825 1.5
    endloop
  endfacet
  facet normal 0 0 1
    outer loop
      vertex -15.45 19 1.5
      vertex -39.5862 38 1.5
      vertex -17.35 19 1.5
    endloop
  endfacet
  facet normal 0 0 1
    outer loop
      vertex -9.74451 18.7353 1.5
      vertex -14.9147 18.7945 1.5
      vertex -14.8028 18.6702 1.5
    endloop
  endfacet
  facet normal 0 0 1
    outer loop
      vertex -9.62022 18.8472 1.5
      vertex -15.05 18.8928 1.5
      vertex -14.9147 18.7945 1.5
    endloop
  endfacet
  facet normal 0 0 1
    outer loop
      vertex -6.71469 18.7945 1.5
      vertex -6.60278 18.6702 1.5
      vertex -1.54451 18.7353 1.5
    endloop
  endfacet
  facet normal 0 0 1
    outer loop
      vertex -9.95 18.2 1.5
      vertex -14.6675 18.3663 1.5
      vertex -14.65 18.2 1.5
    endloop
  endfacet
  facet normal 0 0 1
    outer loop
      vertex 6.45 18.2 1.5
      vertex 1.73251 18.3663 1.5
      vertex 1.75 18.2 1.5
    endloop
  endfacet
  facet normal 0 -0 1
    outer loop
      vertex 14.65 18.2 1.5
      vertex 14.6891 18.4472 1.5
      vertex 9.93251 18.3663 1.5
    endloop
  endfacet
  facet normal 0 0 1
    outer loop
      vertex 25.95 18.8928 1.5
      vertex 36.6417 18.4433 1.5
      vertex 37.1824 18.7631 1.5
    endloop
  endfacet
  facet normal 0 0 1
    outer loop
      vertex 14.65 18.2 1.5
      vertex 9.93251 18.3663 1.5
      vertex 9.95 18.2 1.5
    endloop
  endfacet
  facet normal 0 0 1
    outer loop
      vertex -9.95 -28.2 1.5
      vertex -14.65 18.2 1.5
      vertex -14.65 -28.2 1.5
    endloop
  endfacet
  facet normal 0 0 1
    outer loop
      vertex -9.54999 -28.8928 1.5
      vertex -9.6853 -28.7945 1.5
      vertex -14.9798 -28.8472 1.5
    endloop
  endfacet
  facet normal 0 0 1
    outer loop
      vertex -9.54999 -28.8928 1.5
      vertex -15.1246 -28.9308 1.5
      vertex -9.3972 -28.9608 1.5
    endloop
  endfacet
  facet normal 0 0 1
    outer loop
      vertex -9.54999 -28.8928 1.5
      vertex -14.9798 -28.8472 1.5
      vertex -15.1246 -28.9308 1.5
    endloop
  endfacet
  facet normal -0 0 1
    outer loop
      vertex -0.949997 -29 1.5
      vertex -19.3585 -38 1.5
      vertex 0.949997 -29 1.5
    endloop
  endfacet
  facet normal 0 0 1
    outer loop
      vertex -15.1246 -28.9308 1.5
      vertex -19.3585 -38 1.5
      vertex -9.3972 -28.9608 1.5
    endloop
  endfacet
  facet normal 0 0 1
    outer loop
      vertex -19.3585 -38 1.5
      vertex -15.2837 -28.9825 1.5
      vertex -15.45 -29 1.5
    endloop
  endfacet
  facet normal 0 0 1
    outer loop
      vertex -19.3585 -38 1.5
      vertex -15.1246 -28.9308 1.5
      vertex -15.2837 -28.9825 1.5
    endloop
  endfacet
  facet normal 0 0 1
    outer loop
      vertex -1.48531 -28.7945 1.5
      vertex -6.65549 -28.7353 1.5
      vertex -6.77977 -28.8472 1.5
    endloop
  endfacet
  facet normal 0 0 1
    outer loop
      vertex 6.60278 -28.6702 1.5
      vertex 1.54451 -28.7353 1.5
      vertex 6.71469 -28.7945 1.5
    endloop
  endfacet
  facet normal 0 0 1
    outer loop
      vertex -19.3585 -38 1.5
      vertex -9.14999 -29 1.5
      vertex -9.3972 -28.9608 1.5
    endloop
  endfacet
  facet normal 0 0 1
    outer loop
      vertex -19.3585 -38 1.5
      vertex -7.25 -29 1.5
      vertex -9.14999 -29 1.5
    endloop
  endfacet
  facet normal 0 0 1
    outer loop
      vertex -9.6853 -28.7945 1.5
      vertex -9.79721 -28.6702 1.5
      vertex -14.8555 -28.7353 1.5
    endloop
  endfacet
  facet normal 0 0 1
    outer loop
      vertex -9.79721 -28.6702 1.5
      vertex -14.7572 -28.6 1.5
      vertex -14.8555 -28.7353 1.5
    endloop
  endfacet
  facet normal 0 0 1
    outer loop
      vertex -9.88083 -28.5254 1.5
      vertex -14.7572 -28.6 1.5
      vertex -9.79721 -28.6702 1.5
    endloop
  endfacet
  facet normal 0 0 1
    outer loop
      vertex -14.6891 -28.4472 1.5
      vertex -14.7572 -28.6 1.5
      vertex -9.88083 -28.5254 1.5
    endloop
  endfacet
  facet normal -0 0 1
    outer loop
      vertex -14.6891 -28.4472 1.5
      vertex -9.88083 -28.5254 1.5
      vertex -9.93251 -28.3663 1.5
    endloop
  endfacet
  facet normal 0 0 1
    outer loop
      vertex -14.6891 -28.4472 1.5
      vertex -9.93251 -28.3663 1.5
      vertex -14.65 -28.2 1.5
    endloop
  endfacet
  facet normal 0 0 1
    outer loop
      vertex -9.93251 -28.3663 1.5
      vertex -9.95 -28.2 1.5
      vertex -14.65 -28.2 1.5
    endloop
  endfacet
  facet normal -0 0 1
    outer loop
      vertex -14.6675 18.3663 1.5
      vertex -9.95 18.2 1.5
      vertex -9.91084 18.4472 1.5
    endloop
  endfacet
  facet normal 0 0 1
    outer loop
      vertex -1.64282 18.6 1.5
      vertex -6.51917 18.5254 1.5
      vertex -1.71085 18.4472 1.5
    endloop
  endfacet
  facet normal 0 -0 1
    outer loop
      vertex -9.74451 18.7353 1.5
      vertex -9.62022 18.8472 1.5
      vertex -14.9147 18.7945 1.5
    endloop
  endfacet
  facet normal 0 -0 1
    outer loop
      vertex -9.62022 18.8472 1.5
      vertex -9.47539 18.9308 1.5
      vertex -15.05 18.8928 1.5
    endloop
  endfacet
  facet normal 0 0 1
    outer loop
      vertex -9.47539 18.9308 1.5
      vertex -15.2028 18.9608 1.5
      vertex -15.05 18.8928 1.5
    endloop
  endfacet
  facet normal 0 0 1
    outer loop
      vertex -9.31633 18.9825 1.5
      vertex -15.2028 18.9608 1.5
      vertex -9.47539 18.9308 1.5
    endloop
  endfacet
  facet normal 0 0 1
    outer loop
      vertex -15.45 19 1.5
      vertex -15.2028 18.9608 1.5
      vertex -9.31633 18.9825 1.5
    endloop
  endfacet
  facet normal 0 0 1
    outer loop
      vertex -9.14999 19 1.5
      vertex -39.5862 38 1.5
      vertex -9.31633 18.9825 1.5
    endloop
  endfacet
  facet normal 0 0 1
    outer loop
      vertex -7.25 19 1.5
      vertex -39.5862 38 1.5
      vertex -9.14999 19 1.5
    endloop
  endfacet
  facet normal 0 0 1
    outer loop
      vertex -1.42023 18.8472 1.5
      vertex -6.71469 18.7945 1.5
      vertex -1.54451 18.7353 1.5
    endloop
  endfacet
  facet normal 0 0 1
    outer loop
      vertex -1.27539 18.9308 1.5
      vertex -6.85001 18.8928 1.5
      vertex -1.42023 18.8472 1.5
    endloop
  endfacet
  facet normal 0 0 1
    outer loop
      vertex 1.48531 18.7945 1.5
      vertex 1.59721 18.6702 1.5
      vertex 6.65549 18.7353 1.5
    endloop
  endfacet
  facet normal 0 -0 1
    outer loop
      vertex 22.85 18.2 1.5
      vertex 22.8891 18.4472 1.5
      vertex 18.1325 18.3663 1.5
    endloop
  endfacet
  facet normal -0 -0 1
    outer loop
      vertex 26.1972 18.6702 1.5
      vertex 35.6257 17.7051 1.5
      vertex 26.0853 18.7945 1.5
    endloop
  endfacet
  facet normal 0 -0 1
    outer loop
      vertex 35.1545 17.2897 1.5
      vertex 35.6257 17.7051 1.5
      vertex 26.1972 18.6702 1.5
    endloop
  endfacet
  facet normal -0 0 1
    outer loop
      vertex -6.77977 -28.8472 1.5
      vertex -1.34999 -28.8928 1.5
      vertex -1.48531 -28.7945 1.5
    endloop
  endfacet
  facet normal 0 0 1
    outer loop
      vertex -6.92461 -28.9308 1.5
      vertex -1.34999 -28.8928 1.5
      vertex -6.77977 -28.8472 1.5
    endloop
  endfacet
  facet normal 0 0 1
    outer loop
      vertex -1.1972 -28.9608 1.5
      vertex -1.34999 -28.8928 1.5
      vertex -6.92461 -28.9308 1.5
    endloop
  endfacet
  facet normal 0 0 1
    outer loop
      vertex -1.1972 -28.9608 1.5
      vertex -6.92461 -28.9308 1.5
      vertex -7.08366 -28.9825 1.5
    endloop
  endfacet
  facet normal 0 0 1
    outer loop
      vertex -1.1972 -28.9608 1.5
      vertex -7.08366 -28.9825 1.5
      vertex -19.3585 -38 1.5
    endloop
  endfacet
  facet normal 0 0 1
    outer loop
      vertex 0.949997 -29 1.5
      vertex -19.3585 -38 1.5
      vertex 19.3585 -38 1.5
    endloop
  endfacet
  facet normal -0 0 1
    outer loop
      vertex -7.25 -29 1.5
      vertex -19.3585 -38 1.5
      vertex -7.08366 -28.9825 1.5
    endloop
  endfacet
  facet normal 0 -0 1
    outer loop
      vertex 19.6725 -37.9901 1.5
      vertex 19.9852 -37.9606 1.5
      vertex 17.6754 -28.9308 1.5
    endloop
  endfacet
  facet normal 0 0 1
    outer loop
      vertex -1.1972 -28.9608 1.5
      vertex -19.3585 -38 1.5
      vertex -0.949997 -29 1.5
    endloop
  endfacet
  facet normal -0 0 1
    outer loop
      vertex -6.65549 -28.7353 1.5
      vertex -1.48531 -28.7945 1.5
      vertex -1.59721 -28.6702 1.5
    endloop
  endfacet
  facet normal 0 0 1
    outer loop
      vertex -6.65549 -28.7353 1.5
      vertex -1.59721 -28.6702 1.5
      vertex -6.55717 -28.6 1.5
    endloop
  endfacet
  facet normal 0 0 1
    outer loop
      vertex -1.59721 -28.6702 1.5
      vertex -1.68083 -28.5254 1.5
      vertex -6.55717 -28.6 1.5
    endloop
  endfacet
  facet normal 0 0 1
    outer loop
      vertex -1.68083 -28.5254 1.5
      vertex -6.48915 -28.4472 1.5
      vertex -6.55717 -28.6 1.5
    endloop
  endfacet
  facet normal 0 0 1
    outer loop
      vertex -1.73251 -28.3663 1.5
      vertex -6.48915 -28.4472 1.5
      vertex -1.68083 -28.5254 1.5
    endloop
  endfacet
  facet normal 0 0 1
    outer loop
      vertex -6.45 -28.2 1.5
      vertex -6.48915 -28.4472 1.5
      vertex -1.73251 -28.3663 1.5
    endloop
  endfacet
  facet normal 0 0 1
    outer loop
      vertex -6.45 -28.2 1.5
      vertex -1.75 -28.2 1.5
      vertex -6.45 18.2 1.5
    endloop
  endfacet
  facet normal -0 0 1
    outer loop
      vertex -6.45 -28.2 1.5
      vertex -1.73251 -28.3663 1.5
      vertex -1.75 -28.2 1.5
    endloop
  endfacet
  facet normal -0 0 1
    outer loop
      vertex 1.68083 18.5254 1.5
      vertex 6.48915 18.4472 1.5
      vertex 6.55717 18.6 1.5
    endloop
  endfacet
  facet normal 0 0 1
    outer loop
      vertex 1.59721 18.6702 1.5
      vertex 1.68083 18.5254 1.5
      vertex 6.55717 18.6 1.5
    endloop
  endfacet
  facet normal 0 0 1
    outer loop
      vertex -6.85001 18.8928 1.5
      vertex -6.71469 18.7945 1.5
      vertex -1.42023 18.8472 1.5
    endloop
  endfacet
  facet normal 0 0 1
    outer loop
      vertex -7.00279 18.9608 1.5
      vertex -6.85001 18.8928 1.5
      vertex -1.27539 18.9308 1.5
    endloop
  endfacet
  facet normal -0 0 1
    outer loop
      vertex -7.00279 18.9608 1.5
      vertex -1.27539 18.9308 1.5
      vertex -1.11633 18.9825 1.5
    endloop
  endfacet
  facet normal 0 -0 1
    outer loop
      vertex -7.00279 18.9608 1.5
      vertex -1.11633 18.9825 1.5
      vertex -7.25 19 1.5
    endloop
  endfacet
  facet normal 0 -0 1
    outer loop
      vertex -1.11633 18.9825 1.5
      vertex -0.949997 19 1.5
      vertex -7.25 19 1.5
    endloop
  endfacet
  facet normal 0 0 1
    outer loop
      vertex -0.949997 19 1.5
      vertex -39.5862 38 1.5
      vertex -7.25 19 1.5
    endloop
  endfacet
  facet normal 0 0 1
    outer loop
      vertex 0.949997 19 1.5
      vertex -39.5862 38 1.5
      vertex -0.949997 19 1.5
    endloop
  endfacet
  facet normal 0 0 1
    outer loop
      vertex 1.34999 18.8928 1.5
      vertex 1.48531 18.7945 1.5
      vertex 6.77977 18.8472 1.5
    endloop
  endfacet
  facet normal 0 0 1
    outer loop
      vertex 39.5862 38 1.5
      vertex -39.5862 38 1.5
      vertex 0.949997 19 1.5
    endloop
  endfacet
  facet normal 0 0 1
    outer loop
      vertex 14.7572 18.6 1.5
      vertex 9.79721 18.6702 1.5
      vertex 9.88083 18.5254 1.5
    endloop
  endfacet
  facet normal 0 0 1
    outer loop
      vertex 1.68083 18.5254 1.5
      vertex 1.73251 18.3663 1.5
      vertex 6.48915 18.4472 1.5
    endloop
  endfacet
  facet normal 0 0 1
    outer loop
      vertex 34.7103 16.8455 1.5
      vertex 26.2808 18.5254 1.5
      vertex 26.3325 18.3663 1.5
    endloop
  endfacet
  facet normal 0 0 1
    outer loop
      vertex 34.7103 16.8455 1.5
      vertex 26.3325 18.3663 1.5
      vertex 34.2949 16.3742 1.5
    endloop
  endfacet
  facet normal 0 0 1
    outer loop
      vertex 26.3325 18.3663 1.5
      vertex 33.9098 15.8778 1.5
      vertex 34.2949 16.3742 1.5
    endloop
  endfacet
  facet normal 0 -0 1
    outer loop
      vertex 33.5567 15.3583 1.5
      vertex 33.9098 15.8778 1.5
      vertex 26.35 18.2 1.5
    endloop
  endfacet
  facet normal 0 0 1
    outer loop
      vertex 33.5567 15.3583 1.5
      vertex 26.35 18.2 1.5
      vertex 33.2369 14.8175 1.5
    endloop
  endfacet
  facet normal 0 0 1
    outer loop
      vertex 26.35 18.2 1.5
      vertex 32.9517 14.2578 1.5
      vertex 33.2369 14.8175 1.5
    endloop
  endfacet
  facet normal 0 0 1
    outer loop
      vertex 14.6675 -28.3663 1.5
      vertex 9.95 -28.2 1.5
      vertex 9.91084 -28.4472 1.5
    endloop
  endfacet
  facet normal 0 0 1
    outer loop
      vertex 6.85001 -28.8928 1.5
      vertex 6.71469 -28.7945 1.5
      vertex 1.42023 -28.8472 1.5
    endloop
  endfacet
  facet normal 0 0 1
    outer loop
      vertex 6.85001 -28.8928 1.5
      vertex 1.42023 -28.8472 1.5
      vertex 1.27539 -28.9308 1.5
    endloop
  endfacet
  facet normal 0 0 1
    outer loop
      vertex 6.85001 -28.8928 1.5
      vertex 1.27539 -28.9308 1.5
      vertex 7.00279 -28.9608 1.5
    endloop
  endfacet
  facet normal 0 0 1
    outer loop
      vertex 1.27539 -28.9308 1.5
      vertex 1.11633 -28.9825 1.5
      vertex 7.00279 -28.9608 1.5
    endloop
  endfacet
  facet normal -0 0 1
    outer loop
      vertex 1.11633 -28.9825 1.5
      vertex 19.3585 -38 1.5
      vertex 7.00279 -28.9608 1.5
    endloop
  endfacet
  facet normal 0 0 1
    outer loop
      vertex 19.3585 -38 1.5
      vertex 1.11633 -28.9825 1.5
      vertex 0.949997 -29 1.5
    endloop
  endfacet
  facet normal 0 0 1
    outer loop
      vertex 1.42023 -28.8472 1.5
      vertex 6.71469 -28.7945 1.5
      vertex 1.54451 -28.7353 1.5
    endloop
  endfacet
  facet normal -0 0 1
    outer loop
      vertex 17.8202 -28.8472 1.5
      vertex 23.25 -28.8928 1.5
      vertex 23.1147 -28.7945 1.5
    endloop
  endfacet
  facet normal 0 0 1
    outer loop
      vertex 19.3585 -38 1.5
      vertex 7.25 -29 1.5
      vertex 7.00279 -28.9608 1.5
    endloop
  endfacet
  facet normal 0 0 1
    outer loop
      vertex 19.3585 -38 1.5
      vertex 9.14999 -29 1.5
      vertex 7.25 -29 1.5
    endloop
  endfacet
  facet normal 0 0 1
    outer loop
      vertex 1.64282 -28.6 1.5
      vertex 1.54451 -28.7353 1.5
      vertex 6.60278 -28.6702 1.5
    endloop
  endfacet
  facet normal -0 0 1
    outer loop
      vertex 1.64282 -28.6 1.5
      vertex 6.60278 -28.6702 1.5
      vertex 6.51917 -28.5254 1.5
    endloop
  endfacet
  facet normal 0 0 1
    outer loop
      vertex 1.64282 -28.6 1.5
      vertex 6.51917 -28.5254 1.5
      vertex 1.71085 -28.4472 1.5
    endloop
  endfacet
  facet normal 0 0 1
    outer loop
      vertex 6.51917 -28.5254 1.5
      vertex 6.46748 -28.3663 1.5
      vertex 1.71085 -28.4472 1.5
    endloop
  endfacet
  facet normal 0 0 1
    outer loop
      vertex 6.46748 -28.3663 1.5
      vertex 1.75 -28.2 1.5
      vertex 1.71085 -28.4472 1.5
    endloop
  endfacet
  facet normal 0 0 1
    outer loop
      vertex 6.45 -28.2 1.5
      vertex 1.75 -28.2 1.5
      vertex 6.46748 -28.3663 1.5
    endloop
  endfacet
  facet normal 0 0 1
    outer loop
      vertex 1.75 18.2 1.5
      vertex 1.75 -28.2 1.5
      vertex 6.45 -28.2 1.5
    endloop
  endfacet
  facet normal -0 0 1
    outer loop
      vertex 1.73251 18.3663 1.5
      vertex 6.45 18.2 1.5
      vertex 6.48915 18.4472 1.5
    endloop
  endfacet
  facet normal 0 0 1
    outer loop
      vertex 14.7572 18.6 1.5
      vertex 9.88083 18.5254 1.5
      vertex 14.6891 18.4472 1.5
    endloop
  endfacet
  facet normal -0 0 1
    outer loop
      vertex 1.48531 18.7945 1.5
      vertex 6.65549 18.7353 1.5
      vertex 6.77977 18.8472 1.5
    endloop
  endfacet
  facet normal -0 0 1
    outer loop
      vertex 1.34999 18.8928 1.5
      vertex 6.77977 18.8472 1.5
      vertex 6.92461 18.9308 1.5
    endloop
  endfacet
  facet normal 0 -0 1
    outer loop
      vertex 1.34999 18.8928 1.5
      vertex 6.92461 18.9308 1.5
      vertex 1.1972 18.9608 1.5
    endloop
  endfacet
  facet normal 0 -0 1
    outer loop
      vertex 6.92461 18.9308 1.5
      vertex 7.08366 18.9825 1.5
      vertex 1.1972 18.9608 1.5
    endloop
  endfacet
  facet normal 0 0 1
    outer loop
      vertex 7.08366 18.9825 1.5
      vertex 0.949997 19 1.5
      vertex 1.1972 18.9608 1.5
    endloop
  endfacet
  facet normal 0 0 1
    outer loop
      vertex 7.25 19 1.5
      vertex 0.949997 19 1.5
      vertex 7.08366 18.9825 1.5
    endloop
  endfacet
  facet normal 0 0 1
    outer loop
      vertex 39.5862 38 1.5
      vertex 0.949997 19 1.5
      vertex 7.25 19 1.5
    endloop
  endfacet
  facet normal -0 0 1
    outer loop
      vertex 9.54999 18.8928 1.5
      vertex 14.9798 18.8472 1.5
      vertex 15.1246 18.9308 1.5
    endloop
  endfacet
  facet normal 0 0 1
    outer loop
      vertex 39.5862 38 1.5
      vertex 7.25 19 1.5
      vertex 9.14999 19 1.5
    endloop
  endfacet
  facet normal -0 0 1
    outer loop
      vertex 17.75 18.8928 1.5
      vertex 23.1798 18.8472 1.5
      vertex 23.3246 18.9308 1.5
    endloop
  endfacet
  facet normal 0 0 1
    outer loop
      vertex 22.9572 18.6 1.5
      vertex 17.9972 18.6702 1.5
      vertex 18.0808 18.5254 1.5
    endloop
  endfacet
  facet normal -0 -0 1
    outer loop
      vertex 26.2808 18.5254 1.5
      vertex 35.1545 17.2897 1.5
      vertex 26.1972 18.6702 1.5
    endloop
  endfacet
  facet normal 0 -0 1
    outer loop
      vertex 32.0788 11.2533 1.5
      vertex 32.1771 11.8738 1.5
      vertex 26.35 18.2 1.5
    endloop
  endfacet
  facet normal 0 -0 1
    outer loop
      vertex 20.6207 -37.8381 1.5
      vertex 23.25 -28.8928 1.5
      vertex 17.8202 -28.8472 1.5
    endloop
  endfacet
  facet normal 0 -0 1
    outer loop
      vertex 32.3142 12.4869 1.5
      vertex 32.4894 13.0902 1.5
      vertex 26.35 18.2 1.5
    endloop
  endfacet
  facet normal -0 0 1
    outer loop
      vertex 9.62022 -28.8472 1.5
      vertex 15.05 -28.8928 1.5
      vertex 14.9147 -28.7945 1.5
    endloop
  endfacet
  facet normal 0 0 1
    outer loop
      vertex 9.47539 -28.9308 1.5
      vertex 15.05 -28.8928 1.5
      vertex 9.62022 -28.8472 1.5
    endloop
  endfacet
  facet normal 0 0 1
    outer loop
      vertex 15.2028 -28.9608 1.5
      vertex 15.05 -28.8928 1.5
      vertex 9.47539 -28.9308 1.5
    endloop
  endfacet
  facet normal -0 0 1
    outer loop
      vertex 15.45 -29 1.5
      vertex 19.3585 -38 1.5
      vertex 17.35 -29 1.5
    endloop
  endfacet
  facet normal 0 0 1
    outer loop
      vertex 15.2028 -28.9608 1.5
      vertex 19.3585 -38 1.5
      vertex 15.45 -29 1.5
    endloop
  endfacet
  facet normal -0 0 1
    outer loop
      vertex 9.31633 -28.9825 1.5
      vertex 19.3585 -38 1.5
      vertex 9.47539 -28.9308 1.5
    endloop
  endfacet
  facet normal -0 0 1
    outer loop
      vertex 9.14999 -29 1.5
      vertex 19.3585 -38 1.5
      vertex 9.31633 -28.9825 1.5
    endloop
  endfacet
  facet normal 0 0 1
    outer loop
      vertex 9.62022 -28.8472 1.5
      vertex 14.9147 -28.7945 1.5
      vertex 9.74451 -28.7353 1.5
    endloop
  endfacet
  facet normal 0 0 1
    outer loop
      vertex 26.35 -28.2 1.5
      vertex 43 -28.137 1.5
      vertex 43 -12 1.5
    endloop
  endfacet
  facet normal 0 0 1
    outer loop
      vertex 15.2028 -28.9608 1.5
      vertex 9.47539 -28.9308 1.5
      vertex 19.3585 -38 1.5
    endloop
  endfacet
  facet normal 0 0 1
    outer loop
      vertex 9.84282 -28.6 1.5
      vertex 9.74451 -28.7353 1.5
      vertex 14.8028 -28.6702 1.5
    endloop
  endfacet
  facet normal -0 0 1
    outer loop
      vertex 9.84282 -28.6 1.5
      vertex 14.8028 -28.6702 1.5
      vertex 14.7192 -28.5254 1.5
    endloop
  endfacet
  facet normal 0 0 1
    outer loop
      vertex 9.84282 -28.6 1.5
      vertex 14.7192 -28.5254 1.5
      vertex 9.91084 -28.4472 1.5
    endloop
  endfacet
  facet normal 0 0 1
    outer loop
      vertex 14.7192 -28.5254 1.5
      vertex 14.6675 -28.3663 1.5
      vertex 9.91084 -28.4472 1.5
    endloop
  endfacet
  facet normal 0 0 1
    outer loop
      vertex 23.4028 -28.9608 1.5
      vertex 20.6207 -37.8381 1.5
      vertex 23.65 -29 1.5
    endloop
  endfacet
  facet normal 0 0 1
    outer loop
      vertex 14.65 -28.2 1.5
      vertex 9.95 -28.2 1.5
      vertex 14.6675 -28.3663 1.5
    endloop
  endfacet
  facet normal 0 0 1
    outer loop
      vertex 39.5862 38 1.5
      vertex 25.95 18.8928 1.5
      vertex 37.1824 18.7631 1.5
    endloop
  endfacet
  facet normal 0 0 1
    outer loop
      vertex 14.6891 18.4472 1.5
      vertex 9.88083 18.5254 1.5
      vertex 9.93251 18.3663 1.5
    endloop
  endfacet
  facet normal 0 0 1
    outer loop
      vertex 14.65 -28.2 1.5
      vertex 9.95 18.2 1.5
      vertex 9.95 -28.2 1.5
    endloop
  endfacet
  facet normal 0 -0 1
    outer loop
      vertex 14.65 -28.2 1.5
      vertex 14.65 18.2 1.5
      vertex 9.95 18.2 1.5
    endloop
  endfacet
  facet normal -0 0 1
    outer loop
      vertex 23.65 -29 1.5
      vertex 20.6207 -37.8381 1.5
      vertex 25.55 -29 1.5
    endloop
  endfacet
  facet normal 0 -0 1
    outer loop
      vertex 14.8555 18.7353 1.5
      vertex 14.9798 18.8472 1.5
      vertex 9.6853 18.7945 1.5
    endloop
  endfacet
  facet normal 0 0 1
    outer loop
      vertex 14.9798 18.8472 1.5
      vertex 9.54999 18.8928 1.5
      vertex 9.6853 18.7945 1.5
    endloop
  endfacet
  facet normal 0 0 1
    outer loop
      vertex 15.2837 18.9825 1.5
      vertex 9.3972 18.9608 1.5
      vertex 15.1246 18.9308 1.5
    endloop
  endfacet
  facet normal 0 0 1
    outer loop
      vertex 15.1246 18.9308 1.5
      vertex 9.3972 18.9608 1.5
      vertex 9.54999 18.8928 1.5
    endloop
  endfacet
  facet normal 0 0 1
    outer loop
      vertex 15.2837 18.9825 1.5
      vertex 9.14999 19 1.5
      vertex 9.3972 18.9608 1.5
    endloop
  endfacet
  facet normal 0 0 1
    outer loop
      vertex 39.5862 38 1.5
      vertex 9.14999 19 1.5
      vertex 15.2837 18.9825 1.5
    endloop
  endfacet
  facet normal 0 0 1
    outer loop
      vertex 39.5862 38 1.5
      vertex 15.2837 18.9825 1.5
      vertex 15.45 19 1.5
    endloop
  endfacet
  facet normal 0 -0 1
    outer loop
      vertex 22.9572 18.6 1.5
      vertex 23.0555 18.7353 1.5
      vertex 17.9972 18.6702 1.5
    endloop
  endfacet
  facet normal 0 0 1
    outer loop
      vertex 39.5862 38 1.5
      vertex 15.45 19 1.5
      vertex 17.35 19 1.5
    endloop
  endfacet
  facet normal 0 -0 1
    outer loop
      vertex 22.8891 18.4472 1.5
      vertex 22.9572 18.6 1.5
      vertex 18.0808 18.5254 1.5
    endloop
  endfacet
  facet normal 0 -0 1
    outer loop
      vertex 32.4894 13.0902 1.5
      vertex 32.7022 13.6812 1.5
      vertex 26.35 18.2 1.5
    endloop
  endfacet
  facet normal 0 0 1
    outer loop
      vertex 39.2621 -32.9751 1.5
      vertex 26.35 -28.2 1.5
      vertex 26.3108 -28.4472 1.5
    endloop
  endfacet
  facet normal 0 0 1
    outer loop
      vertex 39.2621 -32.9751 1.5
      vertex 26.3108 -28.4472 1.5
      vertex 26.2428 -28.6 1.5
    endloop
  endfacet
  facet normal 0 -0 1
    outer loop
      vertex 23.65 19 1.5
      vertex 39.5862 38 1.5
      vertex 23.4837 18.9825 1.5
    endloop
  endfacet
  facet normal 0 -0 1
    outer loop
      vertex 23.4837 18.9825 1.5
      vertex 39.5862 38 1.5
      vertex 17.5972 18.9608 1.5
    endloop
  endfacet
  facet normal 0 0 1
    outer loop
      vertex 26.1445 -28.7353 1.5
      vertex 26.0202 -28.8472 1.5
      vertex 39.2621 -32.9751 1.5
    endloop
  endfacet
  facet normal 0 -0 1
    outer loop
      vertex 23.3246 18.9308 1.5
      vertex 23.4837 18.9825 1.5
      vertex 17.5972 18.9608 1.5
    endloop
  endfacet
  facet normal 0 0 1
    outer loop
      vertex 17.75 18.8928 1.5
      vertex 17.8853 18.7945 1.5
      vertex 23.1798 18.8472 1.5
    endloop
  endfacet
  facet normal 0 0 1
    outer loop
      vertex 17.6754 -28.9308 1.5
      vertex 19.3585 -38 1.5
      vertex 19.6725 -37.9901 1.5
    endloop
  endfacet
  facet normal -0 0 1
    outer loop
      vertex 17.5163 -28.9825 1.5
      vertex 19.3585 -38 1.5
      vertex 17.6754 -28.9308 1.5
    endloop
  endfacet
  facet normal -0 0 1
    outer loop
      vertex 17.35 -29 1.5
      vertex 19.3585 -38 1.5
      vertex 17.5163 -28.9825 1.5
    endloop
  endfacet
  facet normal 0 0 1
    outer loop
      vertex 17.8202 -28.8472 1.5
      vertex 23.1147 -28.7945 1.5
      vertex 17.9445 -28.7353 1.5
    endloop
  endfacet
  facet normal 0 -0 1
    outer loop
      vertex 39.2621 -32.9751 1.5
      vertex 43 -28.137 1.5
      vertex 26.35 -28.2 1.5
    endloop
  endfacet
  facet normal 0 0 1
    outer loop
      vertex 23.4028 -28.9608 1.5
      vertex 23.25 -28.8928 1.5
      vertex 20.6207 -37.8381 1.5
    endloop
  endfacet
  facet normal 0 0 1
    outer loop
      vertex 23.1147 -28.7945 1.5
      vertex 23.0028 -28.6702 1.5
      vertex 17.9445 -28.7353 1.5
    endloop
  endfacet
  facet normal 0 0 1
    outer loop
      vertex 23.0028 -28.6702 1.5
      vertex 18.0428 -28.6 1.5
      vertex 17.9445 -28.7353 1.5
    endloop
  endfacet
  facet normal 0 0 1
    outer loop
      vertex 22.9192 -28.5254 1.5
      vertex 18.0428 -28.6 1.5
      vertex 23.0028 -28.6702 1.5
    endloop
  endfacet
  facet normal 0 0 1
    outer loop
      vertex 18.1108 -28.4472 1.5
      vertex 18.0428 -28.6 1.5
      vertex 22.9192 -28.5254 1.5
    endloop
  endfacet
  facet normal -0 0 1
    outer loop
      vertex 18.1108 -28.4472 1.5
      vertex 22.9192 -28.5254 1.5
      vertex 22.8675 -28.3663 1.5
    endloop
  endfacet
  facet normal 0 0 1
    outer loop
      vertex 18.1108 -28.4472 1.5
      vertex 22.8675 -28.3663 1.5
      vertex 18.15 -28.2 1.5
    endloop
  endfacet
  facet normal 0 0 1
    outer loop
      vertex 22.8675 -28.3663 1.5
      vertex 22.85 -28.2 1.5
      vertex 18.15 -28.2 1.5
    endloop
  endfacet
  facet normal 0 0 1
    outer loop
      vertex 18.0808 18.5254 1.5
      vertex 18.1325 18.3663 1.5
      vertex 22.8891 18.4472 1.5
    endloop
  endfacet
  facet normal 0 0 1
    outer loop
      vertex 36.1221 18.0902 1.5
      vertex 26.0853 18.7945 1.5
      vertex 35.6257 17.7051 1.5
    endloop
  endfacet
  facet normal 0 0 1
    outer loop
      vertex 22.85 -28.2 1.5
      vertex 18.15 18.2 1.5
      vertex 18.15 -28.2 1.5
    endloop
  endfacet
  facet normal 0 -0 1
    outer loop
      vertex 22.85 -28.2 1.5
      vertex 22.85 18.2 1.5
      vertex 18.15 18.2 1.5
    endloop
  endfacet
  facet normal 0 0 1
    outer loop
      vertex 39.2621 -32.9751 1.5
      vertex 26.2428 -28.6 1.5
      vertex 26.1445 -28.7353 1.5
    endloop
  endfacet
  facet normal -0 0 1
    outer loop
      vertex 25.8754 -28.9308 1.5
      vertex 39.2621 -32.9751 1.5
      vertex 26.0202 -28.8472 1.5
    endloop
  endfacet
  facet normal 0 0 1
    outer loop
      vertex 20.6207 -37.8381 1.5
      vertex 39.2621 -32.9751 1.5
      vertex 25.8754 -28.9308 1.5
    endloop
  endfacet
  facet normal 0 0 1
    outer loop
      vertex 20.6207 -37.8381 1.5
      vertex 25.7163 -28.9825 1.5
      vertex 25.55 -29 1.5
    endloop
  endfacet
  facet normal 0 0 1
    outer loop
      vertex 20.6207 -37.8381 1.5
      vertex 25.8754 -28.9308 1.5
      vertex 25.7163 -28.9825 1.5
    endloop
  endfacet
  facet normal -0 0 1
    outer loop
      vertex 25.7972 18.9608 1.5
      vertex 25.95 18.8928 1.5
      vertex 39.5862 38 1.5
    endloop
  endfacet
  facet normal 0 -0 1
    outer loop
      vertex 25.7972 18.9608 1.5
      vertex 39.5862 38 1.5
      vertex 25.55 19 1.5
    endloop
  endfacet
  facet normal -0 -0 1
    outer loop
      vertex 26.0853 18.7945 1.5
      vertex 36.6417 18.4433 1.5
      vertex 25.95 18.8928 1.5
    endloop
  endfacet
  facet normal 0 -0 1
    outer loop
      vertex 34.7103 16.8455 1.5
      vertex 35.1545 17.2897 1.5
      vertex 26.2808 18.5254 1.5
    endloop
  endfacet
  facet normal -0 -0 1
    outer loop
      vertex 26.35 18.2 1.5
      vertex 33.9098 15.8778 1.5
      vertex 26.3325 18.3663 1.5
    endloop
  endfacet
  facet normal 0 -0 1
    outer loop
      vertex 32.7022 13.6812 1.5
      vertex 32.9517 14.2578 1.5
      vertex 26.35 18.2 1.5
    endloop
  endfacet
  facet normal 0 0 1
    outer loop
      vertex 32.3142 12.4869 1.5
      vertex 26.35 18.2 1.5
      vertex 32.1771 11.8738 1.5
    endloop
  endfacet
  facet normal 0 0 1
    outer loop
      vertex 26.35 18.2 1.5
      vertex 32.0197 10.6279 1.5
      vertex 32.0788 11.2533 1.5
    endloop
  endfacet
  facet normal 0 0 1
    outer loop
      vertex 43 -12 1.5
      vertex 36.1221 1.90982 1.5
      vertex 26.35 -28.2 1.5
    endloop
  endfacet
  facet normal 0 0 1
    outer loop
      vertex 26.35 18.2 1.5
      vertex 32 10 1.5
      vertex 32.0197 10.6279 1.5
    endloop
  endfacet
  facet normal 0 0 1
    outer loop
      vertex 26.35 18.2 1.5
      vertex 32.0197 9.37209 1.5
      vertex 32 10 1.5
    endloop
  endfacet
  facet normal 0 0 1
    outer loop
      vertex 26.35 18.2 1.5
      vertex 32.0788 8.74666 1.5
      vertex 32.0197 9.37209 1.5
    endloop
  endfacet
  facet normal 0 0 1
    outer loop
      vertex 26.35 18.2 1.5
      vertex 32.1771 8.12617 1.5
      vertex 32.0788 8.74666 1.5
    endloop
  endfacet
  facet normal 0 0 1
    outer loop
      vertex 26.35 18.2 1.5
      vertex 32.3142 7.51309 1.5
      vertex 32.1771 8.12617 1.5
    endloop
  endfacet
  facet normal 0 0 1
    outer loop
      vertex 26.35 18.2 1.5
      vertex 32.4894 6.90982 1.5
      vertex 32.3142 7.51309 1.5
    endloop
  endfacet
  facet normal 0 0 1
    outer loop
      vertex 26.35 18.2 1.5
      vertex 26.35 -28.2 1.5
      vertex 32.4894 6.90982 1.5
    endloop
  endfacet
  facet normal 0 0 1
    outer loop
      vertex 32.4894 6.90982 1.5
      vertex 26.35 -28.2 1.5
      vertex 32.7022 6.31874 1.5
    endloop
  endfacet
  facet normal 0 0 1
    outer loop
      vertex 32.7022 6.31874 1.5
      vertex 26.35 -28.2 1.5
      vertex 32.9517 5.7422 1.5
    endloop
  endfacet
  facet normal 0 0 1
    outer loop
      vertex 35.1545 2.71031 1.5
      vertex 26.35 -28.2 1.5
      vertex 35.6257 2.29486 1.5
    endloop
  endfacet
  facet normal 0 0 1
    outer loop
      vertex 34.7103 3.15453 1.5
      vertex 26.35 -28.2 1.5
      vertex 35.1545 2.71031 1.5
    endloop
  endfacet
  facet normal 0 0 1
    outer loop
      vertex 34.2949 3.62575 1.5
      vertex 26.35 -28.2 1.5
      vertex 34.7103 3.15453 1.5
    endloop
  endfacet
  facet normal 0 0 1
    outer loop
      vertex 33.9098 4.12215 1.5
      vertex 26.35 -28.2 1.5
      vertex 34.2949 3.62575 1.5
    endloop
  endfacet
  facet normal 0 0 1
    outer loop
      vertex 33.5567 4.64172 1.5
      vertex 26.35 -28.2 1.5
      vertex 33.9098 4.12215 1.5
    endloop
  endfacet
  facet normal 0 0 1
    outer loop
      vertex 33.2369 5.18245 1.5
      vertex 26.35 -28.2 1.5
      vertex 33.5567 4.64172 1.5
    endloop
  endfacet
  facet normal 0 0 1
    outer loop
      vertex 32.9517 5.7422 1.5
      vertex 26.35 -28.2 1.5
      vertex 33.2369 5.18245 1.5
    endloop
  endfacet
  facet normal 0.0939226 -0.99558 0
    outer loop
      vertex 19.9852 -37.9606 -1.5
      vertex 19.6725 -37.9901 1.5
      vertex 19.6725 -37.9901 -1.5
    endloop
  endfacet
  facet normal 0.0939226 -0.99558 0
    outer loop
      vertex 19.9852 -37.9606 -1.5
      vertex 19.9852 -37.9606 1.5
      vertex 19.6725 -37.9901 1.5
    endloop
  endfacet
  facet normal 0.156649 -0.987654 0
    outer loop
      vertex 20.2954 -37.9114 -1.5
      vertex 19.9852 -37.9606 1.5
      vertex 19.9852 -37.9606 -1.5
    endloop
  endfacet
  facet normal 0.156649 -0.987654 0
    outer loop
      vertex 20.2954 -37.9114 -1.5
      vertex 20.2954 -37.9114 1.5
      vertex 19.9852 -37.9606 1.5
    endloop
  endfacet
  facet normal 0.219819 -0.975541 0
    outer loop
      vertex 20.6207 -37.8381 -1.5
      vertex 20.2954 -37.9114 1.5
      vertex 20.2954 -37.9114 -1.5
    endloop
  endfacet
  facet normal 0.219819 -0.975541 0
    outer loop
      vertex 20.6207 -37.8381 -1.5
      vertex 20.6207 -37.8381 1.5
      vertex 20.2954 -37.9114 1.5
    endloop
  endfacet
  facet normal 0.252423 -0.967617 0
    outer loop
      vertex 39.2621 -32.9751 -1.5
      vertex 20.6207 -37.8381 1.5
      vertex 20.6207 -37.8381 -1.5
    endloop
  endfacet
  facet normal 0.252423 -0.967617 0
    outer loop
      vertex 39.2621 -32.9751 -1.5
      vertex 39.2621 -32.9751 1.5
      vertex 20.6207 -37.8381 1.5
    endloop
  endfacet
  facet normal 0.282701 -0.959208 0
    outer loop
      vertex 39.5634 -32.8863 -1.5
      vertex 39.2621 -32.9751 1.5
      vertex 39.2621 -32.9751 -1.5
    endloop
  endfacet
  facet normal 0.282701 -0.959208 0
    outer loop
      vertex 39.5634 -32.8863 -1.5
      vertex 39.5634 -32.8863 1.5
      vertex 39.2621 -32.9751 1.5
    endloop
  endfacet
  facet normal 0.34228 -0.939598 0
    outer loop
      vertex 39.8585 -32.7788 -1.5
      vertex 39.5634 -32.8863 1.5
      vertex 39.5634 -32.8863 -1.5
    endloop
  endfacet
  facet normal 0.34228 -0.939598 0
    outer loop
      vertex 39.8585 -32.7788 -1.5
      vertex 39.8585 -32.7788 1.5
      vertex 39.5634 -32.8863 1.5
    endloop
  endfacet
  facet normal 0.400785 -0.916172 0
    outer loop
      vertex 40.1463 -32.6529 -1.5
      vertex 39.8585 -32.7788 1.5
      vertex 39.8585 -32.7788 -1.5
    endloop
  endfacet
  facet normal 0.400785 -0.916172 0
    outer loop
      vertex 40.1463 -32.6529 -1.5
      vertex 40.1463 -32.6529 1.5
      vertex 39.8585 -32.7788 1.5
    endloop
  endfacet
  facet normal 0.457499 -0.88921 0
    outer loop
      vertex 40.4256 -32.5092 -1.5
      vertex 40.1463 -32.6529 1.5
      vertex 40.1463 -32.6529 -1.5
    endloop
  endfacet
  facet normal 0.457499 -0.88921 0
    outer loop
      vertex 40.4256 -32.5092 -1.5
      vertex 40.4256 -32.5092 1.5
      vertex 40.1463 -32.6529 1.5
    endloop
  endfacet
  facet normal 0.5122 -0.858866 0
    outer loop
      vertex 40.6954 -32.3483 -1.5
      vertex 40.4256 -32.5092 1.5
      vertex 40.4256 -32.5092 -1.5
    endloop
  endfacet
  facet normal 0.5122 -0.858866 0
    outer loop
      vertex 40.6954 -32.3483 -1.5
      vertex 40.6954 -32.3483 1.5
      vertex 40.4256 -32.5092 1.5
    endloop
  endfacet
  facet normal 0.56538 -0.824831 0
    outer loop
      vertex 40.9545 -32.1707 -1.5
      vertex 40.6954 -32.3483 1.5
      vertex 40.6954 -32.3483 -1.5
    endloop
  endfacet
  facet normal 0.56538 -0.824831 0
    outer loop
      vertex 40.9545 -32.1707 -1.5
      vertex 40.9545 -32.1707 1.5
      vertex 40.6954 -32.3483 1.5
    endloop
  endfacet
  facet normal 0.615724 -0.787962 0
    outer loop
      vertex 41.202 -31.9773 -1.5
      vertex 40.9545 -32.1707 1.5
      vertex 40.9545 -32.1707 -1.5
    endloop
  endfacet
  facet normal 0.615724 -0.787962 0
    outer loop
      vertex 41.202 -31.9773 -1.5
      vertex 41.202 -31.9773 1.5
      vertex 40.9545 -32.1707 1.5
    endloop
  endfacet
  facet normal 0.664344 -0.747427 0
    outer loop
      vertex 41.4368 -31.7686 -1.5
      vertex 41.202 -31.9773 1.5
      vertex 41.202 -31.9773 -1.5
    endloop
  endfacet
  facet normal 0.664344 -0.747427 0
    outer loop
      vertex 41.4368 -31.7686 -1.5
      vertex 41.4368 -31.7686 1.5
      vertex 41.202 -31.9773 1.5
    endloop
  endfacet
  facet normal 0.709808 -0.704395 0
    outer loop
      vertex 41.658 -31.5457 -1.5
      vertex 41.4368 -31.7686 1.5
      vertex 41.4368 -31.7686 -1.5
    endloop
  endfacet
  facet normal 0.709808 -0.704395 0
    outer loop
      vertex 41.658 -31.5457 -1.5
      vertex 41.658 -31.5457 1.5
      vertex 41.4368 -31.7686 1.5
    endloop
  endfacet
  facet normal 0.752794 -0.658257 0
    outer loop
      vertex 41.8648 -31.3092 -1.5
      vertex 41.658 -31.5457 1.5
      vertex 41.658 -31.5457 -1.5
    endloop
  endfacet
  facet normal 0.752794 -0.658257 0
    outer loop
      vertex 41.8648 -31.3092 -1.5
      vertex 41.8648 -31.3092 1.5
      vertex 41.658 -31.5457 1.5
    endloop
  endfacet
  facet normal 0.792411 -0.609988 0
    outer loop
      vertex 42.0564 -31.0603 -1.5
      vertex 41.8648 -31.3092 1.5
      vertex 41.8648 -31.3092 -1.5
    endloop
  endfacet
  facet normal 0.792411 -0.609988 0
    outer loop
      vertex 42.0564 -31.0603 -1.5
      vertex 42.0564 -31.0603 1.5
      vertex 41.8648 -31.3092 1.5
    endloop
  endfacet
  facet normal 0.829247 -0.558882 0
    outer loop
      vertex 42.2319 -30.7999 -1.5
      vertex 42.0564 -31.0603 1.5
      vertex 42.0564 -31.0603 -1.5
    endloop
  endfacet
  facet normal 0.829247 -0.558882 0
    outer loop
      vertex 42.2319 -30.7999 -1.5
      vertex 42.2319 -30.7999 1.5
      vertex 42.0564 -31.0603 1.5
    endloop
  endfacet
  facet normal 0.862645 -0.505809 0
    outer loop
      vertex 42.3908 -30.5289 -1.5
      vertex 42.2319 -30.7999 1.5
      vertex 42.2319 -30.7999 -1.5
    endloop
  endfacet
  facet normal 0.862645 -0.505809 0
    outer loop
      vertex 42.3908 -30.5289 -1.5
      vertex 42.3908 -30.5289 1.5
      vertex 42.2319 -30.7999 1.5
    endloop
  endfacet
  facet normal 0.89283 -0.450394 0
    outer loop
      vertex 42.5323 -30.2484 -1.5
      vertex 42.3908 -30.5289 1.5
      vertex 42.3908 -30.5289 -1.5
    endloop
  endfacet
  facet normal 0.89283 -0.450394 0
    outer loop
      vertex 42.5323 -30.2484 -1.5
      vertex 42.5323 -30.2484 1.5
      vertex 42.3908 -30.5289 1.5
    endloop
  endfacet
  facet normal 0.919293 -0.393573 0
    outer loop
      vertex 42.6559 -29.9597 -1.5
      vertex 42.5323 -30.2484 1.5
      vertex 42.5323 -30.2484 -1.5
    endloop
  endfacet
  facet normal 0.919293 -0.393573 0
    outer loop
      vertex 42.6559 -29.9597 -1.5
      vertex 42.6559 -29.9597 1.5
      vertex 42.5323 -30.2484 1.5
    endloop
  endfacet
  facet normal 0.942123 -0.335267 0
    outer loop
      vertex 42.7612 -29.6638 -1.5
      vertex 42.6559 -29.9597 1.5
      vertex 42.6559 -29.9597 -1.5
    endloop
  endfacet
  facet normal 0.942123 -0.335267 0
    outer loop
      vertex 42.7612 -29.6638 -1.5
      vertex 42.7612 -29.6638 1.5
      vertex 42.6559 -29.9597 1.5
    endloop
  endfacet
  facet normal 0.961344 -0.275352 0
    outer loop
      vertex 42.8477 -29.3618 -1.5
      vertex 42.7612 -29.6638 1.5
      vertex 42.7612 -29.6638 -1.5
    endloop
  endfacet
  facet normal 0.961344 -0.275352 0
    outer loop
      vertex 42.8477 -29.3618 -1.5
      vertex 42.8477 -29.3618 1.5
      vertex 42.7612 -29.6638 1.5
    endloop
  endfacet
  facet normal 0.976775 -0.214267 0
    outer loop
      vertex 42.915 -29.055 -1.5
      vertex 42.8477 -29.3618 1.5
      vertex 42.8477 -29.3618 -1.5
    endloop
  endfacet
  facet normal 0.976775 -0.214267 0
    outer loop
      vertex 42.915 -29.055 -1.5
      vertex 42.915 -29.055 1.5
      vertex 42.8477 -29.3618 1.5
    endloop
  endfacet
  facet normal 0.988254 -0.152823 0
    outer loop
      vertex 42.963 -28.7446 -1.5
      vertex 42.915 -29.055 1.5
      vertex 42.915 -29.055 -1.5
    endloop
  endfacet
  facet normal 0.988254 -0.152823 0
    outer loop
      vertex 42.963 -28.7446 -1.5
      vertex 42.963 -28.7446 1.5
      vertex 42.915 -29.055 1.5
    endloop
  endfacet
  facet normal 0.995935 -0.0900766 0
    outer loop
      vertex 42.9913 -28.4317 -1.5
      vertex 42.963 -28.7446 1.5
      vertex 42.963 -28.7446 -1.5
    endloop
  endfacet
  facet normal 0.995935 -0.0900766 0
    outer loop
      vertex 42.9913 -28.4317 -1.5
      vertex 42.9913 -28.4317 1.5
      vertex 42.963 -28.7446 1.5
    endloop
  endfacet
  facet normal 0.999565 -0.0295087 0
    outer loop
      vertex 43 -28.137 -1.5
      vertex 42.9913 -28.4317 1.5
      vertex 42.9913 -28.4317 -1.5
    endloop
  endfacet
  facet normal 0.999565 -0.0295087 0
    outer loop
      vertex 43 -28.137 -1.5
      vertex 43 -28.137 1.5
      vertex 42.9913 -28.4317 1.5
    endloop
  endfacet
  facet normal 1 0 0
    outer loop
      vertex 43 -12 -1.5
      vertex 43 -28.137 1.5
      vertex 43 -28.137 -1.5
    endloop
  endfacet
  facet normal 1 0 -0
    outer loop
      vertex 43 -12 -1.5
      vertex 43 -12 1.5
      vertex 43 -28.137 1.5
    endloop
  endfacet
  facet normal 0.647649 -0.761939 0
    outer loop
      vertex 61.2382 3.5025 -1.5
      vertex 43 -12 1.5
      vertex 43 -12 -1.5
    endloop
  endfacet
  facet normal 0.647649 -0.761939 0
    outer loop
      vertex 61.2382 3.5025 -1.5
      vertex 61.2382 3.5025 1.5
      vertex 43 -12 1.5
    endloop
  endfacet
  facet normal 0.671142 -0.741328 0
    outer loop
      vertex 61.4711 3.71335 -1.5
      vertex 61.2382 3.5025 1.5
      vertex 61.2382 3.5025 -1.5
    endloop
  endfacet
  facet normal 0.671142 -0.741328 0
    outer loop
      vertex 61.4711 3.71335 -1.5
      vertex 61.4711 3.71335 1.5
      vertex 61.2382 3.5025 1.5
    endloop
  endfacet
  facet normal 0.716515 -0.697572 0
    outer loop
      vertex 61.6902 3.9384 -1.5
      vertex 61.4711 3.71335 1.5
      vertex 61.4711 3.71335 -1.5
    endloop
  endfacet
  facet normal 0.716515 -0.697572 0
    outer loop
      vertex 61.6902 3.9384 -1.5
      vertex 61.6902 3.9384 1.5
      vertex 61.4711 3.71335 1.5
    endloop
  endfacet
  facet normal 0.758955 -0.651143 0
    outer loop
      vertex 61.8947 4.17676 -1.5
      vertex 61.6902 3.9384 1.5
      vertex 61.6902 3.9384 -1.5
    endloop
  endfacet
  facet normal 0.758955 -0.651143 0
    outer loop
      vertex 61.8947 4.17676 -1.5
      vertex 61.8947 4.17676 1.5
      vertex 61.6902 3.9384 1.5
    endloop
  endfacet
  facet normal 0.798258 -0.602315 0
    outer loop
      vertex 62.0839 4.42751 -1.5
      vertex 61.8947 4.17676 1.5
      vertex 61.8947 4.17676 -1.5
    endloop
  endfacet
  facet normal 0.798258 -0.602315 0
    outer loop
      vertex 62.0839 4.42751 -1.5
      vertex 62.0839 4.42751 1.5
      vertex 61.8947 4.17676 1.5
    endloop
  endfacet
  facet normal 0.834472 -0.551051 0
    outer loop
      vertex 62.257 4.68964 -1.5
      vertex 62.0839 4.42751 1.5
      vertex 62.0839 4.42751 -1.5
    endloop
  endfacet
  facet normal 0.834472 -0.551051 0
    outer loop
      vertex 62.257 4.68964 -1.5
      vertex 62.257 4.68964 1.5
      vertex 62.0839 4.42751 1.5
    endloop
  endfacet
  facet normal 0.867415 -0.497585 0
    outer loop
      vertex 62.4133 4.96211 -1.5
      vertex 62.257 4.68964 1.5
      vertex 62.257 4.68964 -1.5
    endloop
  endfacet
  facet normal 0.867415 -0.497585 0
    outer loop
      vertex 62.4133 4.96211 -1.5
      vertex 62.4133 4.96211 1.5
      vertex 62.257 4.68964 1.5
    endloop
  endfacet
  facet normal 0.897048 -0.441933 0
    outer loop
      vertex 62.5521 5.24385 -1.5
      vertex 62.4133 4.96211 1.5
      vertex 62.4133 4.96211 -1.5
    endloop
  endfacet
  facet normal 0.897048 -0.441933 0
    outer loop
      vertex 62.5521 5.24385 -1.5
      vertex 62.5521 5.24385 1.5
      vertex 62.4133 4.96211 1.5
    endloop
  endfacet
  facet normal 0.922964 -0.384887 0
    outer loop
      vertex 62.673 5.53377 -1.5
      vertex 62.5521 5.24385 1.5
      vertex 62.5521 5.24385 -1.5
    endloop
  endfacet
  facet normal 0.922964 -0.384887 0
    outer loop
      vertex 62.673 5.53377 -1.5
      vertex 62.673 5.53377 1.5
      vertex 62.5521 5.24385 1.5
    endloop
  endfacet
  facet normal 0.945265 -0.326305 0
    outer loop
      vertex 62.7755 5.8307 -1.5
      vertex 62.673 5.53377 1.5
      vertex 62.673 5.53377 -1.5
    endloop
  endfacet
  facet normal 0.945265 -0.326305 0
    outer loop
      vertex 62.7755 5.8307 -1.5
      vertex 62.7755 5.8307 1.5
      vertex 62.673 5.53377 1.5
    endloop
  endfacet
  facet normal 0.963932 -0.266149 0
    outer loop
      vertex 62.8591 6.13348 -1.5
      vertex 62.7755 5.8307 1.5
      vertex 62.7755 5.8307 -1.5
    endloop
  endfacet
  facet normal 0.963932 -0.266149 0
    outer loop
      vertex 62.8591 6.13348 -1.5
      vertex 62.8591 6.13348 1.5
      vertex 62.7755 5.8307 1.5
    endloop
  endfacet
  facet normal 0.978755 -0.205035 0
    outer loop
      vertex 62.9235 6.4409 -1.5
      vertex 62.8591 6.13348 1.5
      vertex 62.8591 6.13348 -1.5
    endloop
  endfacet
  facet normal 0.978755 -0.205035 0
    outer loop
      vertex 62.9235 6.4409 -1.5
      vertex 62.9235 6.4409 1.5
      vertex 62.8591 6.13348 1.5
    endloop
  endfacet
  facet normal 0.989685 -0.143262 0
    outer loop
      vertex 62.9685 6.75177 -1.5
      vertex 62.9235 6.4409 1.5
      vertex 62.9235 6.4409 -1.5
    endloop
  endfacet
  facet normal 0.989685 -0.143262 0
    outer loop
      vertex 62.9685 6.75177 -1.5
      vertex 62.9685 6.75177 1.5
      vertex 62.9235 6.4409 1.5
    endloop
  endfacet
  facet normal 0.996725 -0.0808637 0
    outer loop
      vertex 62.9939 7.06485 -1.5
      vertex 62.9685 6.75177 1.5
      vertex 62.9685 6.75177 -1.5
    endloop
  endfacet
  facet normal 0.996725 -0.0808637 0
    outer loop
      vertex 62.9939 7.06485 -1.5
      vertex 62.9939 7.06485 1.5
      vertex 62.9685 6.75177 1.5
    endloop
  endfacet
  facet normal 0.999696 -0.0246549 0
    outer loop
      vertex 63 7.31219 -1.5
      vertex 62.9939 7.06485 1.5
      vertex 62.9939 7.06485 -1.5
    endloop
  endfacet
  facet normal 0.999696 -0.0246549 0
    outer loop
      vertex 63 7.31219 -1.5
      vertex 63 7.31219 1.5
      vertex 62.9939 7.06485 1.5
    endloop
  endfacet
  facet normal 1 0 0
    outer loop
      vertex 63 19.1886 -1.5
      vertex 63 7.31219 1.5
      vertex 63 7.31219 -1.5
    endloop
  endfacet
  facet normal 1 0 -0
    outer loop
      vertex 63 19.1886 -1.5
      vertex 63 19.1886 1.5
      vertex 63 7.31219 1.5
    endloop
  endfacet
  facet normal 0.999503 0.031523 0
    outer loop
      vertex 62.9901 19.5025 -1.5
      vertex 63 19.1886 1.5
      vertex 63 19.1886 -1.5
    endloop
  endfacet
  facet normal 0.999503 0.031523 -0
    outer loop
      vertex 62.9901 19.5025 -1.5
      vertex 62.9901 19.5025 1.5
      vertex 63 19.1886 1.5
    endloop
  endfacet
  facet normal 0.99558 0.0939226 0
    outer loop
      vertex 62.9606 19.8152 -1.5
      vertex 62.9901 19.5025 1.5
      vertex 62.9901 19.5025 -1.5
    endloop
  endfacet
  facet normal 0.99558 0.0939226 -0
    outer loop
      vertex 62.9606 19.8152 -1.5
      vertex 62.9606 19.8152 1.5
      vertex 62.9901 19.5025 1.5
    endloop
  endfacet
  facet normal 0.987662 0.1566 0
    outer loop
      vertex 62.9114 20.1255 -1.5
      vertex 62.9606 19.8152 1.5
      vertex 62.9606 19.8152 -1.5
    endloop
  endfacet
  facet normal 0.987662 0.1566 -0
    outer loop
      vertex 62.9114 20.1255 -1.5
      vertex 62.9114 20.1255 1.5
      vertex 62.9606 19.8152 1.5
    endloop
  endfacet
  facet normal 0.975924 0.21811 0
    outer loop
      vertex 62.8429 20.432 -1.5
      vertex 62.9114 20.1255 1.5
      vertex 62.9114 20.1255 -1.5
    endloop
  endfacet
  facet normal 0.975924 0.21811 -0
    outer loop
      vertex 62.8429 20.432 -1.5
      vertex 62.8429 20.432 1.5
      vertex 62.9114 20.1255 1.5
    endloop
  endfacet
  facet normal 0.95923 0.282628 0
    outer loop
      vertex 62.7434 20.7697 -1.5
      vertex 62.8429 20.432 1.5
      vertex 62.8429 20.432 -1.5
    endloop
  endfacet
  facet normal 0.95923 0.282628 -0
    outer loop
      vertex 62.7434 20.7697 -1.5
      vertex 62.7434 20.7697 1.5
      vertex 62.8429 20.432 1.5
    endloop
  endfacet
  facet normal 0.948685 0.316223 0
    outer loop
      vertex 58.952 32.1441 -1.5
      vertex 62.7434 20.7697 1.5
      vertex 62.7434 20.7697 -1.5
    endloop
  endfacet
  facet normal 0.948685 0.316223 -0
    outer loop
      vertex 58.952 32.1441 -1.5
      vertex 58.952 32.1441 1.5
      vertex 62.7434 20.7697 1.5
    endloop
  endfacet
  facet normal 0.938213 0.346059 0
    outer loop
      vertex 58.8433 32.4388 -1.5
      vertex 58.952 32.1441 1.5
      vertex 58.952 32.1441 -1.5
    endloop
  endfacet
  facet normal 0.938213 0.346059 -0
    outer loop
      vertex 58.8433 32.4388 -1.5
      vertex 58.8433 32.4388 1.5
      vertex 58.952 32.1441 1.5
    endloop
  endfacet
  facet normal 0.914741 0.40404 0
    outer loop
      vertex 58.7164 32.7261 -1.5
      vertex 58.8433 32.4388 1.5
      vertex 58.8433 32.4388 -1.5
    endloop
  endfacet
  facet normal 0.914741 0.40404 -0
    outer loop
      vertex 58.7164 32.7261 -1.5
      vertex 58.7164 32.7261 1.5
      vertex 58.8433 32.4388 1.5
    endloop
  endfacet
  facet normal 0.887576 0.460661 0
    outer loop
      vertex 58.5717 33.0049 -1.5
      vertex 58.7164 32.7261 1.5
      vertex 58.7164 32.7261 -1.5
    endloop
  endfacet
  facet normal 0.887576 0.460661 -0
    outer loop
      vertex 58.5717 33.0049 -1.5
      vertex 58.5717 33.0049 1.5
      vertex 58.7164 32.7261 1.5
    endloop
  endfacet
  facet normal 0.856734 0.515759 0
    outer loop
      vertex 58.4097 33.274 -1.5
      vertex 58.5717 33.0049 1.5
      vertex 58.5717 33.0049 -1.5
    endloop
  endfacet
  facet normal 0.856734 0.515759 -0
    outer loop
      vertex 58.4097 33.274 -1.5
      vertex 58.4097 33.274 1.5
      vertex 58.5717 33.0049 1.5
    endloop
  endfacet
  facet normal 0.822879 0.568216 0
    outer loop
      vertex 58.2312 33.5325 -1.5
      vertex 58.4097 33.274 1.5
      vertex 58.4097 33.274 -1.5
    endloop
  endfacet
  facet normal 0.822879 0.568216 -0
    outer loop
      vertex 58.2312 33.5325 -1.5
      vertex 58.2312 33.5325 1.5
      vertex 58.4097 33.274 1.5
    endloop
  endfacet
  facet normal 0.785445 0.618932 0
    outer loop
      vertex 58.0368 33.7792 -1.5
      vertex 58.2312 33.5325 1.5
      vertex 58.2312 33.5325 -1.5
    endloop
  endfacet
  facet normal 0.785445 0.618932 -0
    outer loop
      vertex 58.0368 33.7792 -1.5
      vertex 58.0368 33.7792 1.5
      vertex 58.2312 33.5325 1.5
    endloop
  endfacet
  facet normal 0.745033 0.667027 0
    outer loop
      vertex 57.8273 34.0132 -1.5
      vertex 58.0368 33.7792 1.5
      vertex 58.0368 33.7792 -1.5
    endloop
  endfacet
  facet normal 0.745033 0.667027 -0
    outer loop
      vertex 57.8273 34.0132 -1.5
      vertex 57.8273 34.0132 1.5
      vertex 58.0368 33.7792 1.5
    endloop
  endfacet
  facet normal 0.701674 0.712498 0
    outer loop
      vertex 57.6035 34.2336 -1.5
      vertex 57.8273 34.0132 1.5
      vertex 57.8273 34.0132 -1.5
    endloop
  endfacet
  facet normal 0.701674 0.712498 -0
    outer loop
      vertex 57.6035 34.2336 -1.5
      vertex 57.6035 34.2336 1.5
      vertex 57.8273 34.0132 1.5
    endloop
  endfacet
  facet normal 0.655706 0.755017 0
    outer loop
      vertex 57.3663 34.4396 -1.5
      vertex 57.6035 34.2336 1.5
      vertex 57.6035 34.2336 -1.5
    endloop
  endfacet
  facet normal 0.655706 0.755017 -0
    outer loop
      vertex 57.3663 34.4396 -1.5
      vertex 57.3663 34.4396 1.5
      vertex 57.6035 34.2336 1.5
    endloop
  endfacet
  facet normal 0.606906 0.794773 0
    outer loop
      vertex 57.1167 34.6302 -1.5
      vertex 57.3663 34.4396 1.5
      vertex 57.3663 34.4396 -1.5
    endloop
  endfacet
  facet normal 0.606906 0.794773 -0
    outer loop
      vertex 57.1167 34.6302 -1.5
      vertex 57.1167 34.6302 1.5
      vertex 57.3663 34.4396 1.5
    endloop
  endfacet
  facet normal 0.555875 0.831266 0
    outer loop
      vertex 56.8556 34.8048 -1.5
      vertex 57.1167 34.6302 1.5
      vertex 57.1167 34.6302 -1.5
    endloop
  endfacet
  facet normal 0.555875 0.831266 -0
    outer loop
      vertex 56.8556 34.8048 -1.5
      vertex 56.8556 34.8048 1.5
      vertex 57.1167 34.6302 1.5
    endloop
  endfacet
  facet normal 0.502366 0.864655 0
    outer loop
      vertex 56.584 34.9626 -1.5
      vertex 56.8556 34.8048 1.5
      vertex 56.8556 34.8048 -1.5
    endloop
  endfacet
  facet normal 0.502366 0.864655 -0
    outer loop
      vertex 56.584 34.9626 -1.5
      vertex 56.584 34.9626 1.5
      vertex 56.8556 34.8048 1.5
    endloop
  endfacet
  facet normal 0.447341 0.894364 0
    outer loop
      vertex 56.3031 35.1031 -1.5
      vertex 56.584 34.9626 1.5
      vertex 56.584 34.9626 -1.5
    endloop
  endfacet
  facet normal 0.447341 0.894364 -0
    outer loop
      vertex 56.3031 35.1031 -1.5
      vertex 56.3031 35.1031 1.5
      vertex 56.584 34.9626 1.5
    endloop
  endfacet
  facet normal 0.38992 0.920849 0
    outer loop
      vertex 56.0138 35.2256 -1.5
      vertex 56.3031 35.1031 1.5
      vertex 56.3031 35.1031 -1.5
    endloop
  endfacet
  facet normal 0.38992 0.920849 -0
    outer loop
      vertex 56.0138 35.2256 -1.5
      vertex 56.0138 35.2256 1.5
      vertex 56.3031 35.1031 1.5
    endloop
  endfacet
  facet normal 0.331754 0.943366 0
    outer loop
      vertex 55.7175 35.3298 -1.5
      vertex 56.0138 35.2256 1.5
      vertex 56.0138 35.2256 -1.5
    endloop
  endfacet
  facet normal 0.331754 0.943366 -0
    outer loop
      vertex 55.7175 35.3298 -1.5
      vertex 55.7175 35.3298 1.5
      vertex 56.0138 35.2256 1.5
    endloop
  endfacet
  facet normal 0.271566 0.96242 0
    outer loop
      vertex 55.4152 35.4151 -1.5
      vertex 55.7175 35.3298 1.5
      vertex 55.7175 35.3298 -1.5
    endloop
  endfacet
  facet normal 0.271566 0.96242 -0
    outer loop
      vertex 55.4152 35.4151 -1.5
      vertex 55.4152 35.4151 1.5
      vertex 55.7175 35.3298 1.5
    endloop
  endfacet
  facet normal 0.203111 0.979156 0
    outer loop
      vertex 55.0305 35.4949 -1.5
      vertex 55.4152 35.4151 1.5
      vertex 55.4152 35.4151 -1.5
    endloop
  endfacet
  facet normal 0.203111 0.979156 -0
    outer loop
      vertex 55.0305 35.4949 -1.5
      vertex 55.0305 35.4949 1.5
      vertex 55.4152 35.4151 1.5
    endloop
  endfacet
  facet normal 0.164401 0.986394 0
    outer loop
      vertex 40.4081 37.932 -1.5
      vertex 55.0305 35.4949 1.5
      vertex 55.0305 35.4949 -1.5
    endloop
  endfacet
  facet normal 0.164401 0.986394 -0
    outer loop
      vertex 40.4081 37.932 -1.5
      vertex 40.4081 37.932 1.5
      vertex 55.0305 35.4949 1.5
    endloop
  endfacet
  facet normal 0.133081 0.991105 0
    outer loop
      vertex 40.0968 37.9738 -1.5
      vertex 40.4081 37.932 1.5
      vertex 40.4081 37.932 -1.5
    endloop
  endfacet
  facet normal 0.133081 0.991105 -0
    outer loop
      vertex 40.0968 37.9738 -1.5
      vertex 40.0968 37.9738 1.5
      vertex 40.4081 37.932 1.5
    endloop
  endfacet
  facet normal 0.0709982 0.997476 0
    outer loop
      vertex 39.7835 37.9961 -1.5
      vertex 40.0968 37.9738 1.5
      vertex 40.0968 37.9738 -1.5
    endloop
  endfacet
  facet normal 0.0709982 0.997476 -0
    outer loop
      vertex 39.7835 37.9961 -1.5
      vertex 39.7835 37.9961 1.5
      vertex 40.0968 37.9738 1.5
    endloop
  endfacet
  facet normal 0.019763 0.999805 0
    outer loop
      vertex 39.5862 38 -1.5
      vertex 39.7835 37.9961 1.5
      vertex 39.7835 37.9961 -1.5
    endloop
  endfacet
  facet normal 0.019763 0.999805 -0
    outer loop
      vertex 39.5862 38 -1.5
      vertex 39.5862 38 1.5
      vertex 39.7835 37.9961 1.5
    endloop
  endfacet
  facet normal 0 1 0
    outer loop
      vertex -39.5862 38 -1.5
      vertex 39.5862 38 1.5
      vertex 39.5862 38 -1.5
    endloop
  endfacet
  facet normal 0 1 0
    outer loop
      vertex -39.5862 38 -1.5
      vertex -39.5862 38 1.5
      vertex 39.5862 38 1.5
    endloop
  endfacet
  facet normal -0.031523 0.999503 0
    outer loop
      vertex -39.9001 37.9901 -1.5
      vertex -39.5862 38 1.5
      vertex -39.5862 38 -1.5
    endloop
  endfacet
  facet normal -0.031523 0.999503 0
    outer loop
      vertex -39.9001 37.9901 -1.5
      vertex -39.9001 37.9901 1.5
      vertex -39.5862 38 1.5
    endloop
  endfacet
  facet normal -0.0939226 0.99558 0
    outer loop
      vertex -40.2128 37.9606 -1.5
      vertex -39.9001 37.9901 1.5
      vertex -39.9001 37.9901 -1.5
    endloop
  endfacet
  facet normal -0.0939226 0.99558 0
    outer loop
      vertex -40.2128 37.9606 -1.5
      vertex -40.2128 37.9606 1.5
      vertex -39.9001 37.9901 1.5
    endloop
  endfacet
  facet normal -0.144896 0.989447 0
    outer loop
      vertex -40.4081 37.932 -1.5
      vertex -40.2128 37.9606 1.5
      vertex -40.2128 37.9606 -1.5
    endloop
  endfacet
  facet normal -0.144896 0.989447 0
    outer loop
      vertex -40.4081 37.932 -1.5
      vertex -40.4081 37.932 1.5
      vertex -40.2128 37.9606 1.5
    endloop
  endfacet
  facet normal -0.164401 0.986394 0
    outer loop
      vertex -55.0305 35.4949 -1.5
      vertex -40.4081 37.932 1.5
      vertex -40.4081 37.932 -1.5
    endloop
  endfacet
  facet normal -0.164401 0.986394 0
    outer loop
      vertex -55.0305 35.4949 -1.5
      vertex -55.0305 35.4949 1.5
      vertex -40.4081 37.932 1.5
    endloop
  endfacet
  facet normal -0.195443 0.980715 0
    outer loop
      vertex -55.3386 35.4335 -1.5
      vertex -55.0305 35.4949 1.5
      vertex -55.0305 35.4949 -1.5
    endloop
  endfacet
  facet normal -0.195443 0.980715 0
    outer loop
      vertex -55.3386 35.4335 -1.5
      vertex -55.3386 35.4335 1.5
      vertex -55.0305 35.4949 1.5
    endloop
  endfacet
  facet normal -0.256295 0.966599 0
    outer loop
      vertex -55.6422 35.353 -1.5
      vertex -55.3386 35.4335 1.5
      vertex -55.3386 35.4335 -1.5
    endloop
  endfacet
  facet normal -0.256295 0.966599 0
    outer loop
      vertex -55.6422 35.353 -1.5
      vertex -55.6422 35.353 1.5
      vertex -55.3386 35.4335 1.5
    endloop
  endfacet
  facet normal -0.316705 0.948524 0
    outer loop
      vertex -55.9402 35.2535 -1.5
      vertex -55.6422 35.353 1.5
      vertex -55.6422 35.353 -1.5
    endloop
  endfacet
  facet normal -0.316705 0.948524 0
    outer loop
      vertex -55.9402 35.2535 -1.5
      vertex -55.9402 35.2535 1.5
      vertex -55.6422 35.353 1.5
    endloop
  endfacet
  facet normal -0.375668 0.926754 0
    outer loop
      vertex -56.2313 35.1355 -1.5
      vertex -55.9402 35.2535 1.5
      vertex -55.9402 35.2535 -1.5
    endloop
  endfacet
  facet normal -0.375668 0.926754 0
    outer loop
      vertex -56.2313 35.1355 -1.5
      vertex -56.2313 35.1355 1.5
      vertex -55.9402 35.2535 1.5
    endloop
  endfacet
  facet normal -0.433021 0.901384 0
    outer loop
      vertex -56.5144 34.9995 -1.5
      vertex -56.2313 35.1355 1.5
      vertex -56.2313 35.1355 -1.5
    endloop
  endfacet
  facet normal -0.433021 0.901384 0
    outer loop
      vertex -56.5144 34.9995 -1.5
      vertex -56.5144 34.9995 1.5
      vertex -56.2313 35.1355 1.5
    endloop
  endfacet
  facet normal -0.488749 0.872425 0
    outer loop
      vertex -56.7884 34.846 -1.5
      vertex -56.5144 34.9995 1.5
      vertex -56.5144 34.9995 -1.5
    endloop
  endfacet
  facet normal -0.488749 0.872425 0
    outer loop
      vertex -56.7884 34.846 -1.5
      vertex -56.7884 34.846 1.5
      vertex -56.5144 34.9995 1.5
    endloop
  endfacet
  facet normal -0.542816 0.839852 0
    outer loop
      vertex -57.0522 34.6755 -1.5
      vertex -56.7884 34.846 1.5
      vertex -56.7884 34.846 -1.5
    endloop
  endfacet
  facet normal -0.542816 0.839852 0
    outer loop
      vertex -57.0522 34.6755 -1.5
      vertex -57.0522 34.6755 1.5
      vertex -56.7884 34.846 1.5
    endloop
  endfacet
  facet normal -0.59423 0.804295 0
    outer loop
      vertex -57.3049 34.4888 -1.5
      vertex -57.0522 34.6755 1.5
      vertex -57.0522 34.6755 -1.5
    endloop
  endfacet
  facet normal -0.59423 0.804295 0
    outer loop
      vertex -57.3049 34.4888 -1.5
      vertex -57.3049 34.4888 1.5
      vertex -57.0522 34.6755 1.5
    endloop
  endfacet
  facet normal -0.643498 0.765448 0
    outer loop
      vertex -57.5453 34.2867 -1.5
      vertex -57.3049 34.4888 1.5
      vertex -57.3049 34.4888 -1.5
    endloop
  endfacet
  facet normal -0.643498 0.765448 0
    outer loop
      vertex -57.5453 34.2867 -1.5
      vertex -57.5453 34.2867 1.5
      vertex -57.3049 34.4888 1.5
    endloop
  endfacet
  facet normal -0.690521 0.723312 0
    outer loop
      vertex -57.7725 34.0698 -1.5
      vertex -57.5453 34.2867 1.5
      vertex -57.5453 34.2867 -1.5
    endloop
  endfacet
  facet normal -0.690521 0.723312 0
    outer loop
      vertex -57.7725 34.0698 -1.5
      vertex -57.7725 34.0698 1.5
      vertex -57.5453 34.2867 1.5
    endloop
  endfacet
  facet normal -0.734413 0.678703 0
    outer loop
      vertex -57.9857 33.8391 -1.5
      vertex -57.7725 34.0698 1.5
      vertex -57.7725 34.0698 -1.5
    endloop
  endfacet
  facet normal -0.734413 0.678703 0
    outer loop
      vertex -57.9857 33.8391 -1.5
      vertex -57.9857 33.8391 1.5
      vertex -57.7725 34.0698 1.5
    endloop
  endfacet
  facet normal -0.775685 0.63112 0
    outer loop
      vertex -58.1839 33.5955 -1.5
      vertex -57.9857 33.8391 1.5
      vertex -57.9857 33.8391 -1.5
    endloop
  endfacet
  facet normal -0.775685 0.63112 0
    outer loop
      vertex -58.1839 33.5955 -1.5
      vertex -58.1839 33.5955 1.5
      vertex -57.9857 33.8391 1.5
    endloop
  endfacet
  facet normal -0.81369 0.581298 0
    outer loop
      vertex -58.3665 33.3399 -1.5
      vertex -58.1839 33.5955 1.5
      vertex -58.1839 33.5955 -1.5
    endloop
  endfacet
  facet normal -0.81369 0.581298 0
    outer loop
      vertex -58.3665 33.3399 -1.5
      vertex -58.3665 33.3399 1.5
      vertex -58.1839 33.5955 1.5
    endloop
  endfacet
  facet normal -0.848606 0.529026 0
    outer loop
      vertex -58.5327 33.0733 -1.5
      vertex -58.3665 33.3399 1.5
      vertex -58.3665 33.3399 -1.5
    endloop
  endfacet
  facet normal -0.848606 0.529026 0
    outer loop
      vertex -58.5327 33.0733 -1.5
      vertex -58.5327 33.0733 1.5
      vertex -58.3665 33.3399 1.5
    endloop
  endfacet
  facet normal -0.880113 0.474764 0
    outer loop
      vertex -58.6818 32.7969 -1.5
      vertex -58.5327 33.0733 1.5
      vertex -58.5327 33.0733 -1.5
    endloop
  endfacet
  facet normal -0.880113 0.474764 0
    outer loop
      vertex -58.6818 32.7969 -1.5
      vertex -58.6818 32.7969 1.5
      vertex -58.5327 33.0733 1.5
    endloop
  endfacet
  facet normal -0.908295 0.418331 0
    outer loop
      vertex -58.8132 32.5116 -1.5
      vertex -58.6818 32.7969 1.5
      vertex -58.6818 32.7969 -1.5
    endloop
  endfacet
  facet normal -0.908295 0.418331 0
    outer loop
      vertex -58.8132 32.5116 -1.5
      vertex -58.8132 32.5116 1.5
      vertex -58.6818 32.7969 1.5
    endloop
  endfacet
  facet normal -0.9355 0.353326 0
    outer loop
      vertex -58.952 32.1441 -1.5
      vertex -58.8132 32.5116 1.5
      vertex -58.8132 32.5116 -1.5
    endloop
  endfacet
  facet normal -0.9355 0.353326 0
    outer loop
      vertex -58.952 32.1441 -1.5
      vertex -58.952 32.1441 1.5
      vertex -58.8132 32.5116 1.5
    endloop
  endfacet
  facet normal -0.948685 0.316223 0
    outer loop
      vertex -62.7434 20.7697 -1.5
      vertex -58.952 32.1441 1.5
      vertex -58.952 32.1441 -1.5
    endloop
  endfacet
  facet normal -0.948685 0.316223 0
    outer loop
      vertex -62.7434 20.7697 -1.5
      vertex -62.7434 20.7697 1.5
      vertex -58.952 32.1441 1.5
    endloop
  endfacet
  facet normal -0.95815 0.286267 0
    outer loop
      vertex -62.8333 20.4688 -1.5
      vertex -62.7434 20.7697 1.5
      vertex -62.7434 20.7697 -1.5
    endloop
  endfacet
  facet normal -0.95815 0.286267 0
    outer loop
      vertex -62.8333 20.4688 -1.5
      vertex -62.8333 20.4688 1.5
      vertex -62.7434 20.7697 1.5
    endloop
  endfacet
  facet normal -0.974192 0.22572 0
    outer loop
      vertex -62.9042 20.1628 -1.5
      vertex -62.8333 20.4688 1.5
      vertex -62.8333 20.4688 -1.5
    endloop
  endfacet
  facet normal -0.974192 0.22572 0
    outer loop
      vertex -62.9042 20.1628 -1.5
      vertex -62.9042 20.1628 1.5
      vertex -62.8333 20.4688 1.5
    endloop
  endfacet
  facet normal -0.986471 0.163934 0
    outer loop
      vertex -62.9557 19.8529 -1.5
      vertex -62.9042 20.1628 1.5
      vertex -62.9042 20.1628 -1.5
    endloop
  endfacet
  facet normal -0.986471 0.163934 0
    outer loop
      vertex -62.9557 19.8529 -1.5
      vertex -62.9557 19.8529 1.5
      vertex -62.9042 20.1628 1.5
    endloop
  endfacet
  facet normal -0.99483 0.101552 0
    outer loop
      vertex -62.9876 19.5404 -1.5
      vertex -62.9557 19.8529 1.5
      vertex -62.9557 19.8529 -1.5
    endloop
  endfacet
  facet normal -0.99483 0.101552 0
    outer loop
      vertex -62.9876 19.5404 -1.5
      vertex -62.9876 19.5404 1.5
      vertex -62.9557 19.8529 1.5
    endloop
  endfacet
  facet normal -0.999379 0.0352254 0
    outer loop
      vertex -63 19.1886 -1.5
      vertex -62.9876 19.5404 1.5
      vertex -62.9876 19.5404 -1.5
    endloop
  endfacet
  facet normal -0.999379 0.0352254 0
    outer loop
      vertex -63 19.1886 -1.5
      vertex -63 19.1886 1.5
      vertex -62.9876 19.5404 1.5
    endloop
  endfacet
  facet normal -1 0 0
    outer loop
      vertex -63 7.31219 -1.5
      vertex -63 19.1886 1.5
      vertex -63 19.1886 -1.5
    endloop
  endfacet
  facet normal -1 0 0
    outer loop
      vertex -63 7.31219 -1.5
      vertex -63 7.31219 1.5
      vertex -63 19.1886 1.5
    endloop
  endfacet
  facet normal -0.999503 -0.031519 0
    outer loop
      vertex -62.9901 6.99825 -1.5
      vertex -63 7.31219 1.5
      vertex -63 7.31219 -1.5
    endloop
  endfacet
  facet normal -0.999503 -0.031519 0
    outer loop
      vertex -62.9901 6.99825 -1.5
      vertex -62.9901 6.99825 1.5
      vertex -63 7.31219 1.5
    endloop
  endfacet
  facet normal -0.99558 -0.0939166 0
    outer loop
      vertex -62.9606 6.68553 -1.5
      vertex -62.9901 6.99825 1.5
      vertex -62.9901 6.99825 -1.5
    endloop
  endfacet
  facet normal -0.99558 -0.0939166 0
    outer loop
      vertex -62.9606 6.68553 -1.5
      vertex -62.9606 6.68553 1.5
      vertex -62.9901 6.99825 1.5
    endloop
  endfacet
  facet normal -0.987657 -0.15663 0
    outer loop
      vertex -62.9114 6.37529 -1.5
      vertex -62.9606 6.68553 1.5
      vertex -62.9606 6.68553 -1.5
    endloop
  endfacet
  facet normal -0.987657 -0.15663 0
    outer loop
      vertex -62.9114 6.37529 -1.5
      vertex -62.9114 6.37529 1.5
      vertex -62.9606 6.68553 1.5
    endloop
  endfacet
  facet normal -0.975932 -0.218076 0
    outer loop
      vertex -62.8429 6.06874 -1.5
      vertex -62.9114 6.37529 1.5
      vertex -62.9114 6.37529 -1.5
    endloop
  endfacet
  facet normal -0.975932 -0.218076 0
    outer loop
      vertex -62.8429 6.06874 -1.5
      vertex -62.8429 6.06874 1.5
      vertex -62.9114 6.37529 1.5
    endloop
  endfacet
  facet normal -0.960321 -0.278898 0
    outer loop
      vertex -62.7553 5.76711 -1.5
      vertex -62.8429 6.06874 1.5
      vertex -62.8429 6.06874 -1.5
    endloop
  endfacet
  facet normal -0.960321 -0.278898 0
    outer loop
      vertex -62.7553 5.76711 -1.5
      vertex -62.7553 5.76711 1.5
      vertex -62.8429 6.06874 1.5
    endloop
  endfacet
  facet normal -0.940882 -0.338735 0
    outer loop
      vertex -62.6489 5.47157 -1.5
      vertex -62.7553 5.76711 1.5
      vertex -62.7553 5.76711 -1.5
    endloop
  endfacet
  facet normal -0.940882 -0.338735 0
    outer loop
      vertex -62.6489 5.47157 -1.5
      vertex -62.6489 5.47157 1.5
      vertex -62.7553 5.76711 1.5
    endloop
  endfacet
  facet normal -0.917691 -0.397294 0
    outer loop
      vertex -62.5241 5.1833 -1.5
      vertex -62.6489 5.47157 1.5
      vertex -62.6489 5.47157 -1.5
    endloop
  endfacet
  facet normal -0.917691 -0.397294 0
    outer loop
      vertex -62.5241 5.1833 -1.5
      vertex -62.5241 5.1833 1.5
      vertex -62.6489 5.47157 1.5
    endloop
  endfacet
  facet normal -0.891008 -0.453988 0
    outer loop
      vertex -62.3815 4.90343 -1.5
      vertex -62.5241 5.1833 1.5
      vertex -62.5241 5.1833 -1.5
    endloop
  endfacet
  facet normal -0.891008 -0.453988 0
    outer loop
      vertex -62.3815 4.90343 -1.5
      vertex -62.3815 4.90343 1.5
      vertex -62.5241 5.1833 1.5
    endloop
  endfacet
  facet normal -0.860737 -0.50905 0
    outer loop
      vertex -62.2216 4.63306 -1.5
      vertex -62.3815 4.90343 1.5
      vertex -62.3815 4.90343 -1.5
    endloop
  endfacet
  facet normal -0.860737 -0.50905 0
    outer loop
      vertex -62.2216 4.63306 -1.5
      vertex -62.2216 4.63306 1.5
      vertex -62.3815 4.90343 1.5
    endloop
  endfacet
  facet normal -0.827149 -0.561983 0
    outer loop
      vertex -62.0451 4.37328 -1.5
      vertex -62.2216 4.63306 1.5
      vertex -62.2216 4.63306 -1.5
    endloop
  endfacet
  facet normal -0.827149 -0.561983 0
    outer loop
      vertex -62.0451 4.37328 -1.5
      vertex -62.0451 4.37328 1.5
      vertex -62.2216 4.63306 1.5
    endloop
  endfacet
  facet normal -0.790191 -0.61286 0
    outer loop
      vertex -61.8526 4.12508 -1.5
      vertex -62.0451 4.37328 1.5
      vertex -62.0451 4.37328 -1.5
    endloop
  endfacet
  facet normal -0.790191 -0.61286 0
    outer loop
      vertex -61.8526 4.12508 -1.5
      vertex -61.8526 4.12508 1.5
      vertex -62.0451 4.37328 1.5
    endloop
  endfacet
  facet normal -0.749982 -0.661458 0
    outer loop
      vertex -61.6448 3.88947 -1.5
      vertex -61.8526 4.12508 1.5
      vertex -61.8526 4.12508 -1.5
    endloop
  endfacet
  facet normal -0.749982 -0.661458 0
    outer loop
      vertex -61.6448 3.88947 -1.5
      vertex -61.6448 3.88947 1.5
      vertex -61.8526 4.12508 1.5
    endloop
  endfacet
  facet normal -0.707123 -0.707091 0
    outer loop
      vertex -61.4227 3.66736 -1.5
      vertex -61.6448 3.88947 1.5
      vertex -61.6448 3.88947 -1.5
    endloop
  endfacet
  facet normal -0.707123 -0.707091 0
    outer loop
      vertex -61.4227 3.66736 -1.5
      vertex -61.4227 3.66736 1.5
      vertex -61.6448 3.88947 1.5
    endloop
  endfacet
  facet normal -0.666303 -0.745681 0
    outer loop
      vertex -61.2382 3.5025 -1.5
      vertex -61.4227 3.66736 1.5
      vertex -61.4227 3.66736 -1.5
    endloop
  endfacet
  facet normal -0.666303 -0.745681 0
    outer loop
      vertex -61.2382 3.5025 -1.5
      vertex -61.2382 3.5025 1.5
      vertex -61.4227 3.66736 1.5
    endloop
  endfacet
  facet normal -0.647649 -0.761939 0
    outer loop
      vertex -43 -12 -1.5
      vertex -61.2382 3.5025 1.5
      vertex -61.2382 3.5025 -1.5
    endloop
  endfacet
  facet normal -0.647649 -0.761939 0
    outer loop
      vertex -43 -12 -1.5
      vertex -43 -12 1.5
      vertex -61.2382 3.5025 1.5
    endloop
  endfacet
  facet normal -1 0 0
    outer loop
      vertex -43 -28.137 -1.5
      vertex -43 -12 1.5
      vertex -43 -12 -1.5
    endloop
  endfacet
  facet normal -1 0 0
    outer loop
      vertex -43 -28.137 -1.5
      vertex -43 -28.137 1.5
      vertex -43 -12 1.5
    endloop
  endfacet
  facet normal -0.999503 -0.031513 0
    outer loop
      vertex -42.9901 -28.451 -1.5
      vertex -43 -28.137 1.5
      vertex -43 -28.137 -1.5
    endloop
  endfacet
  facet normal -0.999503 -0.031513 0
    outer loop
      vertex -42.9901 -28.451 -1.5
      vertex -42.9901 -28.451 1.5
      vertex -43 -28.137 1.5
    endloop
  endfacet
  facet normal -0.99558 -0.0939226 0
    outer loop
      vertex -42.9606 -28.7637 -1.5
      vertex -42.9901 -28.451 1.5
      vertex -42.9901 -28.451 -1.5
    endloop
  endfacet
  facet normal -0.99558 -0.0939226 0
    outer loop
      vertex -42.9606 -28.7637 -1.5
      vertex -42.9606 -28.7637 1.5
      vertex -42.9901 -28.451 1.5
    endloop
  endfacet
  facet normal -0.987654 -0.156649 0
    outer loop
      vertex -42.9114 -29.0739 -1.5
      vertex -42.9606 -28.7637 1.5
      vertex -42.9606 -28.7637 -1.5
    endloop
  endfacet
  facet normal -0.987654 -0.156649 0
    outer loop
      vertex -42.9114 -29.0739 -1.5
      vertex -42.9114 -29.0739 1.5
      vertex -42.9606 -28.7637 1.5
    endloop
  endfacet
  facet normal -0.975939 -0.218043 0
    outer loop
      vertex -42.8429 -29.3805 -1.5
      vertex -42.9114 -29.0739 1.5
      vertex -42.9114 -29.0739 -1.5
    endloop
  endfacet
  facet normal -0.975939 -0.218043 0
    outer loop
      vertex -42.8429 -29.3805 -1.5
      vertex -42.8429 -29.3805 1.5
      vertex -42.9114 -29.0739 1.5
    endloop
  endfacet
  facet normal -0.960313 -0.278924 0
    outer loop
      vertex -42.7553 -29.6821 -1.5
      vertex -42.8429 -29.3805 1.5
      vertex -42.8429 -29.3805 -1.5
    endloop
  endfacet
  facet normal -0.960313 -0.278924 0
    outer loop
      vertex -42.7553 -29.6821 -1.5
      vertex -42.7553 -29.6821 1.5
      vertex -42.8429 -29.3805 1.5
    endloop
  endfacet
  facet normal -0.940867 -0.338776 0
    outer loop
      vertex -42.6489 -29.9776 -1.5
      vertex -42.7553 -29.6821 1.5
      vertex -42.7553 -29.6821 -1.5
    endloop
  endfacet
  facet normal -0.940867 -0.338776 0
    outer loop
      vertex -42.6489 -29.9776 -1.5
      vertex -42.6489 -29.9776 1.5
      vertex -42.7553 -29.6821 1.5
    endloop
  endfacet
  facet normal -0.917707 -0.397259 0
    outer loop
      vertex -42.5241 -30.2659 -1.5
      vertex -42.6489 -29.9776 1.5
      vertex -42.6489 -29.9776 -1.5
    endloop
  endfacet
  facet normal -0.917707 -0.397259 0
    outer loop
      vertex -42.5241 -30.2659 -1.5
      vertex -42.5241 -30.2659 1.5
      vertex -42.6489 -29.9776 1.5
    endloop
  endfacet
  facet normal -0.891027 -0.45395 0
    outer loop
      vertex -42.3815 -30.5458 -1.5
      vertex -42.5241 -30.2659 1.5
      vertex -42.5241 -30.2659 -1.5
    endloop
  endfacet
  facet normal -0.891027 -0.45395 0
    outer loop
      vertex -42.3815 -30.5458 -1.5
      vertex -42.3815 -30.5458 1.5
      vertex -42.5241 -30.2659 1.5
    endloop
  endfacet
  facet normal -0.860679 -0.509148 0
    outer loop
      vertex -42.2216 -30.8161 -1.5
      vertex -42.3815 -30.5458 1.5
      vertex -42.3815 -30.5458 -1.5
    endloop
  endfacet
  facet normal -0.860679 -0.509148 0
    outer loop
      vertex -42.2216 -30.8161 -1.5
      vertex -42.2216 -30.8161 1.5
      vertex -42.3815 -30.5458 1.5
    endloop
  endfacet
  facet normal -0.827169 -0.561953 0
    outer loop
      vertex -42.0451 -31.0759 -1.5
      vertex -42.2216 -30.8161 1.5
      vertex -42.2216 -30.8161 -1.5
    endloop
  endfacet
  facet normal -0.827169 -0.561953 0
    outer loop
      vertex -42.0451 -31.0759 -1.5
      vertex -42.0451 -31.0759 1.5
      vertex -42.2216 -30.8161 1.5
    endloop
  endfacet
  facet normal -0.790191 -0.61286 0
    outer loop
      vertex -41.8526 -31.3241 -1.5
      vertex -42.0451 -31.0759 1.5
      vertex -42.0451 -31.0759 -1.5
    endloop
  endfacet
  facet normal -0.790191 -0.61286 0
    outer loop
      vertex -41.8526 -31.3241 -1.5
      vertex -41.8526 -31.3241 1.5
      vertex -42.0451 -31.0759 1.5
    endloop
  endfacet
  facet normal -0.749968 -0.661474 0
    outer loop
      vertex -41.6448 -31.5597 -1.5
      vertex -41.8526 -31.3241 1.5
      vertex -41.8526 -31.3241 -1.5
    endloop
  endfacet
  facet normal -0.749968 -0.661474 0
    outer loop
      vertex -41.6448 -31.5597 -1.5
      vertex -41.6448 -31.5597 1.5
      vertex -41.8526 -31.3241 1.5
    endloop
  endfacet
  facet normal -0.707107 -0.707107 0
    outer loop
      vertex -41.4227 -31.7818 -1.5
      vertex -41.6448 -31.5597 1.5
      vertex -41.6448 -31.5597 -1.5
    endloop
  endfacet
  facet normal -0.707107 -0.707107 0
    outer loop
      vertex -41.4227 -31.7818 -1.5
      vertex -41.4227 -31.7818 1.5
      vertex -41.6448 -31.5597 1.5
    endloop
  endfacet
  facet normal -0.661474 -0.749968 0
    outer loop
      vertex -41.1871 -31.9896 -1.5
      vertex -41.4227 -31.7818 1.5
      vertex -41.4227 -31.7818 -1.5
    endloop
  endfacet
  facet normal -0.661474 -0.749968 0
    outer loop
      vertex -41.1871 -31.9896 -1.5
      vertex -41.1871 -31.9896 1.5
      vertex -41.4227 -31.7818 1.5
    endloop
  endfacet
  facet normal -0.61286 -0.790191 0
    outer loop
      vertex -40.9389 -32.1821 -1.5
      vertex -41.1871 -31.9896 1.5
      vertex -41.1871 -31.9896 -1.5
    endloop
  endfacet
  facet normal -0.61286 -0.790191 0
    outer loop
      vertex -40.9389 -32.1821 -1.5
      vertex -40.9389 -32.1821 1.5
      vertex -41.1871 -31.9896 1.5
    endloop
  endfacet
  facet normal -0.561953 -0.827169 0
    outer loop
      vertex -40.6791 -32.3586 -1.5
      vertex -40.9389 -32.1821 1.5
      vertex -40.9389 -32.1821 -1.5
    endloop
  endfacet
  facet normal -0.561953 -0.827169 0
    outer loop
      vertex -40.6791 -32.3586 -1.5
      vertex -40.6791 -32.3586 1.5
      vertex -40.9389 -32.1821 1.5
    endloop
  endfacet
  facet normal -0.509148 -0.860679 0
    outer loop
      vertex -40.4088 -32.5185 -1.5
      vertex -40.6791 -32.3586 1.5
      vertex -40.6791 -32.3586 -1.5
    endloop
  endfacet
  facet normal -0.509148 -0.860679 0
    outer loop
      vertex -40.4088 -32.5185 -1.5
      vertex -40.4088 -32.5185 1.5
      vertex -40.6791 -32.3586 1.5
    endloop
  endfacet
  facet normal -0.45395 -0.891027 0
    outer loop
      vertex -40.1289 -32.6611 -1.5
      vertex -40.4088 -32.5185 1.5
      vertex -40.4088 -32.5185 -1.5
    endloop
  endfacet
  facet normal -0.45395 -0.891027 0
    outer loop
      vertex -40.1289 -32.6611 -1.5
      vertex -40.1289 -32.6611 1.5
      vertex -40.4088 -32.5185 1.5
    endloop
  endfacet
  facet normal -0.397259 -0.917707 0
    outer loop
      vertex -39.8406 -32.7859 -1.5
      vertex -40.1289 -32.6611 1.5
      vertex -40.1289 -32.6611 -1.5
    endloop
  endfacet
  facet normal -0.397259 -0.917707 0
    outer loop
      vertex -39.8406 -32.7859 -1.5
      vertex -39.8406 -32.7859 1.5
      vertex -40.1289 -32.6611 1.5
    endloop
  endfacet
  facet normal -0.338776 -0.940867 0
    outer loop
      vertex -39.5451 -32.8923 -1.5
      vertex -39.8406 -32.7859 1.5
      vertex -39.8406 -32.7859 -1.5
    endloop
  endfacet
  facet normal -0.338776 -0.940867 0
    outer loop
      vertex -39.5451 -32.8923 -1.5
      vertex -39.5451 -32.8923 1.5
      vertex -39.8406 -32.7859 1.5
    endloop
  endfacet
  facet normal -0.280807 -0.959764 0
    outer loop
      vertex -39.2621 -32.9751 -1.5
      vertex -39.5451 -32.8923 1.5
      vertex -39.5451 -32.8923 -1.5
    endloop
  endfacet
  facet normal -0.280807 -0.959764 0
    outer loop
      vertex -39.2621 -32.9751 -1.5
      vertex -39.2621 -32.9751 1.5
      vertex -39.5451 -32.8923 1.5
    endloop
  endfacet
  facet normal -0.252423 -0.967617 0
    outer loop
      vertex -20.6207 -37.8381 -1.5
      vertex -39.2621 -32.9751 1.5
      vertex -39.2621 -32.9751 -1.5
    endloop
  endfacet
  facet normal -0.252423 -0.967617 0
    outer loop
      vertex -20.6207 -37.8381 -1.5
      vertex -20.6207 -37.8381 1.5
      vertex -39.2621 -32.9751 1.5
    endloop
  endfacet
  facet normal -0.221883 -0.975073 0
    outer loop
      vertex -20.3144 -37.9078 -1.5
      vertex -20.6207 -37.8381 1.5
      vertex -20.6207 -37.8381 -1.5
    endloop
  endfacet
  facet normal -0.221883 -0.975073 0
    outer loop
      vertex -20.3144 -37.9078 -1.5
      vertex -20.3144 -37.9078 1.5
      vertex -20.6207 -37.8381 1.5
    endloop
  endfacet
  facet normal -0.160113 -0.987099 0
    outer loop
      vertex -20.0043 -37.9581 -1.5
      vertex -20.3144 -37.9078 1.5
      vertex -20.3144 -37.9078 -1.5
    endloop
  endfacet
  facet normal -0.160113 -0.987099 0
    outer loop
      vertex -20.0043 -37.9581 -1.5
      vertex -20.0043 -37.9581 1.5
      vertex -20.3144 -37.9078 1.5
    endloop
  endfacet
  facet normal -0.0980537 -0.995181 0
    outer loop
      vertex -19.6917 -37.9889 -1.5
      vertex -20.0043 -37.9581 1.5
      vertex -20.0043 -37.9581 -1.5
    endloop
  endfacet
  facet normal -0.0980537 -0.995181 0
    outer loop
      vertex -19.6917 -37.9889 -1.5
      vertex -19.6917 -37.9889 1.5
      vertex -20.0043 -37.9581 1.5
    endloop
  endfacet
  facet normal -0.0332949 -0.999446 0
    outer loop
      vertex -19.3585 -38 -1.5
      vertex -19.6917 -37.9889 1.5
      vertex -19.6917 -37.9889 -1.5
    endloop
  endfacet
  facet normal -0.0332949 -0.999446 0
    outer loop
      vertex -19.3585 -38 -1.5
      vertex -19.3585 -38 1.5
      vertex -19.6917 -37.9889 1.5
    endloop
  endfacet
  facet normal 0 -1 0
    outer loop
      vertex 19.3585 -38 -1.5
      vertex -19.3585 -38 1.5
      vertex -19.3585 -38 -1.5
    endloop
  endfacet
  facet normal 0 -1 0
    outer loop
      vertex 19.3585 -38 -1.5
      vertex 19.3585 -38 1.5
      vertex -19.3585 -38 1.5
    endloop
  endfacet
  facet normal 0.031513 -0.999503 0
    outer loop
      vertex 19.6725 -37.9901 -1.5
      vertex 19.3585 -38 1.5
      vertex 19.3585 -38 -1.5
    endloop
  endfacet
  facet normal 0.031513 -0.999503 0
    outer loop
      vertex 19.6725 -37.9901 -1.5
      vertex 19.6725 -37.9901 1.5
      vertex 19.3585 -38 1.5
    endloop
  endfacet
  facet normal 0.0941003 0.995563 -0
    outer loop
      vertex -43.2533 0.0788422 -1.5
      vertex -43.2533 0.0788422 1.5
      vertex -42.6279 0.0197296 -1.5
    endloop
  endfacet
  facet normal 0.0941003 0.995563 0
    outer loop
      vertex -42.6279 0.0197296 1.5
      vertex -42.6279 0.0197296 -1.5
      vertex -43.2533 0.0788422 1.5
    endloop
  endfacet
  facet normal 0.156441 0.987687 -0
    outer loop
      vertex -43.8738 0.177124 -1.5
      vertex -43.8738 0.177124 1.5
      vertex -43.2533 0.0788422 -1.5
    endloop
  endfacet
  facet normal 0.156441 0.987687 0
    outer loop
      vertex -43.2533 0.0788422 1.5
      vertex -43.2533 0.0788422 -1.5
      vertex -43.8738 0.177124 1.5
    endloop
  endfacet
  facet normal 0.218136 0.975918 -0
    outer loop
      vertex -44.4869 0.314163 -1.5
      vertex -44.4869 0.314163 1.5
      vertex -43.8738 0.177124 -1.5
    endloop
  endfacet
  facet normal 0.218136 0.975918 0
    outer loop
      vertex -43.8738 0.177124 1.5
      vertex -43.8738 0.177124 -1.5
      vertex -44.4869 0.314163 1.5
    endloop
  endfacet
  facet normal 0.278974 0.960299 -0
    outer loop
      vertex -45.0902 0.489426 -1.5
      vertex -45.0902 0.489426 1.5
      vertex -44.4869 0.314163 -1.5
    endloop
  endfacet
  facet normal 0.278974 0.960299 0
    outer loop
      vertex -44.4869 0.314163 1.5
      vertex -44.4869 0.314163 -1.5
      vertex -45.0902 0.489426 1.5
    endloop
  endfacet
  facet normal 0.338774 0.940868 -0
    outer loop
      vertex -45.6812 0.702225 -1.5
      vertex -45.6812 0.702225 1.5
      vertex -45.0902 0.489426 -1.5
    endloop
  endfacet
  facet normal 0.338774 0.940868 0
    outer loop
      vertex -45.0902 0.489426 1.5
      vertex -45.0902 0.489426 -1.5
      vertex -45.6812 0.702225 1.5
    endloop
  endfacet
  facet normal 0.39712 0.917767 -0
    outer loop
      vertex -46.2578 0.951721 -1.5
      vertex -46.2578 0.951721 1.5
      vertex -45.6812 0.702225 -1.5
    endloop
  endfacet
  facet normal 0.39712 0.917767 0
    outer loop
      vertex -45.6812 0.702225 1.5
      vertex -45.6812 0.702225 -1.5
      vertex -46.2578 0.951721 1.5
    endloop
  endfacet
  facet normal 0.454013 0.890995 -0
    outer loop
      vertex -46.8175 1.23692 -1.5
      vertex -46.8175 1.23692 1.5
      vertex -46.2578 0.951721 -1.5
    endloop
  endfacet
  facet normal 0.454013 0.890995 0
    outer loop
      vertex -46.2578 0.951721 1.5
      vertex -46.2578 0.951721 -1.5
      vertex -46.8175 1.23692 1.5
    endloop
  endfacet
  facet normal 0.509008 0.860762 -0
    outer loop
      vertex -47.3583 1.55672 -1.5
      vertex -47.3583 1.55672 1.5
      vertex -46.8175 1.23692 -1.5
    endloop
  endfacet
  facet normal 0.509008 0.860762 0
    outer loop
      vertex -46.8175 1.23692 1.5
      vertex -46.8175 1.23692 -1.5
      vertex -47.3583 1.55672 1.5
    endloop
  endfacet
  facet normal 0.562136 0.827045 -0
    outer loop
      vertex -47.8778 1.90982 -1.5
      vertex -47.8778 1.90982 1.5
      vertex -47.3583 1.55672 -1.5
    endloop
  endfacet
  facet normal 0.562136 0.827045 0
    outer loop
      vertex -47.3583 1.55672 1.5
      vertex -47.3583 1.55672 -1.5
      vertex -47.8778 1.90982 1.5
    endloop
  endfacet
  facet normal 0.6129 0.790161 -0
    outer loop
      vertex -48.3742 2.29486 -1.5
      vertex -48.3742 2.29486 1.5
      vertex -47.8778 1.90982 -1.5
    endloop
  endfacet
  facet normal 0.6129 0.790161 0
    outer loop
      vertex -47.8778 1.90982 1.5
      vertex -47.8778 1.90982 -1.5
      vertex -48.3742 2.29486 1.5
    endloop
  endfacet
  facet normal 0.661261 0.750156 -0
    outer loop
      vertex -48.8455 2.71031 -1.5
      vertex -48.8455 2.71031 1.5
      vertex -48.3742 2.29486 -1.5
    endloop
  endfacet
  facet normal 0.661261 0.750156 0
    outer loop
      vertex -48.3742 2.29486 1.5
      vertex -48.3742 2.29486 -1.5
      vertex -48.8455 2.71031 1.5
    endloop
  endfacet
  facet normal 0.707123 0.707091 -0
    outer loop
      vertex -49.2897 3.15453 -1.5
      vertex -49.2897 3.15453 1.5
      vertex -48.8455 2.71031 -1.5
    endloop
  endfacet
  facet normal 0.707123 0.707091 0
    outer loop
      vertex -48.8455 2.71031 1.5
      vertex -48.8455 2.71031 -1.5
      vertex -49.2897 3.15453 1.5
    endloop
  endfacet
  facet normal 0.75014 0.661279 -0
    outer loop
      vertex -49.7051 3.62575 -1.5
      vertex -49.7051 3.62575 1.5
      vertex -49.2897 3.15453 -1.5
    endloop
  endfacet
  facet normal 0.75014 0.661279 0
    outer loop
      vertex -49.2897 3.15453 1.5
      vertex -49.2897 3.15453 -1.5
      vertex -49.7051 3.62575 1.5
    endloop
  endfacet
  facet normal 0.790114 0.612959 -0
    outer loop
      vertex -50.0902 4.12215 -1.5
      vertex -50.0902 4.12215 1.5
      vertex -49.7051 3.62575 -1.5
    endloop
  endfacet
  facet normal 0.790114 0.612959 0
    outer loop
      vertex -49.7051 3.62575 1.5
      vertex -49.7051 3.62575 -1.5
      vertex -50.0902 4.12215 1.5
    endloop
  endfacet
  facet normal 0.82708 0.562084 -0
    outer loop
      vertex -50.4433 4.64172 -1.5
      vertex -50.4433 4.64172 1.5
      vertex -50.0902 4.12215 -1.5
    endloop
  endfacet
  facet normal 0.82708 0.562084 0
    outer loop
      vertex -50.0902 4.12215 1.5
      vertex -50.0902 4.12215 -1.5
      vertex -50.4433 4.64172 1.5
    endloop
  endfacet
  facet normal 0.860733 0.509057 -0
    outer loop
      vertex -50.7631 5.18245 -1.5
      vertex -50.7631 5.18245 1.5
      vertex -50.4433 4.64172 -1.5
    endloop
  endfacet
  facet normal 0.860733 0.509057 0
    outer loop
      vertex -50.4433 4.64172 1.5
      vertex -50.4433 4.64172 -1.5
      vertex -50.7631 5.18245 1.5
    endloop
  endfacet
  facet normal 0.891011 0.453982 -0
    outer loop
      vertex -51.0483 5.7422 -1.5
      vertex -51.0483 5.7422 1.5
      vertex -50.7631 5.18245 -1.5
    endloop
  endfacet
  facet normal 0.891011 0.453982 0
    outer loop
      vertex -50.7631 5.18245 1.5
      vertex -50.7631 5.18245 -1.5
      vertex -51.0483 5.7422 1.5
    endloop
  endfacet
  facet normal 0.917749 0.39716 -0
    outer loop
      vertex -51.2978 6.31874 -1.5
      vertex -51.2978 6.31874 1.5
      vertex -51.0483 5.7422 -1.5
    endloop
  endfacet
  facet normal 0.917749 0.39716 0
    outer loop
      vertex -51.0483 5.7422 1.5
      vertex -51.0483 5.7422 -1.5
      vertex -51.2978 6.31874 1.5
    endloop
  endfacet
  facet normal 0.940882 0.338735 -0
    outer loop
      vertex -51.5106 6.90982 -1.5
      vertex -51.5106 6.90982 1.5
      vertex -51.2978 6.31874 -1.5
    endloop
  endfacet
  facet normal 0.940882 0.338735 0
    outer loop
      vertex -51.2978 6.31874 1.5
      vertex -51.2978 6.31874 -1.5
      vertex -51.5106 6.90982 1.5
    endloop
  endfacet
  facet normal 0.960322 0.278894 -0
    outer loop
      vertex -51.6858 7.51309 -1.5
      vertex -51.6858 7.51309 1.5
      vertex -51.5106 6.90982 -1.5
    endloop
  endfacet
  facet normal 0.960322 0.278894 0
    outer loop
      vertex -51.5106 6.90982 1.5
      vertex -51.5106 6.90982 -1.5
      vertex -51.6858 7.51309 1.5
    endloop
  endfacet
  facet normal 0.975896 0.218235 -0
    outer loop
      vertex -51.8229 8.12617 -1.5
      vertex -51.8229 8.12617 1.5
      vertex -51.6858 7.51309 -1.5
    endloop
  endfacet
  facet normal 0.975896 0.218235 0
    outer loop
      vertex -51.6858 7.51309 1.5
      vertex -51.6858 7.51309 -1.5
      vertex -51.8229 8.12617 1.5
    endloop
  endfacet
  facet normal 0.987707 0.156317 -0
    outer loop
      vertex -51.9211 8.74666 -1.5
      vertex -51.9211 8.74666 1.5
      vertex -51.8229 8.12617 -1.5
    endloop
  endfacet
  facet normal 0.987707 0.156317 0
    outer loop
      vertex -51.8229 8.12617 1.5
      vertex -51.8229 8.12617 -1.5
      vertex -51.9211 8.74666 1.5
    endloop
  endfacet
  facet normal 0.99555 0.0942337 -0
    outer loop
      vertex -51.9803 9.37209 -1.5
      vertex -51.9803 9.37209 1.5
      vertex -51.9211 8.74666 -1.5
    endloop
  endfacet
  facet normal 0.99555 0.0942337 0
    outer loop
      vertex -51.9211 8.74666 1.5
      vertex -51.9211 8.74666 -1.5
      vertex -51.9803 9.37209 1.5
    endloop
  endfacet
  facet normal 0.999508 0.0313585 -0
    outer loop
      vertex -52 10 -1.5
      vertex -52 10 1.5
      vertex -51.9803 9.37209 -1.5
    endloop
  endfacet
  facet normal 0.999508 0.0313585 0
    outer loop
      vertex -51.9803 9.37209 1.5
      vertex -51.9803 9.37209 -1.5
      vertex -52 10 1.5
    endloop
  endfacet
  facet normal 0.999508 -0.031359 0
    outer loop
      vertex -51.9803 10.6279 -1.5
      vertex -51.9803 10.6279 1.5
      vertex -52 10 -1.5
    endloop
  endfacet
  facet normal 0.999508 -0.031359 0
    outer loop
      vertex -52 10 1.5
      vertex -52 10 -1.5
      vertex -51.9803 10.6279 1.5
    endloop
  endfacet
  facet normal 0.99555 -0.0942382 0
    outer loop
      vertex -51.9211 11.2533 -1.5
      vertex -51.9211 11.2533 1.5
      vertex -51.9803 10.6279 -1.5
    endloop
  endfacet
  facet normal 0.99555 -0.0942382 0
    outer loop
      vertex -51.9803 10.6279 1.5
      vertex -51.9803 10.6279 -1.5
      vertex -51.9211 11.2533 1.5
    endloop
  endfacet
  facet normal 0.987707 -0.156314 0
    outer loop
      vertex -51.8229 11.8738 -1.5
      vertex -51.8229 11.8738 1.5
      vertex -51.9211 11.2533 -1.5
    endloop
  endfacet
  facet normal 0.987707 -0.156314 0
    outer loop
      vertex -51.9211 11.2533 1.5
      vertex -51.9211 11.2533 -1.5
      vertex -51.8229 11.8738 1.5
    endloop
  endfacet
  facet normal 0.975898 -0.218228 0
    outer loop
      vertex -51.6858 12.4869 -1.5
      vertex -51.6858 12.4869 1.5
      vertex -51.8229 11.8738 -1.5
    endloop
  endfacet
  facet normal 0.975898 -0.218228 0
    outer loop
      vertex -51.8229 11.8738 1.5
      vertex -51.8229 11.8738 -1.5
      vertex -51.6858 12.4869 1.5
    endloop
  endfacet
  facet normal 0.960326 -0.278881 0
    outer loop
      vertex -51.5106 13.0902 -1.5
      vertex -51.5106 13.0902 1.5
      vertex -51.6858 12.4869 -1.5
    endloop
  endfacet
  facet normal 0.960326 -0.278881 0
    outer loop
      vertex -51.6858 12.4869 1.5
      vertex -51.6858 12.4869 -1.5
      vertex -51.5106 13.0902 1.5
    endloop
  endfacet
  facet normal 0.940867 -0.338776 0
    outer loop
      vertex -51.2978 13.6812 -1.5
      vertex -51.2978 13.6812 1.5
      vertex -51.5106 13.0902 -1.5
    endloop
  endfacet
  facet normal 0.940867 -0.338776 0
    outer loop
      vertex -51.5106 13.0902 1.5
      vertex -51.5106 13.0902 -1.5
      vertex -51.2978 13.6812 1.5
    endloop
  endfacet
  facet normal 0.917765 -0.397125 0
    outer loop
      vertex -51.0483 14.2578 -1.5
      vertex -51.0483 14.2578 1.5
      vertex -51.2978 13.6812 -1.5
    endloop
  endfacet
  facet normal 0.917765 -0.397125 0
    outer loop
      vertex -51.2978 13.6812 1.5
      vertex -51.2978 13.6812 -1.5
      vertex -51.0483 14.2578 1.5
    endloop
  endfacet
  facet normal 0.890995 -0.454014 0
    outer loop
      vertex -50.7631 14.8175 -1.5
      vertex -50.7631 14.8175 1.5
      vertex -51.0483 14.2578 -1.5
    endloop
  endfacet
  facet normal 0.890995 -0.454014 0
    outer loop
      vertex -51.0483 14.2578 1.5
      vertex -51.0483 14.2578 -1.5
      vertex -50.7631 14.8175 1.5
    endloop
  endfacet
  facet normal 0.860762 -0.509008 0
    outer loop
      vertex -50.4433 15.3583 -1.5
      vertex -50.4433 15.3583 1.5
      vertex -50.7631 14.8175 -1.5
    endloop
  endfacet
  facet normal 0.860762 -0.509008 0
    outer loop
      vertex -50.7631 14.8175 1.5
      vertex -50.7631 14.8175 -1.5
      vertex -50.4433 15.3583 1.5
    endloop
  endfacet
  facet normal 0.827045 -0.562136 0
    outer loop
      vertex -50.0902 15.8778 -1.5
      vertex -50.0902 15.8778 1.5
      vertex -50.4433 15.3583 -1.5
    endloop
  endfacet
  facet normal 0.827045 -0.562136 0
    outer loop
      vertex -50.4433 15.3583 1.5
      vertex -50.4433 15.3583 -1.5
      vertex -50.0902 15.8778 1.5
    endloop
  endfacet
  facet normal 0.790114 -0.612959 0
    outer loop
      vertex -49.7051 16.3742 -1.5
      vertex -49.7051 16.3742 1.5
      vertex -50.0902 15.8778 -1.5
    endloop
  endfacet
  facet normal 0.790114 -0.612959 0
    outer loop
      vertex -50.0902 15.8778 1.5
      vertex -50.0902 15.8778 -1.5
      vertex -49.7051 16.3742 1.5
    endloop
  endfacet
  facet normal 0.750195 -0.661216 0
    outer loop
      vertex -49.2897 16.8455 -1.5
      vertex -49.2897 16.8455 1.5
      vertex -49.7051 16.3742 -1.5
    endloop
  endfacet
  facet normal 0.750195 -0.661216 0
    outer loop
      vertex -49.7051 16.3742 1.5
      vertex -49.7051 16.3742 -1.5
      vertex -49.2897 16.8455 1.5
    endloop
  endfacet
  facet normal 0.707107 -0.707107 0
    outer loop
      vertex -48.8455 17.2897 -1.5
      vertex -48.8455 17.2897 1.5
      vertex -49.2897 16.8455 -1.5
    endloop
  endfacet
  facet normal 0.707107 -0.707107 0
    outer loop
      vertex -49.2897 16.8455 1.5
      vertex -49.2897 16.8455 -1.5
      vertex -48.8455 17.2897 1.5
    endloop
  endfacet
  facet normal 0.661216 -0.750195 0
    outer loop
      vertex -48.3742 17.7051 -1.5
      vertex -48.3742 17.7051 1.5
      vertex -48.8455 17.2897 -1.5
    endloop
  endfacet
  facet normal 0.661216 -0.750195 0
    outer loop
      vertex -48.8455 17.2897 1.5
      vertex -48.8455 17.2897 -1.5
      vertex -48.3742 17.7051 1.5
    endloop
  endfacet
  facet normal 0.612959 -0.790114 0
    outer loop
      vertex -47.8778 18.0902 -1.5
      vertex -47.8778 18.0902 1.5
      vertex -48.3742 17.7051 -1.5
    endloop
  endfacet
  facet normal 0.612959 -0.790114 0
    outer loop
      vertex -48.3742 17.7051 1.5
      vertex -48.3742 17.7051 -1.5
      vertex -47.8778 18.0902 1.5
    endloop
  endfacet
  facet normal 0.562136 -0.827045 0
    outer loop
      vertex -47.3583 18.4433 -1.5
      vertex -47.3583 18.4433 1.5
      vertex -47.8778 18.0902 -1.5
    endloop
  endfacet
  facet normal 0.562136 -0.827045 0
    outer loop
      vertex -47.8778 18.0902 1.5
      vertex -47.8778 18.0902 -1.5
      vertex -47.3583 18.4433 1.5
    endloop
  endfacet
  facet normal 0.509008 -0.860762 0
    outer loop
      vertex -46.8175 18.7631 -1.5
      vertex -46.8175 18.7631 1.5
      vertex -47.3583 18.4433 -1.5
    endloop
  endfacet
  facet normal 0.509008 -0.860762 0
    outer loop
      vertex -47.3583 18.4433 1.5
      vertex -47.3583 18.4433 -1.5
      vertex -46.8175 18.7631 1.5
    endloop
  endfacet
  facet normal 0.454014 -0.890995 0
    outer loop
      vertex -46.2578 19.0483 -1.5
      vertex -46.2578 19.0483 1.5
      vertex -46.8175 18.7631 -1.5
    endloop
  endfacet
  facet normal 0.454014 -0.890995 0
    outer loop
      vertex -46.8175 18.7631 1.5
      vertex -46.8175 18.7631 -1.5
      vertex -46.2578 19.0483 1.5
    endloop
  endfacet
  facet normal 0.397125 -0.917765 0
    outer loop
      vertex -45.6812 19.2978 -1.5
      vertex -45.6812 19.2978 1.5
      vertex -46.2578 19.0483 -1.5
    endloop
  endfacet
  facet normal 0.397125 -0.917765 0
    outer loop
      vertex -46.2578 19.0483 1.5
      vertex -46.2578 19.0483 -1.5
      vertex -45.6812 19.2978 1.5
    endloop
  endfacet
  facet normal 0.338776 -0.940867 0
    outer loop
      vertex -45.0902 19.5106 -1.5
      vertex -45.0902 19.5106 1.5
      vertex -45.6812 19.2978 -1.5
    endloop
  endfacet
  facet normal 0.338776 -0.940867 0
    outer loop
      vertex -45.6812 19.2978 1.5
      vertex -45.6812 19.2978 -1.5
      vertex -45.0902 19.5106 1.5
    endloop
  endfacet
  facet normal 0.278881 -0.960326 0
    outer loop
      vertex -44.4869 19.6858 -1.5
      vertex -44.4869 19.6858 1.5
      vertex -45.0902 19.5106 -1.5
    endloop
  endfacet
  facet normal 0.278881 -0.960326 0
    outer loop
      vertex -45.0902 19.5106 1.5
      vertex -45.0902 19.5106 -1.5
      vertex -44.4869 19.6858 1.5
    endloop
  endfacet
  facet normal 0.218228 -0.975898 0
    outer loop
      vertex -43.8738 19.8229 -1.5
      vertex -43.8738 19.8229 1.5
      vertex -44.4869 19.6858 -1.5
    endloop
  endfacet
  facet normal 0.218228 -0.975898 0
    outer loop
      vertex -44.4869 19.6858 1.5
      vertex -44.4869 19.6858 -1.5
      vertex -43.8738 19.8229 1.5
    endloop
  endfacet
  facet normal 0.156314 -0.987707 0
    outer loop
      vertex -43.2533 19.9211 -1.5
      vertex -43.2533 19.9211 1.5
      vertex -43.8738 19.8229 -1.5
    endloop
  endfacet
  facet normal 0.156314 -0.987707 0
    outer loop
      vertex -43.8738 19.8229 1.5
      vertex -43.8738 19.8229 -1.5
      vertex -43.2533 19.9211 1.5
    endloop
  endfacet
  facet normal 0.0942382 -0.99555 0
    outer loop
      vertex -42.6279 19.9803 -1.5
      vertex -42.6279 19.9803 1.5
      vertex -43.2533 19.9211 -1.5
    endloop
  endfacet
  facet normal 0.0942382 -0.99555 0
    outer loop
      vertex -43.2533 19.9211 1.5
      vertex -43.2533 19.9211 -1.5
      vertex -42.6279 19.9803 1.5
    endloop
  endfacet
  facet normal 0.031359 -0.999508 0
    outer loop
      vertex -42 20 -1.5
      vertex -42 20 1.5
      vertex -42.6279 19.9803 -1.5
    endloop
  endfacet
  facet normal 0.031359 -0.999508 0
    outer loop
      vertex -42.6279 19.9803 1.5
      vertex -42.6279 19.9803 -1.5
      vertex -42 20 1.5
    endloop
  endfacet
  facet normal -0.031359 -0.999508 0
    outer loop
      vertex -41.3721 19.9803 -1.5
      vertex -41.3721 19.9803 1.5
      vertex -42 20 -1.5
    endloop
  endfacet
  facet normal -0.031359 -0.999508 -0
    outer loop
      vertex -42 20 1.5
      vertex -42 20 -1.5
      vertex -41.3721 19.9803 1.5
    endloop
  endfacet
  facet normal -0.0942382 -0.99555 0
    outer loop
      vertex -40.7467 19.9211 -1.5
      vertex -40.7467 19.9211 1.5
      vertex -41.3721 19.9803 -1.5
    endloop
  endfacet
  facet normal -0.0942382 -0.99555 -0
    outer loop
      vertex -41.3721 19.9803 1.5
      vertex -41.3721 19.9803 -1.5
      vertex -40.7467 19.9211 1.5
    endloop
  endfacet
  facet normal -0.156314 -0.987707 0
    outer loop
      vertex -40.1262 19.8229 -1.5
      vertex -40.1262 19.8229 1.5
      vertex -40.7467 19.9211 -1.5
    endloop
  endfacet
  facet normal -0.156314 -0.987707 -0
    outer loop
      vertex -40.7467 19.9211 1.5
      vertex -40.7467 19.9211 -1.5
      vertex -40.1262 19.8229 1.5
    endloop
  endfacet
  facet normal -0.218228 -0.975898 0
    outer loop
      vertex -39.5131 19.6858 -1.5
      vertex -39.5131 19.6858 1.5
      vertex -40.1262 19.8229 -1.5
    endloop
  endfacet
  facet normal -0.218228 -0.975898 -0
    outer loop
      vertex -40.1262 19.8229 1.5
      vertex -40.1262 19.8229 -1.5
      vertex -39.5131 19.6858 1.5
    endloop
  endfacet
  facet normal -0.278881 -0.960326 0
    outer loop
      vertex -38.9098 19.5106 -1.5
      vertex -38.9098 19.5106 1.5
      vertex -39.5131 19.6858 -1.5
    endloop
  endfacet
  facet normal -0.278881 -0.960326 -0
    outer loop
      vertex -39.5131 19.6858 1.5
      vertex -39.5131 19.6858 -1.5
      vertex -38.9098 19.5106 1.5
    endloop
  endfacet
  facet normal -0.338725 -0.940885 0
    outer loop
      vertex -38.3187 19.2978 -1.5
      vertex -38.3187 19.2978 1.5
      vertex -38.9098 19.5106 -1.5
    endloop
  endfacet
  facet normal -0.338725 -0.940885 -0
    outer loop
      vertex -38.9098 19.5106 1.5
      vertex -38.9098 19.5106 -1.5
      vertex -38.3187 19.2978 1.5
    endloop
  endfacet
  facet normal -0.397183 -0.917739 0
    outer loop
      vertex -37.7422 19.0483 -1.5
      vertex -37.7422 19.0483 1.5
      vertex -38.3187 19.2978 -1.5
    endloop
  endfacet
  facet normal -0.397183 -0.917739 -0
    outer loop
      vertex -38.3187 19.2978 1.5
      vertex -38.3187 19.2978 -1.5
      vertex -37.7422 19.0483 1.5
    endloop
  endfacet
  facet normal -0.45395 -0.891027 0
    outer loop
      vertex -37.1824 18.7631 -1.5
      vertex -37.1824 18.7631 1.5
      vertex -37.7422 19.0483 -1.5
    endloop
  endfacet
  facet normal -0.45395 -0.891027 -0
    outer loop
      vertex -37.7422 19.0483 1.5
      vertex -37.7422 19.0483 -1.5
      vertex -37.1824 18.7631 1.5
    endloop
  endfacet
  facet normal -0.509078 -0.86072 0
    outer loop
      vertex -36.6417 18.4433 -1.5
      vertex -36.6417 18.4433 1.5
      vertex -37.1824 18.7631 -1.5
    endloop
  endfacet
  facet normal -0.509078 -0.86072 -0
    outer loop
      vertex -37.1824 18.7631 1.5
      vertex -37.1824 18.7631 -1.5
      vertex -36.6417 18.4433 1.5
    endloop
  endfacet
  facet normal -0.562062 -0.827095 0
    outer loop
      vertex -36.1221 18.0902 -1.5
      vertex -36.1221 18.0902 1.5
      vertex -36.6417 18.4433 -1.5
    endloop
  endfacet
  facet normal -0.562062 -0.827095 -0
    outer loop
      vertex -36.6417 18.4433 1.5
      vertex -36.6417 18.4433 -1.5
      vertex -36.1221 18.0902 1.5
    endloop
  endfacet
  facet normal -0.612959 -0.790114 0
    outer loop
      vertex -35.6257 17.7051 -1.5
      vertex -35.6257 17.7051 1.5
      vertex -36.1221 18.0902 -1.5
    endloop
  endfacet
  facet normal -0.612959 -0.790114 -0
    outer loop
      vertex -36.1221 18.0902 1.5
      vertex -36.1221 18.0902 -1.5
      vertex -35.6257 17.7051 1.5
    endloop
  endfacet
  facet normal -0.661295 -0.750126 0
    outer loop
      vertex -35.1545 17.2897 -1.5
      vertex -35.1545 17.2897 1.5
      vertex -35.6257 17.7051 -1.5
    endloop
  endfacet
  facet normal -0.661295 -0.750126 -0
    outer loop
      vertex -35.6257 17.7051 1.5
      vertex -35.6257 17.7051 -1.5
      vertex -35.1545 17.2897 1.5
    endloop
  endfacet
  facet normal -0.707107 -0.707107 0
    outer loop
      vertex -34.7103 16.8455 -1.5
      vertex -34.7103 16.8455 1.5
      vertex -35.1545 17.2897 -1.5
    endloop
  endfacet
  facet normal -0.707107 -0.707107 -0
    outer loop
      vertex -35.1545 17.2897 1.5
      vertex -35.1545 17.2897 -1.5
      vertex -34.7103 16.8455 1.5
    endloop
  endfacet
  facet normal -0.750195 -0.661216 0
    outer loop
      vertex -34.2949 16.3742 -1.5
      vertex -34.2949 16.3742 1.5
      vertex -34.7103 16.8455 -1.5
    endloop
  endfacet
  facet normal -0.750195 -0.661216 -0
    outer loop
      vertex -34.7103 16.8455 1.5
      vertex -34.7103 16.8455 -1.5
      vertex -34.2949 16.3742 1.5
    endloop
  endfacet
  facet normal -0.790114 -0.612959 0
    outer loop
      vertex -33.9098 15.8778 -1.5
      vertex -33.9098 15.8778 1.5
      vertex -34.2949 16.3742 -1.5
    endloop
  endfacet
  facet normal -0.790114 -0.612959 -0
    outer loop
      vertex -34.2949 16.3742 1.5
      vertex -34.2949 16.3742 -1.5
      vertex -33.9098 15.8778 1.5
    endloop
  endfacet
  facet normal -0.827045 -0.562136 0
    outer loop
      vertex -33.5567 15.3583 -1.5
      vertex -33.5567 15.3583 1.5
      vertex -33.9098 15.8778 -1.5
    endloop
  endfacet
  facet normal -0.827045 -0.562136 -0
    outer loop
      vertex -33.9098 15.8778 1.5
      vertex -33.9098 15.8778 -1.5
      vertex -33.5567 15.3583 1.5
    endloop
  endfacet
  facet normal -0.860762 -0.509008 0
    outer loop
      vertex -33.2369 14.8175 -1.5
      vertex -33.2369 14.8175 1.5
      vertex -33.5567 15.3583 -1.5
    endloop
  endfacet
  facet normal -0.860762 -0.509008 -0
    outer loop
      vertex -33.5567 15.3583 1.5
      vertex -33.5567 15.3583 -1.5
      vertex -33.2369 14.8175 1.5
    endloop
  endfacet
  facet normal -0.890995 -0.454014 0
    outer loop
      vertex -32.9517 14.2578 -1.5
      vertex -32.9517 14.2578 1.5
      vertex -33.2369 14.8175 -1.5
    endloop
  endfacet
  facet normal -0.890995 -0.454014 -0
    outer loop
      vertex -33.2369 14.8175 1.5
      vertex -33.2369 14.8175 -1.5
      vertex -32.9517 14.2578 1.5
    endloop
  endfacet
  facet normal -0.917765 -0.397125 0
    outer loop
      vertex -32.7022 13.6812 -1.5
      vertex -32.7022 13.6812 1.5
      vertex -32.9517 14.2578 -1.5
    endloop
  endfacet
  facet normal -0.917765 -0.397125 -0
    outer loop
      vertex -32.9517 14.2578 1.5
      vertex -32.9517 14.2578 -1.5
      vertex -32.7022 13.6812 1.5
    endloop
  endfacet
  facet normal -0.940867 -0.338776 0
    outer loop
      vertex -32.4894 13.0902 -1.5
      vertex -32.4894 13.0902 1.5
      vertex -32.7022 13.6812 -1.5
    endloop
  endfacet
  facet normal -0.940867 -0.338776 -0
    outer loop
      vertex -32.7022 13.6812 1.5
      vertex -32.7022 13.6812 -1.5
      vertex -32.4894 13.0902 1.5
    endloop
  endfacet
  facet normal -0.960326 -0.278881 0
    outer loop
      vertex -32.3142 12.4869 -1.5
      vertex -32.3142 12.4869 1.5
      vertex -32.4894 13.0902 -1.5
    endloop
  endfacet
  facet normal -0.960326 -0.278881 -0
    outer loop
      vertex -32.4894 13.0902 1.5
      vertex -32.4894 13.0902 -1.5
      vertex -32.3142 12.4869 1.5
    endloop
  endfacet
  facet normal -0.975898 -0.218228 0
    outer loop
      vertex -32.1771 11.8738 -1.5
      vertex -32.1771 11.8738 1.5
      vertex -32.3142 12.4869 -1.5
    endloop
  endfacet
  facet normal -0.975898 -0.218228 -0
    outer loop
      vertex -32.3142 12.4869 1.5
      vertex -32.3142 12.4869 -1.5
      vertex -32.1771 11.8738 1.5
    endloop
  endfacet
  facet normal -0.987683 -0.156469 0
    outer loop
      vertex -32.0788 11.2533 -1.5
      vertex -32.0788 11.2533 1.5
      vertex -32.1771 11.8738 -1.5
    endloop
  endfacet
  facet normal -0.987683 -0.156469 -0
    outer loop
      vertex -32.1771 11.8738 1.5
      vertex -32.1771 11.8738 -1.5
      vertex -32.0788 11.2533 1.5
    endloop
  endfacet
  facet normal -0.995565 -0.0940804 0
    outer loop
      vertex -32.0197 10.6279 -1.5
      vertex -32.0197 10.6279 1.5
      vertex -32.0788 11.2533 -1.5
    endloop
  endfacet
  facet normal -0.995565 -0.0940804 -0
    outer loop
      vertex -32.0788 11.2533 1.5
      vertex -32.0788 11.2533 -1.5
      vertex -32.0197 10.6279 1.5
    endloop
  endfacet
  facet normal -0.999508 -0.031359 0
    outer loop
      vertex -32 10 -1.5
      vertex -32 10 1.5
      vertex -32.0197 10.6279 -1.5
    endloop
  endfacet
  facet normal -0.999508 -0.031359 -0
    outer loop
      vertex -32.0197 10.6279 1.5
      vertex -32.0197 10.6279 -1.5
      vertex -32 10 1.5
    endloop
  endfacet
  facet normal -0.999508 0.0313585 0
    outer loop
      vertex -32.0197 9.37209 -1.5
      vertex -32.0197 9.37209 1.5
      vertex -32 10 -1.5
    endloop
  endfacet
  facet normal -0.999508 0.0313585 0
    outer loop
      vertex -32 10 1.5
      vertex -32 10 -1.5
      vertex -32.0197 9.37209 1.5
    endloop
  endfacet
  facet normal -0.995565 0.0940759 0
    outer loop
      vertex -32.0788 8.74666 -1.5
      vertex -32.0788 8.74666 1.5
      vertex -32.0197 9.37209 -1.5
    endloop
  endfacet
  facet normal -0.995565 0.0940759 0
    outer loop
      vertex -32.0197 9.37209 1.5
      vertex -32.0197 9.37209 -1.5
      vertex -32.0788 8.74666 1.5
    endloop
  endfacet
  facet normal -0.987682 0.156472 0
    outer loop
      vertex -32.1771 8.12617 -1.5
      vertex -32.1771 8.12617 1.5
      vertex -32.0788 8.74666 -1.5
    endloop
  endfacet
  facet normal -0.987682 0.156472 0
    outer loop
      vertex -32.0788 8.74666 1.5
      vertex -32.0788 8.74666 -1.5
      vertex -32.1771 8.12617 1.5
    endloop
  endfacet
  facet normal -0.975896 0.218235 0
    outer loop
      vertex -32.3142 7.51309 -1.5
      vertex -32.3142 7.51309 1.5
      vertex -32.1771 8.12617 -1.5
    endloop
  endfacet
  facet normal -0.975896 0.218235 0
    outer loop
      vertex -32.1771 8.12617 1.5
      vertex -32.1771 8.12617 -1.5
      vertex -32.3142 7.51309 1.5
    endloop
  endfacet
  facet normal -0.960322 0.278894 0
    outer loop
      vertex -32.4894 6.90982 -1.5
      vertex -32.4894 6.90982 1.5
      vertex -32.3142 7.51309 -1.5
    endloop
  endfacet
  facet normal -0.960322 0.278894 0
    outer loop
      vertex -32.3142 7.51309 1.5
      vertex -32.3142 7.51309 -1.5
      vertex -32.4894 6.90982 1.5
    endloop
  endfacet
  facet normal -0.940882 0.338735 0
    outer loop
      vertex -32.7022 6.31874 -1.5
      vertex -32.7022 6.31874 1.5
      vertex -32.4894 6.90982 -1.5
    endloop
  endfacet
  facet normal -0.940882 0.338735 0
    outer loop
      vertex -32.4894 6.90982 1.5
      vertex -32.4894 6.90982 -1.5
      vertex -32.7022 6.31874 1.5
    endloop
  endfacet
  facet normal -0.917749 0.39716 0
    outer loop
      vertex -32.9517 5.7422 -1.5
      vertex -32.9517 5.7422 1.5
      vertex -32.7022 6.31874 -1.5
    endloop
  endfacet
  facet normal -0.917749 0.39716 0
    outer loop
      vertex -32.7022 6.31874 1.5
      vertex -32.7022 6.31874 -1.5
      vertex -32.9517 5.7422 1.5
    endloop
  endfacet
  facet normal -0.891011 0.453982 0
    outer loop
      vertex -33.2369 5.18245 -1.5
      vertex -33.2369 5.18245 1.5
      vertex -32.9517 5.7422 -1.5
    endloop
  endfacet
  facet normal -0.891011 0.453982 0
    outer loop
      vertex -32.9517 5.7422 1.5
      vertex -32.9517 5.7422 -1.5
      vertex -33.2369 5.18245 1.5
    endloop
  endfacet
  facet normal -0.860733 0.509057 0
    outer loop
      vertex -33.5567 4.64172 -1.5
      vertex -33.5567 4.64172 1.5
      vertex -33.2369 5.18245 -1.5
    endloop
  endfacet
  facet normal -0.860733 0.509057 0
    outer loop
      vertex -33.2369 5.18245 1.5
      vertex -33.2369 5.18245 -1.5
      vertex -33.5567 4.64172 1.5
    endloop
  endfacet
  facet normal -0.82708 0.562084 0
    outer loop
      vertex -33.9098 4.12215 -1.5
      vertex -33.9098 4.12215 1.5
      vertex -33.5567 4.64172 -1.5
    endloop
  endfacet
  facet normal -0.82708 0.562084 0
    outer loop
      vertex -33.5567 4.64172 1.5
      vertex -33.5567 4.64172 -1.5
      vertex -33.9098 4.12215 1.5
    endloop
  endfacet
  facet normal -0.790114 0.612959 0
    outer loop
      vertex -34.2949 3.62575 -1.5
      vertex -34.2949 3.62575 1.5
      vertex -33.9098 4.12215 -1.5
    endloop
  endfacet
  facet normal -0.790114 0.612959 0
    outer loop
      vertex -33.9098 4.12215 1.5
      vertex -33.9098 4.12215 -1.5
      vertex -34.2949 3.62575 1.5
    endloop
  endfacet
  facet normal -0.75014 0.661279 0
    outer loop
      vertex -34.7103 3.15453 -1.5
      vertex -34.7103 3.15453 1.5
      vertex -34.2949 3.62575 -1.5
    endloop
  endfacet
  facet normal -0.75014 0.661279 0
    outer loop
      vertex -34.2949 3.62575 1.5
      vertex -34.2949 3.62575 -1.5
      vertex -34.7103 3.15453 1.5
    endloop
  endfacet
  facet normal -0.707123 0.707091 0
    outer loop
      vertex -35.1545 2.71031 -1.5
      vertex -35.1545 2.71031 1.5
      vertex -34.7103 3.15453 -1.5
    endloop
  endfacet
  facet normal -0.707123 0.707091 0
    outer loop
      vertex -34.7103 3.15453 1.5
      vertex -34.7103 3.15453 -1.5
      vertex -35.1545 2.71031 1.5
    endloop
  endfacet
  facet normal -0.66134 0.750086 0
    outer loop
      vertex -35.6257 2.29486 -1.5
      vertex -35.6257 2.29486 1.5
      vertex -35.1545 2.71031 -1.5
    endloop
  endfacet
  facet normal -0.66134 0.750086 0
    outer loop
      vertex -35.1545 2.71031 1.5
      vertex -35.1545 2.71031 -1.5
      vertex -35.6257 2.29486 1.5
    endloop
  endfacet
  facet normal -0.6129 0.790161 0
    outer loop
      vertex -36.1221 1.90982 -1.5
      vertex -36.1221 1.90982 1.5
      vertex -35.6257 2.29486 -1.5
    endloop
  endfacet
  facet normal -0.6129 0.790161 0
    outer loop
      vertex -35.6257 2.29486 1.5
      vertex -35.6257 2.29486 -1.5
      vertex -36.1221 1.90982 1.5
    endloop
  endfacet
  facet normal -0.562062 0.827095 0
    outer loop
      vertex -36.6417 1.55672 -1.5
      vertex -36.6417 1.55672 1.5
      vertex -36.1221 1.90982 -1.5
    endloop
  endfacet
  facet normal -0.562062 0.827095 0
    outer loop
      vertex -36.1221 1.90982 1.5
      vertex -36.1221 1.90982 -1.5
      vertex -36.6417 1.55672 1.5
    endloop
  endfacet
  facet normal -0.509078 0.86072 0
    outer loop
      vertex -37.1824 1.23692 -1.5
      vertex -37.1824 1.23692 1.5
      vertex -36.6417 1.55672 -1.5
    endloop
  endfacet
  facet normal -0.509078 0.86072 0
    outer loop
      vertex -36.6417 1.55672 1.5
      vertex -36.6417 1.55672 -1.5
      vertex -37.1824 1.23692 1.5
    endloop
  endfacet
  facet normal -0.453948 0.891028 0
    outer loop
      vertex -37.7422 0.951721 -1.5
      vertex -37.7422 0.951721 1.5
      vertex -37.1824 1.23692 -1.5
    endloop
  endfacet
  facet normal -0.453948 0.891028 0
    outer loop
      vertex -37.1824 1.23692 1.5
      vertex -37.1824 1.23692 -1.5
      vertex -37.7422 0.951721 1.5
    endloop
  endfacet
  facet normal -0.397178 0.917742 0
    outer loop
      vertex -38.3187 0.702225 -1.5
      vertex -38.3187 0.702225 1.5
      vertex -37.7422 0.951721 -1.5
    endloop
  endfacet
  facet normal -0.397178 0.917742 0
    outer loop
      vertex -37.7422 0.951721 1.5
      vertex -37.7422 0.951721 -1.5
      vertex -38.3187 0.702225 1.5
    endloop
  endfacet
  facet normal -0.338724 0.940886 0
    outer loop
      vertex -38.9098 0.489426 -1.5
      vertex -38.9098 0.489426 1.5
      vertex -38.3187 0.702225 -1.5
    endloop
  endfacet
  facet normal -0.338724 0.940886 0
    outer loop
      vertex -38.3187 0.702225 1.5
      vertex -38.3187 0.702225 -1.5
      vertex -38.9098 0.489426 1.5
    endloop
  endfacet
  facet normal -0.278974 0.960299 0
    outer loop
      vertex -39.5131 0.314163 -1.5
      vertex -39.5131 0.314163 1.5
      vertex -38.9098 0.489426 -1.5
    endloop
  endfacet
  facet normal -0.278974 0.960299 0
    outer loop
      vertex -38.9098 0.489426 1.5
      vertex -38.9098 0.489426 -1.5
      vertex -39.5131 0.314163 1.5
    endloop
  endfacet
  facet normal -0.218136 0.975918 0
    outer loop
      vertex -40.1262 0.177124 -1.5
      vertex -40.1262 0.177124 1.5
      vertex -39.5131 0.314163 -1.5
    endloop
  endfacet
  facet normal -0.218136 0.975918 0
    outer loop
      vertex -39.5131 0.314163 1.5
      vertex -39.5131 0.314163 -1.5
      vertex -40.1262 0.177124 1.5
    endloop
  endfacet
  facet normal -0.156441 0.987687 0
    outer loop
      vertex -40.7467 0.0788422 -1.5
      vertex -40.7467 0.0788422 1.5
      vertex -40.1262 0.177124 -1.5
    endloop
  endfacet
  facet normal -0.156441 0.987687 0
    outer loop
      vertex -40.1262 0.177124 1.5
      vertex -40.1262 0.177124 -1.5
      vertex -40.7467 0.0788422 1.5
    endloop
  endfacet
  facet normal -0.0941003 0.995563 0
    outer loop
      vertex -41.3721 0.0197296 -1.5
      vertex -41.3721 0.0197296 1.5
      vertex -40.7467 0.0788422 -1.5
    endloop
  endfacet
  facet normal -0.0941003 0.995563 0
    outer loop
      vertex -40.7467 0.0788422 1.5
      vertex -40.7467 0.0788422 -1.5
      vertex -41.3721 0.0197296 1.5
    endloop
  endfacet
  facet normal -0.0314061 0.999507 0
    outer loop
      vertex -42 0 -1.5
      vertex -42 0 1.5
      vertex -41.3721 0.0197296 -1.5
    endloop
  endfacet
  facet normal -0.0314061 0.999507 0
    outer loop
      vertex -41.3721 0.0197296 1.5
      vertex -41.3721 0.0197296 -1.5
      vertex -42 0 1.5
    endloop
  endfacet
  facet normal 0.0314061 0.999507 -0
    outer loop
      vertex -42.6279 0.0197296 -1.5
      vertex -42.6279 0.0197296 1.5
      vertex -42 0 -1.5
    endloop
  endfacet
  facet normal 0.0314061 0.999507 0
    outer loop
      vertex -42 0 1.5
      vertex -42 0 -1.5
      vertex -42.6279 0.0197296 1.5
    endloop
  endfacet
  facet normal 0.0941003 0.995563 -0
    outer loop
      vertex 40.7467 0.0788422 -1.5
      vertex 40.7467 0.0788422 1.5
      vertex 41.3721 0.0197296 -1.5
    endloop
  endfacet
  facet normal 0.0941003 0.995563 0
    outer loop
      vertex 41.3721 0.0197296 1.5
      vertex 41.3721 0.0197296 -1.5
      vertex 40.7467 0.0788422 1.5
    endloop
  endfacet
  facet normal 0.156441 0.987687 -0
    outer loop
      vertex 40.1262 0.177124 -1.5
      vertex 40.1262 0.177124 1.5
      vertex 40.7467 0.0788422 -1.5
    endloop
  endfacet
  facet normal 0.156441 0.987687 0
    outer loop
      vertex 40.7467 0.0788422 1.5
      vertex 40.7467 0.0788422 -1.5
      vertex 40.1262 0.177124 1.5
    endloop
  endfacet
  facet normal 0.218136 0.975918 -0
    outer loop
      vertex 39.5131 0.314163 -1.5
      vertex 39.5131 0.314163 1.5
      vertex 40.1262 0.177124 -1.5
    endloop
  endfacet
  facet normal 0.218136 0.975918 0
    outer loop
      vertex 40.1262 0.177124 1.5
      vertex 40.1262 0.177124 -1.5
      vertex 39.5131 0.314163 1.5
    endloop
  endfacet
  facet normal 0.278974 0.960299 -0
    outer loop
      vertex 38.9098 0.489426 -1.5
      vertex 38.9098 0.489426 1.5
      vertex 39.5131 0.314163 -1.5
    endloop
  endfacet
  facet normal 0.278974 0.960299 0
    outer loop
      vertex 39.5131 0.314163 1.5
      vertex 39.5131 0.314163 -1.5
      vertex 38.9098 0.489426 1.5
    endloop
  endfacet
  facet normal 0.338724 0.940886 -0
    outer loop
      vertex 38.3187 0.702225 -1.5
      vertex 38.3187 0.702225 1.5
      vertex 38.9098 0.489426 -1.5
    endloop
  endfacet
  facet normal 0.338724 0.940886 0
    outer loop
      vertex 38.9098 0.489426 1.5
      vertex 38.9098 0.489426 -1.5
      vertex 38.3187 0.702225 1.5
    endloop
  endfacet
  facet normal 0.397178 0.917742 -0
    outer loop
      vertex 37.7422 0.951721 -1.5
      vertex 37.7422 0.951721 1.5
      vertex 38.3187 0.702225 -1.5
    endloop
  endfacet
  facet normal 0.397178 0.917742 0
    outer loop
      vertex 38.3187 0.702225 1.5
      vertex 38.3187 0.702225 -1.5
      vertex 37.7422 0.951721 1.5
    endloop
  endfacet
  facet normal 0.453948 0.891028 -0
    outer loop
      vertex 37.1824 1.23692 -1.5
      vertex 37.1824 1.23692 1.5
      vertex 37.7422 0.951721 -1.5
    endloop
  endfacet
  facet normal 0.453948 0.891028 0
    outer loop
      vertex 37.7422 0.951721 1.5
      vertex 37.7422 0.951721 -1.5
      vertex 37.1824 1.23692 1.5
    endloop
  endfacet
  facet normal 0.509078 0.86072 -0
    outer loop
      vertex 36.6417 1.55672 -1.5
      vertex 36.6417 1.55672 1.5
      vertex 37.1824 1.23692 -1.5
    endloop
  endfacet
  facet normal 0.509078 0.86072 0
    outer loop
      vertex 37.1824 1.23692 1.5
      vertex 37.1824 1.23692 -1.5
      vertex 36.6417 1.55672 1.5
    endloop
  endfacet
  facet normal 0.562062 0.827095 -0
    outer loop
      vertex 36.1221 1.90982 -1.5
      vertex 36.1221 1.90982 1.5
      vertex 36.6417 1.55672 -1.5
    endloop
  endfacet
  facet normal 0.562062 0.827095 0
    outer loop
      vertex 36.6417 1.55672 1.5
      vertex 36.6417 1.55672 -1.5
      vertex 36.1221 1.90982 1.5
    endloop
  endfacet
  facet normal 0.6129 0.790161 -0
    outer loop
      vertex 35.6257 2.29486 -1.5
      vertex 35.6257 2.29486 1.5
      vertex 36.1221 1.90982 -1.5
    endloop
  endfacet
  facet normal 0.6129 0.790161 0
    outer loop
      vertex 36.1221 1.90982 1.5
      vertex 36.1221 1.90982 -1.5
      vertex 35.6257 2.29486 1.5
    endloop
  endfacet
  facet normal 0.66134 0.750086 -0
    outer loop
      vertex 35.1545 2.71031 -1.5
      vertex 35.1545 2.71031 1.5
      vertex 35.6257 2.29486 -1.5
    endloop
  endfacet
  facet normal 0.66134 0.750086 0
    outer loop
      vertex 35.6257 2.29486 1.5
      vertex 35.6257 2.29486 -1.5
      vertex 35.1545 2.71031 1.5
    endloop
  endfacet
  facet normal 0.707123 0.707091 -0
    outer loop
      vertex 34.7103 3.15453 -1.5
      vertex 34.7103 3.15453 1.5
      vertex 35.1545 2.71031 -1.5
    endloop
  endfacet
  facet normal 0.707123 0.707091 0
    outer loop
      vertex 35.1545 2.71031 1.5
      vertex 35.1545 2.71031 -1.5
      vertex 34.7103 3.15453 1.5
    endloop
  endfacet
  facet normal 0.75014 0.661279 -0
    outer loop
      vertex 34.2949 3.62575 -1.5
      vertex 34.2949 3.62575 1.5
      vertex 34.7103 3.15453 -1.5
    endloop
  endfacet
  facet normal 0.75014 0.661279 0
    outer loop
      vertex 34.7103 3.15453 1.5
      vertex 34.7103 3.15453 -1.5
      vertex 34.2949 3.62575 1.5
    endloop
  endfacet
  facet normal 0.790114 0.612959 -0
    outer loop
      vertex 33.9098 4.12215 -1.5
      vertex 33.9098 4.12215 1.5
      vertex 34.2949 3.62575 -1.5
    endloop
  endfacet
  facet normal 0.790114 0.612959 0
    outer loop
      vertex 34.2949 3.62575 1.5
      vertex 34.2949 3.62575 -1.5
      vertex 33.9098 4.12215 1.5
    endloop
  endfacet
  facet normal 0.82708 0.562084 -0
    outer loop
      vertex 33.5567 4.64172 -1.5
      vertex 33.5567 4.64172 1.5
      vertex 33.9098 4.12215 -1.5
    endloop
  endfacet
  facet normal 0.82708 0.562084 0
    outer loop
      vertex 33.9098 4.12215 1.5
      vertex 33.9098 4.12215 -1.5
      vertex 33.5567 4.64172 1.5
    endloop
  endfacet
  facet normal 0.860733 0.509057 -0
    outer loop
      vertex 33.2369 5.18245 -1.5
      vertex 33.2369 5.18245 1.5
      vertex 33.5567 4.64172 -1.5
    endloop
  endfacet
  facet normal 0.860733 0.509057 0
    outer loop
      vertex 33.5567 4.64172 1.5
      vertex 33.5567 4.64172 -1.5
      vertex 33.2369 5.18245 1.5
    endloop
  endfacet
  facet normal 0.891011 0.453982 -0
    outer loop
      vertex 32.9517 5.7422 -1.5
      vertex 32.9517 5.7422 1.5
      vertex 33.2369 5.18245 -1.5
    endloop
  endfacet
  facet normal 0.891011 0.453982 0
    outer loop
      vertex 33.2369 5.18245 1.5
      vertex 33.2369 5.18245 -1.5
      vertex 32.9517 5.7422 1.5
    endloop
  endfacet
  facet normal 0.917749 0.39716 -0
    outer loop
      vertex 32.7022 6.31874 -1.5
      vertex 32.7022 6.31874 1.5
      vertex 32.9517 5.7422 -1.5
    endloop
  endfacet
  facet normal 0.917749 0.39716 0
    outer loop
      vertex 32.9517 5.7422 1.5
      vertex 32.9517 5.7422 -1.5
      vertex 32.7022 6.31874 1.5
    endloop
  endfacet
  facet normal 0.940882 0.338735 -0
    outer loop
      vertex 32.4894 6.90982 -1.5
      vertex 32.4894 6.90982 1.5
      vertex 32.7022 6.31874 -1.5
    endloop
  endfacet
  facet normal 0.940882 0.338735 0
    outer loop
      vertex 32.7022 6.31874 1.5
      vertex 32.7022 6.31874 -1.5
      vertex 32.4894 6.90982 1.5
    endloop
  endfacet
  facet normal 0.960322 0.278894 -0
    outer loop
      vertex 32.3142 7.51309 -1.5
      vertex 32.3142 7.51309 1.5
      vertex 32.4894 6.90982 -1.5
    endloop
  endfacet
  facet normal 0.960322 0.278894 0
    outer loop
      vertex 32.4894 6.90982 1.5
      vertex 32.4894 6.90982 -1.5
      vertex 32.3142 7.51309 1.5
    endloop
  endfacet
  facet normal 0.975896 0.218235 -0
    outer loop
      vertex 32.1771 8.12617 -1.5
      vertex 32.1771 8.12617 1.5
      vertex 32.3142 7.51309 -1.5
    endloop
  endfacet
  facet normal 0.975896 0.218235 0
    outer loop
      vertex 32.3142 7.51309 1.5
      vertex 32.3142 7.51309 -1.5
      vertex 32.1771 8.12617 1.5
    endloop
  endfacet
  facet normal 0.987682 0.156472 -0
    outer loop
      vertex 32.0788 8.74666 -1.5
      vertex 32.0788 8.74666 1.5
      vertex 32.1771 8.12617 -1.5
    endloop
  endfacet
  facet normal 0.987682 0.156472 0
    outer loop
      vertex 32.1771 8.12617 1.5
      vertex 32.1771 8.12617 -1.5
      vertex 32.0788 8.74666 1.5
    endloop
  endfacet
  facet normal 0.995565 0.0940759 -0
    outer loop
      vertex 32.0197 9.37209 -1.5
      vertex 32.0197 9.37209 1.5
      vertex 32.0788 8.74666 -1.5
    endloop
  endfacet
  facet normal 0.995565 0.0940759 0
    outer loop
      vertex 32.0788 8.74666 1.5
      vertex 32.0788 8.74666 -1.5
      vertex 32.0197 9.37209 1.5
    endloop
  endfacet
  facet normal 0.999508 0.0313585 -0
    outer loop
      vertex 32 10 -1.5
      vertex 32 10 1.5
      vertex 32.0197 9.37209 -1.5
    endloop
  endfacet
  facet normal 0.999508 0.0313585 0
    outer loop
      vertex 32.0197 9.37209 1.5
      vertex 32.0197 9.37209 -1.5
      vertex 32 10 1.5
    endloop
  endfacet
  facet normal 0.999508 -0.031359 0
    outer loop
      vertex 32.0197 10.6279 -1.5
      vertex 32.0197 10.6279 1.5
      vertex 32 10 -1.5
    endloop
  endfacet
  facet normal 0.999508 -0.031359 0
    outer loop
      vertex 32 10 1.5
      vertex 32 10 -1.5
      vertex 32.0197 10.6279 1.5
    endloop
  endfacet
  facet normal 0.995565 -0.0940804 0
    outer loop
      vertex 32.0788 11.2533 -1.5
      vertex 32.0788 11.2533 1.5
      vertex 32.0197 10.6279 -1.5
    endloop
  endfacet
  facet normal 0.995565 -0.0940804 0
    outer loop
      vertex 32.0197 10.6279 1.5
      vertex 32.0197 10.6279 -1.5
      vertex 32.0788 11.2533 1.5
    endloop
  endfacet
  facet normal 0.987683 -0.156469 0
    outer loop
      vertex 32.1771 11.8738 -1.5
      vertex 32.1771 11.8738 1.5
      vertex 32.0788 11.2533 -1.5
    endloop
  endfacet
  facet normal 0.987683 -0.156469 0
    outer loop
      vertex 32.0788 11.2533 1.5
      vertex 32.0788 11.2533 -1.5
      vertex 32.1771 11.8738 1.5
    endloop
  endfacet
  facet normal 0.975898 -0.218228 0
    outer loop
      vertex 32.3142 12.4869 -1.5
      vertex 32.3142 12.4869 1.5
      vertex 32.1771 11.8738 -1.5
    endloop
  endfacet
  facet normal 0.975898 -0.218228 0
    outer loop
      vertex 32.1771 11.8738 1.5
      vertex 32.1771 11.8738 -1.5
      vertex 32.3142 12.4869 1.5
    endloop
  endfacet
  facet normal 0.960326 -0.278881 0
    outer loop
      vertex 32.4894 13.0902 -1.5
      vertex 32.4894 13.0902 1.5
      vertex 32.3142 12.4869 -1.5
    endloop
  endfacet
  facet normal 0.960326 -0.278881 0
    outer loop
      vertex 32.3142 12.4869 1.5
      vertex 32.3142 12.4869 -1.5
      vertex 32.4894 13.0902 1.5
    endloop
  endfacet
  facet normal 0.940867 -0.338776 0
    outer loop
      vertex 32.7022 13.6812 -1.5
      vertex 32.7022 13.6812 1.5
      vertex 32.4894 13.0902 -1.5
    endloop
  endfacet
  facet normal 0.940867 -0.338776 0
    outer loop
      vertex 32.4894 13.0902 1.5
      vertex 32.4894 13.0902 -1.5
      vertex 32.7022 13.6812 1.5
    endloop
  endfacet
  facet normal 0.917765 -0.397125 0
    outer loop
      vertex 32.9517 14.2578 -1.5
      vertex 32.9517 14.2578 1.5
      vertex 32.7022 13.6812 -1.5
    endloop
  endfacet
  facet normal 0.917765 -0.397125 0
    outer loop
      vertex 32.7022 13.6812 1.5
      vertex 32.7022 13.6812 -1.5
      vertex 32.9517 14.2578 1.5
    endloop
  endfacet
  facet normal 0.890995 -0.454014 0
    outer loop
      vertex 33.2369 14.8175 -1.5
      vertex 33.2369 14.8175 1.5
      vertex 32.9517 14.2578 -1.5
    endloop
  endfacet
  facet normal 0.890995 -0.454014 0
    outer loop
      vertex 32.9517 14.2578 1.5
      vertex 32.9517 14.2578 -1.5
      vertex 33.2369 14.8175 1.5
    endloop
  endfacet
  facet normal 0.860762 -0.509008 0
    outer loop
      vertex 33.5567 15.3583 -1.5
      vertex 33.5567 15.3583 1.5
      vertex 33.2369 14.8175 -1.5
    endloop
  endfacet
  facet normal 0.860762 -0.509008 0
    outer loop
      vertex 33.2369 14.8175 1.5
      vertex 33.2369 14.8175 -1.5
      vertex 33.5567 15.3583 1.5
    endloop
  endfacet
  facet normal 0.827045 -0.562136 0
    outer loop
      vertex 33.9098 15.8778 -1.5
      vertex 33.9098 15.8778 1.5
      vertex 33.5567 15.3583 -1.5
    endloop
  endfacet
  facet normal 0.827045 -0.562136 0
    outer loop
      vertex 33.5567 15.3583 1.5
      vertex 33.5567 15.3583 -1.5
      vertex 33.9098 15.8778 1.5
    endloop
  endfacet
  facet normal 0.790114 -0.612959 0
    outer loop
      vertex 34.2949 16.3742 -1.5
      vertex 34.2949 16.3742 1.5
      vertex 33.9098 15.8778 -1.5
    endloop
  endfacet
  facet normal 0.790114 -0.612959 0
    outer loop
      vertex 33.9098 15.8778 1.5
      vertex 33.9098 15.8778 -1.5
      vertex 34.2949 16.3742 1.5
    endloop
  endfacet
  facet normal 0.750195 -0.661216 0
    outer loop
      vertex 34.7103 16.8455 -1.5
      vertex 34.7103 16.8455 1.5
      vertex 34.2949 16.3742 -1.5
    endloop
  endfacet
  facet normal 0.750195 -0.661216 0
    outer loop
      vertex 34.2949 16.3742 1.5
      vertex 34.2949 16.3742 -1.5
      vertex 34.7103 16.8455 1.5
    endloop
  endfacet
  facet normal 0.707107 -0.707107 0
    outer loop
      vertex 35.1545 17.2897 -1.5
      vertex 35.1545 17.2897 1.5
      vertex 34.7103 16.8455 -1.5
    endloop
  endfacet
  facet normal 0.707107 -0.707107 0
    outer loop
      vertex 34.7103 16.8455 1.5
      vertex 34.7103 16.8455 -1.5
      vertex 35.1545 17.2897 1.5
    endloop
  endfacet
  facet normal 0.661295 -0.750126 0
    outer loop
      vertex 35.6257 17.7051 -1.5
      vertex 35.6257 17.7051 1.5
      vertex 35.1545 17.2897 -1.5
    endloop
  endfacet
  facet normal 0.661295 -0.750126 0
    outer loop
      vertex 35.1545 17.2897 1.5
      vertex 35.1545 17.2897 -1.5
      vertex 35.6257 17.7051 1.5
    endloop
  endfacet
  facet normal 0.612959 -0.790114 0
    outer loop
      vertex 36.1221 18.0902 -1.5
      vertex 36.1221 18.0902 1.5
      vertex 35.6257 17.7051 -1.5
    endloop
  endfacet
  facet normal 0.612959 -0.790114 0
    outer loop
      vertex 35.6257 17.7051 1.5
      vertex 35.6257 17.7051 -1.5
      vertex 36.1221 18.0902 1.5
    endloop
  endfacet
  facet normal 0.562062 -0.827095 0
    outer loop
      vertex 36.6417 18.4433 -1.5
      vertex 36.6417 18.4433 1.5
      vertex 36.1221 18.0902 -1.5
    endloop
  endfacet
  facet normal 0.562062 -0.827095 0
    outer loop
      vertex 36.1221 18.0902 1.5
      vertex 36.1221 18.0902 -1.5
      vertex 36.6417 18.4433 1.5
    endloop
  endfacet
  facet normal 0.509078 -0.86072 0
    outer loop
      vertex 37.1824 18.7631 -1.5
      vertex 37.1824 18.7631 1.5
      vertex 36.6417 18.4433 -1.5
    endloop
  endfacet
  facet normal 0.509078 -0.86072 0
    outer loop
      vertex 36.6417 18.4433 1.5
      vertex 36.6417 18.4433 -1.5
      vertex 37.1824 18.7631 1.5
    endloop
  endfacet
  facet normal 0.45395 -0.891027 0
    outer loop
      vertex 37.7422 19.0483 -1.5
      vertex 37.7422 19.0483 1.5
      vertex 37.1824 18.7631 -1.5
    endloop
  endfacet
  facet normal 0.45395 -0.891027 0
    outer loop
      vertex 37.1824 18.7631 1.5
      vertex 37.1824 18.7631 -1.5
      vertex 37.7422 19.0483 1.5
    endloop
  endfacet
  facet normal 0.397183 -0.917739 0
    outer loop
      vertex 38.3187 19.2978 -1.5
      vertex 38.3187 19.2978 1.5
      vertex 37.7422 19.0483 -1.5
    endloop
  endfacet
  facet normal 0.397183 -0.917739 0
    outer loop
      vertex 37.7422 19.0483 1.5
      vertex 37.7422 19.0483 -1.5
      vertex 38.3187 19.2978 1.5
    endloop
  endfacet
  facet normal 0.338725 -0.940885 0
    outer loop
      vertex 38.9098 19.5106 -1.5
      vertex 38.9098 19.5106 1.5
      vertex 38.3187 19.2978 -1.5
    endloop
  endfacet
  facet normal 0.338725 -0.940885 0
    outer loop
      vertex 38.3187 19.2978 1.5
      vertex 38.3187 19.2978 -1.5
      vertex 38.9098 19.5106 1.5
    endloop
  endfacet
  facet normal 0.278881 -0.960326 0
    outer loop
      vertex 39.5131 19.6858 -1.5
      vertex 39.5131 19.6858 1.5
      vertex 38.9098 19.5106 -1.5
    endloop
  endfacet
  facet normal 0.278881 -0.960326 0
    outer loop
      vertex 38.9098 19.5106 1.5
      vertex 38.9098 19.5106 -1.5
      vertex 39.5131 19.6858 1.5
    endloop
  endfacet
  facet normal 0.218228 -0.975898 0
    outer loop
      vertex 40.1262 19.8229 -1.5
      vertex 40.1262 19.8229 1.5
      vertex 39.5131 19.6858 -1.5
    endloop
  endfacet
  facet normal 0.218228 -0.975898 0
    outer loop
      vertex 39.5131 19.6858 1.5
      vertex 39.5131 19.6858 -1.5
      vertex 40.1262 19.8229 1.5
    endloop
  endfacet
  facet normal 0.156314 -0.987707 0
    outer loop
      vertex 40.7467 19.9211 -1.5
      vertex 40.7467 19.9211 1.5
      vertex 40.1262 19.8229 -1.5
    endloop
  endfacet
  facet normal 0.156314 -0.987707 0
    outer loop
      vertex 40.1262 19.8229 1.5
      vertex 40.1262 19.8229 -1.5
      vertex 40.7467 19.9211 1.5
    endloop
  endfacet
  facet normal 0.0942382 -0.99555 0
    outer loop
      vertex 41.3721 19.9803 -1.5
      vertex 41.3721 19.9803 1.5
      vertex 40.7467 19.9211 -1.5
    endloop
  endfacet
  facet normal 0.0942382 -0.99555 0
    outer loop
      vertex 40.7467 19.9211 1.5
      vertex 40.7467 19.9211 -1.5
      vertex 41.3721 19.9803 1.5
    endloop
  endfacet
  facet normal 0.031359 -0.999508 0
    outer loop
      vertex 42 20 -1.5
      vertex 42 20 1.5
      vertex 41.3721 19.9803 -1.5
    endloop
  endfacet
  facet normal 0.031359 -0.999508 0
    outer loop
      vertex 41.3721 19.9803 1.5
      vertex 41.3721 19.9803 -1.5
      vertex 42 20 1.5
    endloop
  endfacet
  facet normal -0.031359 -0.999508 0
    outer loop
      vertex 42.6279 19.9803 -1.5
      vertex 42.6279 19.9803 1.5
      vertex 42 20 -1.5
    endloop
  endfacet
  facet normal -0.031359 -0.999508 -0
    outer loop
      vertex 42 20 1.5
      vertex 42 20 -1.5
      vertex 42.6279 19.9803 1.5
    endloop
  endfacet
  facet normal -0.0942382 -0.99555 0
    outer loop
      vertex 43.2533 19.9211 -1.5
      vertex 43.2533 19.9211 1.5
      vertex 42.6279 19.9803 -1.5
    endloop
  endfacet
  facet normal -0.0942382 -0.99555 -0
    outer loop
      vertex 42.6279 19.9803 1.5
      vertex 42.6279 19.9803 -1.5
      vertex 43.2533 19.9211 1.5
    endloop
  endfacet
  facet normal -0.156314 -0.987707 0
    outer loop
      vertex 43.8738 19.8229 -1.5
      vertex 43.8738 19.8229 1.5
      vertex 43.2533 19.9211 -1.5
    endloop
  endfacet
  facet normal -0.156314 -0.987707 -0
    outer loop
      vertex 43.2533 19.9211 1.5
      vertex 43.2533 19.9211 -1.5
      vertex 43.8738 19.8229 1.5
    endloop
  endfacet
  facet normal -0.218228 -0.975898 0
    outer loop
      vertex 44.4869 19.6858 -1.5
      vertex 44.4869 19.6858 1.5
      vertex 43.8738 19.8229 -1.5
    endloop
  endfacet
  facet normal -0.218228 -0.975898 -0
    outer loop
      vertex 43.8738 19.8229 1.5
      vertex 43.8738 19.8229 -1.5
      vertex 44.4869 19.6858 1.5
    endloop
  endfacet
  facet normal -0.278881 -0.960326 0
    outer loop
      vertex 45.0902 19.5106 -1.5
      vertex 45.0902 19.5106 1.5
      vertex 44.4869 19.6858 -1.5
    endloop
  endfacet
  facet normal -0.278881 -0.960326 -0
    outer loop
      vertex 44.4869 19.6858 1.5
      vertex 44.4869 19.6858 -1.5
      vertex 45.0902 19.5106 1.5
    endloop
  endfacet
  facet normal -0.338776 -0.940867 0
    outer loop
      vertex 45.6812 19.2978 -1.5
      vertex 45.6812 19.2978 1.5
      vertex 45.0902 19.5106 -1.5
    endloop
  endfacet
  facet normal -0.338776 -0.940867 -0
    outer loop
      vertex 45.0902 19.5106 1.5
      vertex 45.0902 19.5106 -1.5
      vertex 45.6812 19.2978 1.5
    endloop
  endfacet
  facet normal -0.397125 -0.917765 0
    outer loop
      vertex 46.2578 19.0483 -1.5
      vertex 46.2578 19.0483 1.5
      vertex 45.6812 19.2978 -1.5
    endloop
  endfacet
  facet normal -0.397125 -0.917765 -0
    outer loop
      vertex 45.6812 19.2978 1.5
      vertex 45.6812 19.2978 -1.5
      vertex 46.2578 19.0483 1.5
    endloop
  endfacet
  facet normal -0.454014 -0.890995 0
    outer loop
      vertex 46.8175 18.7631 -1.5
      vertex 46.8175 18.7631 1.5
      vertex 46.2578 19.0483 -1.5
    endloop
  endfacet
  facet normal -0.454014 -0.890995 -0
    outer loop
      vertex 46.2578 19.0483 1.5
      vertex 46.2578 19.0483 -1.5
      vertex 46.8175 18.7631 1.5
    endloop
  endfacet
  facet normal -0.509008 -0.860762 0
    outer loop
      vertex 47.3583 18.4433 -1.5
      vertex 47.3583 18.4433 1.5
      vertex 46.8175 18.7631 -1.5
    endloop
  endfacet
  facet normal -0.509008 -0.860762 -0
    outer loop
      vertex 46.8175 18.7631 1.5
      vertex 46.8175 18.7631 -1.5
      vertex 47.3583 18.4433 1.5
    endloop
  endfacet
  facet normal -0.562136 -0.827045 0
    outer loop
      vertex 47.8778 18.0902 -1.5
      vertex 47.8778 18.0902 1.5
      vertex 47.3583 18.4433 -1.5
    endloop
  endfacet
  facet normal -0.562136 -0.827045 -0
    outer loop
      vertex 47.3583 18.4433 1.5
      vertex 47.3583 18.4433 -1.5
      vertex 47.8778 18.0902 1.5
    endloop
  endfacet
  facet normal -0.612959 -0.790114 0
    outer loop
      vertex 48.3742 17.7051 -1.5
      vertex 48.3742 17.7051 1.5
      vertex 47.8778 18.0902 -1.5
    endloop
  endfacet
  facet normal -0.612959 -0.790114 -0
    outer loop
      vertex 47.8778 18.0902 1.5
      vertex 47.8778 18.0902 -1.5
      vertex 48.3742 17.7051 1.5
    endloop
  endfacet
  facet normal -0.661216 -0.750195 0
    outer loop
      vertex 48.8455 17.2897 -1.5
      vertex 48.8455 17.2897 1.5
      vertex 48.3742 17.7051 -1.5
    endloop
  endfacet
  facet normal -0.661216 -0.750195 -0
    outer loop
      vertex 48.3742 17.7051 1.5
      vertex 48.3742 17.7051 -1.5
      vertex 48.8455 17.2897 1.5
    endloop
  endfacet
  facet normal -0.707107 -0.707107 0
    outer loop
      vertex 49.2897 16.8455 -1.5
      vertex 49.2897 16.8455 1.5
      vertex 48.8455 17.2897 -1.5
    endloop
  endfacet
  facet normal -0.707107 -0.707107 -0
    outer loop
      vertex 48.8455 17.2897 1.5
      vertex 48.8455 17.2897 -1.5
      vertex 49.2897 16.8455 1.5
    endloop
  endfacet
  facet normal -0.750195 -0.661216 0
    outer loop
      vertex 49.7051 16.3742 -1.5
      vertex 49.7051 16.3742 1.5
      vertex 49.2897 16.8455 -1.5
    endloop
  endfacet
  facet normal -0.750195 -0.661216 -0
    outer loop
      vertex 49.2897 16.8455 1.5
      vertex 49.2897 16.8455 -1.5
      vertex 49.7051 16.3742 1.5
    endloop
  endfacet
  facet normal -0.790114 -0.612959 0
    outer loop
      vertex 50.0902 15.8778 -1.5
      vertex 50.0902 15.8778 1.5
      vertex 49.7051 16.3742 -1.5
    endloop
  endfacet
  facet normal -0.790114 -0.612959 -0
    outer loop
      vertex 49.7051 16.3742 1.5
      vertex 49.7051 16.3742 -1.5
      vertex 50.0902 15.8778 1.5
    endloop
  endfacet
  facet normal -0.827045 -0.562136 0
    outer loop
      vertex 50.4433 15.3583 -1.5
      vertex 50.4433 15.3583 1.5
      vertex 50.0902 15.8778 -1.5
    endloop
  endfacet
  facet normal -0.827045 -0.562136 -0
    outer loop
      vertex 50.0902 15.8778 1.5
      vertex 50.0902 15.8778 -1.5
      vertex 50.4433 15.3583 1.5
    endloop
  endfacet
  facet normal -0.860762 -0.509008 0
    outer loop
      vertex 50.7631 14.8175 -1.5
      vertex 50.7631 14.8175 1.5
      vertex 50.4433 15.3583 -1.5
    endloop
  endfacet
  facet normal -0.860762 -0.509008 -0
    outer loop
      vertex 50.4433 15.3583 1.5
      vertex 50.4433 15.3583 -1.5
      vertex 50.7631 14.8175 1.5
    endloop
  endfacet
  facet normal -0.890995 -0.454014 0
    outer loop
      vertex 51.0483 14.2578 -1.5
      vertex 51.0483 14.2578 1.5
      vertex 50.7631 14.8175 -1.5
    endloop
  endfacet
  facet normal -0.890995 -0.454014 -0
    outer loop
      vertex 50.7631 14.8175 1.5
      vertex 50.7631 14.8175 -1.5
      vertex 51.0483 14.2578 1.5
    endloop
  endfacet
  facet normal -0.917765 -0.397125 0
    outer loop
      vertex 51.2978 13.6812 -1.5
      vertex 51.2978 13.6812 1.5
      vertex 51.0483 14.2578 -1.5
    endloop
  endfacet
  facet normal -0.917765 -0.397125 -0
    outer loop
      vertex 51.0483 14.2578 1.5
      vertex 51.0483 14.2578 -1.5
      vertex 51.2978 13.6812 1.5
    endloop
  endfacet
  facet normal -0.940867 -0.338776 0
    outer loop
      vertex 51.5106 13.0902 -1.5
      vertex 51.5106 13.0902 1.5
      vertex 51.2978 13.6812 -1.5
    endloop
  endfacet
  facet normal -0.940867 -0.338776 -0
    outer loop
      vertex 51.2978 13.6812 1.5
      vertex 51.2978 13.6812 -1.5
      vertex 51.5106 13.0902 1.5
    endloop
  endfacet
  facet normal -0.960326 -0.278881 0
    outer loop
      vertex 51.6858 12.4869 -1.5
      vertex 51.6858 12.4869 1.5
      vertex 51.5106 13.0902 -1.5
    endloop
  endfacet
  facet normal -0.960326 -0.278881 -0
    outer loop
      vertex 51.5106 13.0902 1.5
      vertex 51.5106 13.0902 -1.5
      vertex 51.6858 12.4869 1.5
    endloop
  endfacet
  facet normal -0.975898 -0.218228 0
    outer loop
      vertex 51.8229 11.8738 -1.5
      vertex 51.8229 11.8738 1.5
      vertex 51.6858 12.4869 -1.5
    endloop
  endfacet
  facet normal -0.975898 -0.218228 -0
    outer loop
      vertex 51.6858 12.4869 1.5
      vertex 51.6858 12.4869 -1.5
      vertex 51.8229 11.8738 1.5
    endloop
  endfacet
  facet normal -0.987707 -0.156314 0
    outer loop
      vertex 51.9211 11.2533 -1.5
      vertex 51.9211 11.2533 1.5
      vertex 51.8229 11.8738 -1.5
    endloop
  endfacet
  facet normal -0.987707 -0.156314 -0
    outer loop
      vertex 51.8229 11.8738 1.5
      vertex 51.8229 11.8738 -1.5
      vertex 51.9211 11.2533 1.5
    endloop
  endfacet
  facet normal -0.99555 -0.0942382 0
    outer loop
      vertex 51.9803 10.6279 -1.5
      vertex 51.9803 10.6279 1.5
      vertex 51.9211 11.2533 -1.5
    endloop
  endfacet
  facet normal -0.99555 -0.0942382 -0
    outer loop
      vertex 51.9211 11.2533 1.5
      vertex 51.9211 11.2533 -1.5
      vertex 51.9803 10.6279 1.5
    endloop
  endfacet
  facet normal -0.999508 -0.031359 0
    outer loop
      vertex 52 10 -1.5
      vertex 52 10 1.5
      vertex 51.9803 10.6279 -1.5
    endloop
  endfacet
  facet normal -0.999508 -0.031359 -0
    outer loop
      vertex 51.9803 10.6279 1.5
      vertex 51.9803 10.6279 -1.5
      vertex 52 10 1.5
    endloop
  endfacet
  facet normal -0.999508 0.0313585 0
    outer loop
      vertex 51.9803 9.37209 -1.5
      vertex 51.9803 9.37209 1.5
      vertex 52 10 -1.5
    endloop
  endfacet
  facet normal -0.999508 0.0313585 0
    outer loop
      vertex 52 10 1.5
      vertex 52 10 -1.5
      vertex 51.9803 9.37209 1.5
    endloop
  endfacet
  facet normal -0.99555 0.0942337 0
    outer loop
      vertex 51.9211 8.74666 -1.5
      vertex 51.9211 8.74666 1.5
      vertex 51.9803 9.37209 -1.5
    endloop
  endfacet
  facet normal -0.99555 0.0942337 0
    outer loop
      vertex 51.9803 9.37209 1.5
      vertex 51.9803 9.37209 -1.5
      vertex 51.9211 8.74666 1.5
    endloop
  endfacet
  facet normal -0.987707 0.156317 0
    outer loop
      vertex 51.8229 8.12617 -1.5
      vertex 51.8229 8.12617 1.5
      vertex 51.9211 8.74666 -1.5
    endloop
  endfacet
  facet normal -0.987707 0.156317 0
    outer loop
      vertex 51.9211 8.74666 1.5
      vertex 51.9211 8.74666 -1.5
      vertex 51.8229 8.12617 1.5
    endloop
  endfacet
  facet normal -0.975896 0.218235 0
    outer loop
      vertex 51.6858 7.51309 -1.5
      vertex 51.6858 7.51309 1.5
      vertex 51.8229 8.12617 -1.5
    endloop
  endfacet
  facet normal -0.975896 0.218235 0
    outer loop
      vertex 51.8229 8.12617 1.5
      vertex 51.8229 8.12617 -1.5
      vertex 51.6858 7.51309 1.5
    endloop
  endfacet
  facet normal -0.960322 0.278894 0
    outer loop
      vertex 51.5106 6.90982 -1.5
      vertex 51.5106 6.90982 1.5
      vertex 51.6858 7.51309 -1.5
    endloop
  endfacet
  facet normal -0.960322 0.278894 0
    outer loop
      vertex 51.6858 7.51309 1.5
      vertex 51.6858 7.51309 -1.5
      vertex 51.5106 6.90982 1.5
    endloop
  endfacet
  facet normal -0.940882 0.338735 0
    outer loop
      vertex 51.2978 6.31874 -1.5
      vertex 51.2978 6.31874 1.5
      vertex 51.5106 6.90982 -1.5
    endloop
  endfacet
  facet normal -0.940882 0.338735 0
    outer loop
      vertex 51.5106 6.90982 1.5
      vertex 51.5106 6.90982 -1.5
      vertex 51.2978 6.31874 1.5
    endloop
  endfacet
  facet normal -0.917749 0.39716 0
    outer loop
      vertex 51.0483 5.7422 -1.5
      vertex 51.0483 5.7422 1.5
      vertex 51.2978 6.31874 -1.5
    endloop
  endfacet
  facet normal -0.917749 0.39716 0
    outer loop
      vertex 51.2978 6.31874 1.5
      vertex 51.2978 6.31874 -1.5
      vertex 51.0483 5.7422 1.5
    endloop
  endfacet
  facet normal -0.891011 0.453982 0
    outer loop
      vertex 50.7631 5.18245 -1.5
      vertex 50.7631 5.18245 1.5
      vertex 51.0483 5.7422 -1.5
    endloop
  endfacet
  facet normal -0.891011 0.453982 0
    outer loop
      vertex 51.0483 5.7422 1.5
      vertex 51.0483 5.7422 -1.5
      vertex 50.7631 5.18245 1.5
    endloop
  endfacet
  facet normal -0.860733 0.509057 0
    outer loop
      vertex 50.4433 4.64172 -1.5
      vertex 50.4433 4.64172 1.5
      vertex 50.7631 5.18245 -1.5
    endloop
  endfacet
  facet normal -0.860733 0.509057 0
    outer loop
      vertex 50.7631 5.18245 1.5
      vertex 50.7631 5.18245 -1.5
      vertex 50.4433 4.64172 1.5
    endloop
  endfacet
  facet normal -0.82708 0.562084 0
    outer loop
      vertex 50.0902 4.12215 -1.5
      vertex 50.0902 4.12215 1.5
      vertex 50.4433 4.64172 -1.5
    endloop
  endfacet
  facet normal -0.82708 0.562084 0
    outer loop
      vertex 50.4433 4.64172 1.5
      vertex 50.4433 4.64172 -1.5
      vertex 50.0902 4.12215 1.5
    endloop
  endfacet
  facet normal -0.790114 0.612959 0
    outer loop
      vertex 49.7051 3.62575 -1.5
      vertex 49.7051 3.62575 1.5
      vertex 50.0902 4.12215 -1.5
    endloop
  endfacet
  facet normal -0.790114 0.612959 0
    outer loop
      vertex 50.0902 4.12215 1.5
      vertex 50.0902 4.12215 -1.5
      vertex 49.7051 3.62575 1.5
    endloop
  endfacet
  facet normal -0.75014 0.661279 0
    outer loop
      vertex 49.2897 3.15453 -1.5
      vertex 49.2897 3.15453 1.5
      vertex 49.7051 3.62575 -1.5
    endloop
  endfacet
  facet normal -0.75014 0.661279 0
    outer loop
      vertex 49.7051 3.62575 1.5
      vertex 49.7051 3.62575 -1.5
      vertex 49.2897 3.15453 1.5
    endloop
  endfacet
  facet normal -0.707123 0.707091 0
    outer loop
      vertex 48.8455 2.71031 -1.5
      vertex 48.8455 2.71031 1.5
      vertex 49.2897 3.15453 -1.5
    endloop
  endfacet
  facet normal -0.707123 0.707091 0
    outer loop
      vertex 49.2897 3.15453 1.5
      vertex 49.2897 3.15453 -1.5
      vertex 48.8455 2.71031 1.5
    endloop
  endfacet
  facet normal -0.661261 0.750156 0
    outer loop
      vertex 48.3742 2.29486 -1.5
      vertex 48.3742 2.29486 1.5
      vertex 48.8455 2.71031 -1.5
    endloop
  endfacet
  facet normal -0.661261 0.750156 0
    outer loop
      vertex 48.8455 2.71031 1.5
      vertex 48.8455 2.71031 -1.5
      vertex 48.3742 2.29486 1.5
    endloop
  endfacet
  facet normal -0.6129 0.790161 0
    outer loop
      vertex 47.8778 1.90982 -1.5
      vertex 47.8778 1.90982 1.5
      vertex 48.3742 2.29486 -1.5
    endloop
  endfacet
  facet normal -0.6129 0.790161 0
    outer loop
      vertex 48.3742 2.29486 1.5
      vertex 48.3742 2.29486 -1.5
      vertex 47.8778 1.90982 1.5
    endloop
  endfacet
  facet normal -0.562136 0.827045 0
    outer loop
      vertex 47.3583 1.55672 -1.5
      vertex 47.3583 1.55672 1.5
      vertex 47.8778 1.90982 -1.5
    endloop
  endfacet
  facet normal -0.562136 0.827045 0
    outer loop
      vertex 47.8778 1.90982 1.5
      vertex 47.8778 1.90982 -1.5
      vertex 47.3583 1.55672 1.5
    endloop
  endfacet
  facet normal -0.509008 0.860762 0
    outer loop
      vertex 46.8175 1.23692 -1.5
      vertex 46.8175 1.23692 1.5
      vertex 47.3583 1.55672 -1.5
    endloop
  endfacet
  facet normal -0.509008 0.860762 0
    outer loop
      vertex 47.3583 1.55672 1.5
      vertex 47.3583 1.55672 -1.5
      vertex 46.8175 1.23692 1.5
    endloop
  endfacet
  facet normal -0.454013 0.890995 0
    outer loop
      vertex 46.2578 0.951721 -1.5
      vertex 46.2578 0.951721 1.5
      vertex 46.8175 1.23692 -1.5
    endloop
  endfacet
  facet normal -0.454013 0.890995 0
    outer loop
      vertex 46.8175 1.23692 1.5
      vertex 46.8175 1.23692 -1.5
      vertex 46.2578 0.951721 1.5
    endloop
  endfacet
  facet normal -0.39712 0.917767 0
    outer loop
      vertex 45.6812 0.702225 -1.5
      vertex 45.6812 0.702225 1.5
      vertex 46.2578 0.951721 -1.5
    endloop
  endfacet
  facet normal -0.39712 0.917767 0
    outer loop
      vertex 46.2578 0.951721 1.5
      vertex 46.2578 0.951721 -1.5
      vertex 45.6812 0.702225 1.5
    endloop
  endfacet
  facet normal -0.338774 0.940868 0
    outer loop
      vertex 45.0902 0.489426 -1.5
      vertex 45.0902 0.489426 1.5
      vertex 45.6812 0.702225 -1.5
    endloop
  endfacet
  facet normal -0.338774 0.940868 0
    outer loop
      vertex 45.6812 0.702225 1.5
      vertex 45.6812 0.702225 -1.5
      vertex 45.0902 0.489426 1.5
    endloop
  endfacet
  facet normal -0.278974 0.960299 0
    outer loop
      vertex 44.4869 0.314163 -1.5
      vertex 44.4869 0.314163 1.5
      vertex 45.0902 0.489426 -1.5
    endloop
  endfacet
  facet normal -0.278974 0.960299 0
    outer loop
      vertex 45.0902 0.489426 1.5
      vertex 45.0902 0.489426 -1.5
      vertex 44.4869 0.314163 1.5
    endloop
  endfacet
  facet normal -0.218136 0.975918 0
    outer loop
      vertex 43.8738 0.177124 -1.5
      vertex 43.8738 0.177124 1.5
      vertex 44.4869 0.314163 -1.5
    endloop
  endfacet
  facet normal -0.218136 0.975918 0
    outer loop
      vertex 44.4869 0.314163 1.5
      vertex 44.4869 0.314163 -1.5
      vertex 43.8738 0.177124 1.5
    endloop
  endfacet
  facet normal -0.156441 0.987687 0
    outer loop
      vertex 43.2533 0.0788422 -1.5
      vertex 43.2533 0.0788422 1.5
      vertex 43.8738 0.177124 -1.5
    endloop
  endfacet
  facet normal -0.156441 0.987687 0
    outer loop
      vertex 43.8738 0.177124 1.5
      vertex 43.8738 0.177124 -1.5
      vertex 43.2533 0.0788422 1.5
    endloop
  endfacet
  facet normal -0.0941003 0.995563 0
    outer loop
      vertex 42.6279 0.0197296 -1.5
      vertex 42.6279 0.0197296 1.5
      vertex 43.2533 0.0788422 -1.5
    endloop
  endfacet
  facet normal -0.0941003 0.995563 0
    outer loop
      vertex 43.2533 0.0788422 1.5
      vertex 43.2533 0.0788422 -1.5
      vertex 42.6279 0.0197296 1.5
    endloop
  endfacet
  facet normal -0.0314061 0.999507 0
    outer loop
      vertex 42 0 -1.5
      vertex 42 0 1.5
      vertex 42.6279 0.0197296 -1.5
    endloop
  endfacet
  facet normal -0.0314061 0.999507 0
    outer loop
      vertex 42.6279 0.0197296 1.5
      vertex 42.6279 0.0197296 -1.5
      vertex 42 0 1.5
    endloop
  endfacet
  facet normal 0.0314061 0.999507 -0
    outer loop
      vertex 41.3721 0.0197296 -1.5
      vertex 41.3721 0.0197296 1.5
      vertex 42 0 -1.5
    endloop
  endfacet
  facet normal 0.0314061 0.999507 0
    outer loop
      vertex 42 0 1.5
      vertex 42 0 -1.5
      vertex 41.3721 0.0197296 1.5
    endloop
  endfacet
  facet normal 0.156619 0.987659 -0
    outer loop
      vertex -25.7972 -28.9608 -1.5
      vertex -25.7972 -28.9608 1.5
      vertex -25.55 -29 -1.5
    endloop
  endfacet
  facet normal 0.156619 0.987659 0
    outer loop
      vertex -25.55 -29 1.5
      vertex -25.55 -29 -1.5
      vertex -25.7972 -28.9608 1.5
    endloop
  endfacet
  facet normal 0.406582 0.913614 -0
    outer loop
      vertex -25.95 -28.8928 -1.5
      vertex -25.95 -28.8928 1.5
      vertex -25.7972 -28.9608 -1.5
    endloop
  endfacet
  facet normal 0.406582 0.913614 0
    outer loop
      vertex -25.7972 -28.9608 1.5
      vertex -25.7972 -28.9608 -1.5
      vertex -25.95 -28.8928 1.5
    endloop
  endfacet
  facet normal 0.587781 0.80902 -0
    outer loop
      vertex -26.0853 -28.7945 -1.5
      vertex -26.0853 -28.7945 1.5
      vertex -25.95 -28.8928 -1.5
    endloop
  endfacet
  facet normal 0.587781 0.80902 0
    outer loop
      vertex -25.95 -28.8928 1.5
      vertex -25.95 -28.8928 -1.5
      vertex -26.0853 -28.7945 1.5
    endloop
  endfacet
  facet normal 0.743205 0.669064 -0
    outer loop
      vertex -26.1972 -28.6702 -1.5
      vertex -26.1972 -28.6702 1.5
      vertex -26.0853 -28.7945 -1.5
    endloop
  endfacet
  facet normal 0.743205 0.669064 0
    outer loop
      vertex -26.0853 -28.7945 1.5
      vertex -26.0853 -28.7945 -1.5
      vertex -26.1972 -28.6702 1.5
    endloop
  endfacet
  facet normal 0.866026 0.499999 -0
    outer loop
      vertex -26.2808 -28.5254 -1.5
      vertex -26.2808 -28.5254 1.5
      vertex -26.1972 -28.6702 -1.5
    endloop
  endfacet
  facet normal 0.866026 0.499999 0
    outer loop
      vertex -26.1972 -28.6702 1.5
      vertex -26.1972 -28.6702 -1.5
      vertex -26.2808 -28.5254 1.5
    endloop
  endfacet
  facet normal 0.951047 0.309046 -0
    outer loop
      vertex -26.3325 -28.3663 -1.5
      vertex -26.3325 -28.3663 1.5
      vertex -26.2808 -28.5254 -1.5
    endloop
  endfacet
  facet normal 0.951047 0.309046 0
    outer loop
      vertex -26.2808 -28.5254 1.5
      vertex -26.2808 -28.5254 -1.5
      vertex -26.3325 -28.3663 1.5
    endloop
  endfacet
  facet normal 0.994509 0.104654 -0
    outer loop
      vertex -26.35 -28.2 -1.5
      vertex -26.35 -28.2 1.5
      vertex -26.3325 -28.3663 -1.5
    endloop
  endfacet
  facet normal 0.994509 0.104654 0
    outer loop
      vertex -26.3325 -28.3663 1.5
      vertex -26.3325 -28.3663 -1.5
      vertex -26.35 -28.2 1.5
    endloop
  endfacet
  facet normal 1 0 -0
    outer loop
      vertex -26.35 18.2 -1.5
      vertex -26.35 18.2 1.5
      vertex -26.35 -28.2 -1.5
    endloop
  endfacet
  facet normal 1 -0 0
    outer loop
      vertex -26.35 -28.2 1.5
      vertex -26.35 -28.2 -1.5
      vertex -26.35 18.2 1.5
    endloop
  endfacet
  facet normal 0.987659 -0.156619 0
    outer loop
      vertex -26.3108 18.4472 -1.5
      vertex -26.3108 18.4472 1.5
      vertex -26.35 18.2 -1.5
    endloop
  endfacet
  facet normal 0.987659 -0.156619 0
    outer loop
      vertex -26.35 18.2 1.5
      vertex -26.35 18.2 -1.5
      vertex -26.3108 18.4472 1.5
    endloop
  endfacet
  facet normal 0.913614 -0.406582 0
    outer loop
      vertex -26.2428 18.6 -1.5
      vertex -26.2428 18.6 1.5
      vertex -26.3108 18.4472 -1.5
    endloop
  endfacet
  facet normal 0.913614 -0.406582 0
    outer loop
      vertex -26.3108 18.4472 1.5
      vertex -26.3108 18.4472 -1.5
      vertex -26.2428 18.6 1.5
    endloop
  endfacet
  facet normal 0.80902 -0.587781 0
    outer loop
      vertex -26.1445 18.7353 -1.5
      vertex -26.1445 18.7353 1.5
      vertex -26.2428 18.6 -1.5
    endloop
  endfacet
  facet normal 0.80902 -0.587781 0
    outer loop
      vertex -26.2428 18.6 1.5
      vertex -26.2428 18.6 -1.5
      vertex -26.1445 18.7353 1.5
    endloop
  endfacet
  facet normal 0.669064 -0.743205 0
    outer loop
      vertex -26.0202 18.8472 -1.5
      vertex -26.0202 18.8472 1.5
      vertex -26.1445 18.7353 -1.5
    endloop
  endfacet
  facet normal 0.669064 -0.743205 0
    outer loop
      vertex -26.1445 18.7353 1.5
      vertex -26.1445 18.7353 -1.5
      vertex -26.0202 18.8472 1.5
    endloop
  endfacet
  facet normal 0.499999 -0.866026 0
    outer loop
      vertex -25.8754 18.9308 -1.5
      vertex -25.8754 18.9308 1.5
      vertex -26.0202 18.8472 -1.5
    endloop
  endfacet
  facet normal 0.499999 -0.866026 0
    outer loop
      vertex -26.0202 18.8472 1.5
      vertex -26.0202 18.8472 -1.5
      vertex -25.8754 18.9308 1.5
    endloop
  endfacet
  facet normal 0.309046 -0.951047 0
    outer loop
      vertex -25.7163 18.9825 -1.5
      vertex -25.7163 18.9825 1.5
      vertex -25.8754 18.9308 -1.5
    endloop
  endfacet
  facet normal 0.309046 -0.951047 0
    outer loop
      vertex -25.8754 18.9308 1.5
      vertex -25.8754 18.9308 -1.5
      vertex -25.7163 18.9825 1.5
    endloop
  endfacet
  facet normal 0.104654 -0.994509 0
    outer loop
      vertex -25.55 19 -1.5
      vertex -25.55 19 1.5
      vertex -25.7163 18.9825 -1.5
    endloop
  endfacet
  facet normal 0.104654 -0.994509 0
    outer loop
      vertex -25.7163 18.9825 1.5
      vertex -25.7163 18.9825 -1.5
      vertex -25.55 19 1.5
    endloop
  endfacet
  facet normal 0 -1 0
    outer loop
      vertex -23.65 19 -1.5
      vertex -23.65 19 1.5
      vertex -25.55 19 -1.5
    endloop
  endfacet
  facet normal 0 -1 0
    outer loop
      vertex -25.55 19 1.5
      vertex -25.55 19 -1.5
      vertex -23.65 19 1.5
    endloop
  endfacet
  facet normal -0.156619 -0.987659 0
    outer loop
      vertex -23.4028 18.9608 -1.5
      vertex -23.4028 18.9608 1.5
      vertex -23.65 19 -1.5
    endloop
  endfacet
  facet normal -0.156619 -0.987659 -0
    outer loop
      vertex -23.65 19 1.5
      vertex -23.65 19 -1.5
      vertex -23.4028 18.9608 1.5
    endloop
  endfacet
  facet normal -0.406582 -0.913614 0
    outer loop
      vertex -23.25 18.8928 -1.5
      vertex -23.25 18.8928 1.5
      vertex -23.4028 18.9608 -1.5
    endloop
  endfacet
  facet normal -0.406582 -0.913614 -0
    outer loop
      vertex -23.4028 18.9608 1.5
      vertex -23.4028 18.9608 -1.5
      vertex -23.25 18.8928 1.5
    endloop
  endfacet
  facet normal -0.587781 -0.80902 0
    outer loop
      vertex -23.1147 18.7945 -1.5
      vertex -23.1147 18.7945 1.5
      vertex -23.25 18.8928 -1.5
    endloop
  endfacet
  facet normal -0.587781 -0.80902 -0
    outer loop
      vertex -23.25 18.8928 1.5
      vertex -23.25 18.8928 -1.5
      vertex -23.1147 18.7945 1.5
    endloop
  endfacet
  facet normal -0.743205 -0.669064 0
    outer loop
      vertex -23.0028 18.6702 -1.5
      vertex -23.0028 18.6702 1.5
      vertex -23.1147 18.7945 -1.5
    endloop
  endfacet
  facet normal -0.743205 -0.669064 -0
    outer loop
      vertex -23.1147 18.7945 1.5
      vertex -23.1147 18.7945 -1.5
      vertex -23.0028 18.6702 1.5
    endloop
  endfacet
  facet normal -0.866026 -0.499999 0
    outer loop
      vertex -22.9192 18.5254 -1.5
      vertex -22.9192 18.5254 1.5
      vertex -23.0028 18.6702 -1.5
    endloop
  endfacet
  facet normal -0.866026 -0.499999 -0
    outer loop
      vertex -23.0028 18.6702 1.5
      vertex -23.0028 18.6702 -1.5
      vertex -22.9192 18.5254 1.5
    endloop
  endfacet
  facet normal -0.951047 -0.309046 0
    outer loop
      vertex -22.8675 18.3663 -1.5
      vertex -22.8675 18.3663 1.5
      vertex -22.9192 18.5254 -1.5
    endloop
  endfacet
  facet normal -0.951047 -0.309046 -0
    outer loop
      vertex -22.9192 18.5254 1.5
      vertex -22.9192 18.5254 -1.5
      vertex -22.8675 18.3663 1.5
    endloop
  endfacet
  facet normal -0.994509 -0.104654 0
    outer loop
      vertex -22.85 18.2 -1.5
      vertex -22.85 18.2 1.5
      vertex -22.8675 18.3663 -1.5
    endloop
  endfacet
  facet normal -0.994509 -0.104654 -0
    outer loop
      vertex -22.8675 18.3663 1.5
      vertex -22.8675 18.3663 -1.5
      vertex -22.85 18.2 1.5
    endloop
  endfacet
  facet normal -1 0 0
    outer loop
      vertex -22.85 -28.2 -1.5
      vertex -22.85 -28.2 1.5
      vertex -22.85 18.2 -1.5
    endloop
  endfacet
  facet normal -1 -0 -0
    outer loop
      vertex -22.85 18.2 1.5
      vertex -22.85 18.2 -1.5
      vertex -22.85 -28.2 1.5
    endloop
  endfacet
  facet normal -0.987721 0.156229 0
    outer loop
      vertex -22.8891 -28.4472 -1.5
      vertex -22.8891 -28.4472 1.5
      vertex -22.85 -28.2 -1.5
    endloop
  endfacet
  facet normal -0.987721 0.156229 0
    outer loop
      vertex -22.85 -28.2 1.5
      vertex -22.85 -28.2 -1.5
      vertex -22.8891 -28.4472 1.5
    endloop
  endfacet
  facet normal -0.913392 0.407081 0
    outer loop
      vertex -22.9572 -28.6 -1.5
      vertex -22.9572 -28.6 1.5
      vertex -22.8891 -28.4472 -1.5
    endloop
  endfacet
  facet normal -0.913392 0.407081 0
    outer loop
      vertex -22.8891 -28.4472 1.5
      vertex -22.8891 -28.4472 -1.5
      vertex -22.9572 -28.6 1.5
    endloop
  endfacet
  facet normal -0.80902 0.587781 0
    outer loop
      vertex -23.0555 -28.7353 -1.5
      vertex -23.0555 -28.7353 1.5
      vertex -22.9572 -28.6 -1.5
    endloop
  endfacet
  facet normal -0.80902 0.587781 0
    outer loop
      vertex -22.9572 -28.6 1.5
      vertex -22.9572 -28.6 -1.5
      vertex -23.0555 -28.7353 1.5
    endloop
  endfacet
  facet normal -0.669064 0.743205 0
    outer loop
      vertex -23.1798 -28.8472 -1.5
      vertex -23.1798 -28.8472 1.5
      vertex -23.0555 -28.7353 -1.5
    endloop
  endfacet
  facet normal -0.669064 0.743205 0
    outer loop
      vertex -23.0555 -28.7353 1.5
      vertex -23.0555 -28.7353 -1.5
      vertex -23.1798 -28.8472 1.5
    endloop
  endfacet
  facet normal -0.499999 0.866026 0
    outer loop
      vertex -23.3246 -28.9308 -1.5
      vertex -23.3246 -28.9308 1.5
      vertex -23.1798 -28.8472 -1.5
    endloop
  endfacet
  facet normal -0.499999 0.866026 0
    outer loop
      vertex -23.1798 -28.8472 1.5
      vertex -23.1798 -28.8472 -1.5
      vertex -23.3246 -28.9308 1.5
    endloop
  endfacet
  facet normal -0.309046 0.951047 0
    outer loop
      vertex -23.4837 -28.9825 -1.5
      vertex -23.4837 -28.9825 1.5
      vertex -23.3246 -28.9308 -1.5
    endloop
  endfacet
  facet normal -0.309046 0.951047 0
    outer loop
      vertex -23.3246 -28.9308 1.5
      vertex -23.3246 -28.9308 -1.5
      vertex -23.4837 -28.9825 1.5
    endloop
  endfacet
  facet normal -0.104654 0.994509 0
    outer loop
      vertex -23.65 -29 -1.5
      vertex -23.65 -29 1.5
      vertex -23.4837 -28.9825 -1.5
    endloop
  endfacet
  facet normal -0.104654 0.994509 0
    outer loop
      vertex -23.4837 -28.9825 1.5
      vertex -23.4837 -28.9825 -1.5
      vertex -23.65 -29 1.5
    endloop
  endfacet
  facet normal 0 1 0
    outer loop
      vertex -25.55 -29 -1.5
      vertex -25.55 -29 1.5
      vertex -23.65 -29 -1.5
    endloop
  endfacet
  facet normal 0 1 0
    outer loop
      vertex -23.65 -29 1.5
      vertex -23.65 -29 -1.5
      vertex -25.55 -29 1.5
    endloop
  endfacet
  facet normal 0.156619 0.987659 -0
    outer loop
      vertex -17.5972 -28.9608 -1.5
      vertex -17.5972 -28.9608 1.5
      vertex -17.35 -29 -1.5
    endloop
  endfacet
  facet normal 0.156619 0.987659 0
    outer loop
      vertex -17.35 -29 1.5
      vertex -17.35 -29 -1.5
      vertex -17.5972 -28.9608 1.5
    endloop
  endfacet
  facet normal 0.406582 0.913614 -0
    outer loop
      vertex -17.75 -28.8928 -1.5
      vertex -17.75 -28.8928 1.5
      vertex -17.5972 -28.9608 -1.5
    endloop
  endfacet
  facet normal 0.406582 0.913614 0
    outer loop
      vertex -17.5972 -28.9608 1.5
      vertex -17.5972 -28.9608 -1.5
      vertex -17.75 -28.8928 1.5
    endloop
  endfacet
  facet normal 0.587781 0.80902 -0
    outer loop
      vertex -17.8853 -28.7945 -1.5
      vertex -17.8853 -28.7945 1.5
      vertex -17.75 -28.8928 -1.5
    endloop
  endfacet
  facet normal 0.587781 0.80902 0
    outer loop
      vertex -17.75 -28.8928 1.5
      vertex -17.75 -28.8928 -1.5
      vertex -17.8853 -28.7945 1.5
    endloop
  endfacet
  facet normal 0.743205 0.669064 -0
    outer loop
      vertex -17.9972 -28.6702 -1.5
      vertex -17.9972 -28.6702 1.5
      vertex -17.8853 -28.7945 -1.5
    endloop
  endfacet
  facet normal 0.743205 0.669064 0
    outer loop
      vertex -17.8853 -28.7945 1.5
      vertex -17.8853 -28.7945 -1.5
      vertex -17.9972 -28.6702 1.5
    endloop
  endfacet
  facet normal 0.866026 0.499999 -0
    outer loop
      vertex -18.0808 -28.5254 -1.5
      vertex -18.0808 -28.5254 1.5
      vertex -17.9972 -28.6702 -1.5
    endloop
  endfacet
  facet normal 0.866026 0.499999 0
    outer loop
      vertex -17.9972 -28.6702 1.5
      vertex -17.9972 -28.6702 -1.5
      vertex -18.0808 -28.5254 1.5
    endloop
  endfacet
  facet normal 0.951047 0.309046 -0
    outer loop
      vertex -18.1325 -28.3663 -1.5
      vertex -18.1325 -28.3663 1.5
      vertex -18.0808 -28.5254 -1.5
    endloop
  endfacet
  facet normal 0.951047 0.309046 0
    outer loop
      vertex -18.0808 -28.5254 1.5
      vertex -18.0808 -28.5254 -1.5
      vertex -18.1325 -28.3663 1.5
    endloop
  endfacet
  facet normal 0.994509 0.104654 -0
    outer loop
      vertex -18.15 -28.2 -1.5
      vertex -18.15 -28.2 1.5
      vertex -18.1325 -28.3663 -1.5
    endloop
  endfacet
  facet normal 0.994509 0.104654 0
    outer loop
      vertex -18.1325 -28.3663 1.5
      vertex -18.1325 -28.3663 -1.5
      vertex -18.15 -28.2 1.5
    endloop
  endfacet
  facet normal 1 0 -0
    outer loop
      vertex -18.15 18.2 -1.5
      vertex -18.15 18.2 1.5
      vertex -18.15 -28.2 -1.5
    endloop
  endfacet
  facet normal 1 -0 0
    outer loop
      vertex -18.15 -28.2 1.5
      vertex -18.15 -28.2 -1.5
      vertex -18.15 18.2 1.5
    endloop
  endfacet
  facet normal 0.987659 -0.156619 0
    outer loop
      vertex -18.1108 18.4472 -1.5
      vertex -18.1108 18.4472 1.5
      vertex -18.15 18.2 -1.5
    endloop
  endfacet
  facet normal 0.987659 -0.156619 0
    outer loop
      vertex -18.15 18.2 1.5
      vertex -18.15 18.2 -1.5
      vertex -18.1108 18.4472 1.5
    endloop
  endfacet
  facet normal 0.913614 -0.406582 0
    outer loop
      vertex -18.0428 18.6 -1.5
      vertex -18.0428 18.6 1.5
      vertex -18.1108 18.4472 -1.5
    endloop
  endfacet
  facet normal 0.913614 -0.406582 0
    outer loop
      vertex -18.1108 18.4472 1.5
      vertex -18.1108 18.4472 -1.5
      vertex -18.0428 18.6 1.5
    endloop
  endfacet
  facet normal 0.80902 -0.587781 0
    outer loop
      vertex -17.9445 18.7353 -1.5
      vertex -17.9445 18.7353 1.5
      vertex -18.0428 18.6 -1.5
    endloop
  endfacet
  facet normal 0.80902 -0.587781 0
    outer loop
      vertex -18.0428 18.6 1.5
      vertex -18.0428 18.6 -1.5
      vertex -17.9445 18.7353 1.5
    endloop
  endfacet
  facet normal 0.669064 -0.743205 0
    outer loop
      vertex -17.8202 18.8472 -1.5
      vertex -17.8202 18.8472 1.5
      vertex -17.9445 18.7353 -1.5
    endloop
  endfacet
  facet normal 0.669064 -0.743205 0
    outer loop
      vertex -17.9445 18.7353 1.5
      vertex -17.9445 18.7353 -1.5
      vertex -17.8202 18.8472 1.5
    endloop
  endfacet
  facet normal 0.499999 -0.866026 0
    outer loop
      vertex -17.6754 18.9308 -1.5
      vertex -17.6754 18.9308 1.5
      vertex -17.8202 18.8472 -1.5
    endloop
  endfacet
  facet normal 0.499999 -0.866026 0
    outer loop
      vertex -17.8202 18.8472 1.5
      vertex -17.8202 18.8472 -1.5
      vertex -17.6754 18.9308 1.5
    endloop
  endfacet
  facet normal 0.309046 -0.951047 0
    outer loop
      vertex -17.5163 18.9825 -1.5
      vertex -17.5163 18.9825 1.5
      vertex -17.6754 18.9308 -1.5
    endloop
  endfacet
  facet normal 0.309046 -0.951047 0
    outer loop
      vertex -17.6754 18.9308 1.5
      vertex -17.6754 18.9308 -1.5
      vertex -17.5163 18.9825 1.5
    endloop
  endfacet
  facet normal 0.104654 -0.994509 0
    outer loop
      vertex -17.35 19 -1.5
      vertex -17.35 19 1.5
      vertex -17.5163 18.9825 -1.5
    endloop
  endfacet
  facet normal 0.104654 -0.994509 0
    outer loop
      vertex -17.5163 18.9825 1.5
      vertex -17.5163 18.9825 -1.5
      vertex -17.35 19 1.5
    endloop
  endfacet
  facet normal 0 -1 0
    outer loop
      vertex -15.45 19 -1.5
      vertex -15.45 19 1.5
      vertex -17.35 19 -1.5
    endloop
  endfacet
  facet normal 0 -1 0
    outer loop
      vertex -17.35 19 1.5
      vertex -17.35 19 -1.5
      vertex -15.45 19 1.5
    endloop
  endfacet
  facet normal -0.156619 -0.987659 0
    outer loop
      vertex -15.2028 18.9608 -1.5
      vertex -15.2028 18.9608 1.5
      vertex -15.45 19 -1.5
    endloop
  endfacet
  facet normal -0.156619 -0.987659 -0
    outer loop
      vertex -15.45 19 1.5
      vertex -15.45 19 -1.5
      vertex -15.2028 18.9608 1.5
    endloop
  endfacet
  facet normal -0.406582 -0.913614 0
    outer loop
      vertex -15.05 18.8928 -1.5
      vertex -15.05 18.8928 1.5
      vertex -15.2028 18.9608 -1.5
    endloop
  endfacet
  facet normal -0.406582 -0.913614 -0
    outer loop
      vertex -15.2028 18.9608 1.5
      vertex -15.2028 18.9608 -1.5
      vertex -15.05 18.8928 1.5
    endloop
  endfacet
  facet normal -0.587781 -0.80902 0
    outer loop
      vertex -14.9147 18.7945 -1.5
      vertex -14.9147 18.7945 1.5
      vertex -15.05 18.8928 -1.5
    endloop
  endfacet
  facet normal -0.587781 -0.80902 -0
    outer loop
      vertex -15.05 18.8928 1.5
      vertex -15.05 18.8928 -1.5
      vertex -14.9147 18.7945 1.5
    endloop
  endfacet
  facet normal -0.743205 -0.669064 0
    outer loop
      vertex -14.8028 18.6702 -1.5
      vertex -14.8028 18.6702 1.5
      vertex -14.9147 18.7945 -1.5
    endloop
  endfacet
  facet normal -0.743205 -0.669064 -0
    outer loop
      vertex -14.9147 18.7945 1.5
      vertex -14.9147 18.7945 -1.5
      vertex -14.8028 18.6702 1.5
    endloop
  endfacet
  facet normal -0.866026 -0.499999 0
    outer loop
      vertex -14.7192 18.5254 -1.5
      vertex -14.7192 18.5254 1.5
      vertex -14.8028 18.6702 -1.5
    endloop
  endfacet
  facet normal -0.866026 -0.499999 -0
    outer loop
      vertex -14.8028 18.6702 1.5
      vertex -14.8028 18.6702 -1.5
      vertex -14.7192 18.5254 1.5
    endloop
  endfacet
  facet normal -0.951047 -0.309046 0
    outer loop
      vertex -14.6675 18.3663 -1.5
      vertex -14.6675 18.3663 1.5
      vertex -14.7192 18.5254 -1.5
    endloop
  endfacet
  facet normal -0.951047 -0.309046 -0
    outer loop
      vertex -14.7192 18.5254 1.5
      vertex -14.7192 18.5254 -1.5
      vertex -14.6675 18.3663 1.5
    endloop
  endfacet
  facet normal -0.994509 -0.104654 0
    outer loop
      vertex -14.65 18.2 -1.5
      vertex -14.65 18.2 1.5
      vertex -14.6675 18.3663 -1.5
    endloop
  endfacet
  facet normal -0.994509 -0.104654 -0
    outer loop
      vertex -14.6675 18.3663 1.5
      vertex -14.6675 18.3663 -1.5
      vertex -14.65 18.2 1.5
    endloop
  endfacet
  facet normal -1 0 0
    outer loop
      vertex -14.65 -28.2 -1.5
      vertex -14.65 -28.2 1.5
      vertex -14.65 18.2 -1.5
    endloop
  endfacet
  facet normal -1 -0 -0
    outer loop
      vertex -14.65 18.2 1.5
      vertex -14.65 18.2 -1.5
      vertex -14.65 -28.2 1.5
    endloop
  endfacet
  facet normal -0.987721 0.156229 0
    outer loop
      vertex -14.6891 -28.4472 -1.5
      vertex -14.6891 -28.4472 1.5
      vertex -14.65 -28.2 -1.5
    endloop
  endfacet
  facet normal -0.987721 0.156229 0
    outer loop
      vertex -14.65 -28.2 1.5
      vertex -14.65 -28.2 -1.5
      vertex -14.6891 -28.4472 1.5
    endloop
  endfacet
  facet normal -0.913392 0.407081 0
    outer loop
      vertex -14.7572 -28.6 -1.5
      vertex -14.7572 -28.6 1.5
      vertex -14.6891 -28.4472 -1.5
    endloop
  endfacet
  facet normal -0.913392 0.407081 0
    outer loop
      vertex -14.6891 -28.4472 1.5
      vertex -14.6891 -28.4472 -1.5
      vertex -14.7572 -28.6 1.5
    endloop
  endfacet
  facet normal -0.80902 0.587781 0
    outer loop
      vertex -14.8555 -28.7353 -1.5
      vertex -14.8555 -28.7353 1.5
      vertex -14.7572 -28.6 -1.5
    endloop
  endfacet
  facet normal -0.80902 0.587781 0
    outer loop
      vertex -14.7572 -28.6 1.5
      vertex -14.7572 -28.6 -1.5
      vertex -14.8555 -28.7353 1.5
    endloop
  endfacet
  facet normal -0.669064 0.743205 0
    outer loop
      vertex -14.9798 -28.8472 -1.5
      vertex -14.9798 -28.8472 1.5
      vertex -14.8555 -28.7353 -1.5
    endloop
  endfacet
  facet normal -0.669064 0.743205 0
    outer loop
      vertex -14.8555 -28.7353 1.5
      vertex -14.8555 -28.7353 -1.5
      vertex -14.9798 -28.8472 1.5
    endloop
  endfacet
  facet normal -0.499999 0.866026 0
    outer loop
      vertex -15.1246 -28.9308 -1.5
      vertex -15.1246 -28.9308 1.5
      vertex -14.9798 -28.8472 -1.5
    endloop
  endfacet
  facet normal -0.499999 0.866026 0
    outer loop
      vertex -14.9798 -28.8472 1.5
      vertex -14.9798 -28.8472 -1.5
      vertex -15.1246 -28.9308 1.5
    endloop
  endfacet
  facet normal -0.309046 0.951047 0
    outer loop
      vertex -15.2837 -28.9825 -1.5
      vertex -15.2837 -28.9825 1.5
      vertex -15.1246 -28.9308 -1.5
    endloop
  endfacet
  facet normal -0.309046 0.951047 0
    outer loop
      vertex -15.1246 -28.9308 1.5
      vertex -15.1246 -28.9308 -1.5
      vertex -15.2837 -28.9825 1.5
    endloop
  endfacet
  facet normal -0.104654 0.994509 0
    outer loop
      vertex -15.45 -29 -1.5
      vertex -15.45 -29 1.5
      vertex -15.2837 -28.9825 -1.5
    endloop
  endfacet
  facet normal -0.104654 0.994509 0
    outer loop
      vertex -15.2837 -28.9825 1.5
      vertex -15.2837 -28.9825 -1.5
      vertex -15.45 -29 1.5
    endloop
  endfacet
  facet normal 0 1 0
    outer loop
      vertex -17.35 -29 -1.5
      vertex -17.35 -29 1.5
      vertex -15.45 -29 -1.5
    endloop
  endfacet
  facet normal 0 1 0
    outer loop
      vertex -15.45 -29 1.5
      vertex -15.45 -29 -1.5
      vertex -17.35 -29 1.5
    endloop
  endfacet
  facet normal 0.156613 0.98766 -0
    outer loop
      vertex -9.3972 -28.9608 -1.5
      vertex -9.3972 -28.9608 1.5
      vertex -9.14999 -29 -1.5
    endloop
  endfacet
  facet normal 0.156613 0.98766 0
    outer loop
      vertex -9.14999 -29 1.5
      vertex -9.14999 -29 -1.5
      vertex -9.3972 -28.9608 1.5
    endloop
  endfacet
  facet normal 0.406604 0.913604 -0
    outer loop
      vertex -9.54999 -28.8928 -1.5
      vertex -9.54999 -28.8928 1.5
      vertex -9.3972 -28.9608 -1.5
    endloop
  endfacet
  facet normal 0.406604 0.913604 0
    outer loop
      vertex -9.3972 -28.9608 1.5
      vertex -9.3972 -28.9608 -1.5
      vertex -9.54999 -28.8928 1.5
    endloop
  endfacet
  facet normal 0.587752 0.809041 -0
    outer loop
      vertex -9.6853 -28.7945 -1.5
      vertex -9.6853 -28.7945 1.5
      vertex -9.54999 -28.8928 -1.5
    endloop
  endfacet
  facet normal 0.587752 0.809041 0
    outer loop
      vertex -9.54999 -28.8928 1.5
      vertex -9.54999 -28.8928 -1.5
      vertex -9.6853 -28.7945 1.5
    endloop
  endfacet
  facet normal 0.743175 0.669097 -0
    outer loop
      vertex -9.79721 -28.6702 -1.5
      vertex -9.79721 -28.6702 1.5
      vertex -9.6853 -28.7945 -1.5
    endloop
  endfacet
  facet normal 0.743175 0.669097 0
    outer loop
      vertex -9.6853 -28.7945 1.5
      vertex -9.6853 -28.7945 -1.5
      vertex -9.79721 -28.6702 1.5
    endloop
  endfacet
  facet normal 0.865974 0.500088 -0
    outer loop
      vertex -9.88083 -28.5254 -1.5
      vertex -9.88083 -28.5254 1.5
      vertex -9.79721 -28.6702 -1.5
    endloop
  endfacet
  facet normal 0.865974 0.500088 0
    outer loop
      vertex -9.79721 -28.6702 1.5
      vertex -9.79721 -28.6702 -1.5
      vertex -9.88083 -28.5254 1.5
    endloop
  endfacet
  facet normal 0.951082 0.308937 -0
    outer loop
      vertex -9.93251 -28.3663 -1.5
      vertex -9.93251 -28.3663 1.5
      vertex -9.88083 -28.5254 -1.5
    endloop
  endfacet
  facet normal 0.951082 0.308937 0
    outer loop
      vertex -9.88083 -28.5254 1.5
      vertex -9.88083 -28.5254 -1.5
      vertex -9.93251 -28.3663 1.5
    endloop
  endfacet
  facet normal 0.994515 0.104595 -0
    outer loop
      vertex -9.95 -28.2 -1.5
      vertex -9.95 -28.2 1.5
      vertex -9.93251 -28.3663 -1.5
    endloop
  endfacet
  facet normal 0.994515 0.104595 0
    outer loop
      vertex -9.93251 -28.3663 1.5
      vertex -9.93251 -28.3663 -1.5
      vertex -9.95 -28.2 1.5
    endloop
  endfacet
  facet normal 1 0 -0
    outer loop
      vertex -9.95 18.2 -1.5
      vertex -9.95 18.2 1.5
      vertex -9.95 -28.2 -1.5
    endloop
  endfacet
  facet normal 1 -0 0
    outer loop
      vertex -9.95 -28.2 1.5
      vertex -9.95 -28.2 -1.5
      vertex -9.95 18.2 1.5
    endloop
  endfacet
  facet normal 0.987684 -0.156463 0
    outer loop
      vertex -9.91084 18.4472 -1.5
      vertex -9.91084 18.4472 1.5
      vertex -9.95 18.2 -1.5
    endloop
  endfacet
  facet normal 0.987684 -0.156463 0
    outer loop
      vertex -9.95 18.2 1.5
      vertex -9.95 18.2 -1.5
      vertex -9.91084 18.4472 1.5
    endloop
  endfacet
  facet normal 0.91357 -0.406682 0
    outer loop
      vertex -9.84282 18.6 -1.5
      vertex -9.84282 18.6 1.5
      vertex -9.91084 18.4472 -1.5
    endloop
  endfacet
  facet normal 0.91357 -0.406682 0
    outer loop
      vertex -9.91084 18.4472 1.5
      vertex -9.91084 18.4472 -1.5
      vertex -9.84282 18.6 1.5
    endloop
  endfacet
  facet normal 0.808992 -0.58782 0
    outer loop
      vertex -9.74451 18.7353 -1.5
      vertex -9.74451 18.7353 1.5
      vertex -9.84282 18.6 -1.5
    endloop
  endfacet
  facet normal 0.808992 -0.58782 0
    outer loop
      vertex -9.84282 18.6 1.5
      vertex -9.84282 18.6 -1.5
      vertex -9.74451 18.7353 1.5
    endloop
  endfacet
  facet normal 0.669094 -0.743178 0
    outer loop
      vertex -9.62022 18.8472 -1.5
      vertex -9.62022 18.8472 1.5
      vertex -9.74451 18.7353 -1.5
    endloop
  endfacet
  facet normal 0.669094 -0.743178 0
    outer loop
      vertex -9.74451 18.7353 1.5
      vertex -9.74451 18.7353 -1.5
      vertex -9.62022 18.8472 1.5
    endloop
  endfacet
  facet normal 0.499921 -0.866071 0
    outer loop
      vertex -9.47539 18.9308 -1.5
      vertex -9.47539 18.9308 1.5
      vertex -9.62022 18.8472 -1.5
    endloop
  endfacet
  facet normal 0.499921 -0.866071 0
    outer loop
      vertex -9.62022 18.8472 1.5
      vertex -9.62022 18.8472 -1.5
      vertex -9.47539 18.9308 1.5
    endloop
  endfacet
  facet normal 0.309116 -0.951024 0
    outer loop
      vertex -9.31633 18.9825 -1.5
      vertex -9.31633 18.9825 1.5
      vertex -9.47539 18.9308 -1.5
    endloop
  endfacet
  facet normal 0.309116 -0.951024 0
    outer loop
      vertex -9.47539 18.9308 1.5
      vertex -9.47539 18.9308 -1.5
      vertex -9.31633 18.9825 1.5
    endloop
  endfacet
  facet normal 0.104629 -0.994511 0
    outer loop
      vertex -9.14999 19 -1.5
      vertex -9.14999 19 1.5
      vertex -9.31633 18.9825 -1.5
    endloop
  endfacet
  facet normal 0.104629 -0.994511 0
    outer loop
      vertex -9.31633 18.9825 1.5
      vertex -9.31633 18.9825 -1.5
      vertex -9.14999 19 1.5
    endloop
  endfacet
  facet normal 0 -1 0
    outer loop
      vertex -7.25 19 -1.5
      vertex -7.25 19 1.5
      vertex -9.14999 19 -1.5
    endloop
  endfacet
  facet normal 0 -1 0
    outer loop
      vertex -9.14999 19 1.5
      vertex -9.14999 19 -1.5
      vertex -7.25 19 1.5
    endloop
  endfacet
  facet normal -0.156613 -0.98766 0
    outer loop
      vertex -7.00279 18.9608 -1.5
      vertex -7.00279 18.9608 1.5
      vertex -7.25 19 -1.5
    endloop
  endfacet
  facet normal -0.156613 -0.98766 -0
    outer loop
      vertex -7.25 19 1.5
      vertex -7.25 19 -1.5
      vertex -7.00279 18.9608 1.5
    endloop
  endfacet
  facet normal -0.406627 -0.913594 0
    outer loop
      vertex -6.85001 18.8928 -1.5
      vertex -6.85001 18.8928 1.5
      vertex -7.00279 18.9608 -1.5
    endloop
  endfacet
  facet normal -0.406627 -0.913594 -0
    outer loop
      vertex -7.00279 18.9608 1.5
      vertex -7.00279 18.9608 -1.5
      vertex -6.85001 18.8928 1.5
    endloop
  endfacet
  facet normal -0.587724 -0.809062 0
    outer loop
      vertex -6.71469 18.7945 -1.5
      vertex -6.71469 18.7945 1.5
      vertex -6.85001 18.8928 -1.5
    endloop
  endfacet
  facet normal -0.587724 -0.809062 -0
    outer loop
      vertex -6.85001 18.8928 1.5
      vertex -6.85001 18.8928 -1.5
      vertex -6.71469 18.7945 1.5
    endloop
  endfacet
  facet normal -0.743175 -0.669097 0
    outer loop
      vertex -6.60278 18.6702 -1.5
      vertex -6.60278 18.6702 1.5
      vertex -6.71469 18.7945 -1.5
    endloop
  endfacet
  facet normal -0.743175 -0.669097 -0
    outer loop
      vertex -6.71469 18.7945 1.5
      vertex -6.71469 18.7945 -1.5
      vertex -6.60278 18.6702 1.5
    endloop
  endfacet
  facet normal -0.866 -0.500043 0
    outer loop
      vertex -6.51917 18.5254 -1.5
      vertex -6.51917 18.5254 1.5
      vertex -6.60278 18.6702 -1.5
    endloop
  endfacet
  facet normal -0.866 -0.500043 -0
    outer loop
      vertex -6.60278 18.6702 1.5
      vertex -6.60278 18.6702 -1.5
      vertex -6.51917 18.5254 1.5
    endloop
  endfacet
  facet normal -0.951065 -0.308991 0
    outer loop
      vertex -6.46748 18.3663 -1.5
      vertex -6.46748 18.3663 1.5
      vertex -6.51917 18.5254 -1.5
    endloop
  endfacet
  facet normal -0.951065 -0.308991 -0
    outer loop
      vertex -6.51917 18.5254 1.5
      vertex -6.51917 18.5254 -1.5
      vertex -6.46748 18.3663 1.5
    endloop
  endfacet
  facet normal -0.994521 -0.104535 0
    outer loop
      vertex -6.45 18.2 -1.5
      vertex -6.45 18.2 1.5
      vertex -6.46748 18.3663 -1.5
    endloop
  endfacet
  facet normal -0.994521 -0.104535 -0
    outer loop
      vertex -6.46748 18.3663 1.5
      vertex -6.46748 18.3663 -1.5
      vertex -6.45 18.2 1.5
    endloop
  endfacet
  facet normal -1 0 0
    outer loop
      vertex -6.45 -28.2 -1.5
      vertex -6.45 -28.2 1.5
      vertex -6.45 18.2 -1.5
    endloop
  endfacet
  facet normal -1 -0 -0
    outer loop
      vertex -6.45 18.2 1.5
      vertex -6.45 18.2 -1.5
      vertex -6.45 -28.2 1.5
    endloop
  endfacet
  facet normal -0.98769 0.156424 0
    outer loop
      vertex -6.48915 -28.4472 -1.5
      vertex -6.48915 -28.4472 1.5
      vertex -6.45 -28.2 -1.5
    endloop
  endfacet
  facet normal -0.98769 0.156424 0
    outer loop
      vertex -6.45 -28.2 1.5
      vertex -6.45 -28.2 -1.5
      vertex -6.48915 -28.4472 1.5
    endloop
  endfacet
  facet normal -0.91357 0.406682 0
    outer loop
      vertex -6.55717 -28.6 -1.5
      vertex -6.55717 -28.6 1.5
      vertex -6.48915 -28.4472 -1.5
    endloop
  endfacet
  facet normal -0.91357 0.406682 0
    outer loop
      vertex -6.48915 -28.4472 1.5
      vertex -6.48915 -28.4472 -1.5
      vertex -6.55717 -28.6 1.5
    endloop
  endfacet
  facet normal -0.808964 0.587859 0
    outer loop
      vertex -6.65549 -28.7353 -1.5
      vertex -6.65549 -28.7353 1.5
      vertex -6.55717 -28.6 -1.5
    endloop
  endfacet
  facet normal -0.808964 0.587859 0
    outer loop
      vertex -6.55717 -28.6 1.5
      vertex -6.55717 -28.6 -1.5
      vertex -6.65549 -28.7353 1.5
    endloop
  endfacet
  facet normal -0.669123 0.743151 0
    outer loop
      vertex -6.77977 -28.8472 -1.5
      vertex -6.77977 -28.8472 1.5
      vertex -6.65549 -28.7353 -1.5
    endloop
  endfacet
  facet normal -0.669123 0.743151 0
    outer loop
      vertex -6.65549 -28.7353 1.5
      vertex -6.65549 -28.7353 -1.5
      vertex -6.77977 -28.8472 1.5
    endloop
  endfacet
  facet normal -0.499895 0.866086 0
    outer loop
      vertex -6.92461 -28.9308 -1.5
      vertex -6.92461 -28.9308 1.5
      vertex -6.77977 -28.8472 -1.5
    endloop
  endfacet
  facet normal -0.499895 0.866086 0
    outer loop
      vertex -6.77977 -28.8472 1.5
      vertex -6.77977 -28.8472 -1.5
      vertex -6.92461 -28.9308 1.5
    endloop
  endfacet
  facet normal -0.309133 0.951019 0
    outer loop
      vertex -7.08366 -28.9825 -1.5
      vertex -7.08366 -28.9825 1.5
      vertex -6.92461 -28.9308 -1.5
    endloop
  endfacet
  facet normal -0.309133 0.951019 0
    outer loop
      vertex -6.92461 -28.9308 1.5
      vertex -6.92461 -28.9308 -1.5
      vertex -7.08366 -28.9825 1.5
    endloop
  endfacet
  facet normal -0.104629 0.994511 0
    outer loop
      vertex -7.25 -29 -1.5
      vertex -7.25 -29 1.5
      vertex -7.08366 -28.9825 -1.5
    endloop
  endfacet
  facet normal -0.104629 0.994511 0
    outer loop
      vertex -7.08366 -28.9825 1.5
      vertex -7.08366 -28.9825 -1.5
      vertex -7.25 -29 1.5
    endloop
  endfacet
  facet normal 0 1 0
    outer loop
      vertex -9.14999 -29 -1.5
      vertex -9.14999 -29 1.5
      vertex -7.25 -29 -1.5
    endloop
  endfacet
  facet normal 0 1 0
    outer loop
      vertex -7.25 -29 1.5
      vertex -7.25 -29 -1.5
      vertex -9.14999 -29 1.5
    endloop
  endfacet
  facet normal 0.156617 0.987659 -0
    outer loop
      vertex -1.1972 -28.9608 -1.5
      vertex -1.1972 -28.9608 1.5
      vertex -0.949997 -29 -1.5
    endloop
  endfacet
  facet normal 0.156617 0.987659 0
    outer loop
      vertex -0.949997 -29 1.5
      vertex -0.949997 -29 -1.5
      vertex -1.1972 -28.9608 1.5
    endloop
  endfacet
  facet normal 0.406604 0.913604 -0
    outer loop
      vertex -1.34999 -28.8928 -1.5
      vertex -1.34999 -28.8928 1.5
      vertex -1.1972 -28.9608 -1.5
    endloop
  endfacet
  facet normal 0.406604 0.913604 0
    outer loop
      vertex -1.1972 -28.9608 1.5
      vertex -1.1972 -28.9608 -1.5
      vertex -1.34999 -28.8928 1.5
    endloop
  endfacet
  facet normal 0.587724 0.809062 -0
    outer loop
      vertex -1.48531 -28.7945 -1.5
      vertex -1.48531 -28.7945 1.5
      vertex -1.34999 -28.8928 -1.5
    endloop
  endfacet
  facet normal 0.587724 0.809062 0
    outer loop
      vertex -1.34999 -28.8928 1.5
      vertex -1.34999 -28.8928 -1.5
      vertex -1.48531 -28.7945 1.5
    endloop
  endfacet
  facet normal 0.743205 0.669064 -0
    outer loop
      vertex -1.59721 -28.6702 -1.5
      vertex -1.59721 -28.6702 1.5
      vertex -1.48531 -28.7945 -1.5
    endloop
  endfacet
  facet normal 0.743205 0.669064 0
    outer loop
      vertex -1.48531 -28.7945 1.5
      vertex -1.48531 -28.7945 -1.5
      vertex -1.59721 -28.6702 1.5
    endloop
  endfacet
  facet normal 0.865974 0.500088 -0
    outer loop
      vertex -1.68083 -28.5254 -1.5
      vertex -1.68083 -28.5254 1.5
      vertex -1.59721 -28.6702 -1.5
    endloop
  endfacet
  facet normal 0.865974 0.500088 0
    outer loop
      vertex -1.59721 -28.6702 1.5
      vertex -1.59721 -28.6702 -1.5
      vertex -1.68083 -28.5254 1.5
    endloop
  endfacet
  facet normal 0.951082 0.308937 -0
    outer loop
      vertex -1.73251 -28.3663 -1.5
      vertex -1.73251 -28.3663 1.5
      vertex -1.68083 -28.5254 -1.5
    endloop
  endfacet
  facet normal 0.951082 0.308937 0
    outer loop
      vertex -1.68083 -28.5254 1.5
      vertex -1.68083 -28.5254 -1.5
      vertex -1.73251 -28.3663 1.5
    endloop
  endfacet
  facet normal 0.994515 0.104595 -0
    outer loop
      vertex -1.75 -28.2 -1.5
      vertex -1.75 -28.2 1.5
      vertex -1.73251 -28.3663 -1.5
    endloop
  endfacet
  facet normal 0.994515 0.104595 0
    outer loop
      vertex -1.73251 -28.3663 1.5
      vertex -1.73251 -28.3663 -1.5
      vertex -1.75 -28.2 1.5
    endloop
  endfacet
  facet normal 1 0 -0
    outer loop
      vertex -1.75 18.2 -1.5
      vertex -1.75 18.2 1.5
      vertex -1.75 -28.2 -1.5
    endloop
  endfacet
  facet normal 1 -0 0
    outer loop
      vertex -1.75 -28.2 1.5
      vertex -1.75 -28.2 -1.5
      vertex -1.75 18.2 1.5
    endloop
  endfacet
  facet normal 0.98769 -0.156424 0
    outer loop
      vertex -1.71085 18.4472 -1.5
      vertex -1.71085 18.4472 1.5
      vertex -1.75 18.2 -1.5
    endloop
  endfacet
  facet normal 0.98769 -0.156424 0
    outer loop
      vertex -1.75 18.2 1.5
      vertex -1.75 18.2 -1.5
      vertex -1.71085 18.4472 1.5
    endloop
  endfacet
  facet normal 0.913548 -0.406732 0
    outer loop
      vertex -1.64282 18.6 -1.5
      vertex -1.64282 18.6 1.5
      vertex -1.71085 18.4472 -1.5
    endloop
  endfacet
  facet normal 0.913548 -0.406732 0
    outer loop
      vertex -1.71085 18.4472 1.5
      vertex -1.71085 18.4472 -1.5
      vertex -1.64282 18.6 1.5
    endloop
  endfacet
  facet normal 0.808992 -0.58782 0
    outer loop
      vertex -1.54451 18.7353 -1.5
      vertex -1.54451 18.7353 1.5
      vertex -1.64282 18.6 -1.5
    endloop
  endfacet
  facet normal 0.808992 -0.58782 0
    outer loop
      vertex -1.64282 18.6 1.5
      vertex -1.64282 18.6 -1.5
      vertex -1.54451 18.7353 1.5
    endloop
  endfacet
  facet normal 0.669123 -0.743151 0
    outer loop
      vertex -1.42023 18.8472 -1.5
      vertex -1.42023 18.8472 1.5
      vertex -1.54451 18.7353 -1.5
    endloop
  endfacet
  facet normal 0.669123 -0.743151 0
    outer loop
      vertex -1.54451 18.7353 1.5
      vertex -1.54451 18.7353 -1.5
      vertex -1.42023 18.8472 1.5
    endloop
  endfacet
  facet normal 0.499895 -0.866086 0
    outer loop
      vertex -1.27539 18.9308 -1.5
      vertex -1.27539 18.9308 1.5
      vertex -1.42023 18.8472 -1.5
    endloop
  endfacet
  facet normal 0.499895 -0.866086 0
    outer loop
      vertex -1.42023 18.8472 1.5
      vertex -1.42023 18.8472 -1.5
      vertex -1.27539 18.9308 1.5
    endloop
  endfacet
  facet normal 0.309116 -0.951024 0
    outer loop
      vertex -1.11633 18.9825 -1.5
      vertex -1.11633 18.9825 1.5
      vertex -1.27539 18.9308 -1.5
    endloop
  endfacet
  facet normal 0.309116 -0.951024 0
    outer loop
      vertex -1.27539 18.9308 1.5
      vertex -1.27539 18.9308 -1.5
      vertex -1.11633 18.9825 1.5
    endloop
  endfacet
  facet normal 0.104633 -0.994511 0
    outer loop
      vertex -0.949997 19 -1.5
      vertex -0.949997 19 1.5
      vertex -1.11633 18.9825 -1.5
    endloop
  endfacet
  facet normal 0.104633 -0.994511 0
    outer loop
      vertex -1.11633 18.9825 1.5
      vertex -1.11633 18.9825 -1.5
      vertex -0.949997 19 1.5
    endloop
  endfacet
  facet normal 0 -1 0
    outer loop
      vertex 0.949997 19 -1.5
      vertex 0.949997 19 1.5
      vertex -0.949997 19 -1.5
    endloop
  endfacet
  facet normal 0 -1 0
    outer loop
      vertex -0.949997 19 1.5
      vertex -0.949997 19 -1.5
      vertex 0.949997 19 1.5
    endloop
  endfacet
  facet normal -0.156617 -0.987659 0
    outer loop
      vertex 1.1972 18.9608 -1.5
      vertex 1.1972 18.9608 1.5
      vertex 0.949997 19 -1.5
    endloop
  endfacet
  facet normal -0.156617 -0.987659 -0
    outer loop
      vertex 0.949997 19 1.5
      vertex 0.949997 19 -1.5
      vertex 1.1972 18.9608 1.5
    endloop
  endfacet
  facet normal -0.406604 -0.913604 0
    outer loop
      vertex 1.34999 18.8928 -1.5
      vertex 1.34999 18.8928 1.5
      vertex 1.1972 18.9608 -1.5
    endloop
  endfacet
  facet normal -0.406604 -0.913604 -0
    outer loop
      vertex 1.1972 18.9608 1.5
      vertex 1.1972 18.9608 -1.5
      vertex 1.34999 18.8928 1.5
    endloop
  endfacet
  facet normal -0.587724 -0.809062 0
    outer loop
      vertex 1.48531 18.7945 -1.5
      vertex 1.48531 18.7945 1.5
      vertex 1.34999 18.8928 -1.5
    endloop
  endfacet
  facet normal -0.587724 -0.809062 -0
    outer loop
      vertex 1.34999 18.8928 1.5
      vertex 1.34999 18.8928 -1.5
      vertex 1.48531 18.7945 1.5
    endloop
  endfacet
  facet normal -0.743205 -0.669064 0
    outer loop
      vertex 1.59721 18.6702 -1.5
      vertex 1.59721 18.6702 1.5
      vertex 1.48531 18.7945 -1.5
    endloop
  endfacet
  facet normal -0.743205 -0.669064 -0
    outer loop
      vertex 1.48531 18.7945 1.5
      vertex 1.48531 18.7945 -1.5
      vertex 1.59721 18.6702 1.5
    endloop
  endfacet
  facet normal -0.865974 -0.500088 0
    outer loop
      vertex 1.68083 18.5254 -1.5
      vertex 1.68083 18.5254 1.5
      vertex 1.59721 18.6702 -1.5
    endloop
  endfacet
  facet normal -0.865974 -0.500088 -0
    outer loop
      vertex 1.59721 18.6702 1.5
      vertex 1.59721 18.6702 -1.5
      vertex 1.68083 18.5254 1.5
    endloop
  endfacet
  facet normal -0.951082 -0.308937 0
    outer loop
      vertex 1.73251 18.3663 -1.5
      vertex 1.73251 18.3663 1.5
      vertex 1.68083 18.5254 -1.5
    endloop
  endfacet
  facet normal -0.951082 -0.308937 -0
    outer loop
      vertex 1.68083 18.5254 1.5
      vertex 1.68083 18.5254 -1.5
      vertex 1.73251 18.3663 1.5
    endloop
  endfacet
  facet normal -0.994515 -0.104595 0
    outer loop
      vertex 1.75 18.2 -1.5
      vertex 1.75 18.2 1.5
      vertex 1.73251 18.3663 -1.5
    endloop
  endfacet
  facet normal -0.994515 -0.104595 -0
    outer loop
      vertex 1.73251 18.3663 1.5
      vertex 1.73251 18.3663 -1.5
      vertex 1.75 18.2 1.5
    endloop
  endfacet
  facet normal -1 0 0
    outer loop
      vertex 1.75 -28.2 -1.5
      vertex 1.75 -28.2 1.5
      vertex 1.75 18.2 -1.5
    endloop
  endfacet
  facet normal -1 -0 -0
    outer loop
      vertex 1.75 18.2 1.5
      vertex 1.75 18.2 -1.5
      vertex 1.75 -28.2 1.5
    endloop
  endfacet
  facet normal -0.98769 0.156424 0
    outer loop
      vertex 1.71085 -28.4472 -1.5
      vertex 1.71085 -28.4472 1.5
      vertex 1.75 -28.2 -1.5
    endloop
  endfacet
  facet normal -0.98769 0.156424 0
    outer loop
      vertex 1.75 -28.2 1.5
      vertex 1.75 -28.2 -1.5
      vertex 1.71085 -28.4472 1.5
    endloop
  endfacet
  facet normal -0.913548 0.406732 0
    outer loop
      vertex 1.64282 -28.6 -1.5
      vertex 1.64282 -28.6 1.5
      vertex 1.71085 -28.4472 -1.5
    endloop
  endfacet
  facet normal -0.913548 0.406732 0
    outer loop
      vertex 1.71085 -28.4472 1.5
      vertex 1.71085 -28.4472 -1.5
      vertex 1.64282 -28.6 1.5
    endloop
  endfacet
  facet normal -0.808992 0.58782 0
    outer loop
      vertex 1.54451 -28.7353 -1.5
      vertex 1.54451 -28.7353 1.5
      vertex 1.64282 -28.6 -1.5
    endloop
  endfacet
  facet normal -0.808992 0.58782 0
    outer loop
      vertex 1.64282 -28.6 1.5
      vertex 1.64282 -28.6 -1.5
      vertex 1.54451 -28.7353 1.5
    endloop
  endfacet
  facet normal -0.669123 0.743151 0
    outer loop
      vertex 1.42023 -28.8472 -1.5
      vertex 1.42023 -28.8472 1.5
      vertex 1.54451 -28.7353 -1.5
    endloop
  endfacet
  facet normal -0.669123 0.743151 0
    outer loop
      vertex 1.54451 -28.7353 1.5
      vertex 1.54451 -28.7353 -1.5
      vertex 1.42023 -28.8472 1.5
    endloop
  endfacet
  facet normal -0.499895 0.866086 0
    outer loop
      vertex 1.27539 -28.9308 -1.5
      vertex 1.27539 -28.9308 1.5
      vertex 1.42023 -28.8472 -1.5
    endloop
  endfacet
  facet normal -0.499895 0.866086 0
    outer loop
      vertex 1.42023 -28.8472 1.5
      vertex 1.42023 -28.8472 -1.5
      vertex 1.27539 -28.9308 1.5
    endloop
  endfacet
  facet normal -0.309116 0.951024 0
    outer loop
      vertex 1.11633 -28.9825 -1.5
      vertex 1.11633 -28.9825 1.5
      vertex 1.27539 -28.9308 -1.5
    endloop
  endfacet
  facet normal -0.309116 0.951024 0
    outer loop
      vertex 1.27539 -28.9308 1.5
      vertex 1.27539 -28.9308 -1.5
      vertex 1.11633 -28.9825 1.5
    endloop
  endfacet
  facet normal -0.104633 0.994511 0
    outer loop
      vertex 0.949997 -29 -1.5
      vertex 0.949997 -29 1.5
      vertex 1.11633 -28.9825 -1.5
    endloop
  endfacet
  facet normal -0.104633 0.994511 0
    outer loop
      vertex 1.11633 -28.9825 1.5
      vertex 1.11633 -28.9825 -1.5
      vertex 0.949997 -29 1.5
    endloop
  endfacet
  facet normal 0 1 0
    outer loop
      vertex -0.949997 -29 -1.5
      vertex -0.949997 -29 1.5
      vertex 0.949997 -29 -1.5
    endloop
  endfacet
  facet normal 0 1 0
    outer loop
      vertex 0.949997 -29 1.5
      vertex 0.949997 -29 -1.5
      vertex -0.949997 -29 1.5
    endloop
  endfacet
  facet normal 0.156613 0.98766 -0
    outer loop
      vertex 7.00279 -28.9608 -1.5
      vertex 7.00279 -28.9608 1.5
      vertex 7.25 -29 -1.5
    endloop
  endfacet
  facet normal 0.156613 0.98766 0
    outer loop
      vertex 7.25 -29 1.5
      vertex 7.25 -29 -1.5
      vertex 7.00279 -28.9608 1.5
    endloop
  endfacet
  facet normal 0.406627 0.913594 -0
    outer loop
      vertex 6.85001 -28.8928 -1.5
      vertex 6.85001 -28.8928 1.5
      vertex 7.00279 -28.9608 -1.5
    endloop
  endfacet
  facet normal 0.406627 0.913594 0
    outer loop
      vertex 7.00279 -28.9608 1.5
      vertex 7.00279 -28.9608 -1.5
      vertex 6.85001 -28.8928 1.5
    endloop
  endfacet
  facet normal 0.587724 0.809062 -0
    outer loop
      vertex 6.71469 -28.7945 -1.5
      vertex 6.71469 -28.7945 1.5
      vertex 6.85001 -28.8928 -1.5
    endloop
  endfacet
  facet normal 0.587724 0.809062 0
    outer loop
      vertex 6.85001 -28.8928 1.5
      vertex 6.85001 -28.8928 -1.5
      vertex 6.71469 -28.7945 1.5
    endloop
  endfacet
  facet normal 0.743175 0.669097 -0
    outer loop
      vertex 6.60278 -28.6702 -1.5
      vertex 6.60278 -28.6702 1.5
      vertex 6.71469 -28.7945 -1.5
    endloop
  endfacet
  facet normal 0.743175 0.669097 0
    outer loop
      vertex 6.71469 -28.7945 1.5
      vertex 6.71469 -28.7945 -1.5
      vertex 6.60278 -28.6702 1.5
    endloop
  endfacet
  facet normal 0.866 0.500043 -0
    outer loop
      vertex 6.51917 -28.5254 -1.5
      vertex 6.51917 -28.5254 1.5
      vertex 6.60278 -28.6702 -1.5
    endloop
  endfacet
  facet normal 0.866 0.500043 0
    outer loop
      vertex 6.60278 -28.6702 1.5
      vertex 6.60278 -28.6702 -1.5
      vertex 6.51917 -28.5254 1.5
    endloop
  endfacet
  facet normal 0.951065 0.308991 -0
    outer loop
      vertex 6.46748 -28.3663 -1.5
      vertex 6.46748 -28.3663 1.5
      vertex 6.51917 -28.5254 -1.5
    endloop
  endfacet
  facet normal 0.951065 0.308991 0
    outer loop
      vertex 6.51917 -28.5254 1.5
      vertex 6.51917 -28.5254 -1.5
      vertex 6.46748 -28.3663 1.5
    endloop
  endfacet
  facet normal 0.994521 0.104535 -0
    outer loop
      vertex 6.45 -28.2 -1.5
      vertex 6.45 -28.2 1.5
      vertex 6.46748 -28.3663 -1.5
    endloop
  endfacet
  facet normal 0.994521 0.104535 0
    outer loop
      vertex 6.46748 -28.3663 1.5
      vertex 6.46748 -28.3663 -1.5
      vertex 6.45 -28.2 1.5
    endloop
  endfacet
  facet normal 1 0 -0
    outer loop
      vertex 6.45 18.2 -1.5
      vertex 6.45 18.2 1.5
      vertex 6.45 -28.2 -1.5
    endloop
  endfacet
  facet normal 1 -0 0
    outer loop
      vertex 6.45 -28.2 1.5
      vertex 6.45 -28.2 -1.5
      vertex 6.45 18.2 1.5
    endloop
  endfacet
  facet normal 0.98769 -0.156424 0
    outer loop
      vertex 6.48915 18.4472 -1.5
      vertex 6.48915 18.4472 1.5
      vertex 6.45 18.2 -1.5
    endloop
  endfacet
  facet normal 0.98769 -0.156424 0
    outer loop
      vertex 6.45 18.2 1.5
      vertex 6.45 18.2 -1.5
      vertex 6.48915 18.4472 1.5
    endloop
  endfacet
  facet normal 0.91357 -0.406682 0
    outer loop
      vertex 6.55717 18.6 -1.5
      vertex 6.55717 18.6 1.5
      vertex 6.48915 18.4472 -1.5
    endloop
  endfacet
  facet normal 0.91357 -0.406682 0
    outer loop
      vertex 6.48915 18.4472 1.5
      vertex 6.48915 18.4472 -1.5
      vertex 6.55717 18.6 1.5
    endloop
  endfacet
  facet normal 0.808964 -0.587859 0
    outer loop
      vertex 6.65549 18.7353 -1.5
      vertex 6.65549 18.7353 1.5
      vertex 6.55717 18.6 -1.5
    endloop
  endfacet
  facet normal 0.808964 -0.587859 0
    outer loop
      vertex 6.55717 18.6 1.5
      vertex 6.55717 18.6 -1.5
      vertex 6.65549 18.7353 1.5
    endloop
  endfacet
  facet normal 0.669123 -0.743151 0
    outer loop
      vertex 6.77977 18.8472 -1.5
      vertex 6.77977 18.8472 1.5
      vertex 6.65549 18.7353 -1.5
    endloop
  endfacet
  facet normal 0.669123 -0.743151 0
    outer loop
      vertex 6.65549 18.7353 1.5
      vertex 6.65549 18.7353 -1.5
      vertex 6.77977 18.8472 1.5
    endloop
  endfacet
  facet normal 0.499895 -0.866086 0
    outer loop
      vertex 6.92461 18.9308 -1.5
      vertex 6.92461 18.9308 1.5
      vertex 6.77977 18.8472 -1.5
    endloop
  endfacet
  facet normal 0.499895 -0.866086 0
    outer loop
      vertex 6.77977 18.8472 1.5
      vertex 6.77977 18.8472 -1.5
      vertex 6.92461 18.9308 1.5
    endloop
  endfacet
  facet normal 0.309133 -0.951019 0
    outer loop
      vertex 7.08366 18.9825 -1.5
      vertex 7.08366 18.9825 1.5
      vertex 6.92461 18.9308 -1.5
    endloop
  endfacet
  facet normal 0.309133 -0.951019 0
    outer loop
      vertex 6.92461 18.9308 1.5
      vertex 6.92461 18.9308 -1.5
      vertex 7.08366 18.9825 1.5
    endloop
  endfacet
  facet normal 0.104629 -0.994511 0
    outer loop
      vertex 7.25 19 -1.5
      vertex 7.25 19 1.5
      vertex 7.08366 18.9825 -1.5
    endloop
  endfacet
  facet normal 0.104629 -0.994511 0
    outer loop
      vertex 7.08366 18.9825 1.5
      vertex 7.08366 18.9825 -1.5
      vertex 7.25 19 1.5
    endloop
  endfacet
  facet normal 0 -1 0
    outer loop
      vertex 9.14999 19 -1.5
      vertex 9.14999 19 1.5
      vertex 7.25 19 -1.5
    endloop
  endfacet
  facet normal 0 -1 0
    outer loop
      vertex 7.25 19 1.5
      vertex 7.25 19 -1.5
      vertex 9.14999 19 1.5
    endloop
  endfacet
  facet normal -0.156613 -0.98766 0
    outer loop
      vertex 9.3972 18.9608 -1.5
      vertex 9.3972 18.9608 1.5
      vertex 9.14999 19 -1.5
    endloop
  endfacet
  facet normal -0.156613 -0.98766 -0
    outer loop
      vertex 9.14999 19 1.5
      vertex 9.14999 19 -1.5
      vertex 9.3972 18.9608 1.5
    endloop
  endfacet
  facet normal -0.406604 -0.913604 0
    outer loop
      vertex 9.54999 18.8928 -1.5
      vertex 9.54999 18.8928 1.5
      vertex 9.3972 18.9608 -1.5
    endloop
  endfacet
  facet normal -0.406604 -0.913604 -0
    outer loop
      vertex 9.3972 18.9608 1.5
      vertex 9.3972 18.9608 -1.5
      vertex 9.54999 18.8928 1.5
    endloop
  endfacet
  facet normal -0.587752 -0.809041 0
    outer loop
      vertex 9.6853 18.7945 -1.5
      vertex 9.6853 18.7945 1.5
      vertex 9.54999 18.8928 -1.5
    endloop
  endfacet
  facet normal -0.587752 -0.809041 -0
    outer loop
      vertex 9.54999 18.8928 1.5
      vertex 9.54999 18.8928 -1.5
      vertex 9.6853 18.7945 1.5
    endloop
  endfacet
  facet normal -0.743175 -0.669097 0
    outer loop
      vertex 9.79721 18.6702 -1.5
      vertex 9.79721 18.6702 1.5
      vertex 9.6853 18.7945 -1.5
    endloop
  endfacet
  facet normal -0.743175 -0.669097 -0
    outer loop
      vertex 9.6853 18.7945 1.5
      vertex 9.6853 18.7945 -1.5
      vertex 9.79721 18.6702 1.5
    endloop
  endfacet
  facet normal -0.865974 -0.500088 0
    outer loop
      vertex 9.88083 18.5254 -1.5
      vertex 9.88083 18.5254 1.5
      vertex 9.79721 18.6702 -1.5
    endloop
  endfacet
  facet normal -0.865974 -0.500088 -0
    outer loop
      vertex 9.79721 18.6702 1.5
      vertex 9.79721 18.6702 -1.5
      vertex 9.88083 18.5254 1.5
    endloop
  endfacet
  facet normal -0.951082 -0.308937 0
    outer loop
      vertex 9.93251 18.3663 -1.5
      vertex 9.93251 18.3663 1.5
      vertex 9.88083 18.5254 -1.5
    endloop
  endfacet
  facet normal -0.951082 -0.308937 -0
    outer loop
      vertex 9.88083 18.5254 1.5
      vertex 9.88083 18.5254 -1.5
      vertex 9.93251 18.3663 1.5
    endloop
  endfacet
  facet normal -0.994515 -0.104595 0
    outer loop
      vertex 9.95 18.2 -1.5
      vertex 9.95 18.2 1.5
      vertex 9.93251 18.3663 -1.5
    endloop
  endfacet
  facet normal -0.994515 -0.104595 -0
    outer loop
      vertex 9.93251 18.3663 1.5
      vertex 9.93251 18.3663 -1.5
      vertex 9.95 18.2 1.5
    endloop
  endfacet
  facet normal -1 0 0
    outer loop
      vertex 9.95 -28.2 -1.5
      vertex 9.95 -28.2 1.5
      vertex 9.95 18.2 -1.5
    endloop
  endfacet
  facet normal -1 -0 -0
    outer loop
      vertex 9.95 18.2 1.5
      vertex 9.95 18.2 -1.5
      vertex 9.95 -28.2 1.5
    endloop
  endfacet
  facet normal -0.987684 0.156463 0
    outer loop
      vertex 9.91084 -28.4472 -1.5
      vertex 9.91084 -28.4472 1.5
      vertex 9.95 -28.2 -1.5
    endloop
  endfacet
  facet normal -0.987684 0.156463 0
    outer loop
      vertex 9.95 -28.2 1.5
      vertex 9.95 -28.2 -1.5
      vertex 9.91084 -28.4472 1.5
    endloop
  endfacet
  facet normal -0.91357 0.406682 0
    outer loop
      vertex 9.84282 -28.6 -1.5
      vertex 9.84282 -28.6 1.5
      vertex 9.91084 -28.4472 -1.5
    endloop
  endfacet
  facet normal -0.91357 0.406682 0
    outer loop
      vertex 9.91084 -28.4472 1.5
      vertex 9.91084 -28.4472 -1.5
      vertex 9.84282 -28.6 1.5
    endloop
  endfacet
  facet normal -0.808992 0.58782 0
    outer loop
      vertex 9.74451 -28.7353 -1.5
      vertex 9.74451 -28.7353 1.5
      vertex 9.84282 -28.6 -1.5
    endloop
  endfacet
  facet normal -0.808992 0.58782 0
    outer loop
      vertex 9.84282 -28.6 1.5
      vertex 9.84282 -28.6 -1.5
      vertex 9.74451 -28.7353 1.5
    endloop
  endfacet
  facet normal -0.669094 0.743178 0
    outer loop
      vertex 9.62022 -28.8472 -1.5
      vertex 9.62022 -28.8472 1.5
      vertex 9.74451 -28.7353 -1.5
    endloop
  endfacet
  facet normal -0.669094 0.743178 0
    outer loop
      vertex 9.74451 -28.7353 1.5
      vertex 9.74451 -28.7353 -1.5
      vertex 9.62022 -28.8472 1.5
    endloop
  endfacet
  facet normal -0.499921 0.866071 0
    outer loop
      vertex 9.47539 -28.9308 -1.5
      vertex 9.47539 -28.9308 1.5
      vertex 9.62022 -28.8472 -1.5
    endloop
  endfacet
  facet normal -0.499921 0.866071 0
    outer loop
      vertex 9.62022 -28.8472 1.5
      vertex 9.62022 -28.8472 -1.5
      vertex 9.47539 -28.9308 1.5
    endloop
  endfacet
  facet normal -0.309116 0.951024 0
    outer loop
      vertex 9.31633 -28.9825 -1.5
      vertex 9.31633 -28.9825 1.5
      vertex 9.47539 -28.9308 -1.5
    endloop
  endfacet
  facet normal -0.309116 0.951024 0
    outer loop
      vertex 9.47539 -28.9308 1.5
      vertex 9.47539 -28.9308 -1.5
      vertex 9.31633 -28.9825 1.5
    endloop
  endfacet
  facet normal -0.104629 0.994511 0
    outer loop
      vertex 9.14999 -29 -1.5
      vertex 9.14999 -29 1.5
      vertex 9.31633 -28.9825 -1.5
    endloop
  endfacet
  facet normal -0.104629 0.994511 0
    outer loop
      vertex 9.31633 -28.9825 1.5
      vertex 9.31633 -28.9825 -1.5
      vertex 9.14999 -29 1.5
    endloop
  endfacet
  facet normal 0 1 0
    outer loop
      vertex 7.25 -29 -1.5
      vertex 7.25 -29 1.5
      vertex 9.14999 -29 -1.5
    endloop
  endfacet
  facet normal 0 1 0
    outer loop
      vertex 9.14999 -29 1.5
      vertex 9.14999 -29 -1.5
      vertex 7.25 -29 1.5
    endloop
  endfacet
  facet normal 0.156619 0.987659 -0
    outer loop
      vertex 15.2028 -28.9608 -1.5
      vertex 15.2028 -28.9608 1.5
      vertex 15.45 -29 -1.5
    endloop
  endfacet
  facet normal 0.156619 0.987659 0
    outer loop
      vertex 15.45 -29 1.5
      vertex 15.45 -29 -1.5
      vertex 15.2028 -28.9608 1.5
    endloop
  endfacet
  facet normal 0.406582 0.913614 -0
    outer loop
      vertex 15.05 -28.8928 -1.5
      vertex 15.05 -28.8928 1.5
      vertex 15.2028 -28.9608 -1.5
    endloop
  endfacet
  facet normal 0.406582 0.913614 0
    outer loop
      vertex 15.2028 -28.9608 1.5
      vertex 15.2028 -28.9608 -1.5
      vertex 15.05 -28.8928 1.5
    endloop
  endfacet
  facet normal 0.587781 0.80902 -0
    outer loop
      vertex 14.9147 -28.7945 -1.5
      vertex 14.9147 -28.7945 1.5
      vertex 15.05 -28.8928 -1.5
    endloop
  endfacet
  facet normal 0.587781 0.80902 0
    outer loop
      vertex 15.05 -28.8928 1.5
      vertex 15.05 -28.8928 -1.5
      vertex 14.9147 -28.7945 1.5
    endloop
  endfacet
  facet normal 0.743205 0.669064 -0
    outer loop
      vertex 14.8028 -28.6702 -1.5
      vertex 14.8028 -28.6702 1.5
      vertex 14.9147 -28.7945 -1.5
    endloop
  endfacet
  facet normal 0.743205 0.669064 0
    outer loop
      vertex 14.9147 -28.7945 1.5
      vertex 14.9147 -28.7945 -1.5
      vertex 14.8028 -28.6702 1.5
    endloop
  endfacet
  facet normal 0.866026 0.499999 -0
    outer loop
      vertex 14.7192 -28.5254 -1.5
      vertex 14.7192 -28.5254 1.5
      vertex 14.8028 -28.6702 -1.5
    endloop
  endfacet
  facet normal 0.866026 0.499999 0
    outer loop
      vertex 14.8028 -28.6702 1.5
      vertex 14.8028 -28.6702 -1.5
      vertex 14.7192 -28.5254 1.5
    endloop
  endfacet
  facet normal 0.951047 0.309046 -0
    outer loop
      vertex 14.6675 -28.3663 -1.5
      vertex 14.6675 -28.3663 1.5
      vertex 14.7192 -28.5254 -1.5
    endloop
  endfacet
  facet normal 0.951047 0.309046 0
    outer loop
      vertex 14.7192 -28.5254 1.5
      vertex 14.7192 -28.5254 -1.5
      vertex 14.6675 -28.3663 1.5
    endloop
  endfacet
  facet normal 0.994509 0.104654 -0
    outer loop
      vertex 14.65 -28.2 -1.5
      vertex 14.65 -28.2 1.5
      vertex 14.6675 -28.3663 -1.5
    endloop
  endfacet
  facet normal 0.994509 0.104654 0
    outer loop
      vertex 14.6675 -28.3663 1.5
      vertex 14.6675 -28.3663 -1.5
      vertex 14.65 -28.2 1.5
    endloop
  endfacet
  facet normal 1 0 -0
    outer loop
      vertex 14.65 18.2 -1.5
      vertex 14.65 18.2 1.5
      vertex 14.65 -28.2 -1.5
    endloop
  endfacet
  facet normal 1 -0 0
    outer loop
      vertex 14.65 -28.2 1.5
      vertex 14.65 -28.2 -1.5
      vertex 14.65 18.2 1.5
    endloop
  endfacet
  facet normal 0.987721 -0.156229 0
    outer loop
      vertex 14.6891 18.4472 -1.5
      vertex 14.6891 18.4472 1.5
      vertex 14.65 18.2 -1.5
    endloop
  endfacet
  facet normal 0.987721 -0.156229 0
    outer loop
      vertex 14.65 18.2 1.5
      vertex 14.65 18.2 -1.5
      vertex 14.6891 18.4472 1.5
    endloop
  endfacet
  facet normal 0.913392 -0.407081 0
    outer loop
      vertex 14.7572 18.6 -1.5
      vertex 14.7572 18.6 1.5
      vertex 14.6891 18.4472 -1.5
    endloop
  endfacet
  facet normal 0.913392 -0.407081 0
    outer loop
      vertex 14.6891 18.4472 1.5
      vertex 14.6891 18.4472 -1.5
      vertex 14.7572 18.6 1.5
    endloop
  endfacet
  facet normal 0.80902 -0.587781 0
    outer loop
      vertex 14.8555 18.7353 -1.5
      vertex 14.8555 18.7353 1.5
      vertex 14.7572 18.6 -1.5
    endloop
  endfacet
  facet normal 0.80902 -0.587781 0
    outer loop
      vertex 14.7572 18.6 1.5
      vertex 14.7572 18.6 -1.5
      vertex 14.8555 18.7353 1.5
    endloop
  endfacet
  facet normal 0.669064 -0.743205 0
    outer loop
      vertex 14.9798 18.8472 -1.5
      vertex 14.9798 18.8472 1.5
      vertex 14.8555 18.7353 -1.5
    endloop
  endfacet
  facet normal 0.669064 -0.743205 0
    outer loop
      vertex 14.8555 18.7353 1.5
      vertex 14.8555 18.7353 -1.5
      vertex 14.9798 18.8472 1.5
    endloop
  endfacet
  facet normal 0.499999 -0.866026 0
    outer loop
      vertex 15.1246 18.9308 -1.5
      vertex 15.1246 18.9308 1.5
      vertex 14.9798 18.8472 -1.5
    endloop
  endfacet
  facet normal 0.499999 -0.866026 0
    outer loop
      vertex 14.9798 18.8472 1.5
      vertex 14.9798 18.8472 -1.5
      vertex 15.1246 18.9308 1.5
    endloop
  endfacet
  facet normal 0.309046 -0.951047 0
    outer loop
      vertex 15.2837 18.9825 -1.5
      vertex 15.2837 18.9825 1.5
      vertex 15.1246 18.9308 -1.5
    endloop
  endfacet
  facet normal 0.309046 -0.951047 0
    outer loop
      vertex 15.1246 18.9308 1.5
      vertex 15.1246 18.9308 -1.5
      vertex 15.2837 18.9825 1.5
    endloop
  endfacet
  facet normal 0.104654 -0.994509 0
    outer loop
      vertex 15.45 19 -1.5
      vertex 15.45 19 1.5
      vertex 15.2837 18.9825 -1.5
    endloop
  endfacet
  facet normal 0.104654 -0.994509 0
    outer loop
      vertex 15.2837 18.9825 1.5
      vertex 15.2837 18.9825 -1.5
      vertex 15.45 19 1.5
    endloop
  endfacet
  facet normal 0 -1 0
    outer loop
      vertex 17.35 19 -1.5
      vertex 17.35 19 1.5
      vertex 15.45 19 -1.5
    endloop
  endfacet
  facet normal 0 -1 0
    outer loop
      vertex 15.45 19 1.5
      vertex 15.45 19 -1.5
      vertex 17.35 19 1.5
    endloop
  endfacet
  facet normal -0.156619 -0.987659 0
    outer loop
      vertex 17.5972 18.9608 -1.5
      vertex 17.5972 18.9608 1.5
      vertex 17.35 19 -1.5
    endloop
  endfacet
  facet normal -0.156619 -0.987659 -0
    outer loop
      vertex 17.35 19 1.5
      vertex 17.35 19 -1.5
      vertex 17.5972 18.9608 1.5
    endloop
  endfacet
  facet normal -0.406582 -0.913614 0
    outer loop
      vertex 17.75 18.8928 -1.5
      vertex 17.75 18.8928 1.5
      vertex 17.5972 18.9608 -1.5
    endloop
  endfacet
  facet normal -0.406582 -0.913614 -0
    outer loop
      vertex 17.5972 18.9608 1.5
      vertex 17.5972 18.9608 -1.5
      vertex 17.75 18.8928 1.5
    endloop
  endfacet
  facet normal -0.587781 -0.80902 0
    outer loop
      vertex 17.8853 18.7945 -1.5
      vertex 17.8853 18.7945 1.5
      vertex 17.75 18.8928 -1.5
    endloop
  endfacet
  facet normal -0.587781 -0.80902 -0
    outer loop
      vertex 17.75 18.8928 1.5
      vertex 17.75 18.8928 -1.5
      vertex 17.8853 18.7945 1.5
    endloop
  endfacet
  facet normal -0.743205 -0.669064 0
    outer loop
      vertex 17.9972 18.6702 -1.5
      vertex 17.9972 18.6702 1.5
      vertex 17.8853 18.7945 -1.5
    endloop
  endfacet
  facet normal -0.743205 -0.669064 -0
    outer loop
      vertex 17.8853 18.7945 1.5
      vertex 17.8853 18.7945 -1.5
      vertex 17.9972 18.6702 1.5
    endloop
  endfacet
  facet normal -0.866026 -0.499999 0
    outer loop
      vertex 18.0808 18.5254 -1.5
      vertex 18.0808 18.5254 1.5
      vertex 17.9972 18.6702 -1.5
    endloop
  endfacet
  facet normal -0.866026 -0.499999 -0
    outer loop
      vertex 17.9972 18.6702 1.5
      vertex 17.9972 18.6702 -1.5
      vertex 18.0808 18.5254 1.5
    endloop
  endfacet
  facet normal -0.951047 -0.309046 0
    outer loop
      vertex 18.1325 18.3663 -1.5
      vertex 18.1325 18.3663 1.5
      vertex 18.0808 18.5254 -1.5
    endloop
  endfacet
  facet normal -0.951047 -0.309046 -0
    outer loop
      vertex 18.0808 18.5254 1.5
      vertex 18.0808 18.5254 -1.5
      vertex 18.1325 18.3663 1.5
    endloop
  endfacet
  facet normal -0.994509 -0.104654 0
    outer loop
      vertex 18.15 18.2 -1.5
      vertex 18.15 18.2 1.5
      vertex 18.1325 18.3663 -1.5
    endloop
  endfacet
  facet normal -0.994509 -0.104654 -0
    outer loop
      vertex 18.1325 18.3663 1.5
      vertex 18.1325 18.3663 -1.5
      vertex 18.15 18.2 1.5
    endloop
  endfacet
  facet normal -1 0 0
    outer loop
      vertex 18.15 -28.2 -1.5
      vertex 18.15 -28.2 1.5
      vertex 18.15 18.2 -1.5
    endloop
  endfacet
  facet normal -1 -0 -0
    outer loop
      vertex 18.15 18.2 1.5
      vertex 18.15 18.2 -1.5
      vertex 18.15 -28.2 1.5
    endloop
  endfacet
  facet normal -0.987659 0.156619 0
    outer loop
      vertex 18.1108 -28.4472 -1.5
      vertex 18.1108 -28.4472 1.5
      vertex 18.15 -28.2 -1.5
    endloop
  endfacet
  facet normal -0.987659 0.156619 0
    outer loop
      vertex 18.15 -28.2 1.5
      vertex 18.15 -28.2 -1.5
      vertex 18.1108 -28.4472 1.5
    endloop
  endfacet
  facet normal -0.913614 0.406582 0
    outer loop
      vertex 18.0428 -28.6 -1.5
      vertex 18.0428 -28.6 1.5
      vertex 18.1108 -28.4472 -1.5
    endloop
  endfacet
  facet normal -0.913614 0.406582 0
    outer loop
      vertex 18.1108 -28.4472 1.5
      vertex 18.1108 -28.4472 -1.5
      vertex 18.0428 -28.6 1.5
    endloop
  endfacet
  facet normal -0.80902 0.587781 0
    outer loop
      vertex 17.9445 -28.7353 -1.5
      vertex 17.9445 -28.7353 1.5
      vertex 18.0428 -28.6 -1.5
    endloop
  endfacet
  facet normal -0.80902 0.587781 0
    outer loop
      vertex 18.0428 -28.6 1.5
      vertex 18.0428 -28.6 -1.5
      vertex 17.9445 -28.7353 1.5
    endloop
  endfacet
  facet normal -0.669064 0.743205 0
    outer loop
      vertex 17.8202 -28.8472 -1.5
      vertex 17.8202 -28.8472 1.5
      vertex 17.9445 -28.7353 -1.5
    endloop
  endfacet
  facet normal -0.669064 0.743205 0
    outer loop
      vertex 17.9445 -28.7353 1.5
      vertex 17.9445 -28.7353 -1.5
      vertex 17.8202 -28.8472 1.5
    endloop
  endfacet
  facet normal -0.499999 0.866026 0
    outer loop
      vertex 17.6754 -28.9308 -1.5
      vertex 17.6754 -28.9308 1.5
      vertex 17.8202 -28.8472 -1.5
    endloop
  endfacet
  facet normal -0.499999 0.866026 0
    outer loop
      vertex 17.8202 -28.8472 1.5
      vertex 17.8202 -28.8472 -1.5
      vertex 17.6754 -28.9308 1.5
    endloop
  endfacet
  facet normal -0.309046 0.951047 0
    outer loop
      vertex 17.5163 -28.9825 -1.5
      vertex 17.5163 -28.9825 1.5
      vertex 17.6754 -28.9308 -1.5
    endloop
  endfacet
  facet normal -0.309046 0.951047 0
    outer loop
      vertex 17.6754 -28.9308 1.5
      vertex 17.6754 -28.9308 -1.5
      vertex 17.5163 -28.9825 1.5
    endloop
  endfacet
  facet normal -0.104654 0.994509 0
    outer loop
      vertex 17.35 -29 -1.5
      vertex 17.35 -29 1.5
      vertex 17.5163 -28.9825 -1.5
    endloop
  endfacet
  facet normal -0.104654 0.994509 0
    outer loop
      vertex 17.5163 -28.9825 1.5
      vertex 17.5163 -28.9825 -1.5
      vertex 17.35 -29 1.5
    endloop
  endfacet
  facet normal 0 1 0
    outer loop
      vertex 15.45 -29 -1.5
      vertex 15.45 -29 1.5
      vertex 17.35 -29 -1.5
    endloop
  endfacet
  facet normal 0 1 0
    outer loop
      vertex 17.35 -29 1.5
      vertex 17.35 -29 -1.5
      vertex 15.45 -29 1.5
    endloop
  endfacet
  facet normal 0.156619 0.987659 -0
    outer loop
      vertex 23.4028 -28.9608 -1.5
      vertex 23.4028 -28.9608 1.5
      vertex 23.65 -29 -1.5
    endloop
  endfacet
  facet normal 0.156619 0.987659 0
    outer loop
      vertex 23.65 -29 1.5
      vertex 23.65 -29 -1.5
      vertex 23.4028 -28.9608 1.5
    endloop
  endfacet
  facet normal 0.406582 0.913614 -0
    outer loop
      vertex 23.25 -28.8928 -1.5
      vertex 23.25 -28.8928 1.5
      vertex 23.4028 -28.9608 -1.5
    endloop
  endfacet
  facet normal 0.406582 0.913614 0
    outer loop
      vertex 23.4028 -28.9608 1.5
      vertex 23.4028 -28.9608 -1.5
      vertex 23.25 -28.8928 1.5
    endloop
  endfacet
  facet normal 0.587781 0.80902 -0
    outer loop
      vertex 23.1147 -28.7945 -1.5
      vertex 23.1147 -28.7945 1.5
      vertex 23.25 -28.8928 -1.5
    endloop
  endfacet
  facet normal 0.587781 0.80902 0
    outer loop
      vertex 23.25 -28.8928 1.5
      vertex 23.25 -28.8928 -1.5
      vertex 23.1147 -28.7945 1.5
    endloop
  endfacet
  facet normal 0.743205 0.669064 -0
    outer loop
      vertex 23.0028 -28.6702 -1.5
      vertex 23.0028 -28.6702 1.5
      vertex 23.1147 -28.7945 -1.5
    endloop
  endfacet
  facet normal 0.743205 0.669064 0
    outer loop
      vertex 23.1147 -28.7945 1.5
      vertex 23.1147 -28.7945 -1.5
      vertex 23.0028 -28.6702 1.5
    endloop
  endfacet
  facet normal 0.866026 0.499999 -0
    outer loop
      vertex 22.9192 -28.5254 -1.5
      vertex 22.9192 -28.5254 1.5
      vertex 23.0028 -28.6702 -1.5
    endloop
  endfacet
  facet normal 0.866026 0.499999 0
    outer loop
      vertex 23.0028 -28.6702 1.5
      vertex 23.0028 -28.6702 -1.5
      vertex 22.9192 -28.5254 1.5
    endloop
  endfacet
  facet normal 0.951047 0.309046 -0
    outer loop
      vertex 22.8675 -28.3663 -1.5
      vertex 22.8675 -28.3663 1.5
      vertex 22.9192 -28.5254 -1.5
    endloop
  endfacet
  facet normal 0.951047 0.309046 0
    outer loop
      vertex 22.9192 -28.5254 1.5
      vertex 22.9192 -28.5254 -1.5
      vertex 22.8675 -28.3663 1.5
    endloop
  endfacet
  facet normal 0.994509 0.104654 -0
    outer loop
      vertex 22.85 -28.2 -1.5
      vertex 22.85 -28.2 1.5
      vertex 22.8675 -28.3663 -1.5
    endloop
  endfacet
  facet normal 0.994509 0.104654 0
    outer loop
      vertex 22.8675 -28.3663 1.5
      vertex 22.8675 -28.3663 -1.5
      vertex 22.85 -28.2 1.5
    endloop
  endfacet
  facet normal 1 0 -0
    outer loop
      vertex 22.85 18.2 -1.5
      vertex 22.85 18.2 1.5
      vertex 22.85 -28.2 -1.5
    endloop
  endfacet
  facet normal 1 -0 0
    outer loop
      vertex 22.85 -28.2 1.5
      vertex 22.85 -28.2 -1.5
      vertex 22.85 18.2 1.5
    endloop
  endfacet
  facet normal 0.987721 -0.156229 0
    outer loop
      vertex 22.8891 18.4472 -1.5
      vertex 22.8891 18.4472 1.5
      vertex 22.85 18.2 -1.5
    endloop
  endfacet
  facet normal 0.987721 -0.156229 0
    outer loop
      vertex 22.85 18.2 1.5
      vertex 22.85 18.2 -1.5
      vertex 22.8891 18.4472 1.5
    endloop
  endfacet
  facet normal 0.913392 -0.407081 0
    outer loop
      vertex 22.9572 18.6 -1.5
      vertex 22.9572 18.6 1.5
      vertex 22.8891 18.4472 -1.5
    endloop
  endfacet
  facet normal 0.913392 -0.407081 0
    outer loop
      vertex 22.8891 18.4472 1.5
      vertex 22.8891 18.4472 -1.5
      vertex 22.9572 18.6 1.5
    endloop
  endfacet
  facet normal 0.80902 -0.587781 0
    outer loop
      vertex 23.0555 18.7353 -1.5
      vertex 23.0555 18.7353 1.5
      vertex 22.9572 18.6 -1.5
    endloop
  endfacet
  facet normal 0.80902 -0.587781 0
    outer loop
      vertex 22.9572 18.6 1.5
      vertex 22.9572 18.6 -1.5
      vertex 23.0555 18.7353 1.5
    endloop
  endfacet
  facet normal 0.669064 -0.743205 0
    outer loop
      vertex 23.1798 18.8472 -1.5
      vertex 23.1798 18.8472 1.5
      vertex 23.0555 18.7353 -1.5
    endloop
  endfacet
  facet normal 0.669064 -0.743205 0
    outer loop
      vertex 23.0555 18.7353 1.5
      vertex 23.0555 18.7353 -1.5
      vertex 23.1798 18.8472 1.5
    endloop
  endfacet
  facet normal 0.499999 -0.866026 0
    outer loop
      vertex 23.3246 18.9308 -1.5
      vertex 23.3246 18.9308 1.5
      vertex 23.1798 18.8472 -1.5
    endloop
  endfacet
  facet normal 0.499999 -0.866026 0
    outer loop
      vertex 23.1798 18.8472 1.5
      vertex 23.1798 18.8472 -1.5
      vertex 23.3246 18.9308 1.5
    endloop
  endfacet
  facet normal 0.309046 -0.951047 0
    outer loop
      vertex 23.4837 18.9825 -1.5
      vertex 23.4837 18.9825 1.5
      vertex 23.3246 18.9308 -1.5
    endloop
  endfacet
  facet normal 0.309046 -0.951047 0
    outer loop
      vertex 23.3246 18.9308 1.5
      vertex 23.3246 18.9308 -1.5
      vertex 23.4837 18.9825 1.5
    endloop
  endfacet
  facet normal 0.104654 -0.994509 0
    outer loop
      vertex 23.65 19 -1.5
      vertex 23.65 19 1.5
      vertex 23.4837 18.9825 -1.5
    endloop
  endfacet
  facet normal 0.104654 -0.994509 0
    outer loop
      vertex 23.4837 18.9825 1.5
      vertex 23.4837 18.9825 -1.5
      vertex 23.65 19 1.5
    endloop
  endfacet
  facet normal 0 -1 0
    outer loop
      vertex 25.55 19 -1.5
      vertex 25.55 19 1.5
      vertex 23.65 19 -1.5
    endloop
  endfacet
  facet normal 0 -1 0
    outer loop
      vertex 23.65 19 1.5
      vertex 23.65 19 -1.5
      vertex 25.55 19 1.5
    endloop
  endfacet
  facet normal -0.156619 -0.987659 0
    outer loop
      vertex 25.7972 18.9608 -1.5
      vertex 25.7972 18.9608 1.5
      vertex 25.55 19 -1.5
    endloop
  endfacet
  facet normal -0.156619 -0.987659 -0
    outer loop
      vertex 25.55 19 1.5
      vertex 25.55 19 -1.5
      vertex 25.7972 18.9608 1.5
    endloop
  endfacet
  facet normal -0.406582 -0.913614 0
    outer loop
      vertex 25.95 18.8928 -1.5
      vertex 25.95 18.8928 1.5
      vertex 25.7972 18.9608 -1.5
    endloop
  endfacet
  facet normal -0.406582 -0.913614 -0
    outer loop
      vertex 25.7972 18.9608 1.5
      vertex 25.7972 18.9608 -1.5
      vertex 25.95 18.8928 1.5
    endloop
  endfacet
  facet normal -0.587781 -0.80902 0
    outer loop
      vertex 26.0853 18.7945 -1.5
      vertex 26.0853 18.7945 1.5
      vertex 25.95 18.8928 -1.5
    endloop
  endfacet
  facet normal -0.587781 -0.80902 -0
    outer loop
      vertex 25.95 18.8928 1.5
      vertex 25.95 18.8928 -1.5
      vertex 26.0853 18.7945 1.5
    endloop
  endfacet
  facet normal -0.743205 -0.669064 0
    outer loop
      vertex 26.1972 18.6702 -1.5
      vertex 26.1972 18.6702 1.5
      vertex 26.0853 18.7945 -1.5
    endloop
  endfacet
  facet normal -0.743205 -0.669064 -0
    outer loop
      vertex 26.0853 18.7945 1.5
      vertex 26.0853 18.7945 -1.5
      vertex 26.1972 18.6702 1.5
    endloop
  endfacet
  facet normal -0.866026 -0.499999 0
    outer loop
      vertex 26.2808 18.5254 -1.5
      vertex 26.2808 18.5254 1.5
      vertex 26.1972 18.6702 -1.5
    endloop
  endfacet
  facet normal -0.866026 -0.499999 -0
    outer loop
      vertex 26.1972 18.6702 1.5
      vertex 26.1972 18.6702 -1.5
      vertex 26.2808 18.5254 1.5
    endloop
  endfacet
  facet normal -0.951047 -0.309046 0
    outer loop
      vertex 26.3325 18.3663 -1.5
      vertex 26.3325 18.3663 1.5
      vertex 26.2808 18.5254 -1.5
    endloop
  endfacet
  facet normal -0.951047 -0.309046 -0
    outer loop
      vertex 26.2808 18.5254 1.5
      vertex 26.2808 18.5254 -1.5
      vertex 26.3325 18.3663 1.5
    endloop
  endfacet
  facet normal -0.994509 -0.104654 0
    outer loop
      vertex 26.35 18.2 -1.5
      vertex 26.35 18.2 1.5
      vertex 26.3325 18.3663 -1.5
    endloop
  endfacet
  facet normal -0.994509 -0.104654 -0
    outer loop
      vertex 26.3325 18.3663 1.5
      vertex 26.3325 18.3663 -1.5
      vertex 26.35 18.2 1.5
    endloop
  endfacet
  facet normal -1 0 0
    outer loop
      vertex 26.35 -28.2 -1.5
      vertex 26.35 -28.2 1.5
      vertex 26.35 18.2 -1.5
    endloop
  endfacet
  facet normal -1 -0 -0
    outer loop
      vertex 26.35 18.2 1.5
      vertex 26.35 18.2 -1.5
      vertex 26.35 -28.2 1.5
    endloop
  endfacet
  facet normal -0.987659 0.156619 0
    outer loop
      vertex 26.3108 -28.4472 -1.5
      vertex 26.3108 -28.4472 1.5
      vertex 26.35 -28.2 -1.5
    endloop
  endfacet
  facet normal -0.987659 0.156619 0
    outer loop
      vertex 26.35 -28.2 1.5
      vertex 26.35 -28.2 -1.5
      vertex 26.3108 -28.4472 1.5
    endloop
  endfacet
  facet normal -0.913614 0.406582 0
    outer loop
      vertex 26.2428 -28.6 -1.5
      vertex 26.2428 -28.6 1.5
      vertex 26.3108 -28.4472 -1.5
    endloop
  endfacet
  facet normal -0.913614 0.406582 0
    outer loop
      vertex 26.3108 -28.4472 1.5
      vertex 26.3108 -28.4472 -1.5
      vertex 26.2428 -28.6 1.5
    endloop
  endfacet
  facet normal -0.80902 0.587781 0
    outer loop
      vertex 26.1445 -28.7353 -1.5
      vertex 26.1445 -28.7353 1.5
      vertex 26.2428 -28.6 -1.5
    endloop
  endfacet
  facet normal -0.80902 0.587781 0
    outer loop
      vertex 26.2428 -28.6 1.5
      vertex 26.2428 -28.6 -1.5
      vertex 26.1445 -28.7353 1.5
    endloop
  endfacet
  facet normal -0.669064 0.743205 0
    outer loop
      vertex 26.0202 -28.8472 -1.5
      vertex 26.0202 -28.8472 1.5
      vertex 26.1445 -28.7353 -1.5
    endloop
  endfacet
  facet normal -0.669064 0.743205 0
    outer loop
      vertex 26.1445 -28.7353 1.5
      vertex 26.1445 -28.7353 -1.5
      vertex 26.0202 -28.8472 1.5
    endloop
  endfacet
  facet normal -0.499999 0.866026 0
    outer loop
      vertex 25.8754 -28.9308 -1.5
      vertex 25.8754 -28.9308 1.5
      vertex 26.0202 -28.8472 -1.5
    endloop
  endfacet
  facet normal -0.499999 0.866026 0
    outer loop
      vertex 26.0202 -28.8472 1.5
      vertex 26.0202 -28.8472 -1.5
      vertex 25.8754 -28.9308 1.5
    endloop
  endfacet
  facet normal -0.309046 0.951047 0
    outer loop
      vertex 25.7163 -28.9825 -1.5
      vertex 25.7163 -28.9825 1.5
      vertex 25.8754 -28.9308 -1.5
    endloop
  endfacet
  facet normal -0.309046 0.951047 0
    outer loop
      vertex 25.8754 -28.9308 1.5
      vertex 25.8754 -28.9308 -1.5
      vertex 25.7163 -28.9825 1.5
    endloop
  endfacet
  facet normal -0.104654 0.994509 0
    outer loop
      vertex 25.55 -29 -1.5
      vertex 25.55 -29 1.5
      vertex 25.7163 -28.9825 -1.5
    endloop
  endfacet
  facet normal -0.104654 0.994509 0
    outer loop
      vertex 25.7163 -28.9825 1.5
      vertex 25.7163 -28.9825 -1.5
      vertex 25.55 -29 1.5
    endloop
  endfacet
  facet normal 0 1 0
    outer loop
      vertex 23.65 -29 -1.5
      vertex 23.65 -29 1.5
      vertex 25.55 -29 -1.5
    endloop
  endfacet
  facet normal 0 1 0
    outer loop
      vertex 25.55 -29 1.5
      vertex 25.55 -29 -1.5
      vertex 23.65 -29 1.5
    endloop
  endfacet
endsolid OpenSCAD_Model
