solid OpenSCAD_Model
  facet normal 1 0 -0
    outer loop
      vertex 18.125 2.75 1.25
      vertex 18.125 2.75 22.5
      vertex 18.125 2.125 1.25
    endloop
  endfacet
  facet normal 1 0 0
    outer loop
      vertex 18.125 2.125 1.25
      vertex 18.125 2.75 22.5
      vertex 18.125 2.125 22.5
    endloop
  endfacet
  facet normal 0 1 -0
    outer loop
      vertex 24.375 2.125 1.25
      vertex 18.125 2.125 1.25
      vertex 24.375 2.125 22.5
    endloop
  endfacet
  facet normal 0 1 0
    outer loop
      vertex 24.375 2.125 22.5
      vertex 18.125 2.125 1.25
      vertex 18.125 2.125 22.5
    endloop
  endfacet
  facet normal -1 0 0
    outer loop
      vertex 24.375 2.125 1.25
      vertex 24.375 2.125 22.5
      vertex 24.375 2.75 1.25
    endloop
  endfacet
  facet normal -1 0 0
    outer loop
      vertex 24.375 2.75 1.25
      vertex 24.375 2.125 22.5
      vertex 24.375 2.75 22.5
    endloop
  endfacet
  facet normal 0 -1 0
    outer loop
      vertex 18.125 2.75 1.25
      vertex 24.375 2.75 1.25
      vertex 18.125 2.75 22.5
    endloop
  endfacet
  facet normal 0 -1 0
    outer loop
      vertex 18.125 2.75 22.5
      vertex 24.375 2.75 1.25
      vertex 24.375 2.75 22.5
    endloop
  endfacet
  facet normal 0 0 -1
    outer loop
      vertex 18.125 2.75 22.5
      vertex 24.375 2.75 22.5
      vertex 18.125 2.125 22.5
    endloop
  endfacet
  facet normal 0 0 -1
    outer loop
      vertex 18.125 2.125 22.5
      vertex 24.375 2.75 22.5
      vertex 24.375 2.125 22.5
    endloop
  endfacet
  facet normal 0 0 1
    outer loop
      vertex 18.125 2.125 1.25
      vertex 24.375 2.125 1.25
      vertex 18.125 2.75 1.25
    endloop
  endfacet
  facet normal -0 0 1
    outer loop
      vertex 18.125 2.75 1.25
      vertex 24.375 2.125 1.25
      vertex 24.375 2.75 1.25
    endloop
  endfacet
  facet normal -1 0 0
    outer loop
      vertex 24.375 0.25 1.25
      vertex 24.375 0.25 22.5
      vertex 24.375 0.875 1.25
    endloop
  endfacet
  facet normal -1 0 0
    outer loop
      vertex 24.375 0.875 1.25
      vertex 24.375 0.25 22.5
      vertex 24.375 0.875 22.5
    endloop
  endfacet
  facet normal 0 -1 0
    outer loop
      vertex 18.125 0.875 1.25
      vertex 24.375 0.875 1.25
      vertex 18.125 0.875 22.5
    endloop
  endfacet
  facet normal 0 -1 0
    outer loop
      vertex 18.125 0.875 22.5
      vertex 24.375 0.875 1.25
      vertex 24.375 0.875 22.5
    endloop
  endfacet
  facet normal 1 0 -0
    outer loop
      vertex 18.125 0.875 1.25
      vertex 18.125 0.875 22.5
      vertex 18.125 0.25 1.25
    endloop
  endfacet
  facet normal 1 0 0
    outer loop
      vertex 18.125 0.25 1.25
      vertex 18.125 0.875 22.5
      vertex 18.125 0.25 22.5
    endloop
  endfacet
  facet normal 0 1 -0
    outer loop
      vertex 24.375 0.25 1.25
      vertex 18.125 0.25 1.25
      vertex 24.375 0.25 22.5
    endloop
  endfacet
  facet normal 0 1 0
    outer loop
      vertex 24.375 0.25 22.5
      vertex 18.125 0.25 1.25
      vertex 18.125 0.25 22.5
    endloop
  endfacet
  facet normal 0 0 -1
    outer loop
      vertex 24.375 0.25 22.5
      vertex 18.125 0.25 22.5
      vertex 24.375 0.875 22.5
    endloop
  endfacet
  facet normal -0 0 -1
    outer loop
      vertex 24.375 0.875 22.5
      vertex 18.125 0.25 22.5
      vertex 18.125 0.875 22.5
    endloop
  endfacet
  facet normal 0 0 1
    outer loop
      vertex 24.375 0.875 1.25
      vertex 18.125 0.875 1.25
      vertex 24.375 0.25 1.25
    endloop
  endfacet
  facet normal 0 0 1
    outer loop
      vertex 24.375 0.25 1.25
      vertex 18.125 0.875 1.25
      vertex 18.125 0.25 1.25
    endloop
  endfacet
  facet normal -1 0 0
    outer loop
      vertex 24.375 -1.625 1.25
      vertex 24.375 -1.625 22.5
      vertex 24.375 -1 1.25
    endloop
  endfacet
  facet normal -1 0 0
    outer loop
      vertex 24.375 -1 1.25
      vertex 24.375 -1.625 22.5
      vertex 24.375 -1 22.5
    endloop
  endfacet
  facet normal 0 -1 0
    outer loop
      vertex 18.125 -1 1.25
      vertex 24.375 -1 1.25
      vertex 18.125 -1 22.5
    endloop
  endfacet
  facet normal 0 -1 0
    outer loop
      vertex 18.125 -1 22.5
      vertex 24.375 -1 1.25
      vertex 24.375 -1 22.5
    endloop
  endfacet
  facet normal 1 0 -0
    outer loop
      vertex 18.125 -1 1.25
      vertex 18.125 -1 22.5
      vertex 18.125 -1.625 1.25
    endloop
  endfacet
  facet normal 1 0 0
    outer loop
      vertex 18.125 -1.625 1.25
      vertex 18.125 -1 22.5
      vertex 18.125 -1.625 22.5
    endloop
  endfacet
  facet normal 0 1 -0
    outer loop
      vertex 24.375 -1.625 1.25
      vertex 18.125 -1.625 1.25
      vertex 24.375 -1.625 22.5
    endloop
  endfacet
  facet normal 0 1 0
    outer loop
      vertex 24.375 -1.625 22.5
      vertex 18.125 -1.625 1.25
      vertex 18.125 -1.625 22.5
    endloop
  endfacet
  facet normal 0 0 -1
    outer loop
      vertex 24.375 -1.625 22.5
      vertex 18.125 -1.625 22.5
      vertex 24.375 -1 22.5
    endloop
  endfacet
  facet normal -0 0 -1
    outer loop
      vertex 24.375 -1 22.5
      vertex 18.125 -1.625 22.5
      vertex 18.125 -1 22.5
    endloop
  endfacet
  facet normal 0 0 1
    outer loop
      vertex 24.375 -1 1.25
      vertex 18.125 -1 1.25
      vertex 24.375 -1.625 1.25
    endloop
  endfacet
  facet normal 0 0 1
    outer loop
      vertex 24.375 -1.625 1.25
      vertex 18.125 -1 1.25
      vertex 18.125 -1.625 1.25
    endloop
  endfacet
  facet normal -1 0 0
    outer loop
      vertex 24.375 -13.375 1.25
      vertex 24.375 -13.375 22.5
      vertex 24.375 -12.75 1.25
    endloop
  endfacet
  facet normal -1 0 0
    outer loop
      vertex 24.375 -12.75 1.25
      vertex 24.375 -13.375 22.5
      vertex 24.375 -12.75 22.5
    endloop
  endfacet
  facet normal 0 -1 0
    outer loop
      vertex 18.125 -12.75 1.25
      vertex 24.375 -12.75 1.25
      vertex 18.125 -12.75 22.5
    endloop
  endfacet
  facet normal 0 -1 0
    outer loop
      vertex 18.125 -12.75 22.5
      vertex 24.375 -12.75 1.25
      vertex 24.375 -12.75 22.5
    endloop
  endfacet
  facet normal 1 0 -0
    outer loop
      vertex 18.125 -12.75 1.25
      vertex 18.125 -12.75 22.5
      vertex 18.125 -13.375 1.25
    endloop
  endfacet
  facet normal 1 0 0
    outer loop
      vertex 18.125 -13.375 1.25
      vertex 18.125 -12.75 22.5
      vertex 18.125 -13.375 22.5
    endloop
  endfacet
  facet normal 0 1 -0
    outer loop
      vertex 24.375 -13.375 1.25
      vertex 18.125 -13.375 1.25
      vertex 24.375 -13.375 22.5
    endloop
  endfacet
  facet normal 0 1 0
    outer loop
      vertex 24.375 -13.375 22.5
      vertex 18.125 -13.375 1.25
      vertex 18.125 -13.375 22.5
    endloop
  endfacet
  facet normal 0 0 -1
    outer loop
      vertex 24.375 -13.375 22.5
      vertex 18.125 -13.375 22.5
      vertex 24.375 -12.75 22.5
    endloop
  endfacet
  facet normal -0 0 -1
    outer loop
      vertex 24.375 -12.75 22.5
      vertex 18.125 -13.375 22.5
      vertex 18.125 -12.75 22.5
    endloop
  endfacet
  facet normal 0 0 1
    outer loop
      vertex 24.375 -12.75 1.25
      vertex 18.125 -12.75 1.25
      vertex 24.375 -13.375 1.25
    endloop
  endfacet
  facet normal 0 0 1
    outer loop
      vertex 24.375 -13.375 1.25
      vertex 18.125 -12.75 1.25
      vertex 18.125 -13.375 1.25
    endloop
  endfacet
  facet normal -1 0 0
    outer loop
      vertex 21.5625 -10.25 1.25
      vertex 21.5625 -10.25 22.5
      vertex 21.5625 -2.25 1.25
    endloop
  endfacet
  facet normal -1 0 0
    outer loop
      vertex 21.5625 -2.25 1.25
      vertex 21.5625 -10.25 22.5
      vertex 21.5625 -2.25 22.5
    endloop
  endfacet
  facet normal 0 -1 0
    outer loop
      vertex 21.5625 -2.25 1.25
      vertex 21.5625 -2.25 22.5
      vertex 20.9375 -2.25 1.25
    endloop
  endfacet
  facet normal 0 -1 0
    outer loop
      vertex 20.9375 -2.25 1.25
      vertex 21.5625 -2.25 22.5
      vertex 20.9375 -2.25 22.5
    endloop
  endfacet
  facet normal 1 0 0
    outer loop
      vertex 20.9375 -10.25 1.25
      vertex 20.9375 -2.25 1.25
      vertex 20.9375 -10.25 22.5
    endloop
  endfacet
  facet normal 1 -0 0
    outer loop
      vertex 20.9375 -10.25 22.5
      vertex 20.9375 -2.25 1.25
      vertex 20.9375 -2.25 22.5
    endloop
  endfacet
  facet normal 0 1 0
    outer loop
      vertex 20.9375 -10.25 1.25
      vertex 20.9375 -10.25 22.5
      vertex 21.5625 -10.25 1.25
    endloop
  endfacet
  facet normal 0 1 -0
    outer loop
      vertex 21.5625 -10.25 1.25
      vertex 20.9375 -10.25 22.5
      vertex 21.5625 -10.25 22.5
    endloop
  endfacet
  facet normal 0 0 -1
    outer loop
      vertex 21.5625 -10.25 22.5
      vertex 20.9375 -10.25 22.5
      vertex 21.5625 -2.25 22.5
    endloop
  endfacet
  facet normal -0 0 -1
    outer loop
      vertex 21.5625 -2.25 22.5
      vertex 20.9375 -10.25 22.5
      vertex 20.9375 -2.25 22.5
    endloop
  endfacet
  facet normal 0 0 1
    outer loop
      vertex 21.5625 -2.25 1.25
      vertex 20.9375 -2.25 1.25
      vertex 21.5625 -10.25 1.25
    endloop
  endfacet
  facet normal 0 0 1
    outer loop
      vertex 21.5625 -10.25 1.25
      vertex 20.9375 -2.25 1.25
      vertex 20.9375 -10.25 1.25
    endloop
  endfacet
  facet normal -1 0 0
    outer loop
      vertex 18.75 -10.25 1.25
      vertex 18.75 -10.25 22.5
      vertex 18.75 -2.25 1.25
    endloop
  endfacet
  facet normal -1 0 0
    outer loop
      vertex 18.75 -2.25 1.25
      vertex 18.75 -10.25 22.5
      vertex 18.75 -2.25 22.5
    endloop
  endfacet
  facet normal 0 -1 0
    outer loop
      vertex 18.75 -2.25 1.25
      vertex 18.75 -2.25 22.5
      vertex 18.125 -2.25 1.25
    endloop
  endfacet
  facet normal 0 -1 0
    outer loop
      vertex 18.125 -2.25 1.25
      vertex 18.75 -2.25 22.5
      vertex 18.125 -2.25 22.5
    endloop
  endfacet
  facet normal 1 0 -0
    outer loop
      vertex 18.125 -2.25 1.25
      vertex 18.125 -2.25 22.5
      vertex 18.125 -10.25 1.25
    endloop
  endfacet
  facet normal 1 0 0
    outer loop
      vertex 18.125 -10.25 1.25
      vertex 18.125 -2.25 22.5
      vertex 18.125 -10.25 22.5
    endloop
  endfacet
  facet normal 0 1 0
    outer loop
      vertex 18.125 -10.25 1.25
      vertex 18.125 -10.25 22.5
      vertex 18.75 -10.25 1.25
    endloop
  endfacet
  facet normal 0 1 -0
    outer loop
      vertex 18.75 -10.25 1.25
      vertex 18.125 -10.25 22.5
      vertex 18.75 -10.25 22.5
    endloop
  endfacet
  facet normal 0 0 -1
    outer loop
      vertex 18.75 -10.25 22.5
      vertex 18.125 -10.25 22.5
      vertex 18.75 -2.25 22.5
    endloop
  endfacet
  facet normal -0 0 -1
    outer loop
      vertex 18.75 -2.25 22.5
      vertex 18.125 -10.25 22.5
      vertex 18.125 -2.25 22.5
    endloop
  endfacet
  facet normal 0 0 1
    outer loop
      vertex 18.75 -2.25 1.25
      vertex 18.125 -2.25 1.25
      vertex 18.75 -10.25 1.25
    endloop
  endfacet
  facet normal 0 0 1
    outer loop
      vertex 18.75 -10.25 1.25
      vertex 18.125 -2.25 1.25
      vertex 18.125 -10.25 1.25
    endloop
  endfacet
  facet normal -1 0 0
    outer loop
      vertex 24.375 -11.5 1.25
      vertex 24.375 -11.5 22.5
      vertex 24.375 -10.875 1.25
    endloop
  endfacet
  facet normal -1 0 0
    outer loop
      vertex 24.375 -10.875 1.25
      vertex 24.375 -11.5 22.5
      vertex 24.375 -10.875 22.5
    endloop
  endfacet
  facet normal 0 -1 0
    outer loop
      vertex 24.375 -10.875 1.25
      vertex 24.375 -10.875 22.5
      vertex 18.125 -10.875 1.25
    endloop
  endfacet
  facet normal 0 -1 0
    outer loop
      vertex 18.125 -10.875 1.25
      vertex 24.375 -10.875 22.5
      vertex 18.125 -10.875 22.5
    endloop
  endfacet
  facet normal 1 0 -0
    outer loop
      vertex 18.125 -10.875 1.25
      vertex 18.125 -10.875 22.5
      vertex 18.125 -11.5 1.25
    endloop
  endfacet
  facet normal 1 0 0
    outer loop
      vertex 18.125 -11.5 1.25
      vertex 18.125 -10.875 22.5
      vertex 18.125 -11.5 22.5
    endloop
  endfacet
  facet normal 0 1 -0
    outer loop
      vertex 24.375 -11.5 1.25
      vertex 18.125 -11.5 1.25
      vertex 24.375 -11.5 22.5
    endloop
  endfacet
  facet normal 0 1 0
    outer loop
      vertex 24.375 -11.5 22.5
      vertex 18.125 -11.5 1.25
      vertex 18.125 -11.5 22.5
    endloop
  endfacet
  facet normal 0 0 -1
    outer loop
      vertex 24.375 -11.5 22.5
      vertex 18.125 -11.5 22.5
      vertex 24.375 -10.875 22.5
    endloop
  endfacet
  facet normal -0 0 -1
    outer loop
      vertex 24.375 -10.875 22.5
      vertex 18.125 -11.5 22.5
      vertex 18.125 -10.875 22.5
    endloop
  endfacet
  facet normal 0 0 1
    outer loop
      vertex 24.375 -10.875 1.25
      vertex 18.125 -10.875 1.25
      vertex 24.375 -11.5 1.25
    endloop
  endfacet
  facet normal 0 0 1
    outer loop
      vertex 24.375 -11.5 1.25
      vertex 18.125 -10.875 1.25
      vertex 18.125 -11.5 1.25
    endloop
  endfacet
  facet normal -1 0 0
    outer loop
      vertex 24.375 11.25 1.25
      vertex 24.375 11.25 16.25
      vertex 24.375 13.75 1.25
    endloop
  endfacet
  facet normal -1 0 0
    outer loop
      vertex 24.375 13.75 1.25
      vertex 24.375 11.25 16.25
      vertex 24.375 13.75 16.25
    endloop
  endfacet
  facet normal 0 -1 0
    outer loop
      vertex 24.375 13.75 1.25
      vertex 24.375 13.75 16.25
      vertex 23.75 13.75 1.25
    endloop
  endfacet
  facet normal 0 -1 0
    outer loop
      vertex 23.75 13.75 1.25
      vertex 24.375 13.75 16.25
      vertex 23.75 13.75 16.25
    endloop
  endfacet
  facet normal 1 0 -0
    outer loop
      vertex 23.75 13.75 1.25
      vertex 23.75 13.75 16.25
      vertex 23.75 11.25 1.25
    endloop
  endfacet
  facet normal 1 0 0
    outer loop
      vertex 23.75 11.25 1.25
      vertex 23.75 13.75 16.25
      vertex 23.75 11.25 16.25
    endloop
  endfacet
  facet normal 0 1 0
    outer loop
      vertex 23.75 11.25 1.25
      vertex 23.75 11.25 16.25
      vertex 24.375 11.25 1.25
    endloop
  endfacet
  facet normal 0 1 -0
    outer loop
      vertex 24.375 11.25 1.25
      vertex 23.75 11.25 16.25
      vertex 24.375 11.25 16.25
    endloop
  endfacet
  facet normal 0 0 -1
    outer loop
      vertex 24.375 11.25 16.25
      vertex 23.75 11.25 16.25
      vertex 24.375 13.75 16.25
    endloop
  endfacet
  facet normal -0 0 -1
    outer loop
      vertex 24.375 13.75 16.25
      vertex 23.75 11.25 16.25
      vertex 23.75 13.75 16.25
    endloop
  endfacet
  facet normal 0 0 1
    outer loop
      vertex 24.375 13.75 1.25
      vertex 23.75 13.75 1.25
      vertex 24.375 11.25 1.25
    endloop
  endfacet
  facet normal 0 0 1
    outer loop
      vertex 24.375 11.25 1.25
      vertex 23.75 13.75 1.25
      vertex 23.75 11.25 1.25
    endloop
  endfacet
  facet normal 1 -0 0
    outer loop
      vertex 18.125 -28.125 22.5
      vertex 18.125 -28.125 1.25
      vertex 18.125 -25.625 22.5
    endloop
  endfacet
  facet normal 1 0 0
    outer loop
      vertex 18.125 -25.625 22.5
      vertex 18.125 -28.125 1.25
      vertex 18.125 -25.625 1.25
    endloop
  endfacet
  facet normal 0 1 0
    outer loop
      vertex 18.75 -28.125 22.5
      vertex 18.75 -28.125 1.25
      vertex 18.125 -28.125 22.5
    endloop
  endfacet
  facet normal 0 1 0
    outer loop
      vertex 18.125 -28.125 22.5
      vertex 18.75 -28.125 1.25
      vertex 18.125 -28.125 1.25
    endloop
  endfacet
  facet normal -1 -0 -0
    outer loop
      vertex 18.75 -25.625 22.5
      vertex 18.75 -25.625 1.25
      vertex 18.75 -28.125 22.5
    endloop
  endfacet
  facet normal -1 0 0
    outer loop
      vertex 18.75 -28.125 22.5
      vertex 18.75 -25.625 1.25
      vertex 18.75 -28.125 1.25
    endloop
  endfacet
  facet normal 0 -1 0
    outer loop
      vertex 18.125 -25.625 22.5
      vertex 18.125 -25.625 1.25
      vertex 18.75 -25.625 22.5
    endloop
  endfacet
  facet normal 0 -1 -0
    outer loop
      vertex 18.75 -25.625 22.5
      vertex 18.125 -25.625 1.25
      vertex 18.75 -25.625 1.25
    endloop
  endfacet
  facet normal 0 0 1
    outer loop
      vertex 18.125 -28.125 1.25
      vertex 18.75 -28.125 1.25
      vertex 18.125 -25.625 1.25
    endloop
  endfacet
  facet normal -0 0 1
    outer loop
      vertex 18.125 -25.625 1.25
      vertex 18.75 -28.125 1.25
      vertex 18.75 -25.625 1.25
    endloop
  endfacet
  facet normal 0 0 -1
    outer loop
      vertex 18.125 -25.625 22.5
      vertex 18.75 -25.625 22.5
      vertex 18.125 -28.125 22.5
    endloop
  endfacet
  facet normal 0 0 -1
    outer loop
      vertex 18.125 -28.125 22.5
      vertex 18.75 -25.625 22.5
      vertex 18.75 -28.125 22.5
    endloop
  endfacet
  facet normal 1 -0 0
    outer loop
      vertex 20.9375 -28.125 22.5
      vertex 20.9375 -28.125 1.25
      vertex 20.9375 -25.625 22.5
    endloop
  endfacet
  facet normal 1 0 0
    outer loop
      vertex 20.9375 -25.625 22.5
      vertex 20.9375 -28.125 1.25
      vertex 20.9375 -25.625 1.25
    endloop
  endfacet
  facet normal 0 1 0
    outer loop
      vertex 21.5625 -28.125 22.5
      vertex 21.5625 -28.125 1.25
      vertex 20.9375 -28.125 22.5
    endloop
  endfacet
  facet normal 0 1 0
    outer loop
      vertex 20.9375 -28.125 22.5
      vertex 21.5625 -28.125 1.25
      vertex 20.9375 -28.125 1.25
    endloop
  endfacet
  facet normal -1 -0 -0
    outer loop
      vertex 21.5625 -25.625 22.5
      vertex 21.5625 -25.625 1.25
      vertex 21.5625 -28.125 22.5
    endloop
  endfacet
  facet normal -1 0 0
    outer loop
      vertex 21.5625 -28.125 22.5
      vertex 21.5625 -25.625 1.25
      vertex 21.5625 -28.125 1.25
    endloop
  endfacet
  facet normal 0 -1 0
    outer loop
      vertex 20.9375 -25.625 22.5
      vertex 20.9375 -25.625 1.25
      vertex 21.5625 -25.625 22.5
    endloop
  endfacet
  facet normal 0 -1 -0
    outer loop
      vertex 21.5625 -25.625 22.5
      vertex 20.9375 -25.625 1.25
      vertex 21.5625 -25.625 1.25
    endloop
  endfacet
  facet normal 0 0 1
    outer loop
      vertex 20.9375 -28.125 1.25
      vertex 21.5625 -28.125 1.25
      vertex 20.9375 -25.625 1.25
    endloop
  endfacet
  facet normal -0 0 1
    outer loop
      vertex 20.9375 -25.625 1.25
      vertex 21.5625 -28.125 1.25
      vertex 21.5625 -25.625 1.25
    endloop
  endfacet
  facet normal 0 0 -1
    outer loop
      vertex 20.9375 -25.625 22.5
      vertex 21.5625 -25.625 22.5
      vertex 20.9375 -28.125 22.5
    endloop
  endfacet
  facet normal 0 0 -1
    outer loop
      vertex 20.9375 -28.125 22.5
      vertex 21.5625 -25.625 22.5
      vertex 21.5625 -28.125 22.5
    endloop
  endfacet
  facet normal 1 0 0
    outer loop
      vertex 23.75 -25.625 22.5
      vertex 23.75 -28.125 22.5
      vertex 23.75 -25.625 1.25
    endloop
  endfacet
  facet normal 1 0 0
    outer loop
      vertex 23.75 -25.625 1.25
      vertex 23.75 -28.125 22.5
      vertex 23.75 -28.125 1.25
    endloop
  endfacet
  facet normal 0 1 0
    outer loop
      vertex 24.375 -28.125 22.5
      vertex 24.375 -28.125 1.25
      vertex 23.75 -28.125 22.5
    endloop
  endfacet
  facet normal 0 1 0
    outer loop
      vertex 23.75 -28.125 22.5
      vertex 24.375 -28.125 1.25
      vertex 23.75 -28.125 1.25
    endloop
  endfacet
  facet normal -1 -0 -0
    outer loop
      vertex 24.375 -25.625 22.5
      vertex 24.375 -25.625 1.25
      vertex 24.375 -28.125 22.5
    endloop
  endfacet
  facet normal -1 0 0
    outer loop
      vertex 24.375 -28.125 22.5
      vertex 24.375 -25.625 1.25
      vertex 24.375 -28.125 1.25
    endloop
  endfacet
  facet normal 0 -1 0
    outer loop
      vertex 23.75 -25.625 22.5
      vertex 23.75 -25.625 1.25
      vertex 24.375 -25.625 22.5
    endloop
  endfacet
  facet normal 0 -1 -0
    outer loop
      vertex 24.375 -25.625 22.5
      vertex 23.75 -25.625 1.25
      vertex 24.375 -25.625 1.25
    endloop
  endfacet
  facet normal 0 0 1
    outer loop
      vertex 23.75 -28.125 1.25
      vertex 24.375 -28.125 1.25
      vertex 23.75 -25.625 1.25
    endloop
  endfacet
  facet normal -0 0 1
    outer loop
      vertex 23.75 -25.625 1.25
      vertex 24.375 -28.125 1.25
      vertex 24.375 -25.625 1.25
    endloop
  endfacet
  facet normal 0 0 -1
    outer loop
      vertex 23.75 -25.625 22.5
      vertex 24.375 -25.625 22.5
      vertex 23.75 -28.125 22.5
    endloop
  endfacet
  facet normal 0 0 -1
    outer loop
      vertex 23.75 -28.125 22.5
      vertex 24.375 -25.625 22.5
      vertex 24.375 -28.125 22.5
    endloop
  endfacet
  facet normal 1 0 0
    outer loop
      vertex 20.9375 11.25 1.25
      vertex 20.9375 13.75 1.25
      vertex 20.9375 11.25 16.25
    endloop
  endfacet
  facet normal 1 -0 0
    outer loop
      vertex 20.9375 11.25 16.25
      vertex 20.9375 13.75 1.25
      vertex 20.9375 13.75 16.25
    endloop
  endfacet
  facet normal 0 1 0
    outer loop
      vertex 20.9375 11.25 1.25
      vertex 20.9375 11.25 16.25
      vertex 21.5625 11.25 1.25
    endloop
  endfacet
  facet normal 0 1 -0
    outer loop
      vertex 21.5625 11.25 1.25
      vertex 20.9375 11.25 16.25
      vertex 21.5625 11.25 16.25
    endloop
  endfacet
  facet normal -1 0 0
    outer loop
      vertex 21.5625 11.25 1.25
      vertex 21.5625 11.25 16.25
      vertex 21.5625 13.75 1.25
    endloop
  endfacet
  facet normal -1 0 0
    outer loop
      vertex 21.5625 13.75 1.25
      vertex 21.5625 11.25 16.25
      vertex 21.5625 13.75 16.25
    endloop
  endfacet
  facet normal 0 -1 0
    outer loop
      vertex 21.5625 13.75 1.25
      vertex 21.5625 13.75 16.25
      vertex 20.9375 13.75 1.25
    endloop
  endfacet
  facet normal 0 -1 0
    outer loop
      vertex 20.9375 13.75 1.25
      vertex 21.5625 13.75 16.25
      vertex 20.9375 13.75 16.25
    endloop
  endfacet
  facet normal 0 0 -1
    outer loop
      vertex 20.9375 13.75 16.25
      vertex 21.5625 13.75 16.25
      vertex 20.9375 11.25 16.25
    endloop
  endfacet
  facet normal 0 0 -1
    outer loop
      vertex 20.9375 11.25 16.25
      vertex 21.5625 13.75 16.25
      vertex 21.5625 11.25 16.25
    endloop
  endfacet
  facet normal 0 0 1
    outer loop
      vertex 20.9375 11.25 1.25
      vertex 21.5625 11.25 1.25
      vertex 20.9375 13.75 1.25
    endloop
  endfacet
  facet normal -0 0 1
    outer loop
      vertex 20.9375 13.75 1.25
      vertex 21.5625 11.25 1.25
      vertex 21.5625 13.75 1.25
    endloop
  endfacet
  facet normal 1 0 -0
    outer loop
      vertex 18.125 13.75 1.25
      vertex 18.125 13.75 16.25
      vertex 18.125 11.25 1.25
    endloop
  endfacet
  facet normal 1 0 0
    outer loop
      vertex 18.125 11.25 1.25
      vertex 18.125 13.75 16.25
      vertex 18.125 11.25 16.25
    endloop
  endfacet
  facet normal 0 1 0
    outer loop
      vertex 18.125 11.25 1.25
      vertex 18.125 11.25 16.25
      vertex 18.75 11.25 1.25
    endloop
  endfacet
  facet normal 0 1 -0
    outer loop
      vertex 18.75 11.25 1.25
      vertex 18.125 11.25 16.25
      vertex 18.75 11.25 16.25
    endloop
  endfacet
  facet normal -1 0 0
    outer loop
      vertex 18.75 11.25 1.25
      vertex 18.75 11.25 16.25
      vertex 18.75 13.75 1.25
    endloop
  endfacet
  facet normal -1 0 0
    outer loop
      vertex 18.75 13.75 1.25
      vertex 18.75 11.25 16.25
      vertex 18.75 13.75 16.25
    endloop
  endfacet
  facet normal 0 -1 0
    outer loop
      vertex 18.75 13.75 1.25
      vertex 18.75 13.75 16.25
      vertex 18.125 13.75 1.25
    endloop
  endfacet
  facet normal 0 -1 0
    outer loop
      vertex 18.125 13.75 1.25
      vertex 18.75 13.75 16.25
      vertex 18.125 13.75 16.25
    endloop
  endfacet
  facet normal 0 0 -1
    outer loop
      vertex 18.125 13.75 16.25
      vertex 18.75 13.75 16.25
      vertex 18.125 11.25 16.25
    endloop
  endfacet
  facet normal 0 0 -1
    outer loop
      vertex 18.125 11.25 16.25
      vertex 18.75 13.75 16.25
      vertex 18.75 11.25 16.25
    endloop
  endfacet
  facet normal 0 0 1
    outer loop
      vertex 18.125 11.25 1.25
      vertex 18.75 11.25 1.25
      vertex 18.125 13.75 1.25
    endloop
  endfacet
  facet normal -0 0 1
    outer loop
      vertex 18.125 13.75 1.25
      vertex 18.75 11.25 1.25
      vertex 18.75 13.75 1.25
    endloop
  endfacet
  facet normal 1 0 -0
    outer loop
      vertex 18.125 -14.625 1.25
      vertex 18.125 -14.625 22.5
      vertex 18.125 -15.25 1.25
    endloop
  endfacet
  facet normal 1 0 0
    outer loop
      vertex 18.125 -15.25 1.25
      vertex 18.125 -14.625 22.5
      vertex 18.125 -15.25 22.5
    endloop
  endfacet
  facet normal 0 1 0
    outer loop
      vertex 18.125 -15.25 1.25
      vertex 18.125 -15.25 22.5
      vertex 24.375 -15.25 1.25
    endloop
  endfacet
  facet normal 0 1 -0
    outer loop
      vertex 24.375 -15.25 1.25
      vertex 18.125 -15.25 22.5
      vertex 24.375 -15.25 22.5
    endloop
  endfacet
  facet normal -1 0 0
    outer loop
      vertex 24.375 -15.25 1.25
      vertex 24.375 -15.25 22.5
      vertex 24.375 -14.625 1.25
    endloop
  endfacet
  facet normal -1 0 0
    outer loop
      vertex 24.375 -14.625 1.25
      vertex 24.375 -15.25 22.5
      vertex 24.375 -14.625 22.5
    endloop
  endfacet
  facet normal 0 -1 0
    outer loop
      vertex 18.125 -14.625 1.25
      vertex 24.375 -14.625 1.25
      vertex 18.125 -14.625 22.5
    endloop
  endfacet
  facet normal 0 -1 0
    outer loop
      vertex 18.125 -14.625 22.5
      vertex 24.375 -14.625 1.25
      vertex 24.375 -14.625 22.5
    endloop
  endfacet
  facet normal 0 0 -1
    outer loop
      vertex 18.125 -14.625 22.5
      vertex 24.375 -14.625 22.5
      vertex 18.125 -15.25 22.5
    endloop
  endfacet
  facet normal 0 0 -1
    outer loop
      vertex 18.125 -15.25 22.5
      vertex 24.375 -14.625 22.5
      vertex 24.375 -15.25 22.5
    endloop
  endfacet
  facet normal 0 0 1
    outer loop
      vertex 18.125 -15.25 1.25
      vertex 24.375 -15.25 1.25
      vertex 18.125 -14.625 1.25
    endloop
  endfacet
  facet normal -0 0 1
    outer loop
      vertex 18.125 -14.625 1.25
      vertex 24.375 -15.25 1.25
      vertex 24.375 -14.625 1.25
    endloop
  endfacet
  facet normal -1 0 0
    outer loop
      vertex 24.375 -10.25 1.25
      vertex 24.375 -10.25 22.5
      vertex 24.375 -2.25 1.25
    endloop
  endfacet
  facet normal -1 0 0
    outer loop
      vertex 24.375 -2.25 1.25
      vertex 24.375 -10.25 22.5
      vertex 24.375 -2.25 22.5
    endloop
  endfacet
  facet normal 0 -1 0
    outer loop
      vertex 24.375 -2.25 1.25
      vertex 24.375 -2.25 22.5
      vertex 23.75 -2.25 1.25
    endloop
  endfacet
  facet normal 0 -1 0
    outer loop
      vertex 23.75 -2.25 1.25
      vertex 24.375 -2.25 22.5
      vertex 23.75 -2.25 22.5
    endloop
  endfacet
  facet normal 1 0 -0
    outer loop
      vertex 23.75 -2.25 1.25
      vertex 23.75 -2.25 22.5
      vertex 23.75 -10.25 1.25
    endloop
  endfacet
  facet normal 1 0 0
    outer loop
      vertex 23.75 -10.25 1.25
      vertex 23.75 -2.25 22.5
      vertex 23.75 -10.25 22.5
    endloop
  endfacet
  facet normal 0 1 0
    outer loop
      vertex 23.75 -10.25 1.25
      vertex 23.75 -10.25 22.5
      vertex 24.375 -10.25 1.25
    endloop
  endfacet
  facet normal 0 1 -0
    outer loop
      vertex 24.375 -10.25 1.25
      vertex 23.75 -10.25 22.5
      vertex 24.375 -10.25 22.5
    endloop
  endfacet
  facet normal 0 0 -1
    outer loop
      vertex 24.375 -10.25 22.5
      vertex 23.75 -10.25 22.5
      vertex 24.375 -2.25 22.5
    endloop
  endfacet
  facet normal -0 0 -1
    outer loop
      vertex 24.375 -2.25 22.5
      vertex 23.75 -10.25 22.5
      vertex 23.75 -2.25 22.5
    endloop
  endfacet
  facet normal 0 0 1
    outer loop
      vertex 24.375 -2.25 1.25
      vertex 23.75 -2.25 1.25
      vertex 24.375 -10.25 1.25
    endloop
  endfacet
  facet normal 0 0 1
    outer loop
      vertex 24.375 -10.25 1.25
      vertex 23.75 -2.25 1.25
      vertex 23.75 -10.25 1.25
    endloop
  endfacet
  facet normal -0 0.0629311 0.998018
    outer loop
      vertex 21.875 7.2415 14.2038
      vertex 26.25 7.2415 14.2038
      vertex 21.875 7.5 14.1875
    endloop
  endfacet
  facet normal -0 0.0629311 0.998018
    outer loop
      vertex 21.875 7.5 14.1875
      vertex 26.25 7.2415 14.2038
      vertex 26.25 7.5 14.1875
    endloop
  endfacet
  facet normal 0 -0.0629311 0.998018
    outer loop
      vertex 21.875 7.5 14.1875
      vertex 26.25 7.5 14.1875
      vertex 21.875 7.7585 14.2038
    endloop
  endfacet
  facet normal 0 -0.0629311 0.998018
    outer loop
      vertex 21.875 7.7585 14.2038
      vertex 26.25 7.5 14.1875
      vertex 26.25 7.7585 14.2038
    endloop
  endfacet
  facet normal 0 -0.187258 0.982311
    outer loop
      vertex 21.875 7.7585 14.2038
      vertex 26.25 7.7585 14.2038
      vertex 21.875 8.01292 14.2523
    endloop
  endfacet
  facet normal 0 -0.187258 0.982311
    outer loop
      vertex 21.875 8.01292 14.2523
      vertex 26.25 7.7585 14.2038
      vertex 26.25 8.01292 14.2523
    endloop
  endfacet
  facet normal 0 -0.308875 0.951103
    outer loop
      vertex 21.875 8.01292 14.2523
      vertex 26.25 8.01292 14.2523
      vertex 21.875 8.25926 14.3323
    endloop
  endfacet
  facet normal 0 -0.308875 0.951103
    outer loop
      vertex 21.875 8.25926 14.3323
      vertex 26.25 8.01292 14.2523
      vertex 26.25 8.25926 14.3323
    endloop
  endfacet
  facet normal 0 -0.425838 0.904799
    outer loop
      vertex 21.875 8.25926 14.3323
      vertex 26.25 8.25926 14.3323
      vertex 21.875 8.49362 14.4426
    endloop
  endfacet
  facet normal 0 -0.425838 0.904799
    outer loop
      vertex 21.875 8.49362 14.4426
      vertex 26.25 8.25926 14.3323
      vertex 26.25 8.49362 14.4426
    endloop
  endfacet
  facet normal 0 -0.535868 0.844302
    outer loop
      vertex 21.875 8.49362 14.4426
      vertex 26.25 8.49362 14.4426
      vertex 21.875 8.71231 14.5814
    endloop
  endfacet
  facet normal 0 -0.535868 0.844302
    outer loop
      vertex 21.875 8.71231 14.5814
      vertex 26.25 8.49362 14.4426
      vertex 26.25 8.71231 14.5814
    endloop
  endfacet
  facet normal 0 -0.637427 0.770511
    outer loop
      vertex 21.875 8.71231 14.5814
      vertex 26.25 8.71231 14.5814
      vertex 21.875 8.91188 14.7465
    endloop
  endfacet
  facet normal 0 -0.637427 0.770511
    outer loop
      vertex 21.875 8.91188 14.7465
      vertex 26.25 8.71231 14.5814
      vertex 26.25 8.91188 14.7465
    endloop
  endfacet
  facet normal 0 -0.728959 0.684557
    outer loop
      vertex 21.875 8.91188 14.7465
      vertex 26.25 8.91188 14.7465
      vertex 21.875 9.08918 14.9353
    endloop
  endfacet
  facet normal 0 -0.728959 0.684557
    outer loop
      vertex 21.875 9.08918 14.9353
      vertex 26.25 8.91188 14.7465
      vertex 26.25 9.08918 14.9353
    endloop
  endfacet
  facet normal 0 -0.809078 0.587701
    outer loop
      vertex 21.875 9.08918 14.9353
      vertex 26.25 9.08918 14.9353
      vertex 21.875 9.24143 15.1449
    endloop
  endfacet
  facet normal 0 -0.809078 0.587701
    outer loop
      vertex 21.875 9.24143 15.1449
      vertex 26.25 9.08918 14.9353
      vertex 26.25 9.24143 15.1449
    endloop
  endfacet
  facet normal 0 -0.87624 0.481874
    outer loop
      vertex 21.875 9.24143 15.1449
      vertex 26.25 9.24143 15.1449
      vertex 21.875 9.36621 15.3718
    endloop
  endfacet
  facet normal 0 -0.87624 0.481874
    outer loop
      vertex 21.875 9.36621 15.3718
      vertex 26.25 9.24143 15.1449
      vertex 26.25 9.36621 15.3718
    endloop
  endfacet
  facet normal 0 -0.929828 0.367994
    outer loop
      vertex 21.875 9.36621 15.3718
      vertex 26.25 9.36621 15.3718
      vertex 21.875 9.46155 15.6127
    endloop
  endfacet
  facet normal 0 -0.929828 0.367994
    outer loop
      vertex 21.875 9.46155 15.6127
      vertex 26.25 9.36621 15.3718
      vertex 26.25 9.46155 15.6127
    endloop
  endfacet
  facet normal 0 -0.968559 0.248782
    outer loop
      vertex 21.875 9.46155 15.6127
      vertex 26.25 9.46155 15.6127
      vertex 21.875 9.52597 15.8635
    endloop
  endfacet
  facet normal 0 -0.968559 0.248782
    outer loop
      vertex 21.875 9.52597 15.8635
      vertex 26.25 9.46155 15.6127
      vertex 26.25 9.52597 15.8635
    endloop
  endfacet
  facet normal 0 -0.992118 0.125308
    outer loop
      vertex 21.875 9.52597 15.8635
      vertex 26.25 9.52597 15.8635
      vertex 21.875 9.55843 16.1205
    endloop
  endfacet
  facet normal 0 -0.992118 0.125308
    outer loop
      vertex 21.875 9.55843 16.1205
      vertex 26.25 9.52597 15.8635
      vertex 26.25 9.55843 16.1205
    endloop
  endfacet
  facet normal 0 -1 0
    outer loop
      vertex 21.875 9.55843 16.1205
      vertex 26.25 9.55843 16.1205
      vertex 21.875 9.55843 16.3795
    endloop
  endfacet
  facet normal 0 -1 0
    outer loop
      vertex 21.875 9.55843 16.3795
      vertex 26.25 9.55843 16.1205
      vertex 26.25 9.55843 16.3795
    endloop
  endfacet
  facet normal 0 -0.992118 -0.125308
    outer loop
      vertex 21.875 9.55843 16.3795
      vertex 26.25 9.55843 16.3795
      vertex 21.875 9.52597 16.6365
    endloop
  endfacet
  facet normal 0 -0.992118 -0.125308
    outer loop
      vertex 21.875 9.52597 16.6365
      vertex 26.25 9.55843 16.3795
      vertex 26.25 9.52597 16.6365
    endloop
  endfacet
  facet normal 0 -0.968559 -0.248782
    outer loop
      vertex 21.875 9.52597 16.6365
      vertex 26.25 9.52597 16.6365
      vertex 21.875 9.46155 16.8873
    endloop
  endfacet
  facet normal 0 -0.968559 -0.248782
    outer loop
      vertex 21.875 9.46155 16.8873
      vertex 26.25 9.52597 16.6365
      vertex 26.25 9.46155 16.8873
    endloop
  endfacet
  facet normal 0 -0.929828 -0.367994
    outer loop
      vertex 21.875 9.46155 16.8873
      vertex 26.25 9.46155 16.8873
      vertex 21.875 9.36621 17.1282
    endloop
  endfacet
  facet normal 0 -0.929828 -0.367994
    outer loop
      vertex 21.875 9.36621 17.1282
      vertex 26.25 9.46155 16.8873
      vertex 26.25 9.36621 17.1282
    endloop
  endfacet
  facet normal 0 -0.87624 -0.481874
    outer loop
      vertex 21.875 9.36621 17.1282
      vertex 26.25 9.36621 17.1282
      vertex 21.875 9.24143 17.3551
    endloop
  endfacet
  facet normal 0 -0.87624 -0.481874
    outer loop
      vertex 21.875 9.24143 17.3551
      vertex 26.25 9.36621 17.1282
      vertex 26.25 9.24143 17.3551
    endloop
  endfacet
  facet normal 0 -0.809078 -0.587701
    outer loop
      vertex 21.875 9.24143 17.3551
      vertex 26.25 9.24143 17.3551
      vertex 21.875 9.08918 17.5647
    endloop
  endfacet
  facet normal 0 -0.809078 -0.587701
    outer loop
      vertex 21.875 9.08918 17.5647
      vertex 26.25 9.24143 17.3551
      vertex 26.25 9.08918 17.5647
    endloop
  endfacet
  facet normal 0 -0.728959 -0.684557
    outer loop
      vertex 21.875 9.08918 17.5647
      vertex 26.25 9.08918 17.5647
      vertex 21.875 8.91188 17.7535
    endloop
  endfacet
  facet normal 0 -0.728959 -0.684557
    outer loop
      vertex 21.875 8.91188 17.7535
      vertex 26.25 9.08918 17.5647
      vertex 26.25 8.91188 17.7535
    endloop
  endfacet
  facet normal 0 -0.637427 -0.770511
    outer loop
      vertex 21.875 8.91188 17.7535
      vertex 26.25 8.91188 17.7535
      vertex 21.875 8.71231 17.9186
    endloop
  endfacet
  facet normal 0 -0.637427 -0.770511
    outer loop
      vertex 21.875 8.71231 17.9186
      vertex 26.25 8.91188 17.7535
      vertex 26.25 8.71231 17.9186
    endloop
  endfacet
  facet normal 0 -0.535868 -0.844302
    outer loop
      vertex 21.875 8.71231 17.9186
      vertex 26.25 8.71231 17.9186
      vertex 21.875 8.49362 18.0574
    endloop
  endfacet
  facet normal 0 -0.535868 -0.844302
    outer loop
      vertex 21.875 8.49362 18.0574
      vertex 26.25 8.71231 17.9186
      vertex 26.25 8.49362 18.0574
    endloop
  endfacet
  facet normal 0 -0.425838 -0.904799
    outer loop
      vertex 21.875 8.49362 18.0574
      vertex 26.25 8.49362 18.0574
      vertex 21.875 8.25926 18.1677
    endloop
  endfacet
  facet normal 0 -0.425838 -0.904799
    outer loop
      vertex 21.875 8.25926 18.1677
      vertex 26.25 8.49362 18.0574
      vertex 26.25 8.25926 18.1677
    endloop
  endfacet
  facet normal 0 -0.308875 -0.951103
    outer loop
      vertex 21.875 8.25926 18.1677
      vertex 26.25 8.25926 18.1677
      vertex 21.875 8.01292 18.2477
    endloop
  endfacet
  facet normal 0 -0.308875 -0.951103
    outer loop
      vertex 21.875 8.01292 18.2477
      vertex 26.25 8.25926 18.1677
      vertex 26.25 8.01292 18.2477
    endloop
  endfacet
  facet normal 0 -0.187258 -0.982311
    outer loop
      vertex 21.875 8.01292 18.2477
      vertex 26.25 8.01292 18.2477
      vertex 21.875 7.7585 18.2962
    endloop
  endfacet
  facet normal 0 -0.187258 -0.982311
    outer loop
      vertex 21.875 7.7585 18.2962
      vertex 26.25 8.01292 18.2477
      vertex 26.25 7.7585 18.2962
    endloop
  endfacet
  facet normal 0 -0.0629311 -0.998018
    outer loop
      vertex 21.875 7.7585 18.2962
      vertex 26.25 7.7585 18.2962
      vertex 21.875 7.5 18.3125
    endloop
  endfacet
  facet normal 0 -0.0629311 -0.998018
    outer loop
      vertex 21.875 7.5 18.3125
      vertex 26.25 7.7585 18.2962
      vertex 26.25 7.5 18.3125
    endloop
  endfacet
  facet normal 0 0.0629311 -0.998018
    outer loop
      vertex 21.875 7.5 18.3125
      vertex 26.25 7.5 18.3125
      vertex 21.875 7.2415 18.2962
    endloop
  endfacet
  facet normal 0 0.0629311 -0.998018
    outer loop
      vertex 21.875 7.2415 18.2962
      vertex 26.25 7.5 18.3125
      vertex 26.25 7.2415 18.2962
    endloop
  endfacet
  facet normal 0 0.187258 -0.982311
    outer loop
      vertex 21.875 7.2415 18.2962
      vertex 26.25 7.2415 18.2962
      vertex 21.875 6.98708 18.2477
    endloop
  endfacet
  facet normal 0 0.187258 -0.982311
    outer loop
      vertex 21.875 6.98708 18.2477
      vertex 26.25 7.2415 18.2962
      vertex 26.25 6.98708 18.2477
    endloop
  endfacet
  facet normal 0 0.308875 -0.951103
    outer loop
      vertex 21.875 6.98708 18.2477
      vertex 26.25 6.98708 18.2477
      vertex 21.875 6.74074 18.1677
    endloop
  endfacet
  facet normal 0 0.308875 -0.951103
    outer loop
      vertex 21.875 6.74074 18.1677
      vertex 26.25 6.98708 18.2477
      vertex 26.25 6.74074 18.1677
    endloop
  endfacet
  facet normal 0 0.425838 -0.904799
    outer loop
      vertex 21.875 6.74074 18.1677
      vertex 26.25 6.74074 18.1677
      vertex 21.875 6.50638 18.0574
    endloop
  endfacet
  facet normal 0 0.425838 -0.904799
    outer loop
      vertex 21.875 6.50638 18.0574
      vertex 26.25 6.74074 18.1677
      vertex 26.25 6.50638 18.0574
    endloop
  endfacet
  facet normal 0 0.535868 -0.844302
    outer loop
      vertex 21.875 6.50638 18.0574
      vertex 26.25 6.50638 18.0574
      vertex 21.875 6.28769 17.9186
    endloop
  endfacet
  facet normal 0 0.535868 -0.844302
    outer loop
      vertex 21.875 6.28769 17.9186
      vertex 26.25 6.50638 18.0574
      vertex 26.25 6.28769 17.9186
    endloop
  endfacet
  facet normal 0 0.637427 -0.770511
    outer loop
      vertex 21.875 6.28769 17.9186
      vertex 26.25 6.28769 17.9186
      vertex 21.875 6.08812 17.7535
    endloop
  endfacet
  facet normal 0 0.637427 -0.770511
    outer loop
      vertex 21.875 6.08812 17.7535
      vertex 26.25 6.28769 17.9186
      vertex 26.25 6.08812 17.7535
    endloop
  endfacet
  facet normal 0 0.728959 -0.684557
    outer loop
      vertex 21.875 6.08812 17.7535
      vertex 26.25 6.08812 17.7535
      vertex 21.875 5.91082 17.5647
    endloop
  endfacet
  facet normal 0 0.728959 -0.684557
    outer loop
      vertex 21.875 5.91082 17.5647
      vertex 26.25 6.08812 17.7535
      vertex 26.25 5.91082 17.5647
    endloop
  endfacet
  facet normal 0 0.809078 -0.587701
    outer loop
      vertex 21.875 5.91082 17.5647
      vertex 26.25 5.91082 17.5647
      vertex 21.875 5.75857 17.3551
    endloop
  endfacet
  facet normal 0 0.809078 -0.587701
    outer loop
      vertex 21.875 5.75857 17.3551
      vertex 26.25 5.91082 17.5647
      vertex 26.25 5.75857 17.3551
    endloop
  endfacet
  facet normal 0 0.87624 -0.481874
    outer loop
      vertex 21.875 5.75857 17.3551
      vertex 26.25 5.75857 17.3551
      vertex 21.875 5.63379 17.1282
    endloop
  endfacet
  facet normal 0 0.87624 -0.481874
    outer loop
      vertex 21.875 5.63379 17.1282
      vertex 26.25 5.75857 17.3551
      vertex 26.25 5.63379 17.1282
    endloop
  endfacet
  facet normal 0 0.929828 -0.367994
    outer loop
      vertex 21.875 5.63379 17.1282
      vertex 26.25 5.63379 17.1282
      vertex 21.875 5.53845 16.8873
    endloop
  endfacet
  facet normal 0 0.929828 -0.367994
    outer loop
      vertex 21.875 5.53845 16.8873
      vertex 26.25 5.63379 17.1282
      vertex 26.25 5.53845 16.8873
    endloop
  endfacet
  facet normal 0 0.968559 -0.248782
    outer loop
      vertex 21.875 5.53845 16.8873
      vertex 26.25 5.53845 16.8873
      vertex 21.875 5.47403 16.6365
    endloop
  endfacet
  facet normal 0 0.968559 -0.248782
    outer loop
      vertex 21.875 5.47403 16.6365
      vertex 26.25 5.53845 16.8873
      vertex 26.25 5.47403 16.6365
    endloop
  endfacet
  facet normal 0 0.992118 -0.125308
    outer loop
      vertex 21.875 5.47403 16.6365
      vertex 26.25 5.47403 16.6365
      vertex 21.875 5.44157 16.3795
    endloop
  endfacet
  facet normal 0 0.992118 -0.125308
    outer loop
      vertex 21.875 5.44157 16.3795
      vertex 26.25 5.47403 16.6365
      vertex 26.25 5.44157 16.3795
    endloop
  endfacet
  facet normal -0 1 0
    outer loop
      vertex 21.875 5.44157 16.3795
      vertex 26.25 5.44157 16.3795
      vertex 21.875 5.44157 16.1205
    endloop
  endfacet
  facet normal 0 1 0
    outer loop
      vertex 21.875 5.44157 16.1205
      vertex 26.25 5.44157 16.3795
      vertex 26.25 5.44157 16.1205
    endloop
  endfacet
  facet normal -0 0.992118 0.125308
    outer loop
      vertex 21.875 5.44157 16.1205
      vertex 26.25 5.44157 16.1205
      vertex 21.875 5.47403 15.8635
    endloop
  endfacet
  facet normal -0 0.992118 0.125308
    outer loop
      vertex 21.875 5.47403 15.8635
      vertex 26.25 5.44157 16.1205
      vertex 26.25 5.47403 15.8635
    endloop
  endfacet
  facet normal -0 0.968559 0.248782
    outer loop
      vertex 21.875 5.47403 15.8635
      vertex 26.25 5.47403 15.8635
      vertex 21.875 5.53845 15.6127
    endloop
  endfacet
  facet normal -0 0.968559 0.248782
    outer loop
      vertex 21.875 5.53845 15.6127
      vertex 26.25 5.47403 15.8635
      vertex 26.25 5.53845 15.6127
    endloop
  endfacet
  facet normal -0 0.929828 0.367994
    outer loop
      vertex 21.875 5.53845 15.6127
      vertex 26.25 5.53845 15.6127
      vertex 21.875 5.63379 15.3718
    endloop
  endfacet
  facet normal -0 0.929828 0.367994
    outer loop
      vertex 21.875 5.63379 15.3718
      vertex 26.25 5.53845 15.6127
      vertex 26.25 5.63379 15.3718
    endloop
  endfacet
  facet normal -0 0.87624 0.481874
    outer loop
      vertex 21.875 5.63379 15.3718
      vertex 26.25 5.63379 15.3718
      vertex 21.875 5.75857 15.1449
    endloop
  endfacet
  facet normal -0 0.87624 0.481874
    outer loop
      vertex 21.875 5.75857 15.1449
      vertex 26.25 5.63379 15.3718
      vertex 26.25 5.75857 15.1449
    endloop
  endfacet
  facet normal -0 0.809078 0.587701
    outer loop
      vertex 21.875 5.75857 15.1449
      vertex 26.25 5.75857 15.1449
      vertex 21.875 5.91082 14.9353
    endloop
  endfacet
  facet normal -0 0.809078 0.587701
    outer loop
      vertex 21.875 5.91082 14.9353
      vertex 26.25 5.75857 15.1449
      vertex 26.25 5.91082 14.9353
    endloop
  endfacet
  facet normal -0 0.728959 0.684557
    outer loop
      vertex 21.875 5.91082 14.9353
      vertex 26.25 5.91082 14.9353
      vertex 21.875 6.08812 14.7465
    endloop
  endfacet
  facet normal -0 0.728959 0.684557
    outer loop
      vertex 21.875 6.08812 14.7465
      vertex 26.25 5.91082 14.9353
      vertex 26.25 6.08812 14.7465
    endloop
  endfacet
  facet normal -0 0.637427 0.770511
    outer loop
      vertex 21.875 6.08812 14.7465
      vertex 26.25 6.08812 14.7465
      vertex 21.875 6.28769 14.5814
    endloop
  endfacet
  facet normal -0 0.637427 0.770511
    outer loop
      vertex 21.875 6.28769 14.5814
      vertex 26.25 6.08812 14.7465
      vertex 26.25 6.28769 14.5814
    endloop
  endfacet
  facet normal -0 0.535868 0.844302
    outer loop
      vertex 21.875 6.28769 14.5814
      vertex 26.25 6.28769 14.5814
      vertex 21.875 6.50638 14.4426
    endloop
  endfacet
  facet normal -0 0.535868 0.844302
    outer loop
      vertex 21.875 6.50638 14.4426
      vertex 26.25 6.28769 14.5814
      vertex 26.25 6.50638 14.4426
    endloop
  endfacet
  facet normal -0 0.425838 0.904799
    outer loop
      vertex 21.875 6.50638 14.4426
      vertex 26.25 6.50638 14.4426
      vertex 21.875 6.74074 14.3323
    endloop
  endfacet
  facet normal -0 0.425838 0.904799
    outer loop
      vertex 21.875 6.74074 14.3323
      vertex 26.25 6.50638 14.4426
      vertex 26.25 6.74074 14.3323
    endloop
  endfacet
  facet normal -0 0.308875 0.951103
    outer loop
      vertex 21.875 6.74074 14.3323
      vertex 26.25 6.74074 14.3323
      vertex 21.875 6.98708 14.2523
    endloop
  endfacet
  facet normal -0 0.308875 0.951103
    outer loop
      vertex 21.875 6.98708 14.2523
      vertex 26.25 6.74074 14.3323
      vertex 26.25 6.98708 14.2523
    endloop
  endfacet
  facet normal -0 0.187258 0.982311
    outer loop
      vertex 21.875 6.98708 14.2523
      vertex 26.25 6.98708 14.2523
      vertex 21.875 7.2415 14.2038
    endloop
  endfacet
  facet normal -0 0.187258 0.982311
    outer loop
      vertex 21.875 7.2415 14.2038
      vertex 26.25 6.98708 14.2523
      vertex 26.25 7.2415 14.2038
    endloop
  endfacet
  facet normal -0 0.0629311 0.998018
    outer loop
      vertex 21.875 -20.2585 14.2038
      vertex 26.25 -20.2585 14.2038
      vertex 21.875 -20 14.1875
    endloop
  endfacet
  facet normal -0 0.0629311 0.998018
    outer loop
      vertex 21.875 -20 14.1875
      vertex 26.25 -20.2585 14.2038
      vertex 26.25 -20 14.1875
    endloop
  endfacet
  facet normal 0 -0.0629311 0.998018
    outer loop
      vertex 21.875 -20 14.1875
      vertex 26.25 -20 14.1875
      vertex 21.875 -19.7415 14.2038
    endloop
  endfacet
  facet normal 0 -0.0629311 0.998018
    outer loop
      vertex 21.875 -19.7415 14.2038
      vertex 26.25 -20 14.1875
      vertex 26.25 -19.7415 14.2038
    endloop
  endfacet
  facet normal 0 -0.187272 0.982308
    outer loop
      vertex 21.875 -19.7415 14.2038
      vertex 26.25 -19.7415 14.2038
      vertex 21.875 -19.4871 14.2523
    endloop
  endfacet
  facet normal 0 -0.187272 0.982308
    outer loop
      vertex 21.875 -19.4871 14.2523
      vertex 26.25 -19.7415 14.2038
      vertex 26.25 -19.4871 14.2523
    endloop
  endfacet
  facet normal 0 -0.308807 0.951125
    outer loop
      vertex 21.875 -19.4871 14.2523
      vertex 26.25 -19.4871 14.2523
      vertex 21.875 -19.2407 14.3323
    endloop
  endfacet
  facet normal 0 -0.308807 0.951125
    outer loop
      vertex 21.875 -19.2407 14.3323
      vertex 26.25 -19.4871 14.2523
      vertex 26.25 -19.2407 14.3323
    endloop
  endfacet
  facet normal 0 -0.425927 0.904757
    outer loop
      vertex 21.875 -19.2407 14.3323
      vertex 26.25 -19.2407 14.3323
      vertex 21.875 -19.0064 14.4426
    endloop
  endfacet
  facet normal 0 -0.425927 0.904757
    outer loop
      vertex 21.875 -19.0064 14.4426
      vertex 26.25 -19.2407 14.3323
      vertex 26.25 -19.0064 14.4426
    endloop
  endfacet
  facet normal 0 -0.535851 0.844313
    outer loop
      vertex 21.875 -19.0064 14.4426
      vertex 26.25 -19.0064 14.4426
      vertex 21.875 -18.7877 14.5814
    endloop
  endfacet
  facet normal 0 -0.535851 0.844313
    outer loop
      vertex 21.875 -18.7877 14.5814
      vertex 26.25 -19.0064 14.4426
      vertex 26.25 -18.7877 14.5814
    endloop
  endfacet
  facet normal 0 -0.63737 0.770558
    outer loop
      vertex 21.875 -18.7877 14.5814
      vertex 26.25 -18.7877 14.5814
      vertex 21.875 -18.5881 14.7465
    endloop
  endfacet
  facet normal 0 -0.63737 0.770558
    outer loop
      vertex 21.875 -18.5881 14.7465
      vertex 26.25 -18.7877 14.5814
      vertex 26.25 -18.5881 14.7465
    endloop
  endfacet
  facet normal 0 -0.728959 0.684557
    outer loop
      vertex 21.875 -18.5881 14.7465
      vertex 26.25 -18.5881 14.7465
      vertex 21.875 -18.4108 14.9353
    endloop
  endfacet
  facet normal 0 -0.728959 0.684557
    outer loop
      vertex 21.875 -18.4108 14.9353
      vertex 26.25 -18.5881 14.7465
      vertex 26.25 -18.4108 14.9353
    endloop
  endfacet
  facet normal 0 -0.80917 0.587575
    outer loop
      vertex 21.875 -18.4108 14.9353
      vertex 26.25 -18.4108 14.9353
      vertex 21.875 -18.2586 15.1449
    endloop
  endfacet
  facet normal 0 -0.80917 0.587575
    outer loop
      vertex 21.875 -18.2586 15.1449
      vertex 26.25 -18.4108 14.9353
      vertex 26.25 -18.2586 15.1449
    endloop
  endfacet
  facet normal 0 -0.876208 0.481934
    outer loop
      vertex 21.875 -18.2586 15.1449
      vertex 26.25 -18.2586 15.1449
      vertex 21.875 -18.1338 15.3718
    endloop
  endfacet
  facet normal 0 -0.876208 0.481934
    outer loop
      vertex 21.875 -18.1338 15.3718
      vertex 26.25 -18.2586 15.1449
      vertex 26.25 -18.1338 15.3718
    endloop
  endfacet
  facet normal 0 -0.929749 0.368194
    outer loop
      vertex 21.875 -18.1338 15.3718
      vertex 26.25 -18.1338 15.3718
      vertex 21.875 -18.0384 15.6127
    endloop
  endfacet
  facet normal 0 -0.929749 0.368194
    outer loop
      vertex 21.875 -18.0384 15.6127
      vertex 26.25 -18.1338 15.3718
      vertex 26.25 -18.0384 15.6127
    endloop
  endfacet
  facet normal 0 -0.968578 0.24871
    outer loop
      vertex 21.875 -18.0384 15.6127
      vertex 26.25 -18.0384 15.6127
      vertex 21.875 -17.974 15.8635
    endloop
  endfacet
  facet normal 0 -0.968578 0.24871
    outer loop
      vertex 21.875 -17.974 15.8635
      vertex 26.25 -18.0384 15.6127
      vertex 26.25 -17.974 15.8635
    endloop
  endfacet
  facet normal 0 -0.992147 0.12508
    outer loop
      vertex 21.875 -17.974 15.8635
      vertex 26.25 -17.974 15.8635
      vertex 21.875 -17.9416 16.1205
    endloop
  endfacet
  facet normal 0 -0.992147 0.12508
    outer loop
      vertex 21.875 -17.9416 16.1205
      vertex 26.25 -17.974 15.8635
      vertex 26.25 -17.9416 16.1205
    endloop
  endfacet
  facet normal 0 -1 0
    outer loop
      vertex 21.875 -17.9416 16.1205
      vertex 26.25 -17.9416 16.1205
      vertex 21.875 -17.9416 16.3795
    endloop
  endfacet
  facet normal 0 -1 0
    outer loop
      vertex 21.875 -17.9416 16.3795
      vertex 26.25 -17.9416 16.1205
      vertex 26.25 -17.9416 16.3795
    endloop
  endfacet
  facet normal 0 -0.992147 -0.12508
    outer loop
      vertex 21.875 -17.9416 16.3795
      vertex 26.25 -17.9416 16.3795
      vertex 21.875 -17.974 16.6365
    endloop
  endfacet
  facet normal 0 -0.992147 -0.12508
    outer loop
      vertex 21.875 -17.974 16.6365
      vertex 26.25 -17.9416 16.3795
      vertex 26.25 -17.974 16.6365
    endloop
  endfacet
  facet normal 0 -0.968578 -0.24871
    outer loop
      vertex 21.875 -17.974 16.6365
      vertex 26.25 -17.974 16.6365
      vertex 21.875 -18.0384 16.8873
    endloop
  endfacet
  facet normal 0 -0.968578 -0.24871
    outer loop
      vertex 21.875 -18.0384 16.8873
      vertex 26.25 -17.974 16.6365
      vertex 26.25 -18.0384 16.8873
    endloop
  endfacet
  facet normal 0 -0.929749 -0.368194
    outer loop
      vertex 21.875 -18.0384 16.8873
      vertex 26.25 -18.0384 16.8873
      vertex 21.875 -18.1338 17.1282
    endloop
  endfacet
  facet normal 0 -0.929749 -0.368194
    outer loop
      vertex 21.875 -18.1338 17.1282
      vertex 26.25 -18.0384 16.8873
      vertex 26.25 -18.1338 17.1282
    endloop
  endfacet
  facet normal 0 -0.876208 -0.481934
    outer loop
      vertex 21.875 -18.1338 17.1282
      vertex 26.25 -18.1338 17.1282
      vertex 21.875 -18.2586 17.3551
    endloop
  endfacet
  facet normal 0 -0.876208 -0.481934
    outer loop
      vertex 21.875 -18.2586 17.3551
      vertex 26.25 -18.1338 17.1282
      vertex 26.25 -18.2586 17.3551
    endloop
  endfacet
  facet normal 0 -0.80917 -0.587575
    outer loop
      vertex 21.875 -18.2586 17.3551
      vertex 26.25 -18.2586 17.3551
      vertex 21.875 -18.4108 17.5647
    endloop
  endfacet
  facet normal 0 -0.80917 -0.587575
    outer loop
      vertex 21.875 -18.4108 17.5647
      vertex 26.25 -18.2586 17.3551
      vertex 26.25 -18.4108 17.5647
    endloop
  endfacet
  facet normal 0 -0.728959 -0.684557
    outer loop
      vertex 21.875 -18.4108 17.5647
      vertex 26.25 -18.4108 17.5647
      vertex 21.875 -18.5881 17.7535
    endloop
  endfacet
  facet normal 0 -0.728959 -0.684557
    outer loop
      vertex 21.875 -18.5881 17.7535
      vertex 26.25 -18.4108 17.5647
      vertex 26.25 -18.5881 17.7535
    endloop
  endfacet
  facet normal 0 -0.63737 -0.770558
    outer loop
      vertex 21.875 -18.5881 17.7535
      vertex 26.25 -18.5881 17.7535
      vertex 21.875 -18.7877 17.9186
    endloop
  endfacet
  facet normal 0 -0.63737 -0.770558
    outer loop
      vertex 21.875 -18.7877 17.9186
      vertex 26.25 -18.5881 17.7535
      vertex 26.25 -18.7877 17.9186
    endloop
  endfacet
  facet normal 0 -0.535851 -0.844313
    outer loop
      vertex 21.875 -18.7877 17.9186
      vertex 26.25 -18.7877 17.9186
      vertex 21.875 -19.0064 18.0574
    endloop
  endfacet
  facet normal 0 -0.535851 -0.844313
    outer loop
      vertex 21.875 -19.0064 18.0574
      vertex 26.25 -18.7877 17.9186
      vertex 26.25 -19.0064 18.0574
    endloop
  endfacet
  facet normal 0 -0.425927 -0.904757
    outer loop
      vertex 21.875 -19.0064 18.0574
      vertex 26.25 -19.0064 18.0574
      vertex 21.875 -19.2407 18.1677
    endloop
  endfacet
  facet normal 0 -0.425927 -0.904757
    outer loop
      vertex 21.875 -19.2407 18.1677
      vertex 26.25 -19.0064 18.0574
      vertex 26.25 -19.2407 18.1677
    endloop
  endfacet
  facet normal 0 -0.308807 -0.951125
    outer loop
      vertex 21.875 -19.2407 18.1677
      vertex 26.25 -19.2407 18.1677
      vertex 21.875 -19.4871 18.2477
    endloop
  endfacet
  facet normal 0 -0.308807 -0.951125
    outer loop
      vertex 21.875 -19.4871 18.2477
      vertex 26.25 -19.2407 18.1677
      vertex 26.25 -19.4871 18.2477
    endloop
  endfacet
  facet normal 0 -0.187272 -0.982308
    outer loop
      vertex 21.875 -19.4871 18.2477
      vertex 26.25 -19.4871 18.2477
      vertex 21.875 -19.7415 18.2962
    endloop
  endfacet
  facet normal 0 -0.187272 -0.982308
    outer loop
      vertex 21.875 -19.7415 18.2962
      vertex 26.25 -19.4871 18.2477
      vertex 26.25 -19.7415 18.2962
    endloop
  endfacet
  facet normal 0 -0.0629311 -0.998018
    outer loop
      vertex 21.875 -19.7415 18.2962
      vertex 26.25 -19.7415 18.2962
      vertex 21.875 -20 18.3125
    endloop
  endfacet
  facet normal 0 -0.0629311 -0.998018
    outer loop
      vertex 21.875 -20 18.3125
      vertex 26.25 -19.7415 18.2962
      vertex 26.25 -20 18.3125
    endloop
  endfacet
  facet normal 0 0.0629311 -0.998018
    outer loop
      vertex 21.875 -20 18.3125
      vertex 26.25 -20 18.3125
      vertex 21.875 -20.2585 18.2962
    endloop
  endfacet
  facet normal 0 0.0629311 -0.998018
    outer loop
      vertex 21.875 -20.2585 18.2962
      vertex 26.25 -20 18.3125
      vertex 26.25 -20.2585 18.2962
    endloop
  endfacet
  facet normal 0 0.187272 -0.982308
    outer loop
      vertex 21.875 -20.2585 18.2962
      vertex 26.25 -20.2585 18.2962
      vertex 21.875 -20.5129 18.2477
    endloop
  endfacet
  facet normal 0 0.187272 -0.982308
    outer loop
      vertex 21.875 -20.5129 18.2477
      vertex 26.25 -20.2585 18.2962
      vertex 26.25 -20.5129 18.2477
    endloop
  endfacet
  facet normal 0 0.308807 -0.951125
    outer loop
      vertex 21.875 -20.5129 18.2477
      vertex 26.25 -20.5129 18.2477
      vertex 21.875 -20.7593 18.1677
    endloop
  endfacet
  facet normal 0 0.308807 -0.951125
    outer loop
      vertex 21.875 -20.7593 18.1677
      vertex 26.25 -20.5129 18.2477
      vertex 26.25 -20.7593 18.1677
    endloop
  endfacet
  facet normal 0 0.425927 -0.904757
    outer loop
      vertex 21.875 -20.7593 18.1677
      vertex 26.25 -20.7593 18.1677
      vertex 21.875 -20.9936 18.0574
    endloop
  endfacet
  facet normal 0 0.425927 -0.904757
    outer loop
      vertex 21.875 -20.9936 18.0574
      vertex 26.25 -20.7593 18.1677
      vertex 26.25 -20.9936 18.0574
    endloop
  endfacet
  facet normal 0 0.535851 -0.844313
    outer loop
      vertex 21.875 -20.9936 18.0574
      vertex 26.25 -20.9936 18.0574
      vertex 21.875 -21.2123 17.9186
    endloop
  endfacet
  facet normal 0 0.535851 -0.844313
    outer loop
      vertex 21.875 -21.2123 17.9186
      vertex 26.25 -20.9936 18.0574
      vertex 26.25 -21.2123 17.9186
    endloop
  endfacet
  facet normal 0 0.63737 -0.770558
    outer loop
      vertex 21.875 -21.2123 17.9186
      vertex 26.25 -21.2123 17.9186
      vertex 21.875 -21.4119 17.7535
    endloop
  endfacet
  facet normal 0 0.63737 -0.770558
    outer loop
      vertex 21.875 -21.4119 17.7535
      vertex 26.25 -21.2123 17.9186
      vertex 26.25 -21.4119 17.7535
    endloop
  endfacet
  facet normal 0 0.728959 -0.684557
    outer loop
      vertex 21.875 -21.4119 17.7535
      vertex 26.25 -21.4119 17.7535
      vertex 21.875 -21.5892 17.5647
    endloop
  endfacet
  facet normal 0 0.728959 -0.684557
    outer loop
      vertex 21.875 -21.5892 17.5647
      vertex 26.25 -21.4119 17.7535
      vertex 26.25 -21.5892 17.5647
    endloop
  endfacet
  facet normal 0 0.80917 -0.587575
    outer loop
      vertex 21.875 -21.5892 17.5647
      vertex 26.25 -21.5892 17.5647
      vertex 21.875 -21.7414 17.3551
    endloop
  endfacet
  facet normal 0 0.80917 -0.587575
    outer loop
      vertex 21.875 -21.7414 17.3551
      vertex 26.25 -21.5892 17.5647
      vertex 26.25 -21.7414 17.3551
    endloop
  endfacet
  facet normal 0 0.876208 -0.481934
    outer loop
      vertex 21.875 -21.7414 17.3551
      vertex 26.25 -21.7414 17.3551
      vertex 21.875 -21.8662 17.1282
    endloop
  endfacet
  facet normal 0 0.876208 -0.481934
    outer loop
      vertex 21.875 -21.8662 17.1282
      vertex 26.25 -21.7414 17.3551
      vertex 26.25 -21.8662 17.1282
    endloop
  endfacet
  facet normal 0 0.929749 -0.368194
    outer loop
      vertex 21.875 -21.8662 17.1282
      vertex 26.25 -21.8662 17.1282
      vertex 21.875 -21.9616 16.8873
    endloop
  endfacet
  facet normal 0 0.929749 -0.368194
    outer loop
      vertex 21.875 -21.9616 16.8873
      vertex 26.25 -21.8662 17.1282
      vertex 26.25 -21.9616 16.8873
    endloop
  endfacet
  facet normal 0 0.968578 -0.24871
    outer loop
      vertex 21.875 -21.9616 16.8873
      vertex 26.25 -21.9616 16.8873
      vertex 21.875 -22.026 16.6365
    endloop
  endfacet
  facet normal 0 0.968578 -0.24871
    outer loop
      vertex 21.875 -22.026 16.6365
      vertex 26.25 -21.9616 16.8873
      vertex 26.25 -22.026 16.6365
    endloop
  endfacet
  facet normal 0 0.992147 -0.12508
    outer loop
      vertex 21.875 -22.026 16.6365
      vertex 26.25 -22.026 16.6365
      vertex 21.875 -22.0584 16.3795
    endloop
  endfacet
  facet normal 0 0.992147 -0.12508
    outer loop
      vertex 21.875 -22.0584 16.3795
      vertex 26.25 -22.026 16.6365
      vertex 26.25 -22.0584 16.3795
    endloop
  endfacet
  facet normal -0 1 0
    outer loop
      vertex 21.875 -22.0584 16.3795
      vertex 26.25 -22.0584 16.3795
      vertex 21.875 -22.0584 16.1205
    endloop
  endfacet
  facet normal 0 1 0
    outer loop
      vertex 21.875 -22.0584 16.1205
      vertex 26.25 -22.0584 16.3795
      vertex 26.25 -22.0584 16.1205
    endloop
  endfacet
  facet normal -0 0.992147 0.12508
    outer loop
      vertex 21.875 -22.0584 16.1205
      vertex 26.25 -22.0584 16.1205
      vertex 21.875 -22.026 15.8635
    endloop
  endfacet
  facet normal -0 0.992147 0.12508
    outer loop
      vertex 21.875 -22.026 15.8635
      vertex 26.25 -22.0584 16.1205
      vertex 26.25 -22.026 15.8635
    endloop
  endfacet
  facet normal -0 0.968578 0.24871
    outer loop
      vertex 21.875 -22.026 15.8635
      vertex 26.25 -22.026 15.8635
      vertex 21.875 -21.9616 15.6127
    endloop
  endfacet
  facet normal -0 0.968578 0.24871
    outer loop
      vertex 21.875 -21.9616 15.6127
      vertex 26.25 -22.026 15.8635
      vertex 26.25 -21.9616 15.6127
    endloop
  endfacet
  facet normal -0 0.929749 0.368194
    outer loop
      vertex 21.875 -21.9616 15.6127
      vertex 26.25 -21.9616 15.6127
      vertex 21.875 -21.8662 15.3718
    endloop
  endfacet
  facet normal -0 0.929749 0.368194
    outer loop
      vertex 21.875 -21.8662 15.3718
      vertex 26.25 -21.9616 15.6127
      vertex 26.25 -21.8662 15.3718
    endloop
  endfacet
  facet normal -0 0.876208 0.481934
    outer loop
      vertex 21.875 -21.8662 15.3718
      vertex 26.25 -21.8662 15.3718
      vertex 21.875 -21.7414 15.1449
    endloop
  endfacet
  facet normal -0 0.876208 0.481934
    outer loop
      vertex 21.875 -21.7414 15.1449
      vertex 26.25 -21.8662 15.3718
      vertex 26.25 -21.7414 15.1449
    endloop
  endfacet
  facet normal -0 0.80917 0.587575
    outer loop
      vertex 21.875 -21.7414 15.1449
      vertex 26.25 -21.7414 15.1449
      vertex 21.875 -21.5892 14.9353
    endloop
  endfacet
  facet normal -0 0.80917 0.587575
    outer loop
      vertex 21.875 -21.5892 14.9353
      vertex 26.25 -21.7414 15.1449
      vertex 26.25 -21.5892 14.9353
    endloop
  endfacet
  facet normal -0 0.728959 0.684557
    outer loop
      vertex 21.875 -21.5892 14.9353
      vertex 26.25 -21.5892 14.9353
      vertex 21.875 -21.4119 14.7465
    endloop
  endfacet
  facet normal -0 0.728959 0.684557
    outer loop
      vertex 21.875 -21.4119 14.7465
      vertex 26.25 -21.5892 14.9353
      vertex 26.25 -21.4119 14.7465
    endloop
  endfacet
  facet normal -0 0.63737 0.770558
    outer loop
      vertex 21.875 -21.4119 14.7465
      vertex 26.25 -21.4119 14.7465
      vertex 21.875 -21.2123 14.5814
    endloop
  endfacet
  facet normal -0 0.63737 0.770558
    outer loop
      vertex 21.875 -21.2123 14.5814
      vertex 26.25 -21.4119 14.7465
      vertex 26.25 -21.2123 14.5814
    endloop
  endfacet
  facet normal -0 0.535851 0.844313
    outer loop
      vertex 21.875 -21.2123 14.5814
      vertex 26.25 -21.2123 14.5814
      vertex 21.875 -20.9936 14.4426
    endloop
  endfacet
  facet normal -0 0.535851 0.844313
    outer loop
      vertex 21.875 -20.9936 14.4426
      vertex 26.25 -21.2123 14.5814
      vertex 26.25 -20.9936 14.4426
    endloop
  endfacet
  facet normal -0 0.425927 0.904757
    outer loop
      vertex 21.875 -20.9936 14.4426
      vertex 26.25 -20.9936 14.4426
      vertex 21.875 -20.7593 14.3323
    endloop
  endfacet
  facet normal -0 0.425927 0.904757
    outer loop
      vertex 21.875 -20.7593 14.3323
      vertex 26.25 -20.9936 14.4426
      vertex 26.25 -20.7593 14.3323
    endloop
  endfacet
  facet normal -0 0.308807 0.951125
    outer loop
      vertex 21.875 -20.7593 14.3323
      vertex 26.25 -20.7593 14.3323
      vertex 21.875 -20.5129 14.2523
    endloop
  endfacet
  facet normal -0 0.308807 0.951125
    outer loop
      vertex 21.875 -20.5129 14.2523
      vertex 26.25 -20.7593 14.3323
      vertex 26.25 -20.5129 14.2523
    endloop
  endfacet
  facet normal -0 0.187272 0.982308
    outer loop
      vertex 21.875 -20.5129 14.2523
      vertex 26.25 -20.5129 14.2523
      vertex 21.875 -20.2585 14.2038
    endloop
  endfacet
  facet normal -0 0.187272 0.982308
    outer loop
      vertex 21.875 -20.2585 14.2038
      vertex 26.25 -20.5129 14.2523
      vertex 26.25 -20.2585 14.2038
    endloop
  endfacet
  facet normal -1 0 0
    outer loop
      vertex 21.875 7.2415 14.2038
      vertex 21.875 7.5 14.1875
      vertex 21.875 7.5 12.2085
    endloop
  endfacet
  facet normal -1 0 0
    outer loop
      vertex 21.875 7.5 12.2085
      vertex 21.875 7.5 14.1875
      vertex 21.875 7.7585 14.2038
    endloop
  endfacet
  facet normal -1 0 0
    outer loop
      vertex 21.875 7.5 12.2085
      vertex 21.875 7.7585 14.2038
      vertex 21.875 8.01292 14.2523
    endloop
  endfacet
  facet normal -1 0 -0
    outer loop
      vertex 21.875 8.01292 14.2523
      vertex 21.875 8.25926 14.3323
      vertex 21.875 7.5 12.2085
    endloop
  endfacet
  facet normal -1 0 0
    outer loop
      vertex 21.875 7.5 12.2085
      vertex 21.875 8.25926 14.3323
      vertex 21.875 8.49362 14.4426
    endloop
  endfacet
  facet normal -1 0 0
    outer loop
      vertex 21.875 7.5 12.2085
      vertex 21.875 8.49362 14.4426
      vertex 21.875 11 14.2293
    endloop
  endfacet
  facet normal -1 0 0
    outer loop
      vertex 21.875 11 14.2293
      vertex 21.875 8.49362 14.4426
      vertex 21.875 8.71231 14.5814
    endloop
  endfacet
  facet normal -1 0 0
    outer loop
      vertex 21.875 11 14.2293
      vertex 21.875 8.71231 14.5814
      vertex 21.875 8.91188 14.7465
    endloop
  endfacet
  facet normal -1 0 0
    outer loop
      vertex 21.875 8.91188 14.7465
      vertex 21.875 9.08918 14.9353
      vertex 21.875 11 14.2293
    endloop
  endfacet
  facet normal -1 0 0
    outer loop
      vertex 21.875 11 14.2293
      vertex 21.875 9.08918 14.9353
      vertex 21.875 9.24143 15.1449
    endloop
  endfacet
  facet normal -1 0 0
    outer loop
      vertex 21.875 11 14.2293
      vertex 21.875 9.24143 15.1449
      vertex 21.875 9.36621 15.3718
    endloop
  endfacet
  facet normal -1 0 0
    outer loop
      vertex 21.875 9.36621 15.3718
      vertex 21.875 9.46155 15.6127
      vertex 21.875 11 14.2293
    endloop
  endfacet
  facet normal -1 0 0
    outer loop
      vertex 21.875 11 14.2293
      vertex 21.875 9.46155 15.6127
      vertex 21.875 9.52597 15.8635
    endloop
  endfacet
  facet normal -1 0 0
    outer loop
      vertex 21.875 11 14.2293
      vertex 21.875 9.52597 15.8635
      vertex 21.875 9.55843 16.1205
    endloop
  endfacet
  facet normal -1 0 0
    outer loop
      vertex 21.875 9.55843 16.1205
      vertex 21.875 9.55843 16.3795
      vertex 21.875 11 14.2293
    endloop
  endfacet
  facet normal -1 0 0
    outer loop
      vertex 21.875 11 14.2293
      vertex 21.875 9.55843 16.3795
      vertex 21.875 11 18.2707
    endloop
  endfacet
  facet normal -1 0 0
    outer loop
      vertex 21.875 11 18.2707
      vertex 21.875 9.55843 16.3795
      vertex 21.875 9.52597 16.6365
    endloop
  endfacet
  facet normal -1 0 0
    outer loop
      vertex 21.875 11 18.2707
      vertex 21.875 9.52597 16.6365
      vertex 21.875 9.46155 16.8873
    endloop
  endfacet
  facet normal -1 0 0
    outer loop
      vertex 21.875 9.46155 16.8873
      vertex 21.875 9.36621 17.1282
      vertex 21.875 11 18.2707
    endloop
  endfacet
  facet normal -1 0 0
    outer loop
      vertex 21.875 11 18.2707
      vertex 21.875 9.36621 17.1282
      vertex 21.875 9.24143 17.3551
    endloop
  endfacet
  facet normal -1 0 0
    outer loop
      vertex 21.875 11 18.2707
      vertex 21.875 9.24143 17.3551
      vertex 21.875 9.08918 17.5647
    endloop
  endfacet
  facet normal -1 0 0
    outer loop
      vertex 21.875 9.08918 17.5647
      vertex 21.875 8.91188 17.7535
      vertex 21.875 11 18.2707
    endloop
  endfacet
  facet normal -1 0 0
    outer loop
      vertex 21.875 11 18.2707
      vertex 21.875 8.91188 17.7535
      vertex 21.875 8.71231 17.9186
    endloop
  endfacet
  facet normal -1 0 0
    outer loop
      vertex 21.875 11 18.2707
      vertex 21.875 8.71231 17.9186
      vertex 21.875 8.49362 18.0574
    endloop
  endfacet
  facet normal -1 -0 0
    outer loop
      vertex 21.875 11 18.2707
      vertex 21.875 8.49362 18.0574
      vertex 21.875 7.5 20.2915
    endloop
  endfacet
  facet normal -1 0 0
    outer loop
      vertex 21.875 7.5 20.2915
      vertex 21.875 8.49362 18.0574
      vertex 21.875 8.25926 18.1677
    endloop
  endfacet
  facet normal -1 0 0
    outer loop
      vertex 21.875 7.5 20.2915
      vertex 21.875 8.25926 18.1677
      vertex 21.875 8.01292 18.2477
    endloop
  endfacet
  facet normal -1 0 0
    outer loop
      vertex 21.875 8.01292 18.2477
      vertex 21.875 7.7585 18.2962
      vertex 21.875 7.5 20.2915
    endloop
  endfacet
  facet normal -1 0 0
    outer loop
      vertex 21.875 7.5 20.2915
      vertex 21.875 7.7585 18.2962
      vertex 21.875 7.5 18.3125
    endloop
  endfacet
  facet normal -1 0 -0
    outer loop
      vertex 21.875 7.5 20.2915
      vertex 21.875 7.5 18.3125
      vertex 21.875 7.2415 18.2962
    endloop
  endfacet
  facet normal -1 -0 0
    outer loop
      vertex 21.875 7.2415 18.2962
      vertex 21.875 6.98708 18.2477
      vertex 21.875 7.5 20.2915
    endloop
  endfacet
  facet normal -1 0 0
    outer loop
      vertex 21.875 7.5 20.2915
      vertex 21.875 6.98708 18.2477
      vertex 21.875 6.74074 18.1677
    endloop
  endfacet
  facet normal -1 0 0
    outer loop
      vertex 21.875 7.5 20.2915
      vertex 21.875 6.74074 18.1677
      vertex 21.875 6.50638 18.0574
    endloop
  endfacet
  facet normal -1 0 0
    outer loop
      vertex 21.875 7.5 20.2915
      vertex 21.875 6.50638 18.0574
      vertex 21.875 4 18.2707
    endloop
  endfacet
  facet normal -1 0 0
    outer loop
      vertex 21.875 4 18.2707
      vertex 21.875 6.50638 18.0574
      vertex 21.875 6.28769 17.9186
    endloop
  endfacet
  facet normal -1 0 0
    outer loop
      vertex 21.875 4 18.2707
      vertex 21.875 6.28769 17.9186
      vertex 21.875 6.08812 17.7535
    endloop
  endfacet
  facet normal -1 -0 0
    outer loop
      vertex 21.875 6.08812 17.7535
      vertex 21.875 5.91082 17.5647
      vertex 21.875 4 18.2707
    endloop
  endfacet
  facet normal -1 0 0
    outer loop
      vertex 21.875 4 18.2707
      vertex 21.875 5.91082 17.5647
      vertex 21.875 5.75857 17.3551
    endloop
  endfacet
  facet normal -1 0 0
    outer loop
      vertex 21.875 4 18.2707
      vertex 21.875 5.75857 17.3551
      vertex 21.875 5.63379 17.1282
    endloop
  endfacet
  facet normal -1 -0 0
    outer loop
      vertex 21.875 5.63379 17.1282
      vertex 21.875 5.53845 16.8873
      vertex 21.875 4 18.2707
    endloop
  endfacet
  facet normal -1 0 0
    outer loop
      vertex 21.875 4 18.2707
      vertex 21.875 5.53845 16.8873
      vertex 21.875 5.47403 16.6365
    endloop
  endfacet
  facet normal -1 0 0
    outer loop
      vertex 21.875 4 18.2707
      vertex 21.875 5.47403 16.6365
      vertex 21.875 5.44157 16.3795
    endloop
  endfacet
  facet normal -1 -0 -0
    outer loop
      vertex 21.875 5.44157 16.3795
      vertex 21.875 5.44157 16.1205
      vertex 21.875 4 18.2707
    endloop
  endfacet
  facet normal -1 0 0
    outer loop
      vertex 21.875 4 18.2707
      vertex 21.875 5.44157 16.1205
      vertex 21.875 4 14.2293
    endloop
  endfacet
  facet normal -1 0 0
    outer loop
      vertex 21.875 4 14.2293
      vertex 21.875 5.44157 16.1205
      vertex 21.875 5.47403 15.8635
    endloop
  endfacet
  facet normal -1 0 0
    outer loop
      vertex 21.875 4 14.2293
      vertex 21.875 5.47403 15.8635
      vertex 21.875 5.53845 15.6127
    endloop
  endfacet
  facet normal -1 0 -0
    outer loop
      vertex 21.875 5.53845 15.6127
      vertex 21.875 5.63379 15.3718
      vertex 21.875 4 14.2293
    endloop
  endfacet
  facet normal -1 0 0
    outer loop
      vertex 21.875 4 14.2293
      vertex 21.875 5.63379 15.3718
      vertex 21.875 5.75857 15.1449
    endloop
  endfacet
  facet normal -1 0 0
    outer loop
      vertex 21.875 4 14.2293
      vertex 21.875 5.75857 15.1449
      vertex 21.875 5.91082 14.9353
    endloop
  endfacet
  facet normal -1 0 -0
    outer loop
      vertex 21.875 5.91082 14.9353
      vertex 21.875 6.08812 14.7465
      vertex 21.875 4 14.2293
    endloop
  endfacet
  facet normal -1 0 0
    outer loop
      vertex 21.875 4 14.2293
      vertex 21.875 6.08812 14.7465
      vertex 21.875 6.28769 14.5814
    endloop
  endfacet
  facet normal -1 0 0
    outer loop
      vertex 21.875 4 14.2293
      vertex 21.875 6.28769 14.5814
      vertex 21.875 6.50638 14.4426
    endloop
  endfacet
  facet normal -1 0 0
    outer loop
      vertex 21.875 4 14.2293
      vertex 21.875 6.50638 14.4426
      vertex 21.875 7.5 12.2085
    endloop
  endfacet
  facet normal -1 0 0
    outer loop
      vertex 21.875 7.5 12.2085
      vertex 21.875 6.50638 14.4426
      vertex 21.875 6.74074 14.3323
    endloop
  endfacet
  facet normal -1 0 0
    outer loop
      vertex 21.875 7.5 12.2085
      vertex 21.875 6.74074 14.3323
      vertex 21.875 6.98708 14.2523
    endloop
  endfacet
  facet normal -1 0 0
    outer loop
      vertex 21.875 6.98708 14.2523
      vertex 21.875 7.2415 14.2038
      vertex 21.875 7.5 12.2085
    endloop
  endfacet
  facet normal -1 0 0
    outer loop
      vertex 21.875 -20.2585 14.2038
      vertex 21.875 -20 14.1875
      vertex 21.875 -20 12.2085
    endloop
  endfacet
  facet normal -1 0 0
    outer loop
      vertex 21.875 -20 12.2085
      vertex 21.875 -20 14.1875
      vertex 21.875 -19.7415 14.2038
    endloop
  endfacet
  facet normal -1 0 0
    outer loop
      vertex 21.875 -20 12.2085
      vertex 21.875 -19.7415 14.2038
      vertex 21.875 -19.4871 14.2523
    endloop
  endfacet
  facet normal -1 0 -0
    outer loop
      vertex 21.875 -19.4871 14.2523
      vertex 21.875 -19.2407 14.3323
      vertex 21.875 -20 12.2085
    endloop
  endfacet
  facet normal -1 0 0
    outer loop
      vertex 21.875 -20 12.2085
      vertex 21.875 -19.2407 14.3323
      vertex 21.875 -19.0064 14.4426
    endloop
  endfacet
  facet normal -1 0 0
    outer loop
      vertex 21.875 -20 12.2085
      vertex 21.875 -19.0064 14.4426
      vertex 21.875 -16.5 14.2293
    endloop
  endfacet
  facet normal -1 0 0
    outer loop
      vertex 21.875 -16.5 14.2293
      vertex 21.875 -19.0064 14.4426
      vertex 21.875 -18.7877 14.5814
    endloop
  endfacet
  facet normal -1 0 0
    outer loop
      vertex 21.875 -16.5 14.2293
      vertex 21.875 -18.7877 14.5814
      vertex 21.875 -18.5881 14.7465
    endloop
  endfacet
  facet normal -1 0 0
    outer loop
      vertex 21.875 -18.5881 14.7465
      vertex 21.875 -18.4108 14.9353
      vertex 21.875 -16.5 14.2293
    endloop
  endfacet
  facet normal -1 0 0
    outer loop
      vertex 21.875 -16.5 14.2293
      vertex 21.875 -18.4108 14.9353
      vertex 21.875 -18.2586 15.1449
    endloop
  endfacet
  facet normal -1 0 0
    outer loop
      vertex 21.875 -16.5 14.2293
      vertex 21.875 -18.2586 15.1449
      vertex 21.875 -18.1338 15.3718
    endloop
  endfacet
  facet normal -1 0 0
    outer loop
      vertex 21.875 -18.1338 15.3718
      vertex 21.875 -18.0384 15.6127
      vertex 21.875 -16.5 14.2293
    endloop
  endfacet
  facet normal -1 0 0
    outer loop
      vertex 21.875 -16.5 14.2293
      vertex 21.875 -18.0384 15.6127
      vertex 21.875 -17.974 15.8635
    endloop
  endfacet
  facet normal -1 0 0
    outer loop
      vertex 21.875 -16.5 14.2293
      vertex 21.875 -17.974 15.8635
      vertex 21.875 -17.9416 16.1205
    endloop
  endfacet
  facet normal -1 0 0
    outer loop
      vertex 21.875 -17.9416 16.1205
      vertex 21.875 -17.9416 16.3795
      vertex 21.875 -16.5 14.2293
    endloop
  endfacet
  facet normal -1 0 0
    outer loop
      vertex 21.875 -16.5 14.2293
      vertex 21.875 -17.9416 16.3795
      vertex 21.875 -16.5 18.2707
    endloop
  endfacet
  facet normal -1 0 0
    outer loop
      vertex 21.875 -16.5 18.2707
      vertex 21.875 -17.9416 16.3795
      vertex 21.875 -17.974 16.6365
    endloop
  endfacet
  facet normal -1 0 0
    outer loop
      vertex 21.875 -16.5 18.2707
      vertex 21.875 -17.974 16.6365
      vertex 21.875 -18.0384 16.8873
    endloop
  endfacet
  facet normal -1 0 0
    outer loop
      vertex 21.875 -18.0384 16.8873
      vertex 21.875 -18.1338 17.1282
      vertex 21.875 -16.5 18.2707
    endloop
  endfacet
  facet normal -1 0 0
    outer loop
      vertex 21.875 -16.5 18.2707
      vertex 21.875 -18.1338 17.1282
      vertex 21.875 -18.2586 17.3551
    endloop
  endfacet
  facet normal -1 0 0
    outer loop
      vertex 21.875 -16.5 18.2707
      vertex 21.875 -18.2586 17.3551
      vertex 21.875 -18.4108 17.5647
    endloop
  endfacet
  facet normal -1 0 0
    outer loop
      vertex 21.875 -18.4108 17.5647
      vertex 21.875 -18.5881 17.7535
      vertex 21.875 -16.5 18.2707
    endloop
  endfacet
  facet normal -1 0 0
    outer loop
      vertex 21.875 -16.5 18.2707
      vertex 21.875 -18.5881 17.7535
      vertex 21.875 -18.7877 17.9186
    endloop
  endfacet
  facet normal -1 0 0
    outer loop
      vertex 21.875 -16.5 18.2707
      vertex 21.875 -18.7877 17.9186
      vertex 21.875 -19.0064 18.0574
    endloop
  endfacet
  facet normal -1 -0 0
    outer loop
      vertex 21.875 -16.5 18.2707
      vertex 21.875 -19.0064 18.0574
      vertex 21.875 -20 20.2915
    endloop
  endfacet
  facet normal -1 0 0
    outer loop
      vertex 21.875 -20 20.2915
      vertex 21.875 -19.0064 18.0574
      vertex 21.875 -19.2407 18.1677
    endloop
  endfacet
  facet normal -1 0 0
    outer loop
      vertex 21.875 -20 20.2915
      vertex 21.875 -19.2407 18.1677
      vertex 21.875 -19.4871 18.2477
    endloop
  endfacet
  facet normal -1 0 0
    outer loop
      vertex 21.875 -19.4871 18.2477
      vertex 21.875 -19.7415 18.2962
      vertex 21.875 -20 20.2915
    endloop
  endfacet
  facet normal -1 0 0
    outer loop
      vertex 21.875 -20 20.2915
      vertex 21.875 -19.7415 18.2962
      vertex 21.875 -20 18.3125
    endloop
  endfacet
  facet normal -1 0 -0
    outer loop
      vertex 21.875 -20 20.2915
      vertex 21.875 -20 18.3125
      vertex 21.875 -20.2585 18.2962
    endloop
  endfacet
  facet normal -1 -0 0
    outer loop
      vertex 21.875 -20.2585 18.2962
      vertex 21.875 -20.5129 18.2477
      vertex 21.875 -20 20.2915
    endloop
  endfacet
  facet normal -1 0 0
    outer loop
      vertex 21.875 -20 20.2915
      vertex 21.875 -20.5129 18.2477
      vertex 21.875 -20.7593 18.1677
    endloop
  endfacet
  facet normal -1 0 0
    outer loop
      vertex 21.875 -20 20.2915
      vertex 21.875 -20.7593 18.1677
      vertex 21.875 -20.9936 18.0574
    endloop
  endfacet
  facet normal -1 0 0
    outer loop
      vertex 21.875 -20 20.2915
      vertex 21.875 -20.9936 18.0574
      vertex 21.875 -23.5 18.2707
    endloop
  endfacet
  facet normal -1 0 0
    outer loop
      vertex 21.875 -23.5 18.2707
      vertex 21.875 -20.9936 18.0574
      vertex 21.875 -21.2123 17.9186
    endloop
  endfacet
  facet normal -1 0 0
    outer loop
      vertex 21.875 -23.5 18.2707
      vertex 21.875 -21.2123 17.9186
      vertex 21.875 -21.4119 17.7535
    endloop
  endfacet
  facet normal -1 -0 0
    outer loop
      vertex 21.875 -21.4119 17.7535
      vertex 21.875 -21.5892 17.5647
      vertex 21.875 -23.5 18.2707
    endloop
  endfacet
  facet normal -1 0 0
    outer loop
      vertex 21.875 -23.5 18.2707
      vertex 21.875 -21.5892 17.5647
      vertex 21.875 -21.7414 17.3551
    endloop
  endfacet
  facet normal -1 0 0
    outer loop
      vertex 21.875 -23.5 18.2707
      vertex 21.875 -21.7414 17.3551
      vertex 21.875 -21.8662 17.1282
    endloop
  endfacet
  facet normal -1 -0 0
    outer loop
      vertex 21.875 -21.8662 17.1282
      vertex 21.875 -21.9616 16.8873
      vertex 21.875 -23.5 18.2707
    endloop
  endfacet
  facet normal -1 0 0
    outer loop
      vertex 21.875 -23.5 18.2707
      vertex 21.875 -21.9616 16.8873
      vertex 21.875 -22.026 16.6365
    endloop
  endfacet
  facet normal -1 0 0
    outer loop
      vertex 21.875 -23.5 18.2707
      vertex 21.875 -22.026 16.6365
      vertex 21.875 -22.0584 16.3795
    endloop
  endfacet
  facet normal -1 -0 -0
    outer loop
      vertex 21.875 -22.0584 16.3795
      vertex 21.875 -22.0584 16.1205
      vertex 21.875 -23.5 18.2707
    endloop
  endfacet
  facet normal -1 0 0
    outer loop
      vertex 21.875 -23.5 18.2707
      vertex 21.875 -22.0584 16.1205
      vertex 21.875 -23.5 14.2293
    endloop
  endfacet
  facet normal -1 0 0
    outer loop
      vertex 21.875 -23.5 14.2293
      vertex 21.875 -22.0584 16.1205
      vertex 21.875 -22.026 15.8635
    endloop
  endfacet
  facet normal -1 0 0
    outer loop
      vertex 21.875 -23.5 14.2293
      vertex 21.875 -22.026 15.8635
      vertex 21.875 -21.9616 15.6127
    endloop
  endfacet
  facet normal -1 0 -0
    outer loop
      vertex 21.875 -21.9616 15.6127
      vertex 21.875 -21.8662 15.3718
      vertex 21.875 -23.5 14.2293
    endloop
  endfacet
  facet normal -1 0 0
    outer loop
      vertex 21.875 -23.5 14.2293
      vertex 21.875 -21.8662 15.3718
      vertex 21.875 -21.7414 15.1449
    endloop
  endfacet
  facet normal -1 0 0
    outer loop
      vertex 21.875 -23.5 14.2293
      vertex 21.875 -21.7414 15.1449
      vertex 21.875 -21.5892 14.9353
    endloop
  endfacet
  facet normal -1 0 -0
    outer loop
      vertex 21.875 -21.5892 14.9353
      vertex 21.875 -21.4119 14.7465
      vertex 21.875 -23.5 14.2293
    endloop
  endfacet
  facet normal -1 0 0
    outer loop
      vertex 21.875 -23.5 14.2293
      vertex 21.875 -21.4119 14.7465
      vertex 21.875 -21.2123 14.5814
    endloop
  endfacet
  facet normal -1 0 0
    outer loop
      vertex 21.875 -23.5 14.2293
      vertex 21.875 -21.2123 14.5814
      vertex 21.875 -20.9936 14.4426
    endloop
  endfacet
  facet normal -1 0 0
    outer loop
      vertex 21.875 -23.5 14.2293
      vertex 21.875 -20.9936 14.4426
      vertex 21.875 -20 12.2085
    endloop
  endfacet
  facet normal -1 0 0
    outer loop
      vertex 21.875 -20 12.2085
      vertex 21.875 -20.9936 14.4426
      vertex 21.875 -20.7593 14.3323
    endloop
  endfacet
  facet normal -1 0 0
    outer loop
      vertex 21.875 -20 12.2085
      vertex 21.875 -20.7593 14.3323
      vertex 21.875 -20.5129 14.2523
    endloop
  endfacet
  facet normal -1 0 0
    outer loop
      vertex 21.875 -20.5129 14.2523
      vertex 21.875 -20.2585 14.2038
      vertex 21.875 -20 12.2085
    endloop
  endfacet
  facet normal 0.801825 0.597559 -0
    outer loop
      vertex 10.825 -21.3041 0
      vertex 8.76409 -18.5387 0
      vertex 10.825 -21.3041 0.9375
    endloop
  endfacet
  facet normal 0.801825 0.597559 -1.33643e-17
    outer loop
      vertex 10.825 -21.3041 0.9375
      vertex 8.76409 -18.5387 0
      vertex 8.76409 -18.5387 0.9375
    endloop
  endfacet
  facet normal 0 -1 0
    outer loop
      vertex 8.76409 -21.3041 0
      vertex 10.825 -21.3041 0
      vertex 8.76409 -21.3041 0.9375
    endloop
  endfacet
  facet normal 0 -1 0
    outer loop
      vertex 8.76409 -21.3041 0.9375
      vertex 10.825 -21.3041 0
      vertex 10.825 -21.3041 0.9375
    endloop
  endfacet
  facet normal -1 0 0
    outer loop
      vertex 8.76409 -18.5387 0
      vertex 8.76409 -21.3041 0
      vertex 8.76409 -18.5387 0.9375
    endloop
  endfacet
  facet normal -1 -0 0
    outer loop
      vertex 8.76409 -18.5387 0.9375
      vertex 8.76409 -21.3041 0
      vertex 8.76409 -21.3041 0.9375
    endloop
  endfacet
  facet normal 1 0 0
    outer loop
      vertex 5.69582 -22.7659 0
      vertex 5.69582 -21.3041 0
      vertex 5.69582 -22.7659 0.9375
    endloop
  endfacet
  facet normal 1 -0 0
    outer loop
      vertex 5.69582 -22.7659 0.9375
      vertex 5.69582 -21.3041 0
      vertex 5.69582 -21.3041 0.9375
    endloop
  endfacet
  facet normal 0 -1 0
    outer loop
      vertex 5.69582 -21.3041 0
      vertex 6.79539 -21.3041 0
      vertex 5.69582 -21.3041 0.9375
    endloop
  endfacet
  facet normal 0 -1 0
    outer loop
      vertex 5.69582 -21.3041 0.9375
      vertex 6.79539 -21.3041 0
      vertex 6.79539 -21.3041 0.9375
    endloop
  endfacet
  facet normal 1 0 0
    outer loop
      vertex 6.79539 -21.3041 0
      vertex 6.79539 -16.5371 0
      vertex 6.79539 -21.3041 0.9375
    endloop
  endfacet
  facet normal 1 -0 0
    outer loop
      vertex 6.79539 -21.3041 0.9375
      vertex 6.79539 -16.5371 0
      vertex 6.79539 -16.5371 0.9375
    endloop
  endfacet
  facet normal 0 -1 0
    outer loop
      vertex 6.79539 -16.5371 0
      vertex 8.82994 -16.5371 0
      vertex 6.79539 -16.5371 0.9375
    endloop
  endfacet
  facet normal 0 -1 0
    outer loop
      vertex 6.79539 -16.5371 0.9375
      vertex 8.82994 -16.5371 0
      vertex 8.82994 -16.5371 0.9375
    endloop
  endfacet
  facet normal -0.801616 -0.597839 0
    outer loop
      vertex 8.82994 -16.5371 0
      vertex 12.3459 -21.2515 0
      vertex 8.82994 -16.5371 0.9375
    endloop
  endfacet
  facet normal -0.801616 -0.597839 -2.92826e-16
    outer loop
      vertex 8.82994 -16.5371 0.9375
      vertex 12.3459 -21.2515 0
      vertex 12.3459 -21.2515 0.9375
    endloop
  endfacet
  facet normal -1 0 0
    outer loop
      vertex 12.3459 -21.2515 0
      vertex 12.3459 -22.7659 0
      vertex 12.3459 -21.2515 0.9375
    endloop
  endfacet
  facet normal -1 -0 0
    outer loop
      vertex 12.3459 -21.2515 0.9375
      vertex 12.3459 -22.7659 0
      vertex 12.3459 -22.7659 0.9375
    endloop
  endfacet
  facet normal 0 1 -0
    outer loop
      vertex 12.3459 -22.7659 0
      vertex 8.76409 -22.7659 0
      vertex 12.3459 -22.7659 0.9375
    endloop
  endfacet
  facet normal 0 1 0
    outer loop
      vertex 12.3459 -22.7659 0.9375
      vertex 8.76409 -22.7659 0
      vertex 8.76409 -22.7659 0.9375
    endloop
  endfacet
  facet normal -1 0 0
    outer loop
      vertex 8.76409 -22.7659 0
      vertex 8.76409 -24.6819 0
      vertex 8.76409 -22.7659 0.9375
    endloop
  endfacet
  facet normal -1 -0 0
    outer loop
      vertex 8.76409 -22.7659 0.9375
      vertex 8.76409 -24.6819 0
      vertex 8.76409 -24.6819 0.9375
    endloop
  endfacet
  facet normal 0 1 -0
    outer loop
      vertex 8.76409 -24.6819 0
      vertex 6.79539 -24.6819 0
      vertex 8.76409 -24.6819 0.9375
    endloop
  endfacet
  facet normal 0 1 0
    outer loop
      vertex 8.76409 -24.6819 0.9375
      vertex 6.79539 -24.6819 0
      vertex 6.79539 -24.6819 0.9375
    endloop
  endfacet
  facet normal 1 0 0
    outer loop
      vertex 6.79539 -24.6819 0
      vertex 6.79539 -22.7659 0
      vertex 6.79539 -24.6819 0.9375
    endloop
  endfacet
  facet normal 1 -0 0
    outer loop
      vertex 6.79539 -24.6819 0.9375
      vertex 6.79539 -22.7659 0
      vertex 6.79539 -22.7659 0.9375
    endloop
  endfacet
  facet normal 0 1 -0
    outer loop
      vertex 6.79539 -22.7659 0
      vertex 5.69582 -22.7659 0
      vertex 6.79539 -22.7659 0.9375
    endloop
  endfacet
  facet normal 0 1 0
    outer loop
      vertex 6.79539 -22.7659 0.9375
      vertex 5.69582 -22.7659 0
      vertex 5.69582 -22.7659 0.9375
    endloop
  endfacet
  facet normal 0 0 -1
    outer loop
      vertex 8.76409 -18.5387 0.9375
      vertex 12.3459 -21.2515 0.9375
      vertex 10.825 -21.3041 0.9375
    endloop
  endfacet
  facet normal 0 0 -1
    outer loop
      vertex 10.825 -21.3041 0.9375
      vertex 12.3459 -21.2515 0.9375
      vertex 12.3459 -22.7659 0.9375
    endloop
  endfacet
  facet normal 0 -0 -1
    outer loop
      vertex 10.825 -21.3041 0.9375
      vertex 12.3459 -22.7659 0.9375
      vertex 8.76409 -22.7659 0.9375
    endloop
  endfacet
  facet normal 0 0 -1
    outer loop
      vertex 8.76409 -21.3041 0.9375
      vertex 6.79539 -21.3041 0.9375
      vertex 8.76409 -18.5387 0.9375
    endloop
  endfacet
  facet normal -0 0 -1
    outer loop
      vertex 8.76409 -18.5387 0.9375
      vertex 6.79539 -21.3041 0.9375
      vertex 6.79539 -16.5371 0.9375
    endloop
  endfacet
  facet normal 0 0 -1
    outer loop
      vertex 8.76409 -18.5387 0.9375
      vertex 6.79539 -16.5371 0.9375
      vertex 8.82994 -16.5371 0.9375
    endloop
  endfacet
  facet normal -0 0 -1
    outer loop
      vertex 10.825 -21.3041 0.9375
      vertex 8.76409 -22.7659 0.9375
      vertex 8.76409 -21.3041 0.9375
    endloop
  endfacet
  facet normal 0 -0 -1
    outer loop
      vertex 8.76409 -21.3041 0.9375
      vertex 8.76409 -22.7659 0.9375
      vertex 6.79539 -22.7659 0.9375
    endloop
  endfacet
  facet normal -0 0 -1
    outer loop
      vertex 8.76409 -21.3041 0.9375
      vertex 6.79539 -22.7659 0.9375
      vertex 6.79539 -21.3041 0.9375
    endloop
  endfacet
  facet normal 0 -0 -1
    outer loop
      vertex 6.79539 -21.3041 0.9375
      vertex 6.79539 -22.7659 0.9375
      vertex 5.69582 -22.7659 0.9375
    endloop
  endfacet
  facet normal -0 0 -1
    outer loop
      vertex 6.79539 -21.3041 0.9375
      vertex 5.69582 -22.7659 0.9375
      vertex 5.69582 -21.3041 0.9375
    endloop
  endfacet
  facet normal 0 -0 -1
    outer loop
      vertex 8.82994 -16.5371 0.9375
      vertex 12.3459 -21.2515 0.9375
      vertex 8.76409 -18.5387 0.9375
    endloop
  endfacet
  facet normal 0 0 -1
    outer loop
      vertex 8.76409 -24.6819 0.9375
      vertex 6.79539 -24.6819 0.9375
      vertex 8.76409 -22.7659 0.9375
    endloop
  endfacet
  facet normal -0 0 -1
    outer loop
      vertex 8.76409 -22.7659 0.9375
      vertex 6.79539 -24.6819 0.9375
      vertex 6.79539 -22.7659 0.9375
    endloop
  endfacet
  facet normal -0.00836791 0.999965 0
    outer loop
      vertex 17.1459 -18.0318 0
      vertex 16.9786 -18.0332 0
      vertex 17.1459 -18.0318 0.9375
    endloop
  endfacet
  facet normal -0.00836791 0.999965 -3.3283e-20
    outer loop
      vertex 17.1459 -18.0318 0.9375
      vertex 16.9786 -18.0332 0
      vertex 16.9786 -18.0332 0.9375
    endloop
  endfacet
  facet normal -0.0281118 0.999605 0
    outer loop
      vertex 16.9786 -18.0332 0.9375
      vertex 16.9786 -18.0332 0
      vertex 16.8257 -18.0375 0
    endloop
  endfacet
  facet normal -0.0281118 0.999605 -2.4624e-19
    outer loop
      vertex 16.9786 -18.0332 0.9375
      vertex 16.8257 -18.0375 0
      vertex 16.8257 -18.0375 0.9375
    endloop
  endfacet
  facet normal -0.0519155 0.998651 0
    outer loop
      vertex 16.8257 -18.0375 0.9375
      vertex 16.8257 -18.0375 0
      vertex 16.6872 -18.0447 0
    endloop
  endfacet
  facet normal -0.0519155 0.998651 2.18362e-19
    outer loop
      vertex 16.8257 -18.0375 0.9375
      vertex 16.6872 -18.0447 0
      vertex 16.6872 -18.0447 0.9375
    endloop
  endfacet
  facet normal -0.0811828 0.996699 0
    outer loop
      vertex 16.6872 -18.0447 0.9375
      vertex 16.6872 -18.0447 0
      vertex 16.5632 -18.0548 0
    endloop
  endfacet
  facet normal -0.0811828 0.996699 -3.68424e-19
    outer loop
      vertex 16.6872 -18.0447 0.9375
      vertex 16.5632 -18.0548 0
      vertex 16.5632 -18.0548 0.9375
    endloop
  endfacet
  facet normal -0.13023 0.991484 0
    outer loop
      vertex 16.5632 -18.0548 0.9375
      vertex 16.5632 -18.0548 0
      vertex 16.449 -18.0698 0
    endloop
  endfacet
  facet normal -0.13023 0.991484 -1.43685e-19
    outer loop
      vertex 16.5632 -18.0548 0.9375
      vertex 16.449 -18.0698 0
      vertex 16.449 -18.0698 0.9375
    endloop
  endfacet
  facet normal -0.19802 0.980198 0
    outer loop
      vertex 16.449 -18.0698 0.9375
      vertex 16.449 -18.0698 0
      vertex 16.3401 -18.0918 0
    endloop
  endfacet
  facet normal -0.19802 0.980198 -8.61903e-19
    outer loop
      vertex 16.449 -18.0698 0.9375
      vertex 16.3401 -18.0918 0
      vertex 16.3401 -18.0918 0.9375
    endloop
  endfacet
  facet normal -0.269802 0.962916 0
    outer loop
      vertex 16.3401 -18.0918 0.9375
      vertex 16.3401 -18.0918 0
      vertex 16.2366 -18.1208 0
    endloop
  endfacet
  facet normal -0.269802 0.962916 -1.05411e-18
    outer loop
      vertex 16.3401 -18.0918 0.9375
      vertex 16.2366 -18.1208 0
      vertex 16.2366 -18.1208 0.9375
    endloop
  endfacet
  facet normal -0.345351 0.938474 0
    outer loop
      vertex 16.2366 -18.1208 0.9375
      vertex 16.2366 -18.1208 0
      vertex 16.1385 -18.1569 0
    endloop
  endfacet
  facet normal -0.345351 0.938474 9.09187e-19
    outer loop
      vertex 16.2366 -18.1208 0.9375
      vertex 16.1385 -18.1569 0
      vertex 16.1385 -18.1569 0.9375
    endloop
  endfacet
  facet normal 0 1 -0
    outer loop
      vertex 17.8306 -18.0318 0
      vertex 17.1459 -18.0318 0
      vertex 17.8306 -18.0318 0.9375
    endloop
  endfacet
  facet normal 0 1 0
    outer loop
      vertex 17.8306 -18.0318 0.9375
      vertex 17.1459 -18.0318 0
      vertex 17.1459 -18.0318 0.9375
    endloop
  endfacet
  facet normal 1 0 0
    outer loop
      vertex 17.8306 -20.2177 0
      vertex 17.8306 -18.0318 0
      vertex 17.8306 -20.2177 0.9375
    endloop
  endfacet
  facet normal 1 -0 0
    outer loop
      vertex 17.8306 -20.2177 0.9375
      vertex 17.8306 -18.0318 0
      vertex 17.8306 -18.0318 0.9375
    endloop
  endfacet
  facet normal 0 -1 0
    outer loop
      vertex 17.2446 -20.2177 0
      vertex 17.8306 -20.2177 0
      vertex 17.2446 -20.2177 0.9375
    endloop
  endfacet
  facet normal 0 -1 0
    outer loop
      vertex 17.2446 -20.2177 0.9375
      vertex 17.8306 -20.2177 0
      vertex 17.8306 -20.2177 0.9375
    endloop
  endfacet
  facet normal -0.571932 -0.820301 0
    outer loop
      vertex 16.02 -19.9478 0
      vertex 16.128 -20.0231 0
      vertex 16.02 -19.9478 0.9375
    endloop
  endfacet
  facet normal -0.571932 -0.820301 2.12797e-18
    outer loop
      vertex 16.02 -19.9478 0.9375
      vertex 16.128 -20.0231 0
      vertex 16.128 -20.0231 0.9375
    endloop
  endfacet
  facet normal -0.455216 -0.890381 -0
    outer loop
      vertex 16.128 -20.0231 0.9375
      vertex 16.128 -20.0231 0
      vertex 16.2479 -20.0844 0
    endloop
  endfacet
  facet normal -0.455216 -0.890381 2.40393e-18
    outer loop
      vertex 16.128 -20.0231 0.9375
      vertex 16.2479 -20.0844 0
      vertex 16.2479 -20.0844 0.9375
    endloop
  endfacet
  facet normal -0.337557 -0.941305 -0
    outer loop
      vertex 16.2479 -20.0844 0.9375
      vertex 16.2479 -20.0844 0
      vertex 16.3798 -20.1317 0
    endloop
  endfacet
  facet normal -0.337557 -0.941305 1.00067e-18
    outer loop
      vertex 16.2479 -20.0844 0.9375
      vertex 16.3798 -20.1317 0
      vertex 16.3798 -20.1317 0.9375
    endloop
  endfacet
  facet normal -0.226095 -0.974105 -0
    outer loop
      vertex 16.3798 -20.1317 0.9375
      vertex 16.3798 -20.1317 0
      vertex 16.5237 -20.1651 0
    endloop
  endfacet
  facet normal -0.226095 -0.974105 -2.888e-18
    outer loop
      vertex 16.3798 -20.1317 0.9375
      vertex 16.5237 -20.1651 0
      vertex 16.5237 -20.1651 0.9375
    endloop
  endfacet
  facet normal -0.144589 -0.989492 -0
    outer loop
      vertex 16.5237 -20.1651 0.9375
      vertex 16.5237 -20.1651 0
      vertex 16.6811 -20.1881 0
    endloop
  endfacet
  facet normal -0.144589 -0.989492 -1.28819e-18
    outer loop
      vertex 16.5237 -20.1651 0.9375
      vertex 16.6811 -20.1881 0
      vertex 16.6811 -20.1881 0.9375
    endloop
  endfacet
  facet normal -0.0951629 -0.995462 -0
    outer loop
      vertex 16.6811 -20.1881 0.9375
      vertex 16.6811 -20.1881 0
      vertex 16.8537 -20.2046 0
    endloop
  endfacet
  facet normal -0.0951629 -0.995462 -9.74611e-19
    outer loop
      vertex 16.6811 -20.1881 0.9375
      vertex 16.8537 -20.2046 0
      vertex 16.8537 -20.2046 0.9375
    endloop
  endfacet
  facet normal -0.0520846 -0.998643 -0
    outer loop
      vertex 16.8537 -20.2046 0.9375
      vertex 16.8537 -20.2046 0
      vertex 17.0416 -20.2144 0
    endloop
  endfacet
  facet normal -0.0520846 -0.998643 3.4154e-20
    outer loop
      vertex 16.8537 -20.2046 0.9375
      vertex 17.0416 -20.2144 0
      vertex 17.0416 -20.2144 0.9375
    endloop
  endfacet
  facet normal -0.016254 -0.999868 -0
    outer loop
      vertex 17.0416 -20.2144 0.9375
      vertex 17.0416 -20.2144 0
      vertex 17.2446 -20.2177 0
    endloop
  endfacet
  facet normal -0.016254 -0.999868 4.93173e-20
    outer loop
      vertex 17.0416 -20.2144 0.9375
      vertex 17.2446 -20.2177 0
      vertex 17.2446 -20.2177 0.9375
    endloop
  endfacet
  facet normal -0.999322 -0.0368075 0
    outer loop
      vertex 15.6315 -19.026 0
      vertex 15.6375 -19.1889 0
      vertex 15.6315 -19.026 0.9375
    endloop
  endfacet
  facet normal -0.999322 -0.0368075 2.83454e-19
    outer loop
      vertex 15.6315 -19.026 0.9375
      vertex 15.6375 -19.1889 0
      vertex 15.6375 -19.1889 0.9375
    endloop
  endfacet
  facet normal -0.992618 -0.121282 -0
    outer loop
      vertex 15.6375 -19.1889 0.9375
      vertex 15.6375 -19.1889 0
      vertex 15.6554 -19.3354 0
    endloop
  endfacet
  facet normal -0.992618 -0.121282 -7.45256e-19
    outer loop
      vertex 15.6375 -19.1889 0.9375
      vertex 15.6554 -19.3354 0
      vertex 15.6554 -19.3354 0.9375
    endloop
  endfacet
  facet normal -0.974756 -0.223272 -0
    outer loop
      vertex 15.6554 -19.3354 0.9375
      vertex 15.6554 -19.3354 0
      vertex 15.6852 -19.4655 0
    endloop
  endfacet
  facet normal -0.974756 -0.223272 6.94655e-19
    outer loop
      vertex 15.6554 -19.3354 0.9375
      vertex 15.6852 -19.4655 0
      vertex 15.6852 -19.4655 0.9375
    endloop
  endfacet
  facet normal -0.938484 -0.345322 -0
    outer loop
      vertex 15.6852 -19.4655 0.9375
      vertex 15.6852 -19.4655 0
      vertex 15.727 -19.5791 0
    endloop
  endfacet
  facet normal -0.938484 -0.345322 -3.73757e-18
    outer loop
      vertex 15.6852 -19.4655 0.9375
      vertex 15.727 -19.5791 0
      vertex 15.727 -19.5791 0.9375
    endloop
  endfacet
  facet normal -0.88343 -0.468564 -0
    outer loop
      vertex 15.727 -19.5791 0.9375
      vertex 15.727 -19.5791 0
      vertex 15.7811 -19.6811 0
    endloop
  endfacet
  facet normal -0.88343 -0.468564 1.37636e-18
    outer loop
      vertex 15.727 -19.5791 0.9375
      vertex 15.7811 -19.6811 0
      vertex 15.7811 -19.6811 0.9375
    endloop
  endfacet
  facet normal -0.81903 -0.57375 -0
    outer loop
      vertex 15.7811 -19.6811 0.9375
      vertex 15.7811 -19.6811 0
      vertex 15.848 -19.7766 0
    endloop
  endfacet
  facet normal -0.81903 -0.57375 1.1308e-18
    outer loop
      vertex 15.7811 -19.6811 0.9375
      vertex 15.848 -19.7766 0
      vertex 15.848 -19.7766 0.9375
    endloop
  endfacet
  facet normal -0.745 -0.667064 -0
    outer loop
      vertex 15.848 -19.7766 0.9375
      vertex 15.848 -19.7766 0
      vertex 15.9276 -19.8655 0
    endloop
  endfacet
  facet normal -0.745 -0.667064 -1.62163e-18
    outer loop
      vertex 15.848 -19.7766 0.9375
      vertex 15.9276 -19.8655 0
      vertex 15.9276 -19.8655 0.9375
    endloop
  endfacet
  facet normal -0.665116 -0.74674 -0
    outer loop
      vertex 15.9276 -19.8655 0.9375
      vertex 15.9276 -19.8655 0
      vertex 16.02 -19.9478 0
    endloop
  endfacet
  facet normal -0.665116 -0.74674 2.68821e-18
    outer loop
      vertex 15.9276 -19.8655 0.9375
      vertex 16.02 -19.9478 0
      vertex 16.02 -19.9478 0.9375
    endloop
  endfacet
  facet normal -0.463242 0.886232 0
    outer loop
      vertex 16.1385 -18.1569 0
      vertex 16.013 -18.2225 0
      vertex 16.1385 -18.1569 0.9375
    endloop
  endfacet
  facet normal -0.463242 0.886232 2.47734e-18
    outer loop
      vertex 16.1385 -18.1569 0.9375
      vertex 16.013 -18.2225 0
      vertex 16.013 -18.2225 0.9375
    endloop
  endfacet
  facet normal -0.592477 0.805587 0
    outer loop
      vertex 16.013 -18.2225 0.9375
      vertex 16.013 -18.2225 0
      vertex 15.9064 -18.3009 0
    endloop
  endfacet
  facet normal -0.592477 0.805587 3.0379e-18
    outer loop
      vertex 16.013 -18.2225 0.9375
      vertex 15.9064 -18.3009 0
      vertex 15.9064 -18.3009 0.9375
    endloop
  endfacet
  facet normal -0.689655 0.724138 0
    outer loop
      vertex 15.9064 -18.3009 0.9375
      vertex 15.9064 -18.3009 0
      vertex 15.8602 -18.3449 0
    endloop
  endfacet
  facet normal -0.689655 0.724138 -1.39231e-18
    outer loop
      vertex 15.9064 -18.3009 0.9375
      vertex 15.8602 -18.3449 0
      vertex 15.8602 -18.3449 0.9375
    endloop
  endfacet
  facet normal -0.750303 0.661095 0
    outer loop
      vertex 15.8602 -18.3449 0.9375
      vertex 15.8602 -18.3449 0
      vertex 15.8187 -18.392 0
    endloop
  endfacet
  facet normal -0.750303 0.661095 1.39072e-18
    outer loop
      vertex 15.8602 -18.3449 0.9375
      vertex 15.8187 -18.392 0
      vertex 15.8187 -18.392 0.9375
    endloop
  endfacet
  facet normal -0.808389 0.588648 0
    outer loop
      vertex 15.8187 -18.392 0.9375
      vertex 15.8187 -18.392 0
      vertex 15.782 -18.4424 0
    endloop
  endfacet
  facet normal -0.808389 0.588648 8.93817e-19
    outer loop
      vertex 15.8187 -18.392 0.9375
      vertex 15.782 -18.4424 0
      vertex 15.782 -18.4424 0.9375
    endloop
  endfacet
  facet normal -0.8582 0.513316 0
    outer loop
      vertex 15.782 -18.4424 0.9375
      vertex 15.782 -18.4424 0
      vertex 15.75 -18.4959 0
    endloop
  endfacet
  facet normal -0.8582 0.513316 -8.44632e-19
    outer loop
      vertex 15.782 -18.4424 0.9375
      vertex 15.75 -18.4959 0
      vertex 15.75 -18.4959 0.9375
    endloop
  endfacet
  facet normal -0.912965 0.408038 0
    outer loop
      vertex 15.75 -18.4959 0.9375
      vertex 15.75 -18.4959 0
      vertex 15.6982 -18.6118 0
    endloop
  endfacet
  facet normal -0.912965 0.408038 2.23553e-18
    outer loop
      vertex 15.75 -18.4959 0.9375
      vertex 15.6982 -18.6118 0
      vertex 15.6982 -18.6118 0.9375
    endloop
  endfacet
  facet normal -0.959822 0.28061 0
    outer loop
      vertex 15.6982 -18.6118 0.9375
      vertex 15.6982 -18.6118 0
      vertex 15.6611 -18.7387 0
    endloop
  endfacet
  facet normal -0.959822 0.28061 2.97727e-18
    outer loop
      vertex 15.6982 -18.6118 0.9375
      vertex 15.6611 -18.7387 0
      vertex 15.6611 -18.7387 0.9375
    endloop
  endfacet
  facet normal -0.987324 0.158715 0
    outer loop
      vertex 15.6611 -18.7387 0.9375
      vertex 15.6611 -18.7387 0
      vertex 15.6389 -18.8768 0
    endloop
  endfacet
  facet normal -0.987324 0.158715 -8.62265e-19
    outer loop
      vertex 15.6611 -18.7387 0.9375
      vertex 15.6389 -18.8768 0
      vertex 15.6389 -18.8768 0.9375
    endloop
  endfacet
  facet normal -0.998772 0.049537 0
    outer loop
      vertex 15.6389 -18.8768 0.9375
      vertex 15.6389 -18.8768 0
      vertex 15.6315 -19.026 0
    endloop
  endfacet
  facet normal -0.998772 0.049537 3.71217e-19
    outer loop
      vertex 15.6389 -18.8768 0.9375
      vertex 15.6315 -19.026 0
      vertex 15.6315 -19.026 0.9375
    endloop
  endfacet
  facet normal 0.784493 -0.620137 0
    outer loop
      vertex 12.3525 -24.6621 0
      vertex 15.085 -21.2054 0
      vertex 12.3525 -24.6621 0.9375
    endloop
  endfacet
  facet normal 0.784493 -0.620137 -9.27463e-18
    outer loop
      vertex 12.3525 -24.6621 0.9375
      vertex 15.085 -21.2054 0
      vertex 15.085 -21.2054 0.9375
    endloop
  endfacet
  facet normal 0.461824 0.886971 -0
    outer loop
      vertex 15.085 -21.2054 0
      vertex 14.9133 -21.116 0
      vertex 15.085 -21.2054 0.9375
    endloop
  endfacet
  facet normal 0.461824 0.886971 3.78075e-18
    outer loop
      vertex 15.085 -21.2054 0.9375
      vertex 14.9133 -21.116 0
      vertex 14.9133 -21.116 0.9375
    endloop
  endfacet
  facet normal 0.510844 0.859674 0
    outer loop
      vertex 14.9133 -21.116 0.9375
      vertex 14.9133 -21.116 0
      vertex 14.7504 -21.0192 0
    endloop
  endfacet
  facet normal 0.510844 0.859674 8.76207e-18
    outer loop
      vertex 14.9133 -21.116 0.9375
      vertex 14.7504 -21.0192 0
      vertex 14.7504 -21.0192 0.9375
    endloop
  endfacet
  facet normal 0.561133 0.827725 0
    outer loop
      vertex 14.7504 -21.0192 0.9375
      vertex 14.7504 -21.0192 0
      vertex 14.5964 -20.9148 0
    endloop
  endfacet
  facet normal 0.561133 0.827725 7.65669e-18
    outer loop
      vertex 14.7504 -21.0192 0.9375
      vertex 14.5964 -20.9148 0
      vertex 14.5964 -20.9148 0.9375
    endloop
  endfacet
  facet normal 0.610686 0.791873 0
    outer loop
      vertex 14.5964 -20.9148 0.9375
      vertex 14.5964 -20.9148 0
      vertex 14.4513 -20.8029 0
    endloop
  endfacet
  facet normal 0.610686 0.791873 1.90428e-18
    outer loop
      vertex 14.5964 -20.9148 0.9375
      vertex 14.4513 -20.8029 0
      vertex 14.4513 -20.8029 0.9375
    endloop
  endfacet
  facet normal 0.658661 0.75244 0
    outer loop
      vertex 14.4513 -20.8029 0.9375
      vertex 14.4513 -20.8029 0
      vertex 14.3149 -20.6835 0
    endloop
  endfacet
  facet normal 0.658661 0.75244 -9.4263e-18
    outer loop
      vertex 14.4513 -20.8029 0.9375
      vertex 14.3149 -20.6835 0
      vertex 14.3149 -20.6835 0.9375
    endloop
  endfacet
  facet normal 0.705715 0.708496 0
    outer loop
      vertex 14.3149 -20.6835 0.9375
      vertex 14.3149 -20.6835 0
      vertex 14.1875 -20.5566 0
    endloop
  endfacet
  facet normal 0.705715 0.708496 -1.13702e-18
    outer loop
      vertex 14.3149 -20.6835 0.9375
      vertex 14.1875 -20.5566 0
      vertex 14.1875 -20.5566 0.9375
    endloop
  endfacet
  facet normal 0.749805 0.661659 0
    outer loop
      vertex 14.1875 -20.5566 0.9375
      vertex 14.1875 -20.5566 0
      vertex 14.0689 -20.4222 0
    endloop
  endfacet
  facet normal 0.749805 0.661659 -4.48414e-19
    outer loop
      vertex 14.1875 -20.5566 0.9375
      vertex 14.0689 -20.4222 0
      vertex 14.0689 -20.4222 0.9375
    endloop
  endfacet
  facet normal 0.79088 0.611971 0
    outer loop
      vertex 14.0689 -20.4222 0.9375
      vertex 14.0689 -20.4222 0
      vertex 13.9591 -20.2803 0
    endloop
  endfacet
  facet normal 0.79088 0.611971 -2.75562e-18
    outer loop
      vertex 14.0689 -20.4222 0.9375
      vertex 13.9591 -20.2803 0
      vertex 13.9591 -20.2803 0.9375
    endloop
  endfacet
  facet normal 0.83696 0.547264 0
    outer loop
      vertex 13.9591 -20.2803 0.9375
      vertex 13.9591 -20.2803 0
      vertex 13.8603 -20.1292 0
    endloop
  endfacet
  facet normal 0.83696 0.547264 2.50942e-18
    outer loop
      vertex 13.9591 -20.2803 0.9375
      vertex 13.8603 -20.1292 0
      vertex 13.8603 -20.1292 0.9375
    endloop
  endfacet
  facet normal 0.88404 0.467411 0
    outer loop
      vertex 13.8603 -20.1292 0.9375
      vertex 13.8603 -20.1292 0
      vertex 13.7747 -19.9673 0
    endloop
  endfacet
  facet normal 0.88404 0.467411 4.443e-18
    outer loop
      vertex 13.8603 -20.1292 0.9375
      vertex 13.7747 -19.9673 0
      vertex 13.7747 -19.9673 0.9375
    endloop
  endfacet
  facet normal 0.922237 0.386624 0
    outer loop
      vertex 13.7747 -19.9673 0.9375
      vertex 13.7747 -19.9673 0
      vertex 13.7023 -19.7946 0
    endloop
  endfacet
  facet normal 0.922237 0.386624 4.03289e-18
    outer loop
      vertex 13.7747 -19.9673 0.9375
      vertex 13.7023 -19.7946 0
      vertex 13.7023 -19.7946 0.9375
    endloop
  endfacet
  facet normal 0.951498 0.307655 0
    outer loop
      vertex 13.7023 -19.7946 0.9375
      vertex 13.7023 -19.7946 0
      vertex 13.643 -19.6112 0
    endloop
  endfacet
  facet normal 0.951498 0.307655 -3.03201e-18
    outer loop
      vertex 13.7023 -19.7946 0.9375
      vertex 13.643 -19.6112 0
      vertex 13.643 -19.6112 0.9375
    endloop
  endfacet
  facet normal 0.973101 0.230379 0
    outer loop
      vertex 13.643 -19.6112 0.9375
      vertex 13.643 -19.6112 0
      vertex 13.597 -19.4169 0
    endloop
  endfacet
  facet normal 0.973101 0.230379 -1.63243e-18
    outer loop
      vertex 13.643 -19.6112 0.9375
      vertex 13.597 -19.4169 0
      vertex 13.597 -19.4169 0.9375
    endloop
  endfacet
  facet normal 0.987302 0.158854 0
    outer loop
      vertex 13.597 -19.4169 0.9375
      vertex 13.597 -19.4169 0
      vertex 13.564 -19.2118 0
    endloop
  endfacet
  facet normal 0.987302 0.158854 -1.3661e-18
    outer loop
      vertex 13.597 -19.4169 0.9375
      vertex 13.564 -19.2118 0
      vertex 13.564 -19.2118 0.9375
    endloop
  endfacet
  facet normal 0.995863 0.0908685 0
    outer loop
      vertex 13.564 -19.2118 0.9375
      vertex 13.564 -19.2118 0
      vertex 13.5443 -18.9959 0
    endloop
  endfacet
  facet normal 0.995863 0.0908685 2.11896e-18
    outer loop
      vertex 13.564 -19.2118 0.9375
      vertex 13.5443 -18.9959 0
      vertex 13.5443 -18.9959 0.9375
    endloop
  endfacet
  facet normal 0.999576 0.029101 0
    outer loop
      vertex 13.5443 -18.9959 0.9375
      vertex 13.5443 -18.9959 0
      vertex 13.5377 -18.7692 0
    endloop
  endfacet
  facet normal 0.999576 0.029101 1.01294e-19
    outer loop
      vertex 13.5443 -18.9959 0.9375
      vertex 13.5377 -18.7692 0
      vertex 13.5377 -18.7692 0.9375
    endloop
  endfacet
  facet normal 0.999692 -0.0248216 0
    outer loop
      vertex 13.5377 -18.7692 0
      vertex 13.5417 -18.6081 0
      vertex 13.5377 -18.7692 0.9375
    endloop
  endfacet
  facet normal 0.999692 -0.0248216 1.00273e-19
    outer loop
      vertex 13.5377 -18.7692 0.9375
      vertex 13.5417 -18.6081 0
      vertex 13.5417 -18.6081 0.9375
    endloop
  endfacet
  facet normal 0.996974 -0.0777368 0
    outer loop
      vertex 13.5417 -18.6081 0.9375
      vertex 13.5417 -18.6081 0
      vertex 13.5537 -18.4542 0
    endloop
  endfacet
  facet normal 0.996974 -0.0777368 2.44071e-19
    outer loop
      vertex 13.5417 -18.6081 0.9375
      vertex 13.5537 -18.4542 0
      vertex 13.5537 -18.4542 0.9375
    endloop
  endfacet
  facet normal 0.990769 -0.135565 0
    outer loop
      vertex 13.5537 -18.4542 0.9375
      vertex 13.5537 -18.4542 0
      vertex 13.5738 -18.3073 0
    endloop
  endfacet
  facet normal 0.990769 -0.135565 4.51431e-20
    outer loop
      vertex 13.5537 -18.4542 0.9375
      vertex 13.5738 -18.3073 0
      vertex 13.5738 -18.3073 0.9375
    endloop
  endfacet
  facet normal 0.980364 -0.197196 0
    outer loop
      vertex 13.5738 -18.3073 0.9375
      vertex 13.5738 -18.3073 0
      vertex 13.6019 -18.1676 0
    endloop
  endfacet
  facet normal 0.980364 -0.197196 2.24141e-18
    outer loop
      vertex 13.5738 -18.3073 0.9375
      vertex 13.6019 -18.1676 0
      vertex 13.6019 -18.1676 0.9375
    endloop
  endfacet
  facet normal 0.964931 -0.262502 0
    outer loop
      vertex 13.6019 -18.1676 0.9375
      vertex 13.6019 -18.1676 0
      vertex 13.638 -18.0349 0
    endloop
  endfacet
  facet normal 0.964931 -0.262502 -2.98155e-19
    outer loop
      vertex 13.6019 -18.1676 0.9375
      vertex 13.638 -18.0349 0
      vertex 13.638 -18.0349 0.9375
    endloop
  endfacet
  facet normal 0.94353 -0.331287 0
    outer loop
      vertex 13.638 -18.0349 0.9375
      vertex 13.638 -18.0349 0
      vertex 13.6821 -17.9093 0
    endloop
  endfacet
  facet normal 0.94353 -0.331287 1.71401e-18
    outer loop
      vertex 13.638 -18.0349 0.9375
      vertex 13.6821 -17.9093 0
      vertex 13.6821 -17.9093 0.9375
    endloop
  endfacet
  facet normal 0.915019 -0.403412 0
    outer loop
      vertex 13.6821 -17.9093 0.9375
      vertex 13.6821 -17.9093 0
      vertex 13.7343 -17.7909 0
    endloop
  endfacet
  facet normal 0.915019 -0.403412 9.04989e-19
    outer loop
      vertex 13.6821 -17.9093 0.9375
      vertex 13.7343 -17.7909 0
      vertex 13.7343 -17.7909 0.9375
    endloop
  endfacet
  facet normal 0.87976 -0.475418 0
    outer loop
      vertex 13.7343 -17.7909 0.9375
      vertex 13.7343 -17.7909 0
      vertex 13.7945 -17.6795 0
    endloop
  endfacet
  facet normal 0.87976 -0.475418 3.0818e-18
    outer loop
      vertex 13.7343 -17.7909 0.9375
      vertex 13.7945 -17.6795 0
      vertex 13.7945 -17.6795 0.9375
    endloop
  endfacet
  facet normal 0.828009 -0.560715 0
    outer loop
      vertex 13.7945 -17.6795 0.9375
      vertex 13.7945 -17.6795 0
      vertex 13.934 -17.4735 0
    endloop
  endfacet
  facet normal 0.828009 -0.560715 6.37649e-18
    outer loop
      vertex 13.7945 -17.6795 0.9375
      vertex 13.934 -17.4735 0
      vertex 13.934 -17.4735 0.9375
    endloop
  endfacet
  facet normal 0.755729 -0.654884 0
    outer loop
      vertex 13.934 -17.4735 0.9375
      vertex 13.934 -17.4735 0
      vertex 14.0957 -17.2869 0
    endloop
  endfacet
  facet normal 0.755729 -0.654884 -3.63752e-18
    outer loop
      vertex 13.934 -17.4735 0.9375
      vertex 14.0957 -17.2869 0
      vertex 14.0957 -17.2869 0.9375
    endloop
  endfacet
  facet normal 0.672733 -0.739885 0
    outer loop
      vertex 14.0957 -17.2869 0.9375
      vertex 14.0957 -17.2869 0
      vertex 14.2797 -17.1196 0
    endloop
  endfacet
  facet normal 0.672733 -0.739885 5.05511e-18
    outer loop
      vertex 14.0957 -17.2869 0.9375
      vertex 14.2797 -17.1196 0
      vertex 14.2797 -17.1196 0.9375
    endloop
  endfacet
  facet normal 0.583027 -0.812453 0
    outer loop
      vertex 14.2797 -17.1196 0.9375
      vertex 14.2797 -17.1196 0
      vertex 14.4858 -16.9717 0
    endloop
  endfacet
  facet normal 0.583027 -0.812453 -7.85433e-19
    outer loop
      vertex 14.2797 -17.1196 0.9375
      vertex 14.4858 -16.9717 0
      vertex 14.4858 -16.9717 0.9375
    endloop
  endfacet
  facet normal 0.483226 -0.875496 0
    outer loop
      vertex 14.4858 -16.9717 0
      vertex 14.7043 -16.8511 0
      vertex 14.4858 -16.9717 0.9375
    endloop
  endfacet
  facet normal 0.483226 -0.875496 2.56651e-18
    outer loop
      vertex 14.4858 -16.9717 0.9375
      vertex 14.7043 -16.8511 0
      vertex 14.7043 -16.8511 0.9375
    endloop
  endfacet
  facet normal 0.396498 -0.918036 0
    outer loop
      vertex 14.7043 -16.8511 0.9375
      vertex 14.7043 -16.8511 0
      vertex 14.9319 -16.7528 0
    endloop
  endfacet
  facet normal 0.396498 -0.918036 -6.49407e-18
    outer loop
      vertex 14.7043 -16.8511 0.9375
      vertex 14.9319 -16.7528 0
      vertex 14.9319 -16.7528 0.9375
    endloop
  endfacet
  facet normal 0.306556 -0.951853 0
    outer loop
      vertex 14.9319 -16.7528 0.9375
      vertex 14.9319 -16.7528 0
      vertex 15.1685 -16.6766 0
    endloop
  endfacet
  facet normal 0.306556 -0.951853 -5.33054e-18
    outer loop
      vertex 14.9319 -16.7528 0.9375
      vertex 15.1685 -16.6766 0
      vertex 15.1685 -16.6766 0.9375
    endloop
  endfacet
  facet normal 0.214278 -0.976773 0
    outer loop
      vertex 15.1685 -16.6766 0.9375
      vertex 15.1685 -16.6766 0
      vertex 15.4142 -16.6227 0
    endloop
  endfacet
  facet normal 0.214278 -0.976773 7.84261e-19
    outer loop
      vertex 15.1685 -16.6766 0.9375
      vertex 15.4142 -16.6227 0
      vertex 15.4142 -16.6227 0.9375
    endloop
  endfacet
  facet normal 0.141687 -0.989912 0
    outer loop
      vertex 15.4142 -16.6227 0.9375
      vertex 15.4142 -16.6227 0
      vertex 15.6755 -16.5853 0
    endloop
  endfacet
  facet normal 0.141687 -0.989912 1.02557e-18
    outer loop
      vertex 15.4142 -16.6227 0.9375
      vertex 15.6755 -16.5853 0
      vertex 15.6755 -16.5853 0.9375
    endloop
  endfacet
  facet normal 0.0940802 -0.995565 0
    outer loop
      vertex 15.6755 -16.5853 0.9375
      vertex 15.6755 -16.5853 0
      vertex 15.9591 -16.5585 0
    endloop
  endfacet
  facet normal 0.0940802 -0.995565 -1.00341e-18
    outer loop
      vertex 15.6755 -16.5853 0.9375
      vertex 15.9591 -16.5585 0
      vertex 15.9591 -16.5585 0.9375
    endloop
  endfacet
  facet normal 0.0522674 -0.998633 0
    outer loop
      vertex 15.9591 -16.5585 0.9375
      vertex 15.9591 -16.5585 0
      vertex 16.2648 -16.5425 0
    endloop
  endfacet
  facet normal 0.0522674 -0.998633 1.90372e-19
    outer loop
      vertex 15.9591 -16.5585 0.9375
      vertex 16.2648 -16.5425 0
      vertex 16.2648 -16.5425 0.9375
    endloop
  endfacet
  facet normal 0.0164612 -0.999865 0
    outer loop
      vertex 16.2648 -16.5425 0.9375
      vertex 16.2648 -16.5425 0
      vertex 16.5928 -16.5371 0
    endloop
  endfacet
  facet normal 0.0164612 -0.999865 -2.02755e-19
    outer loop
      vertex 16.2648 -16.5425 0.9375
      vertex 16.5928 -16.5371 0
      vertex 16.5928 -16.5371 0.9375
    endloop
  endfacet
  facet normal 0 -1 0
    outer loop
      vertex 16.5928 -16.5371 0
      vertex 19.8586 -16.5371 0
      vertex 16.5928 -16.5371 0.9375
    endloop
  endfacet
  facet normal 0 -1 0
    outer loop
      vertex 16.5928 -16.5371 0.9375
      vertex 19.8586 -16.5371 0
      vertex 19.8586 -16.5371 0.9375
    endloop
  endfacet
  facet normal -1 0 0
    outer loop
      vertex 19.8586 -16.5371 0
      vertex 19.8586 -24.6621 0
      vertex 19.8586 -16.5371 0.9375
    endloop
  endfacet
  facet normal -1 -0 0
    outer loop
      vertex 19.8586 -16.5371 0.9375
      vertex 19.8586 -24.6621 0
      vertex 19.8586 -24.6621 0.9375
    endloop
  endfacet
  facet normal 0 1 -0
    outer loop
      vertex 19.8586 -24.6621 0
      vertex 17.8306 -24.6621 0
      vertex 19.8586 -24.6621 0.9375
    endloop
  endfacet
  facet normal 0 1 0
    outer loop
      vertex 19.8586 -24.6621 0.9375
      vertex 17.8306 -24.6621 0
      vertex 17.8306 -24.6621 0.9375
    endloop
  endfacet
  facet normal 1 0 0
    outer loop
      vertex 17.8306 -24.6621 0
      vertex 17.8306 -21.6794 0
      vertex 17.8306 -24.6621 0.9375
    endloop
  endfacet
  facet normal 1 -0 0
    outer loop
      vertex 17.8306 -24.6621 0.9375
      vertex 17.8306 -21.6794 0
      vertex 17.8306 -21.6794 0.9375
    endloop
  endfacet
  facet normal 0 1 -0
    outer loop
      vertex 17.8306 -21.6794 0
      vertex 17.0932 -21.6794 0
      vertex 17.8306 -21.6794 0.9375
    endloop
  endfacet
  facet normal 0 1 0
    outer loop
      vertex 17.8306 -21.6794 0.9375
      vertex 17.0932 -21.6794 0
      vertex 17.0932 -21.6794 0.9375
    endloop
  endfacet
  facet normal -0.797249 0.60365 0
    outer loop
      vertex 17.0932 -21.6794 0
      vertex 14.8348 -24.6621 0
      vertex 17.0932 -21.6794 0.9375
    endloop
  endfacet
  facet normal -0.797249 0.60365 -9.90835e-17
    outer loop
      vertex 17.0932 -21.6794 0.9375
      vertex 14.8348 -24.6621 0
      vertex 14.8348 -24.6621 0.9375
    endloop
  endfacet
  facet normal 0 1 -0
    outer loop
      vertex 14.8348 -24.6621 0
      vertex 12.3525 -24.6621 0
      vertex 14.8348 -24.6621 0.9375
    endloop
  endfacet
  facet normal 0 1 0
    outer loop
      vertex 14.8348 -24.6621 0.9375
      vertex 12.3525 -24.6621 0
      vertex 12.3525 -24.6621 0.9375
    endloop
  endfacet
  facet normal 0 0 -1
    outer loop
      vertex 17.8306 -18.0318 0.9375
      vertex 17.1459 -18.0318 0.9375
      vertex 16.5928 -16.5371 0.9375
    endloop
  endfacet
  facet normal 0 0 -1
    outer loop
      vertex 16.5928 -16.5371 0.9375
      vertex 17.1459 -18.0318 0.9375
      vertex 16.9786 -18.0332 0.9375
    endloop
  endfacet
  facet normal 0 0 -1
    outer loop
      vertex 16.5928 -16.5371 0.9375
      vertex 16.9786 -18.0332 0.9375
      vertex 16.8257 -18.0375 0.9375
    endloop
  endfacet
  facet normal -0 0 -1
    outer loop
      vertex 16.8257 -18.0375 0.9375
      vertex 16.6872 -18.0447 0.9375
      vertex 16.5928 -16.5371 0.9375
    endloop
  endfacet
  facet normal 0 -0 -1
    outer loop
      vertex 16.5928 -16.5371 0.9375
      vertex 16.6872 -18.0447 0.9375
      vertex 16.5632 -18.0548 0.9375
    endloop
  endfacet
  facet normal 0 0 -1
    outer loop
      vertex 16.5928 -16.5371 0.9375
      vertex 16.5632 -18.0548 0.9375
      vertex 16.2648 -16.5425 0.9375
    endloop
  endfacet
  facet normal 0 0 -1
    outer loop
      vertex 16.2648 -16.5425 0.9375
      vertex 16.5632 -18.0548 0.9375
      vertex 16.449 -18.0698 0.9375
    endloop
  endfacet
  facet normal 0 0 -1
    outer loop
      vertex 16.2648 -16.5425 0.9375
      vertex 16.449 -18.0698 0.9375
      vertex 16.3401 -18.0918 0.9375
    endloop
  endfacet
  facet normal 0 -0 -1
    outer loop
      vertex 16.2648 -16.5425 0.9375
      vertex 16.3401 -18.0918 0.9375
      vertex 15.9591 -16.5585 0.9375
    endloop
  endfacet
  facet normal 0 0 -1
    outer loop
      vertex 15.9591 -16.5585 0.9375
      vertex 16.3401 -18.0918 0.9375
      vertex 16.2366 -18.1208 0.9375
    endloop
  endfacet
  facet normal 0 0 -1
    outer loop
      vertex 15.9591 -16.5585 0.9375
      vertex 16.2366 -18.1208 0.9375
      vertex 16.1385 -18.1569 0.9375
    endloop
  endfacet
  facet normal 0 -0 -1
    outer loop
      vertex 15.9591 -16.5585 0.9375
      vertex 16.1385 -18.1569 0.9375
      vertex 15.6755 -16.5853 0.9375
    endloop
  endfacet
  facet normal 0 0 -1
    outer loop
      vertex 15.6755 -16.5853 0.9375
      vertex 16.1385 -18.1569 0.9375
      vertex 16.013 -18.2225 0.9375
    endloop
  endfacet
  facet normal 0 -0 -1
    outer loop
      vertex 15.6755 -16.5853 0.9375
      vertex 16.013 -18.2225 0.9375
      vertex 15.4142 -16.6227 0.9375
    endloop
  endfacet
  facet normal 0 0 -1
    outer loop
      vertex 15.4142 -16.6227 0.9375
      vertex 16.013 -18.2225 0.9375
      vertex 15.9064 -18.3009 0.9375
    endloop
  endfacet
  facet normal 0 -0 -1
    outer loop
      vertex 15.4142 -16.6227 0.9375
      vertex 15.9064 -18.3009 0.9375
      vertex 15.1685 -16.6766 0.9375
    endloop
  endfacet
  facet normal 0 0 -1
    outer loop
      vertex 15.1685 -16.6766 0.9375
      vertex 15.9064 -18.3009 0.9375
      vertex 15.8602 -18.3449 0.9375
    endloop
  endfacet
  facet normal 0 -0 -1
    outer loop
      vertex 15.1685 -16.6766 0.9375
      vertex 15.8602 -18.3449 0.9375
      vertex 14.9319 -16.7528 0.9375
    endloop
  endfacet
  facet normal 0 0 -1
    outer loop
      vertex 14.9319 -16.7528 0.9375
      vertex 15.8602 -18.3449 0.9375
      vertex 15.8187 -18.392 0.9375
    endloop
  endfacet
  facet normal 0 -0 -1
    outer loop
      vertex 14.9319 -16.7528 0.9375
      vertex 15.8187 -18.392 0.9375
      vertex 14.7043 -16.8511 0.9375
    endloop
  endfacet
  facet normal 0 0 -1
    outer loop
      vertex 14.7043 -16.8511 0.9375
      vertex 15.8187 -18.392 0.9375
      vertex 15.782 -18.4424 0.9375
    endloop
  endfacet
  facet normal 0 -0 -1
    outer loop
      vertex 14.7043 -16.8511 0.9375
      vertex 15.782 -18.4424 0.9375
      vertex 14.4858 -16.9717 0.9375
    endloop
  endfacet
  facet normal 0 0 -1
    outer loop
      vertex 14.4858 -16.9717 0.9375
      vertex 15.782 -18.4424 0.9375
      vertex 15.75 -18.4959 0.9375
    endloop
  endfacet
  facet normal 0 -0 -1
    outer loop
      vertex 14.4858 -16.9717 0.9375
      vertex 15.75 -18.4959 0.9375
      vertex 14.2797 -17.1196 0.9375
    endloop
  endfacet
  facet normal 0 -0 -1
    outer loop
      vertex 14.2797 -17.1196 0.9375
      vertex 15.75 -18.4959 0.9375
      vertex 14.0957 -17.2869 0.9375
    endloop
  endfacet
  facet normal 0 0 -1
    outer loop
      vertex 14.0957 -17.2869 0.9375
      vertex 15.75 -18.4959 0.9375
      vertex 15.6982 -18.6118 0.9375
    endloop
  endfacet
  facet normal 0 -0 -1
    outer loop
      vertex 14.0957 -17.2869 0.9375
      vertex 15.6982 -18.6118 0.9375
      vertex 13.934 -17.4735 0.9375
    endloop
  endfacet
  facet normal 0 -0 -1
    outer loop
      vertex 13.934 -17.4735 0.9375
      vertex 15.6982 -18.6118 0.9375
      vertex 13.7945 -17.6795 0.9375
    endloop
  endfacet
  facet normal 0 -0 -1
    outer loop
      vertex 13.7945 -17.6795 0.9375
      vertex 15.6982 -18.6118 0.9375
      vertex 13.7343 -17.7909 0.9375
    endloop
  endfacet
  facet normal 0 0 -1
    outer loop
      vertex 13.7343 -17.7909 0.9375
      vertex 15.6982 -18.6118 0.9375
      vertex 15.6611 -18.7387 0.9375
    endloop
  endfacet
  facet normal 0 -0 -1
    outer loop
      vertex 13.7343 -17.7909 0.9375
      vertex 15.6611 -18.7387 0.9375
      vertex 13.6821 -17.9093 0.9375
    endloop
  endfacet
  facet normal 0 -0 -1
    outer loop
      vertex 13.6821 -17.9093 0.9375
      vertex 15.6611 -18.7387 0.9375
      vertex 13.638 -18.0349 0.9375
    endloop
  endfacet
  facet normal 0 -0 -1
    outer loop
      vertex 13.638 -18.0349 0.9375
      vertex 15.6611 -18.7387 0.9375
      vertex 13.6019 -18.1676 0.9375
    endloop
  endfacet
  facet normal 0 -0 -1
    outer loop
      vertex 13.6019 -18.1676 0.9375
      vertex 15.6611 -18.7387 0.9375
      vertex 13.5738 -18.3073 0.9375
    endloop
  endfacet
  facet normal 0 -0 -1
    outer loop
      vertex 13.5738 -18.3073 0.9375
      vertex 15.6611 -18.7387 0.9375
      vertex 13.5537 -18.4542 0.9375
    endloop
  endfacet
  facet normal 0 0 -1
    outer loop
      vertex 13.5537 -18.4542 0.9375
      vertex 15.6611 -18.7387 0.9375
      vertex 15.6389 -18.8768 0.9375
    endloop
  endfacet
  facet normal 0 -0 -1
    outer loop
      vertex 13.5537 -18.4542 0.9375
      vertex 15.6389 -18.8768 0.9375
      vertex 13.5417 -18.6081 0.9375
    endloop
  endfacet
  facet normal 0 -0 -1
    outer loop
      vertex 13.5417 -18.6081 0.9375
      vertex 15.6389 -18.8768 0.9375
      vertex 13.5377 -18.7692 0.9375
    endloop
  endfacet
  facet normal 0 0 -1
    outer loop
      vertex 13.5377 -18.7692 0.9375
      vertex 15.6389 -18.8768 0.9375
      vertex 13.5443 -18.9959 0.9375
    endloop
  endfacet
  facet normal 0 0 -1
    outer loop
      vertex 13.5443 -18.9959 0.9375
      vertex 15.6389 -18.8768 0.9375
      vertex 15.6315 -19.026 0.9375
    endloop
  endfacet
  facet normal 0 0 -1
    outer loop
      vertex 13.5443 -18.9959 0.9375
      vertex 15.6315 -19.026 0.9375
      vertex 13.564 -19.2118 0.9375
    endloop
  endfacet
  facet normal 0 0 -1
    outer loop
      vertex 13.564 -19.2118 0.9375
      vertex 15.6315 -19.026 0.9375
      vertex 13.597 -19.4169 0.9375
    endloop
  endfacet
  facet normal 0 0 -1
    outer loop
      vertex 13.597 -19.4169 0.9375
      vertex 15.6315 -19.026 0.9375
      vertex 15.6375 -19.1889 0.9375
    endloop
  endfacet
  facet normal 0 0 -1
    outer loop
      vertex 13.597 -19.4169 0.9375
      vertex 15.6375 -19.1889 0.9375
      vertex 13.643 -19.6112 0.9375
    endloop
  endfacet
  facet normal 0 0 -1
    outer loop
      vertex 13.643 -19.6112 0.9375
      vertex 15.6375 -19.1889 0.9375
      vertex 13.7023 -19.7946 0.9375
    endloop
  endfacet
  facet normal 0 0 -1
    outer loop
      vertex 13.7023 -19.7946 0.9375
      vertex 15.6375 -19.1889 0.9375
      vertex 15.6554 -19.3354 0.9375
    endloop
  endfacet
  facet normal 0 0 -1
    outer loop
      vertex 13.7023 -19.7946 0.9375
      vertex 15.6554 -19.3354 0.9375
      vertex 13.7747 -19.9673 0.9375
    endloop
  endfacet
  facet normal 0 0 -1
    outer loop
      vertex 13.7747 -19.9673 0.9375
      vertex 15.6554 -19.3354 0.9375
      vertex 13.8603 -20.1292 0.9375
    endloop
  endfacet
  facet normal 0 0 -1
    outer loop
      vertex 13.8603 -20.1292 0.9375
      vertex 15.6554 -19.3354 0.9375
      vertex 13.9591 -20.2803 0.9375
    endloop
  endfacet
  facet normal 0 0 -1
    outer loop
      vertex 13.9591 -20.2803 0.9375
      vertex 15.6554 -19.3354 0.9375
      vertex 15.6852 -19.4655 0.9375
    endloop
  endfacet
  facet normal 0 0 -1
    outer loop
      vertex 13.9591 -20.2803 0.9375
      vertex 15.6852 -19.4655 0.9375
      vertex 14.0689 -20.4222 0.9375
    endloop
  endfacet
  facet normal 0 0 -1
    outer loop
      vertex 14.0689 -20.4222 0.9375
      vertex 15.6852 -19.4655 0.9375
      vertex 15.727 -19.5791 0.9375
    endloop
  endfacet
  facet normal 0 0 -1
    outer loop
      vertex 14.0689 -20.4222 0.9375
      vertex 15.727 -19.5791 0.9375
      vertex 15.7811 -19.6811 0.9375
    endloop
  endfacet
  facet normal 0 -0 -1
    outer loop
      vertex 15.7811 -19.6811 0.9375
      vertex 15.848 -19.7766 0.9375
      vertex 14.0689 -20.4222 0.9375
    endloop
  endfacet
  facet normal 0 0 -1
    outer loop
      vertex 14.0689 -20.4222 0.9375
      vertex 15.848 -19.7766 0.9375
      vertex 15.9276 -19.8655 0.9375
    endloop
  endfacet
  facet normal 0 0 -1
    outer loop
      vertex 14.0689 -20.4222 0.9375
      vertex 15.9276 -19.8655 0.9375
      vertex 16.02 -19.9478 0.9375
    endloop
  endfacet
  facet normal 0 -0 -1
    outer loop
      vertex 16.02 -19.9478 0.9375
      vertex 16.128 -20.0231 0.9375
      vertex 14.0689 -20.4222 0.9375
    endloop
  endfacet
  facet normal 0 0 -1
    outer loop
      vertex 14.0689 -20.4222 0.9375
      vertex 16.128 -20.0231 0.9375
      vertex 16.2479 -20.0844 0.9375
    endloop
  endfacet
  facet normal 0 0 -1
    outer loop
      vertex 14.0689 -20.4222 0.9375
      vertex 16.2479 -20.0844 0.9375
      vertex 16.3798 -20.1317 0.9375
    endloop
  endfacet
  facet normal 0 -0 -1
    outer loop
      vertex 16.3798 -20.1317 0.9375
      vertex 16.5237 -20.1651 0.9375
      vertex 14.0689 -20.4222 0.9375
    endloop
  endfacet
  facet normal 0 0 -1
    outer loop
      vertex 14.0689 -20.4222 0.9375
      vertex 16.5237 -20.1651 0.9375
      vertex 16.6811 -20.1881 0.9375
    endloop
  endfacet
  facet normal 0 0 -1
    outer loop
      vertex 14.0689 -20.4222 0.9375
      vertex 16.6811 -20.1881 0.9375
      vertex 16.8537 -20.2046 0.9375
    endloop
  endfacet
  facet normal 0 -0 -1
    outer loop
      vertex 16.8537 -20.2046 0.9375
      vertex 17.0416 -20.2144 0.9375
      vertex 14.0689 -20.4222 0.9375
    endloop
  endfacet
  facet normal 0 0 -1
    outer loop
      vertex 14.0689 -20.4222 0.9375
      vertex 17.0416 -20.2144 0.9375
      vertex 14.1875 -20.5566 0.9375
    endloop
  endfacet
  facet normal 0 0 -1
    outer loop
      vertex 14.1875 -20.5566 0.9375
      vertex 17.0416 -20.2144 0.9375
      vertex 14.3149 -20.6835 0.9375
    endloop
  endfacet
  facet normal 0 0 -1
    outer loop
      vertex 14.3149 -20.6835 0.9375
      vertex 17.0416 -20.2144 0.9375
      vertex 14.4513 -20.8029 0.9375
    endloop
  endfacet
  facet normal 0 0 -1
    outer loop
      vertex 14.4513 -20.8029 0.9375
      vertex 17.0416 -20.2144 0.9375
      vertex 14.5964 -20.9148 0.9375
    endloop
  endfacet
  facet normal 0 0 -1
    outer loop
      vertex 14.5964 -20.9148 0.9375
      vertex 17.0416 -20.2144 0.9375
      vertex 14.7504 -21.0192 0.9375
    endloop
  endfacet
  facet normal 0 0 -1
    outer loop
      vertex 14.7504 -21.0192 0.9375
      vertex 17.0416 -20.2144 0.9375
      vertex 14.9133 -21.116 0.9375
    endloop
  endfacet
  facet normal 0 0 -1
    outer loop
      vertex 14.9133 -21.116 0.9375
      vertex 17.0416 -20.2144 0.9375
      vertex 15.085 -21.2054 0.9375
    endloop
  endfacet
  facet normal 0 0 -1
    outer loop
      vertex 15.085 -21.2054 0.9375
      vertex 17.0416 -20.2144 0.9375
      vertex 17.0932 -21.6794 0.9375
    endloop
  endfacet
  facet normal 0 -0 -1
    outer loop
      vertex 15.085 -21.2054 0.9375
      vertex 17.0932 -21.6794 0.9375
      vertex 14.8348 -24.6621 0.9375
    endloop
  endfacet
  facet normal 0 0 -1
    outer loop
      vertex 17.0416 -20.2144 0.9375
      vertex 17.2446 -20.2177 0.9375
      vertex 17.0932 -21.6794 0.9375
    endloop
  endfacet
  facet normal 0 0 -1
    outer loop
      vertex 17.0932 -21.6794 0.9375
      vertex 17.2446 -20.2177 0.9375
      vertex 17.8306 -21.6794 0.9375
    endloop
  endfacet
  facet normal 0 0 -1
    outer loop
      vertex 17.8306 -21.6794 0.9375
      vertex 17.2446 -20.2177 0.9375
      vertex 17.8306 -20.2177 0.9375
    endloop
  endfacet
  facet normal 0 0 -1
    outer loop
      vertex 17.8306 -21.6794 0.9375
      vertex 17.8306 -20.2177 0.9375
      vertex 19.8586 -24.6621 0.9375
    endloop
  endfacet
  facet normal 0 0 -1
    outer loop
      vertex 19.8586 -24.6621 0.9375
      vertex 17.8306 -20.2177 0.9375
      vertex 19.8586 -16.5371 0.9375
    endloop
  endfacet
  facet normal 0 0 -1
    outer loop
      vertex 19.8586 -16.5371 0.9375
      vertex 17.8306 -20.2177 0.9375
      vertex 17.8306 -18.0318 0.9375
    endloop
  endfacet
  facet normal -0 0 -1
    outer loop
      vertex 19.8586 -16.5371 0.9375
      vertex 17.8306 -18.0318 0.9375
      vertex 16.5928 -16.5371 0.9375
    endloop
  endfacet
  facet normal 0 0 -1
    outer loop
      vertex 14.8348 -24.6621 0.9375
      vertex 12.3525 -24.6621 0.9375
      vertex 15.085 -21.2054 0.9375
    endloop
  endfacet
  facet normal 0 0 -1
    outer loop
      vertex 19.8586 -24.6621 0.9375
      vertex 17.8306 -24.6621 0.9375
      vertex 17.8306 -21.6794 0.9375
    endloop
  endfacet
  facet normal -0 0 -1
    outer loop
      vertex 5.69582 -22.7659 0
      vertex -12.5 -30 0
      vertex 5.69582 -21.3041 0
    endloop
  endfacet
  facet normal -0 0 -1
    outer loop
      vertex 5.69582 -21.3041 0
      vertex -12.5 -30 0
      vertex 4.13029e-17 -10.8125 0
    endloop
  endfacet
  facet normal 0 0 -1
    outer loop
      vertex 5.69582 -21.3041 0
      vertex 4.13029e-17 -10.8125 0
      vertex 0.686398 -10.7963 0
    endloop
  endfacet
  facet normal -0 -0 -1
    outer loop
      vertex 6.79539 -22.7659 0
      vertex 6.79539 -24.6819 0
      vertex 5.69582 -22.7659 0
    endloop
  endfacet
  facet normal 0 -0 -1
    outer loop
      vertex 5.69582 -22.7659 0
      vertex 6.79539 -24.6819 0
      vertex -12.5 -30 0
    endloop
  endfacet
  facet normal 0 0 -1
    outer loop
      vertex -12.5 -30 0
      vertex 6.79539 -24.6819 0
      vertex 25.75 -30 0
    endloop
  endfacet
  facet normal 0 0 -1
    outer loop
      vertex 25.75 -30 0
      vertex 6.79539 -24.6819 0
      vertex 8.76409 -24.6819 0
    endloop
  endfacet
  facet normal 0 0 -1
    outer loop
      vertex 25.75 -30 0
      vertex 8.76409 -24.6819 0
      vertex 12.3525 -24.6621 0
    endloop
  endfacet
  facet normal -0 0 -1
    outer loop
      vertex 12.3525 -24.6621 0
      vertex 8.76409 -24.6819 0
      vertex 12.3459 -22.7659 0
    endloop
  endfacet
  facet normal 0 0 -1
    outer loop
      vertex 12.3525 -24.6621 0
      vertex 12.3459 -22.7659 0
      vertex 15.085 -21.2054 0
    endloop
  endfacet
  facet normal -0 0 -1
    outer loop
      vertex 15.085 -21.2054 0
      vertex 12.3459 -22.7659 0
      vertex 14.9133 -21.116 0
    endloop
  endfacet
  facet normal -0 0 -1
    outer loop
      vertex 14.9133 -21.116 0
      vertex 12.3459 -22.7659 0
      vertex 14.7504 -21.0192 0
    endloop
  endfacet
  facet normal -0 0 -1
    outer loop
      vertex 14.7504 -21.0192 0
      vertex 12.3459 -22.7659 0
      vertex 14.5964 -20.9148 0
    endloop
  endfacet
  facet normal -0 0 -1
    outer loop
      vertex 14.5964 -20.9148 0
      vertex 12.3459 -22.7659 0
      vertex 14.4513 -20.8029 0
    endloop
  endfacet
  facet normal -0 0 -1
    outer loop
      vertex 14.4513 -20.8029 0
      vertex 12.3459 -22.7659 0
      vertex 14.3149 -20.6835 0
    endloop
  endfacet
  facet normal 0 0 -1
    outer loop
      vertex 14.3149 -20.6835 0
      vertex 12.3459 -22.7659 0
      vertex 12.3459 -21.2515 0
    endloop
  endfacet
  facet normal -0 0 -1
    outer loop
      vertex 14.3149 -20.6835 0
      vertex 12.3459 -21.2515 0
      vertex 14.1875 -20.5566 0
    endloop
  endfacet
  facet normal -0 0 -1
    outer loop
      vertex 14.1875 -20.5566 0
      vertex 12.3459 -21.2515 0
      vertex 14.0689 -20.4222 0
    endloop
  endfacet
  facet normal -0 0 -1
    outer loop
      vertex 14.0689 -20.4222 0
      vertex 12.3459 -21.2515 0
      vertex 13.9591 -20.2803 0
    endloop
  endfacet
  facet normal -0 0 -1
    outer loop
      vertex 13.9591 -20.2803 0
      vertex 12.3459 -21.2515 0
      vertex 13.8603 -20.1292 0
    endloop
  endfacet
  facet normal -0 0 -1
    outer loop
      vertex 13.8603 -20.1292 0
      vertex 12.3459 -21.2515 0
      vertex 13.7747 -19.9673 0
    endloop
  endfacet
  facet normal -0 0 -1
    outer loop
      vertex 13.7747 -19.9673 0
      vertex 12.3459 -21.2515 0
      vertex 13.7023 -19.7946 0
    endloop
  endfacet
  facet normal -0 0 -1
    outer loop
      vertex 13.7023 -19.7946 0
      vertex 12.3459 -21.2515 0
      vertex 13.643 -19.6112 0
    endloop
  endfacet
  facet normal -0 0 -1
    outer loop
      vertex 13.643 -19.6112 0
      vertex 12.3459 -21.2515 0
      vertex 13.597 -19.4169 0
    endloop
  endfacet
  facet normal -0 0 -1
    outer loop
      vertex 13.597 -19.4169 0
      vertex 12.3459 -21.2515 0
      vertex 13.564 -19.2118 0
    endloop
  endfacet
  facet normal -0 0 -1
    outer loop
      vertex 13.564 -19.2118 0
      vertex 12.3459 -21.2515 0
      vertex 13.5443 -18.9959 0
    endloop
  endfacet
  facet normal -0 0 -1
    outer loop
      vertex 13.5443 -18.9959 0
      vertex 12.3459 -21.2515 0
      vertex 13.5377 -18.7692 0
    endloop
  endfacet
  facet normal -0 0 -1
    outer loop
      vertex 13.5377 -18.7692 0
      vertex 12.3459 -21.2515 0
      vertex 8.82994 -16.5371 0
    endloop
  endfacet
  facet normal 0 0 -1
    outer loop
      vertex 13.5377 -18.7692 0
      vertex 8.82994 -16.5371 0
      vertex 13.5417 -18.6081 0
    endloop
  endfacet
  facet normal 0 0 -1
    outer loop
      vertex 13.5417 -18.6081 0
      vertex 8.82994 -16.5371 0
      vertex 13.5537 -18.4542 0
    endloop
  endfacet
  facet normal 0 0 -1
    outer loop
      vertex 13.5537 -18.4542 0
      vertex 8.82994 -16.5371 0
      vertex 13.5738 -18.3073 0
    endloop
  endfacet
  facet normal 0 0 -1
    outer loop
      vertex 13.5738 -18.3073 0
      vertex 8.82994 -16.5371 0
      vertex 13.6019 -18.1676 0
    endloop
  endfacet
  facet normal 0 0 -1
    outer loop
      vertex 13.6019 -18.1676 0
      vertex 8.82994 -16.5371 0
      vertex 13.638 -18.0349 0
    endloop
  endfacet
  facet normal 0 0 -1
    outer loop
      vertex 13.638 -18.0349 0
      vertex 8.82994 -16.5371 0
      vertex 13.6821 -17.9093 0
    endloop
  endfacet
  facet normal 0 0 -1
    outer loop
      vertex 13.6821 -17.9093 0
      vertex 8.82994 -16.5371 0
      vertex 13.7343 -17.7909 0
    endloop
  endfacet
  facet normal 0 0 -1
    outer loop
      vertex 13.7343 -17.7909 0
      vertex 8.82994 -16.5371 0
      vertex 13.7945 -17.6795 0
    endloop
  endfacet
  facet normal 0 0 -1
    outer loop
      vertex 13.7945 -17.6795 0
      vertex 8.82994 -16.5371 0
      vertex 13.934 -17.4735 0
    endloop
  endfacet
  facet normal 0 0 -1
    outer loop
      vertex 13.934 -17.4735 0
      vertex 8.82994 -16.5371 0
      vertex 14.0957 -17.2869 0
    endloop
  endfacet
  facet normal 0 0 -1
    outer loop
      vertex 14.0957 -17.2869 0
      vertex 8.82994 -16.5371 0
      vertex 14.2797 -17.1196 0
    endloop
  endfacet
  facet normal 0 0 -1
    outer loop
      vertex 14.2797 -17.1196 0
      vertex 8.82994 -16.5371 0
      vertex 14.4858 -16.9717 0
    endloop
  endfacet
  facet normal 0 0 -1
    outer loop
      vertex 14.4858 -16.9717 0
      vertex 8.82994 -16.5371 0
      vertex 8.93001 -7.7531 0
    endloop
  endfacet
  facet normal 0 0 -1
    outer loop
      vertex 14.4858 -16.9717 0
      vertex 8.93001 -7.7531 0
      vertex 9.46228 -7.31941 0
    endloop
  endfacet
  facet normal 0 0 -1
    outer loop
      vertex 8.76409 -24.6819 0
      vertex 8.76409 -22.7659 0
      vertex 12.3459 -22.7659 0
    endloop
  endfacet
  facet normal 0 0 -1
    outer loop
      vertex 6.79539 -16.5371 0
      vertex 6.6149 -9.22342 0
      vertex 8.82994 -16.5371 0
    endloop
  endfacet
  facet normal 0 0 -1
    outer loop
      vertex 8.82994 -16.5371 0
      vertex 6.6149 -9.22342 0
      vertex 7.21905 -8.8972 0
    endloop
  endfacet
  facet normal 0 0 -1
    outer loop
      vertex 8.82994 -16.5371 0
      vertex 7.21905 -8.8972 0
      vertex 7.80714 -8.54288 0
    endloop
  endfacet
  facet normal 0 0 -1
    outer loop
      vertex 6.79539 -21.3041 0
      vertex 5.69582 -21.3041 0
      vertex 6.79539 -16.5371 0
    endloop
  endfacet
  facet normal -0 0 -1
    outer loop
      vertex 6.79539 -16.5371 0
      vertex 5.69582 -21.3041 0
      vertex 0.686398 -10.7963 0
    endloop
  endfacet
  facet normal 0 0 -1
    outer loop
      vertex 6.79539 -16.5371 0
      vertex 0.686398 -10.7963 0
      vertex 1.37127 -10.7478 0
    endloop
  endfacet
  facet normal 0 0 -1
    outer loop
      vertex 12.3525 -24.6621 0
      vertex 14.8348 -24.6621 0
      vertex 25.75 -30 0
    endloop
  endfacet
  facet normal 0 0 -1
    outer loop
      vertex 25.75 -30 0
      vertex 14.8348 -24.6621 0
      vertex 17.8306 -24.6621 0
    endloop
  endfacet
  facet normal 0 0 -1
    outer loop
      vertex 25.75 -30 0
      vertex 17.8306 -24.6621 0
      vertex 19.8586 -24.6621 0
    endloop
  endfacet
  facet normal 0 0 -1
    outer loop
      vertex 14.8348 -24.6621 0
      vertex 17.0932 -21.6794 0
      vertex 17.8306 -24.6621 0
    endloop
  endfacet
  facet normal 0 0 -1
    outer loop
      vertex 17.8306 -24.6621 0
      vertex 17.0932 -21.6794 0
      vertex 17.8306 -21.6794 0
    endloop
  endfacet
  facet normal 0 0 -1
    outer loop
      vertex 19.8586 -24.6621 0
      vertex 19.8586 -16.5371 0
      vertex 25.75 -30 0
    endloop
  endfacet
  facet normal 0 0 -1
    outer loop
      vertex 25.75 -30 0
      vertex 19.8586 -16.5371 0
      vertex 21.6778 22.1518 0
    endloop
  endfacet
  facet normal 0 0 -1
    outer loop
      vertex 25.75 -30 0
      vertex 21.6778 22.1518 0
      vertex 25.75 30 0
    endloop
  endfacet
  facet normal 0 0 -1
    outer loop
      vertex 25.75 30 0
      vertex 21.6778 22.1518 0
      vertex 21.7737 22.4207 0
    endloop
  endfacet
  facet normal 0 0 -1
    outer loop
      vertex 25.75 30 0
      vertex 21.7737 22.4207 0
      vertex 21.8384 22.6987 0
    endloop
  endfacet
  facet normal 0 0 -1
    outer loop
      vertex 16.5928 -16.5371 0
      vertex 12.5392 -3.65513 0
      vertex 19.8586 -16.5371 0
    endloop
  endfacet
  facet normal 0 0 -1
    outer loop
      vertex 19.8586 -16.5371 0
      vertex 12.5392 -3.65513 0
      vertex 12.8743 -3.05587 0
    endloop
  endfacet
  facet normal 0 0 -1
    outer loop
      vertex 19.8586 -16.5371 0
      vertex 12.8743 -3.05587 0
      vertex 13.1807 -2.44148 0
    endloop
  endfacet
  facet normal 0 0 -1
    outer loop
      vertex 16.2648 -16.5425 0
      vertex 11.7861 -4.80297 0
      vertex 16.5928 -16.5371 0
    endloop
  endfacet
  facet normal 0 0 -1
    outer loop
      vertex 16.5928 -16.5371 0
      vertex 11.7861 -4.80297 0
      vertex 12.1762 -4.23793 0
    endloop
  endfacet
  facet normal 0 0 -1
    outer loop
      vertex 16.5928 -16.5371 0
      vertex 12.1762 -4.23793 0
      vertex 12.5392 -3.65513 0
    endloop
  endfacet
  facet normal 0 -0 -1
    outer loop
      vertex 11.7861 -4.80297 0
      vertex 16.2648 -16.5425 0
      vertex 11.3699 -5.349 0
    endloop
  endfacet
  facet normal 0 0 -1
    outer loop
      vertex 11.3699 -5.349 0
      vertex 16.2648 -16.5425 0
      vertex 15.9591 -16.5585 0
    endloop
  endfacet
  facet normal 0 0 -1
    outer loop
      vertex 11.3699 -5.349 0
      vertex 15.9591 -16.5585 0
      vertex 15.6755 -16.5853 0
    endloop
  endfacet
  facet normal 0 -0 -1
    outer loop
      vertex 11.3699 -5.349 0
      vertex 15.6755 -16.5853 0
      vertex 10.9284 -5.8748 0
    endloop
  endfacet
  facet normal 0 0 -1
    outer loop
      vertex 10.9284 -5.8748 0
      vertex 15.6755 -16.5853 0
      vertex 15.4142 -16.6227 0
    endloop
  endfacet
  facet normal 0 -0 -1
    outer loop
      vertex 10.9284 -5.8748 0
      vertex 15.4142 -16.6227 0
      vertex 10.4626 -6.37921 0
    endloop
  endfacet
  facet normal 0 0 -1
    outer loop
      vertex 10.4626 -6.37921 0
      vertex 15.4142 -16.6227 0
      vertex 15.1685 -16.6766 0
    endloop
  endfacet
  facet normal 0 0 -1
    outer loop
      vertex 10.4626 -6.37921 0
      vertex 15.1685 -16.6766 0
      vertex 14.9319 -16.7528 0
    endloop
  endfacet
  facet normal 0 -0 -1
    outer loop
      vertex 10.4626 -6.37921 0
      vertex 14.9319 -16.7528 0
      vertex 9.97351 -6.8611 0
    endloop
  endfacet
  facet normal 0 0 -1
    outer loop
      vertex 9.97351 -6.8611 0
      vertex 14.9319 -16.7528 0
      vertex 14.7043 -16.8511 0
    endloop
  endfacet
  facet normal 0 -0 -1
    outer loop
      vertex 9.97351 -6.8611 0
      vertex 14.7043 -16.8511 0
      vertex 9.46228 -7.31941 0
    endloop
  endfacet
  facet normal 0 0 -1
    outer loop
      vertex 9.46228 -7.31941 0
      vertex 14.7043 -16.8511 0
      vertex 14.4858 -16.9717 0
    endloop
  endfacet
  facet normal 0 -0 -1
    outer loop
      vertex -24.5625 -10.8125 0
      vertex -21.7296 -14.7849 0
      vertex -26.25 -12.5 0
    endloop
  endfacet
  facet normal 0 0 -1
    outer loop
      vertex -26.25 -12.5 0
      vertex -21.7296 -14.7849 0
      vertex -21.81 -15.0588 0
    endloop
  endfacet
  facet normal 0 0 -1
    outer loop
      vertex -26.25 -12.5 0
      vertex -21.81 -15.0588 0
      vertex -26.25 -16.25 0
    endloop
  endfacet
  facet normal 0 0 -1
    outer loop
      vertex -26.25 -16.25 0
      vertex -21.81 -15.0588 0
      vertex -21.8587 -15.34 0
    endloop
  endfacet
  facet normal 0 0 -1
    outer loop
      vertex -26.25 -16.25 0
      vertex -21.8587 -15.34 0
      vertex -21.875 -15.625 0
    endloop
  endfacet
  facet normal -0 0 -1
    outer loop
      vertex 4.13029e-17 -10.8125 0
      vertex -18.7395 -13.2071 0
      vertex -24.5625 -10.8125 0
    endloop
  endfacet
  facet normal 0 0 -1
    outer loop
      vertex -24.5625 -10.8125 0
      vertex -18.7395 -13.2071 0
      vertex -19.0192 -13.1504 0
    endloop
  endfacet
  facet normal 0 0 -1
    outer loop
      vertex -24.5625 -10.8125 0
      vertex -19.0192 -13.1504 0
      vertex -19.3036 -13.126 0
    endloop
  endfacet
  facet normal 0 0 -1
    outer loop
      vertex 1.37127 -10.7478 0
      vertex 2.0531 -10.667 0
      vertex 6.79539 -16.5371 0
    endloop
  endfacet
  facet normal 0 0 -1
    outer loop
      vertex 6.79539 -16.5371 0
      vertex 2.0531 -10.667 0
      vertex 2.73036 -10.5542 0
    endloop
  endfacet
  facet normal 0 0 -1
    outer loop
      vertex 6.79539 -16.5371 0
      vertex 2.73036 -10.5542 0
      vertex 3.40155 -10.4097 0
    endloop
  endfacet
  facet normal 0 0 -1
    outer loop
      vertex 3.40155 -10.4097 0
      vertex 4.06518 -10.2336 0
      vertex 6.79539 -16.5371 0
    endloop
  endfacet
  facet normal 0 0 -1
    outer loop
      vertex 6.79539 -16.5371 0
      vertex 4.06518 -10.2336 0
      vertex 4.71977 -10.0264 0
    endloop
  endfacet
  facet normal 0 0 -1
    outer loop
      vertex 6.79539 -16.5371 0
      vertex 4.71977 -10.0264 0
      vertex 5.36387 -9.78866 0
    endloop
  endfacet
  facet normal 0 0 -1
    outer loop
      vertex 5.36387 -9.78866 0
      vertex 5.99605 -9.52079 0
      vertex 6.79539 -16.5371 0
    endloop
  endfacet
  facet normal 0 0 -1
    outer loop
      vertex 6.79539 -16.5371 0
      vertex 5.99605 -9.52079 0
      vertex 6.6149 -9.22342 0
    endloop
  endfacet
  facet normal 0 0 -1
    outer loop
      vertex 7.80714 -8.54288 0
      vertex 8.37789 -8.16123 0
      vertex 8.82994 -16.5371 0
    endloop
  endfacet
  facet normal 0 0 -1
    outer loop
      vertex 8.82994 -16.5371 0
      vertex 8.37789 -8.16123 0
      vertex 8.93001 -7.7531 0
    endloop
  endfacet
  facet normal 0 0 -1
    outer loop
      vertex 13.1807 -2.44148 0
      vertex 13.4579 -1.81333 0
      vertex 19.8586 -16.5371 0
    endloop
  endfacet
  facet normal 0 0 -1
    outer loop
      vertex 19.8586 -16.5371 0
      vertex 13.4579 -1.81333 0
      vertex 13.7052 -1.17281 0
    endloop
  endfacet
  facet normal 0 0 -1
    outer loop
      vertex 19.8586 -16.5371 0
      vertex 13.7052 -1.17281 0
      vertex 13.922 -0.52135 0
    endloop
  endfacet
  facet normal 0 0 -1
    outer loop
      vertex 13.922 -0.52135 0
      vertex 14.1079 0.139606 0
      vertex 19.8586 -16.5371 0
    endloop
  endfacet
  facet normal 0 0 -1
    outer loop
      vertex 19.8586 -16.5371 0
      vertex 14.1079 0.139606 0
      vertex 14.2623 0.808587 0
    endloop
  endfacet
  facet normal 0 0 -1
    outer loop
      vertex 19.8586 -16.5371 0
      vertex 14.2623 0.808587 0
      vertex 14.3851 1.48411 0
    endloop
  endfacet
  facet normal 0 0 -1
    outer loop
      vertex 14.3851 1.48411 0
      vertex 14.476 2.16466 0
      vertex 19.8586 -16.5371 0
    endloop
  endfacet
  facet normal 0 0 -1
    outer loop
      vertex 19.8586 -16.5371 0
      vertex 14.476 2.16466 0
      vertex 14.5346 2.84874 0
    endloop
  endfacet
  facet normal 0 0 -1
    outer loop
      vertex 19.8586 -16.5371 0
      vertex 14.5346 2.84874 0
      vertex 21.3975 21.6555 0
    endloop
  endfacet
  facet normal 0 0 -1
    outer loop
      vertex 21.3975 21.6555 0
      vertex 14.5346 2.84874 0
      vertex 21.2169 21.4346 0
    endloop
  endfacet
  facet normal 0 0 -1
    outer loop
      vertex 21.2169 21.4346 0
      vertex 14.5346 2.84874 0
      vertex 14.5609 3.53483 0
    endloop
  endfacet
  facet normal 0 0 -1
    outer loop
      vertex 21.2169 21.4346 0
      vertex 14.5609 3.53483 0
      vertex 14.5549 4.22139 0
    endloop
  endfacet
  facet normal 0 0 -1
    outer loop
      vertex 21.2169 21.4346 0
      vertex 14.5549 4.22139 0
      vertex 21.0122 21.2356 0
    endloop
  endfacet
  facet normal 0 0 -1
    outer loop
      vertex 21.0122 21.2356 0
      vertex 14.5549 4.22139 0
      vertex 14.5165 4.90691 0
    endloop
  endfacet
  facet normal 0 0 -1
    outer loop
      vertex 21.0122 21.2356 0
      vertex 14.5165 4.90691 0
      vertex 20.7861 21.0613 0
    endloop
  endfacet
  facet normal 0 0 -1
    outer loop
      vertex 20.7861 21.0613 0
      vertex 14.5165 4.90691 0
      vertex 14.4458 5.58985 0
    endloop
  endfacet
  facet normal 0 0 -1
    outer loop
      vertex 20.7861 21.0613 0
      vertex 14.4458 5.58985 0
      vertex 14.343 6.2687 0
    endloop
  endfacet
  facet normal 0 0 -1
    outer loop
      vertex 20.7861 21.0613 0
      vertex 14.343 6.2687 0
      vertex 20.5417 20.9139 0
    endloop
  endfacet
  facet normal 0 0 -1
    outer loop
      vertex 20.5417 20.9139 0
      vertex 14.343 6.2687 0
      vertex 14.2084 6.94196 0
    endloop
  endfacet
  facet normal 0 0 -1
    outer loop
      vertex 20.5417 20.9139 0
      vertex 14.2084 6.94196 0
      vertex 20.282 20.7953 0
    endloop
  endfacet
  facet normal 0 0 -1
    outer loop
      vertex 20.282 20.7953 0
      vertex 14.2084 6.94196 0
      vertex 14.0421 7.60812 0
    endloop
  endfacet
  facet normal 0 0 -1
    outer loop
      vertex 20.282 20.7953 0
      vertex 14.0421 7.60812 0
      vertex 20.0105 20.7071 0
    endloop
  endfacet
  facet normal 0 0 -1
    outer loop
      vertex 20.0105 20.7071 0
      vertex 14.0421 7.60812 0
      vertex 13.8447 8.2657 0
    endloop
  endfacet
  facet normal 0 0 -1
    outer loop
      vertex 20.0105 20.7071 0
      vertex 13.8447 8.2657 0
      vertex 19.7308 20.6504 0
    endloop
  endfacet
  facet normal 0 0 -1
    outer loop
      vertex 19.7308 20.6504 0
      vertex 13.8447 8.2657 0
      vertex 13.6164 8.91324 0
    endloop
  endfacet
  facet normal 0 0 -1
    outer loop
      vertex 19.7308 20.6504 0
      vertex 13.6164 8.91324 0
      vertex 19.4464 20.626 0
    endloop
  endfacet
  facet normal 0 0 -1
    outer loop
      vertex 19.4464 20.626 0
      vertex 13.6164 8.91324 0
      vertex 13.3579 9.54931 0
    endloop
  endfacet
  facet normal -0 0 -1
    outer loop
      vertex 19.4464 20.626 0
      vertex 13.3579 9.54931 0
      vertex 19.1611 20.6342 0
    endloop
  endfacet
  facet normal 0 0 -1
    outer loop
      vertex 19.1611 20.6342 0
      vertex 13.3579 9.54931 0
      vertex 13.0697 10.1725 0
    endloop
  endfacet
  facet normal -0 0 -1
    outer loop
      vertex 19.1611 20.6342 0
      vertex 13.0697 10.1725 0
      vertex 18.8785 20.6748 0
    endloop
  endfacet
  facet normal 0 0 -1
    outer loop
      vertex 18.8785 20.6748 0
      vertex 13.0697 10.1725 0
      vertex 12.7525 10.7814 0
    endloop
  endfacet
  facet normal -0 0 -1
    outer loop
      vertex 18.8785 20.6748 0
      vertex 12.7525 10.7814 0
      vertex 18.6025 20.7474 0
    endloop
  endfacet
  facet normal 0 0 -1
    outer loop
      vertex 18.6025 20.7474 0
      vertex 12.7525 10.7814 0
      vertex 12.4069 11.3747 0
    endloop
  endfacet
  facet normal -0 0 -1
    outer loop
      vertex 18.6025 20.7474 0
      vertex 12.4069 11.3747 0
      vertex 18.3365 20.8509 0
    endloop
  endfacet
  facet normal 0 0 -1
    outer loop
      vertex 18.3365 20.8509 0
      vertex 12.4069 11.3747 0
      vertex 12.0337 11.951 0
    endloop
  endfacet
  facet normal -0 0 -1
    outer loop
      vertex 18.3365 20.8509 0
      vertex 12.0337 11.951 0
      vertex 18.084 20.9841 0
    endloop
  endfacet
  facet normal 0 0 -1
    outer loop
      vertex 18.084 20.9841 0
      vertex 12.0337 11.951 0
      vertex 11.6338 12.5091 0
    endloop
  endfacet
  facet normal -0 0 -1
    outer loop
      vertex 18.084 20.9841 0
      vertex 11.6338 12.5091 0
      vertex 17.8484 21.1452 0
    endloop
  endfacet
  facet normal 0 0 -1
    outer loop
      vertex 17.8484 21.1452 0
      vertex 11.6338 12.5091 0
      vertex 11.208 13.0477 0
    endloop
  endfacet
  facet normal -0 0 -1
    outer loop
      vertex 17.8484 21.1452 0
      vertex 11.208 13.0477 0
      vertex 17.6327 21.3322 0
    endloop
  endfacet
  facet normal 0 0 -1
    outer loop
      vertex 17.6327 21.3322 0
      vertex 11.208 13.0477 0
      vertex 10.7573 13.5656 0
    endloop
  endfacet
  facet normal -0 0 -1
    outer loop
      vertex 17.6327 21.3322 0
      vertex 10.7573 13.5656 0
      vertex 17.4396 21.5425 0
    endloop
  endfacet
  facet normal 0 0 -1
    outer loop
      vertex 17.4396 21.5425 0
      vertex 10.7573 13.5656 0
      vertex 10.2827 14.0618 0
    endloop
  endfacet
  facet normal -0 0 -1
    outer loop
      vertex 17.4396 21.5425 0
      vertex 10.2827 14.0618 0
      vertex 17.2719 21.7734 0
    endloop
  endfacet
  facet normal 0 0 -1
    outer loop
      vertex 17.2719 21.7734 0
      vertex 10.2827 14.0618 0
      vertex 9.78522 14.535 0
    endloop
  endfacet
  facet normal -0 0 -1
    outer loop
      vertex 17.2719 21.7734 0
      vertex 9.78522 14.535 0
      vertex 17.1315 22.0219 0
    endloop
  endfacet
  facet normal 0 0 -1
    outer loop
      vertex 17.1315 22.0219 0
      vertex 9.78522 14.535 0
      vertex 9.266 14.9842 0
    endloop
  endfacet
  facet normal -0 0 -1
    outer loop
      vertex 17.1315 22.0219 0
      vertex 9.266 14.9842 0
      vertex 17.0204 22.2849 0
    endloop
  endfacet
  facet normal 0 0 -1
    outer loop
      vertex 17.0204 22.2849 0
      vertex 9.266 14.9842 0
      vertex 8.72618 15.4085 0
    endloop
  endfacet
  facet normal -0 0 -1
    outer loop
      vertex 17.0204 22.2849 0
      vertex 8.72618 15.4085 0
      vertex 16.94 22.5588 0
    endloop
  endfacet
  facet normal 0 0 -1
    outer loop
      vertex 16.94 22.5588 0
      vertex 8.72618 15.4085 0
      vertex 8.16697 15.8068 0
    endloop
  endfacet
  facet normal -0 0 -1
    outer loop
      vertex 16.94 22.5588 0
      vertex 8.16697 15.8068 0
      vertex 16.8913 22.84 0
    endloop
  endfacet
  facet normal 0 0 -1
    outer loop
      vertex 16.8913 22.84 0
      vertex 8.16697 15.8068 0
      vertex 7.58959 16.1784 0
    endloop
  endfacet
  facet normal -0 0 -1
    outer loop
      vertex 16.8913 22.84 0
      vertex 7.58959 16.1784 0
      vertex 16.875 23.125 0
    endloop
  endfacet
  facet normal 0 0 -1
    outer loop
      vertex 16.875 23.125 0
      vertex 7.58959 16.1784 0
      vertex 6.99535 16.5223 0
    endloop
  endfacet
  facet normal -0 0 -1
    outer loop
      vertex 16.875 23.125 0
      vertex 6.99535 16.5223 0
      vertex 6.25 30 0
    endloop
  endfacet
  facet normal 0 0 -1
    outer loop
      vertex 6.25 30 0
      vertex 6.99535 16.5223 0
      vertex 6.38556 16.8378 0
    endloop
  endfacet
  facet normal 0 -0 -1
    outer loop
      vertex 6.25 30 0
      vertex 6.38556 16.8378 0
      vertex 5.76157 17.1243 0
    endloop
  endfacet
  facet normal 0 0 -1
    outer loop
      vertex 5.76157 17.1243 0
      vertex 5.12478 17.381 0
      vertex 6.25 30 0
    endloop
  endfacet
  facet normal 0 0 -1
    outer loop
      vertex 6.25 30 0
      vertex 5.12478 17.381 0
      vertex 4.47659 17.6074 0
    endloop
  endfacet
  facet normal 0 0 -1
    outer loop
      vertex 6.25 30 0
      vertex 4.47659 17.6074 0
      vertex 3.81845 17.803 0
    endloop
  endfacet
  facet normal 0 0 -1
    outer loop
      vertex 6.25 30 0
      vertex 3.81845 17.803 0
      vertex 0 23.75 0
    endloop
  endfacet
  facet normal 0 0 -1
    outer loop
      vertex 0 23.75 0
      vertex 3.81845 17.803 0
      vertex 3.15183 17.9673 0
    endloop
  endfacet
  facet normal 0 0 -1
    outer loop
      vertex 0 23.75 0
      vertex 3.15183 17.9673 0
      vertex 2.4782 18.1001 0
    endloop
  endfacet
  facet normal 0 0 -1
    outer loop
      vertex 1.79906 18.2009 0
      vertex 0 20 0
      vertex 2.4782 18.1001 0
    endloop
  endfacet
  facet normal 0 0 -1
    outer loop
      vertex 2.4782 18.1001 0
      vertex 0 20 0
      vertex 0 23.75 0
    endloop
  endfacet
  facet normal -0 0 -1
    outer loop
      vertex 25.75 30 0
      vertex 18.8785 25.5752 0
      vertex 6.25 30 0
    endloop
  endfacet
  facet normal 0 0 -1
    outer loop
      vertex 6.25 30 0
      vertex 18.8785 25.5752 0
      vertex 18.6025 25.5026 0
    endloop
  endfacet
  facet normal 0 0 -1
    outer loop
      vertex 6.25 30 0
      vertex 18.6025 25.5026 0
      vertex 18.3365 25.3991 0
    endloop
  endfacet
  facet normal 0 0 -1
    outer loop
      vertex -26.25 -16.25 0
      vertex -20.666 -17.7659 0
      vertex -12.5 -30 0
    endloop
  endfacet
  facet normal 0 0 -1
    outer loop
      vertex -12.5 -30 0
      vertex -20.666 -17.7659 0
      vertex -20.4135 -17.8991 0
    endloop
  endfacet
  facet normal 0 0 -1
    outer loop
      vertex -12.5 -30 0
      vertex -20.4135 -17.8991 0
      vertex -20.1475 -18.0026 0
    endloop
  endfacet
  facet normal 0 -0 -1
    outer loop
      vertex -21.875 -15.625 0
      vertex -21.8587 -15.91 0
      vertex -26.25 -16.25 0
    endloop
  endfacet
  facet normal 0 0 -1
    outer loop
      vertex -26.25 -16.25 0
      vertex -21.8587 -15.91 0
      vertex -21.81 -16.1912 0
    endloop
  endfacet
  facet normal 0 0 -1
    outer loop
      vertex -26.25 -16.25 0
      vertex -21.81 -16.1912 0
      vertex -21.7296 -16.4651 0
    endloop
  endfacet
  facet normal -0 -0 -1
    outer loop
      vertex -21.7296 -16.4651 0
      vertex -21.6185 -16.7281 0
      vertex -26.25 -16.25 0
    endloop
  endfacet
  facet normal 0 0 -1
    outer loop
      vertex -26.25 -16.25 0
      vertex -21.6185 -16.7281 0
      vertex -21.4781 -16.9766 0
    endloop
  endfacet
  facet normal 0 0 -1
    outer loop
      vertex -26.25 -16.25 0
      vertex -21.4781 -16.9766 0
      vertex -21.3104 -17.2075 0
    endloop
  endfacet
  facet normal -0 -0 -1
    outer loop
      vertex -21.3104 -17.2075 0
      vertex -21.1173 -17.4178 0
      vertex -26.25 -16.25 0
    endloop
  endfacet
  facet normal 0 0 -1
    outer loop
      vertex -26.25 -16.25 0
      vertex -21.1173 -17.4178 0
      vertex -20.9016 -17.6048 0
    endloop
  endfacet
  facet normal 0 0 -1
    outer loop
      vertex -26.25 -16.25 0
      vertex -20.9016 -17.6048 0
      vertex -20.666 -17.7659 0
    endloop
  endfacet
  facet normal 0 0 -1
    outer loop
      vertex -20.1475 -18.0026 0
      vertex -19.8715 -18.0752 0
      vertex -12.5 -30 0
    endloop
  endfacet
  facet normal 0 0 -1
    outer loop
      vertex -12.5 -30 0
      vertex -19.8715 -18.0752 0
      vertex -19.5889 -18.1158 0
    endloop
  endfacet
  facet normal 0 0 -1
    outer loop
      vertex -12.5 -30 0
      vertex -19.5889 -18.1158 0
      vertex -19.3036 -18.124 0
    endloop
  endfacet
  facet normal 0 0 -1
    outer loop
      vertex -19.3036 -18.124 0
      vertex -19.0192 -18.0996 0
      vertex -12.5 -30 0
    endloop
  endfacet
  facet normal 0 0 -1
    outer loop
      vertex -12.5 -30 0
      vertex -19.0192 -18.0996 0
      vertex -18.7395 -18.0429 0
    endloop
  endfacet
  facet normal 0 0 -1
    outer loop
      vertex -12.5 -30 0
      vertex -18.7395 -18.0429 0
      vertex -18.468 -17.9547 0
    endloop
  endfacet
  facet normal 0 0 -1
    outer loop
      vertex -18.468 -17.9547 0
      vertex -18.2083 -17.8361 0
      vertex -12.5 -30 0
    endloop
  endfacet
  facet normal 0 0 -1
    outer loop
      vertex -12.5 -30 0
      vertex -18.2083 -17.8361 0
      vertex -17.9639 -17.6887 0
    endloop
  endfacet
  facet normal 0 0 -1
    outer loop
      vertex -12.5 -30 0
      vertex -17.9639 -17.6887 0
      vertex -17.7378 -17.5144 0
    endloop
  endfacet
  facet normal 0 0 -1
    outer loop
      vertex -17.7378 -17.5144 0
      vertex -17.5331 -17.3154 0
      vertex -12.5 -30 0
    endloop
  endfacet
  facet normal 0 0 -1
    outer loop
      vertex -12.5 -30 0
      vertex -17.5331 -17.3154 0
      vertex -17.3525 -17.0945 0
    endloop
  endfacet
  facet normal 0 0 -1
    outer loop
      vertex -12.5 -30 0
      vertex -17.3525 -17.0945 0
      vertex -17.1981 -16.8543 0
    endloop
  endfacet
  facet normal 0 0 -1
    outer loop
      vertex -17.1981 -16.8543 0
      vertex -17.0722 -16.5982 0
      vertex -12.5 -30 0
    endloop
  endfacet
  facet normal 0 0 -1
    outer loop
      vertex -12.5 -30 0
      vertex -17.0722 -16.5982 0
      vertex -16.9763 -16.3293 0
    endloop
  endfacet
  facet normal 0 0 -1
    outer loop
      vertex -12.5 -30 0
      vertex -16.9763 -16.3293 0
      vertex 4.13029e-17 -10.8125 0
    endloop
  endfacet
  facet normal 0 0 -1
    outer loop
      vertex 4.13029e-17 -10.8125 0
      vertex -16.9763 -16.3293 0
      vertex -16.9116 -16.0513 0
    endloop
  endfacet
  facet normal 0 0 -1
    outer loop
      vertex 4.13029e-17 -10.8125 0
      vertex -16.9116 -16.0513 0
      vertex -16.8791 -15.7677 0
    endloop
  endfacet
  facet normal 0 0 -1
    outer loop
      vertex -16.8791 -15.7677 0
      vertex -16.8791 -15.4823 0
      vertex 4.13029e-17 -10.8125 0
    endloop
  endfacet
  facet normal 0 0 -1
    outer loop
      vertex 4.13029e-17 -10.8125 0
      vertex -16.8791 -15.4823 0
      vertex -16.9116 -15.1987 0
    endloop
  endfacet
  facet normal 0 0 -1
    outer loop
      vertex 4.13029e-17 -10.8125 0
      vertex -16.9116 -15.1987 0
      vertex -16.9763 -14.9207 0
    endloop
  endfacet
  facet normal 0 0 -1
    outer loop
      vertex -16.9763 -14.9207 0
      vertex -17.0722 -14.6518 0
      vertex 4.13029e-17 -10.8125 0
    endloop
  endfacet
  facet normal 0 0 -1
    outer loop
      vertex 4.13029e-17 -10.8125 0
      vertex -17.0722 -14.6518 0
      vertex -17.1981 -14.3957 0
    endloop
  endfacet
  facet normal 0 0 -1
    outer loop
      vertex 4.13029e-17 -10.8125 0
      vertex -17.1981 -14.3957 0
      vertex -17.3525 -14.1555 0
    endloop
  endfacet
  facet normal 0 0 -1
    outer loop
      vertex -17.3525 -14.1555 0
      vertex -17.5331 -13.9346 0
      vertex 4.13029e-17 -10.8125 0
    endloop
  endfacet
  facet normal 0 0 -1
    outer loop
      vertex 4.13029e-17 -10.8125 0
      vertex -17.5331 -13.9346 0
      vertex -17.7378 -13.7356 0
    endloop
  endfacet
  facet normal 0 0 -1
    outer loop
      vertex 4.13029e-17 -10.8125 0
      vertex -17.7378 -13.7356 0
      vertex -17.9639 -13.5613 0
    endloop
  endfacet
  facet normal 0 0 -1
    outer loop
      vertex -17.9639 -13.5613 0
      vertex -18.2083 -13.4139 0
      vertex 4.13029e-17 -10.8125 0
    endloop
  endfacet
  facet normal 0 0 -1
    outer loop
      vertex 4.13029e-17 -10.8125 0
      vertex -18.2083 -13.4139 0
      vertex -18.468 -13.2953 0
    endloop
  endfacet
  facet normal 0 0 -1
    outer loop
      vertex 4.13029e-17 -10.8125 0
      vertex -18.468 -13.2953 0
      vertex -18.7395 -13.2071 0
    endloop
  endfacet
  facet normal -0 0 -1
    outer loop
      vertex -19.3036 -13.126 0
      vertex -19.5889 -13.1342 0
      vertex -24.5625 -10.8125 0
    endloop
  endfacet
  facet normal 0 0 -1
    outer loop
      vertex -24.5625 -10.8125 0
      vertex -19.5889 -13.1342 0
      vertex -19.8715 -13.1748 0
    endloop
  endfacet
  facet normal 0 0 -1
    outer loop
      vertex -24.5625 -10.8125 0
      vertex -19.8715 -13.1748 0
      vertex -20.1475 -13.2474 0
    endloop
  endfacet
  facet normal -0 0 -1
    outer loop
      vertex -20.1475 -13.2474 0
      vertex -20.4135 -13.3509 0
      vertex -24.5625 -10.8125 0
    endloop
  endfacet
  facet normal 0 0 -1
    outer loop
      vertex -24.5625 -10.8125 0
      vertex -20.4135 -13.3509 0
      vertex -20.666 -13.4841 0
    endloop
  endfacet
  facet normal 0 0 -1
    outer loop
      vertex -24.5625 -10.8125 0
      vertex -20.666 -13.4841 0
      vertex -20.9016 -13.6452 0
    endloop
  endfacet
  facet normal -0 0 -1
    outer loop
      vertex -20.9016 -13.6452 0
      vertex -21.1173 -13.8322 0
      vertex -24.5625 -10.8125 0
    endloop
  endfacet
  facet normal 0 0 -1
    outer loop
      vertex -24.5625 -10.8125 0
      vertex -21.1173 -13.8322 0
      vertex -21.3104 -14.0425 0
    endloop
  endfacet
  facet normal 0 0 -1
    outer loop
      vertex -24.5625 -10.8125 0
      vertex -21.3104 -14.0425 0
      vertex -21.4781 -14.2734 0
    endloop
  endfacet
  facet normal -0 0 -1
    outer loop
      vertex -21.4781 -14.2734 0
      vertex -21.6185 -14.5219 0
      vertex -24.5625 -10.8125 0
    endloop
  endfacet
  facet normal 0 0 -1
    outer loop
      vertex -24.5625 -10.8125 0
      vertex -21.6185 -14.5219 0
      vertex -21.7296 -14.7849 0
    endloop
  endfacet
  facet normal 0 -0 -1
    outer loop
      vertex 21.3975 21.6555 0
      vertex 21.5519 21.8957 0
      vertex 19.8586 -16.5371 0
    endloop
  endfacet
  facet normal 0 0 -1
    outer loop
      vertex 19.8586 -16.5371 0
      vertex 21.5519 21.8957 0
      vertex 21.6778 22.1518 0
    endloop
  endfacet
  facet normal 0 0 -1
    outer loop
      vertex 21.8384 22.6987 0
      vertex 21.8709 22.9823 0
      vertex 25.75 30 0
    endloop
  endfacet
  facet normal 0 0 -1
    outer loop
      vertex 25.75 30 0
      vertex 21.8709 22.9823 0
      vertex 21.8709 23.2677 0
    endloop
  endfacet
  facet normal 0 0 -1
    outer loop
      vertex 25.75 30 0
      vertex 21.8709 23.2677 0
      vertex 21.8384 23.5513 0
    endloop
  endfacet
  facet normal 0 0 -1
    outer loop
      vertex 21.8384 23.5513 0
      vertex 21.7737 23.8293 0
      vertex 25.75 30 0
    endloop
  endfacet
  facet normal 0 0 -1
    outer loop
      vertex 25.75 30 0
      vertex 21.7737 23.8293 0
      vertex 21.6778 24.0982 0
    endloop
  endfacet
  facet normal 0 0 -1
    outer loop
      vertex 25.75 30 0
      vertex 21.6778 24.0982 0
      vertex 21.5519 24.3543 0
    endloop
  endfacet
  facet normal 0 0 -1
    outer loop
      vertex 21.5519 24.3543 0
      vertex 21.3975 24.5945 0
      vertex 25.75 30 0
    endloop
  endfacet
  facet normal 0 0 -1
    outer loop
      vertex 25.75 30 0
      vertex 21.3975 24.5945 0
      vertex 21.2169 24.8154 0
    endloop
  endfacet
  facet normal 0 0 -1
    outer loop
      vertex 25.75 30 0
      vertex 21.2169 24.8154 0
      vertex 21.0122 25.0144 0
    endloop
  endfacet
  facet normal 0 0 -1
    outer loop
      vertex 21.0122 25.0144 0
      vertex 20.7861 25.1887 0
      vertex 25.75 30 0
    endloop
  endfacet
  facet normal 0 0 -1
    outer loop
      vertex 25.75 30 0
      vertex 20.7861 25.1887 0
      vertex 20.5417 25.3361 0
    endloop
  endfacet
  facet normal 0 0 -1
    outer loop
      vertex 25.75 30 0
      vertex 20.5417 25.3361 0
      vertex 20.282 25.4547 0
    endloop
  endfacet
  facet normal 0 0 -1
    outer loop
      vertex 20.282 25.4547 0
      vertex 20.0105 25.5429 0
      vertex 25.75 30 0
    endloop
  endfacet
  facet normal 0 0 -1
    outer loop
      vertex 25.75 30 0
      vertex 20.0105 25.5429 0
      vertex 19.7308 25.5996 0
    endloop
  endfacet
  facet normal 0 0 -1
    outer loop
      vertex 25.75 30 0
      vertex 19.7308 25.5996 0
      vertex 19.4464 25.624 0
    endloop
  endfacet
  facet normal -0 0 -1
    outer loop
      vertex 19.4464 25.624 0
      vertex 19.1611 25.6158 0
      vertex 25.75 30 0
    endloop
  endfacet
  facet normal 0 0 -1
    outer loop
      vertex 25.75 30 0
      vertex 19.1611 25.6158 0
      vertex 18.8785 25.5752 0
    endloop
  endfacet
  facet normal -0 0 -1
    outer loop
      vertex 18.3365 25.3991 0
      vertex 18.084 25.2659 0
      vertex 6.25 30 0
    endloop
  endfacet
  facet normal 0 0 -1
    outer loop
      vertex 6.25 30 0
      vertex 18.084 25.2659 0
      vertex 17.8484 25.1048 0
    endloop
  endfacet
  facet normal 0 0 -1
    outer loop
      vertex 6.25 30 0
      vertex 17.8484 25.1048 0
      vertex 17.6327 24.9178 0
    endloop
  endfacet
  facet normal -0 0 -1
    outer loop
      vertex 17.6327 24.9178 0
      vertex 17.4396 24.7075 0
      vertex 6.25 30 0
    endloop
  endfacet
  facet normal 0 0 -1
    outer loop
      vertex 6.25 30 0
      vertex 17.4396 24.7075 0
      vertex 17.2719 24.4766 0
    endloop
  endfacet
  facet normal 0 0 -1
    outer loop
      vertex 6.25 30 0
      vertex 17.2719 24.4766 0
      vertex 17.1315 24.2281 0
    endloop
  endfacet
  facet normal -0 0 -1
    outer loop
      vertex 17.1315 24.2281 0
      vertex 17.0204 23.9651 0
      vertex 6.25 30 0
    endloop
  endfacet
  facet normal 0 0 -1
    outer loop
      vertex 6.25 30 0
      vertex 17.0204 23.9651 0
      vertex 16.94 23.6912 0
    endloop
  endfacet
  facet normal 0 0 -1
    outer loop
      vertex 6.25 30 0
      vertex 16.94 23.6912 0
      vertex 16.8913 23.41 0
    endloop
  endfacet
  facet normal -0 0 -1
    outer loop
      vertex 16.8913 23.41 0
      vertex 16.875 23.125 0
      vertex 6.25 30 0
    endloop
  endfacet
  facet normal 0 0 -1
    outer loop
      vertex 16.2366 -18.1208 0
      vertex 15.6611 -18.7387 0
      vertex 16.1385 -18.1569 0
    endloop
  endfacet
  facet normal 0 0 -1
    outer loop
      vertex 16.1385 -18.1569 0
      vertex 15.6611 -18.7387 0
      vertex 15.6982 -18.6118 0
    endloop
  endfacet
  facet normal 0 0 -1
    outer loop
      vertex 16.1385 -18.1569 0
      vertex 15.6982 -18.6118 0
      vertex 15.75 -18.4959 0
    endloop
  endfacet
  facet normal 0 -0 -1
    outer loop
      vertex 15.6611 -18.7387 0
      vertex 16.2366 -18.1208 0
      vertex 15.6389 -18.8768 0
    endloop
  endfacet
  facet normal 0 0 -1
    outer loop
      vertex 15.6389 -18.8768 0
      vertex 16.2366 -18.1208 0
      vertex 16.3401 -18.0918 0
    endloop
  endfacet
  facet normal 0 -0 -1
    outer loop
      vertex 15.6389 -18.8768 0
      vertex 16.3401 -18.0918 0
      vertex 15.6315 -19.026 0
    endloop
  endfacet
  facet normal 0 0 -1
    outer loop
      vertex 15.6315 -19.026 0
      vertex 16.3401 -18.0918 0
      vertex 16.449 -18.0698 0
    endloop
  endfacet
  facet normal 0 0 -1
    outer loop
      vertex 15.6315 -19.026 0
      vertex 16.449 -18.0698 0
      vertex 16.5632 -18.0548 0
    endloop
  endfacet
  facet normal 0 0 -1
    outer loop
      vertex 15.6315 -19.026 0
      vertex 16.5632 -18.0548 0
      vertex 15.6375 -19.1889 0
    endloop
  endfacet
  facet normal 0 0 -1
    outer loop
      vertex 15.6375 -19.1889 0
      vertex 16.5632 -18.0548 0
      vertex 16.6872 -18.0447 0
    endloop
  endfacet
  facet normal 0 0 -1
    outer loop
      vertex 15.6375 -19.1889 0
      vertex 16.6872 -18.0447 0
      vertex 15.6554 -19.3354 0
    endloop
  endfacet
  facet normal 0 0 -1
    outer loop
      vertex 15.6554 -19.3354 0
      vertex 16.6872 -18.0447 0
      vertex 15.6852 -19.4655 0
    endloop
  endfacet
  facet normal 0 0 -1
    outer loop
      vertex 15.6852 -19.4655 0
      vertex 16.6872 -18.0447 0
      vertex 15.727 -19.5791 0
    endloop
  endfacet
  facet normal 0 0 -1
    outer loop
      vertex 15.727 -19.5791 0
      vertex 16.6872 -18.0447 0
      vertex 15.7811 -19.6811 0
    endloop
  endfacet
  facet normal 0 0 -1
    outer loop
      vertex 15.7811 -19.6811 0
      vertex 16.6872 -18.0447 0
      vertex 15.848 -19.7766 0
    endloop
  endfacet
  facet normal 0 0 -1
    outer loop
      vertex 15.848 -19.7766 0
      vertex 16.6872 -18.0447 0
      vertex 15.9276 -19.8655 0
    endloop
  endfacet
  facet normal 0 0 -1
    outer loop
      vertex 15.9276 -19.8655 0
      vertex 16.6872 -18.0447 0
      vertex 16.02 -19.9478 0
    endloop
  endfacet
  facet normal 0 0 -1
    outer loop
      vertex 16.02 -19.9478 0
      vertex 16.6872 -18.0447 0
      vertex 16.128 -20.0231 0
    endloop
  endfacet
  facet normal 0 0 -1
    outer loop
      vertex 16.128 -20.0231 0
      vertex 16.6872 -18.0447 0
      vertex 16.2479 -20.0844 0
    endloop
  endfacet
  facet normal 0 0 -1
    outer loop
      vertex 16.2479 -20.0844 0
      vertex 16.6872 -18.0447 0
      vertex 16.3798 -20.1317 0
    endloop
  endfacet
  facet normal 0 0 -1
    outer loop
      vertex 16.3798 -20.1317 0
      vertex 16.6872 -18.0447 0
      vertex 16.5237 -20.1651 0
    endloop
  endfacet
  facet normal 0 0 -1
    outer loop
      vertex 16.5237 -20.1651 0
      vertex 16.6872 -18.0447 0
      vertex 16.6811 -20.1881 0
    endloop
  endfacet
  facet normal 0 0 -1
    outer loop
      vertex 16.6811 -20.1881 0
      vertex 16.6872 -18.0447 0
      vertex 16.8257 -18.0375 0
    endloop
  endfacet
  facet normal 0 0 -1
    outer loop
      vertex 16.6811 -20.1881 0
      vertex 16.8257 -18.0375 0
      vertex 16.8537 -20.2046 0
    endloop
  endfacet
  facet normal 0 0 -1
    outer loop
      vertex 16.8537 -20.2046 0
      vertex 16.8257 -18.0375 0
      vertex 16.9786 -18.0332 0
    endloop
  endfacet
  facet normal 0 0 -1
    outer loop
      vertex 16.8537 -20.2046 0
      vertex 16.9786 -18.0332 0
      vertex 17.0416 -20.2144 0
    endloop
  endfacet
  facet normal 0 0 -1
    outer loop
      vertex 17.0416 -20.2144 0
      vertex 16.9786 -18.0332 0
      vertex 17.1459 -18.0318 0
    endloop
  endfacet
  facet normal 0 0 -1
    outer loop
      vertex 17.0416 -20.2144 0
      vertex 17.1459 -18.0318 0
      vertex 17.2446 -20.2177 0
    endloop
  endfacet
  facet normal 0 0 -1
    outer loop
      vertex 17.2446 -20.2177 0
      vertex 17.1459 -18.0318 0
      vertex 17.8306 -18.0318 0
    endloop
  endfacet
  facet normal 0 0 -1
    outer loop
      vertex 17.2446 -20.2177 0
      vertex 17.8306 -18.0318 0
      vertex 17.8306 -20.2177 0
    endloop
  endfacet
  facet normal 0 0 -1
    outer loop
      vertex 15.75 -18.4959 0
      vertex 15.782 -18.4424 0
      vertex 16.1385 -18.1569 0
    endloop
  endfacet
  facet normal 0 0 -1
    outer loop
      vertex 16.1385 -18.1569 0
      vertex 15.782 -18.4424 0
      vertex 15.8187 -18.392 0
    endloop
  endfacet
  facet normal 0 0 -1
    outer loop
      vertex 16.1385 -18.1569 0
      vertex 15.8187 -18.392 0
      vertex 15.8602 -18.3449 0
    endloop
  endfacet
  facet normal 0 0 -1
    outer loop
      vertex 15.8602 -18.3449 0
      vertex 15.9064 -18.3009 0
      vertex 16.1385 -18.1569 0
    endloop
  endfacet
  facet normal 0 0 -1
    outer loop
      vertex 16.1385 -18.1569 0
      vertex 15.9064 -18.3009 0
      vertex 16.013 -18.2225 0
    endloop
  endfacet
  facet normal 0.704992 0.0451989 -0.707773
    outer loop
      vertex 17.3914 22.8692 0.5
      vertex 16.8913 22.84 0
      vertex 17.375 23.125 0.5
    endloop
  endfacet
  facet normal 0.706529 0.0404085 -0.706529
    outer loop
      vertex 17.375 23.125 0.5
      vertex 16.8913 22.84 0
      vertex 16.875 23.125 0
    endloop
  endfacet
  facet normal 0.706529 -0.0404085 -0.706529
    outer loop
      vertex 17.375 23.125 0.5
      vertex 16.875 23.125 0
      vertex 16.8913 23.41 0
    endloop
  endfacet
  facet normal 0.698306 0.120937 -0.705509
    outer loop
      vertex 16.8913 22.84 0
      vertex 17.3914 22.8692 0.5
      vertex 16.94 22.5588 0
    endloop
  endfacet
  facet normal 0.692373 0.134896 -0.708818
    outer loop
      vertex 16.94 22.5588 0
      vertex 17.3914 22.8692 0.5
      vertex 17.4404 22.6177 0.5
    endloop
  endfacet
  facet normal 0.680702 0.199812 -0.704784
    outer loop
      vertex 16.94 22.5588 0
      vertex 17.4404 22.6177 0.5
      vertex 17.0204 22.2849 0
    endloop
  endfacet
  facet normal 0.668692 0.222164 -0.709573
    outer loop
      vertex 17.0204 22.2849 0
      vertex 17.4404 22.6177 0.5
      vertex 17.5212 22.3745 0.5
    endloop
  endfacet
  facet normal 0.653857 0.276211 -0.7044
    outer loop
      vertex 17.0204 22.2849 0
      vertex 17.5212 22.3745 0.5
      vertex 17.1315 22.0219 0
    endloop
  endfacet
  facet normal 0.634472 0.305558 -0.709986
    outer loop
      vertex 17.1315 22.0219 0
      vertex 17.5212 22.3745 0.5
      vertex 17.6324 22.1436 0.5
    endloop
  endfacet
  facet normal 0.618125 0.349235 -0.704242
    outer loop
      vertex 17.1315 22.0219 0
      vertex 17.6324 22.1436 0.5
      vertex 17.2719 21.7734 0
    endloop
  endfacet
  facet normal 0.590229 0.384143 -0.709975
    outer loop
      vertex 17.2719 21.7734 0
      vertex 17.6324 22.1436 0.5
      vertex 17.7722 21.9288 0.5
    endloop
  endfacet
  facet normal 0.574354 0.417147 -0.704348
    outer loop
      vertex 17.2719 21.7734 0
      vertex 17.7722 21.9288 0.5
      vertex 17.4396 21.5425 0
    endloop
  endfacet
  facet normal 0.536565 0.456575 -0.709673
    outer loop
      vertex 17.4396 21.5425 0
      vertex 17.7722 21.9288 0.5
      vertex 17.9383 21.7336 0.5
    endloop
  endfacet
  facet normal 0.522627 0.479883 -0.70468
    outer loop
      vertex 17.4396 21.5425 0
      vertex 17.9383 21.7336 0.5
      vertex 17.6327 21.3322 0
    endloop
  endfacet
  facet normal 0.474183 0.52207 -0.708938
    outer loop
      vertex 17.6327 21.3322 0
      vertex 17.9383 21.7336 0.5
      vertex 18.128 21.5613 0.5
    endloop
  endfacet
  facet normal 0.464326 0.535589 -0.705369
    outer loop
      vertex 17.6327 21.3322 0
      vertex 18.128 21.5613 0.5
      vertex 17.8484 21.1452 0
    endloop
  endfacet
  facet normal 0.403998 0.579266 -0.707981
    outer loop
      vertex 17.8484 21.1452 0
      vertex 18.128 21.5613 0.5
      vertex 18.3382 21.4147 0.5
    endloop
  endfacet
  facet normal 0.399551 0.584321 -0.706349
    outer loop
      vertex 17.8484 21.1452 0
      vertex 18.3382 21.4147 0.5
      vertex 18.084 20.9841 0
    endloop
  endfacet
  facet normal 0.330102 0.625757 -0.706726
    outer loop
      vertex 18.084 20.9841 0
      vertex 18.3382 21.4147 0.5
      vertex 18.3365 20.8509 0
    endloop
  endfacet
  facet normal 0.326777 0.62653 -0.707586
    outer loop
      vertex 18.3365 20.8509 0
      vertex 18.3382 21.4147 0.5
      vertex 18.5654 21.2962 0.5
    endloop
  endfacet
  facet normal 0.256922 0.660303 -0.705685
    outer loop
      vertex 18.3365 20.8509 0
      vertex 18.5654 21.2962 0.5
      vertex 18.6025 20.7474 0
    endloop
  endfacet
  facet normal 0.243652 0.662129 -0.708674
    outer loop
      vertex 18.6025 20.7474 0
      vertex 18.5654 21.2962 0.5
      vertex 18.8059 21.2077 0.5
    endloop
  endfacet
  facet normal 0.180439 0.685968 -0.704904
    outer loop
      vertex 18.6025 20.7474 0
      vertex 18.8059 21.2077 0.5
      vertex 18.8785 20.6748 0
    endloop
  endfacet
  facet normal 0.156983 0.687043 -0.709456
    outer loop
      vertex 18.8785 20.6748 0
      vertex 18.8059 21.2077 0.5
      vertex 19.0558 21.1506 0.5
    endloop
  endfacet
  facet normal 0.10094 0.702601 -0.704388
    outer loop
      vertex 18.8785 20.6748 0
      vertex 19.0558 21.1506 0.5
      vertex 19.1611 20.6342 0
    endloop
  endfacet
  facet normal 0.0676087 0.701096 -0.709854
    outer loop
      vertex 19.1611 20.6342 0
      vertex 19.0558 21.1506 0.5
      vertex 19.3109 21.126 0.5
    endloop
  endfacet
  facet normal 0.0203985 0.709718 -0.70419
    outer loop
      vertex 19.1611 20.6342 0
      vertex 19.3109 21.126 0.5
      vertex 19.4464 20.626 0
    endloop
  endfacet
  facet normal -0.0225369 0.703867 -0.709974
    outer loop
      vertex 19.4464 20.626 0
      vertex 19.3109 21.126 0.5
      vertex 19.567 21.1342 0.5
    endloop
  endfacet
  facet normal -0.0606843 0.70732 -0.704283
    outer loop
      vertex 19.4464 20.626 0
      vertex 19.567 21.1342 0.5
      vertex 19.7308 20.6504 0
    endloop
  endfacet
  facet normal -0.112425 0.695438 -0.709737
    outer loop
      vertex 19.7308 20.6504 0
      vertex 19.567 21.1342 0.5
      vertex 19.82 21.1751 0.5
    endloop
  endfacet
  facet normal -0.140975 0.695428 -0.704632
    outer loop
      vertex 19.7308 20.6504 0
      vertex 19.82 21.1751 0.5
      vertex 20.0105 20.7071 0
    endloop
  endfacet
  facet normal -0.20081 0.675877 -0.70913
    outer loop
      vertex 20.0105 20.7071 0
      vertex 19.82 21.1751 0.5
      vertex 20.0657 21.2481 0.5
    endloop
  endfacet
  facet normal -0.219025 0.67421 -0.705315
    outer loop
      vertex 20.0105 20.7071 0
      vertex 20.0657 21.2481 0.5
      vertex 20.282 20.7953 0
    endloop
  endfacet
  facet normal -0.285626 0.645618 -0.708234
    outer loop
      vertex 20.282 20.7953 0
      vertex 20.0657 21.2481 0.5
      vertex 20.3001 21.3518 0.5
    endloop
  endfacet
  facet normal -0.294125 0.64405 -0.70618
    outer loop
      vertex 20.282 20.7953 0
      vertex 20.3001 21.3518 0.5
      vertex 20.5417 20.9139 0
    endloop
  endfacet
  facet normal -0.365276 0.605655 -0.706934
    outer loop
      vertex 20.5417 20.9139 0
      vertex 20.3001 21.3518 0.5
      vertex 20.7861 21.0613 0
    endloop
  endfacet
  facet normal -0.366564 0.60432 -0.70741
    outer loop
      vertex 20.7861 21.0613 0
      vertex 20.3001 21.3518 0.5
      vertex 20.5192 21.4847 0.5
    endloop
  endfacet
  facet normal -0.43246 0.560983 -0.705887
    outer loop
      vertex 20.7861 21.0613 0
      vertex 20.5192 21.4847 0.5
      vertex 21.0122 21.2356 0
    endloop
  endfacet
  facet normal -0.439778 0.551856 -0.708555
    outer loop
      vertex 21.0122 21.2356 0
      vertex 20.5192 21.4847 0.5
      vertex 20.7196 21.6444 0.5
    endloop
  endfacet
  facet normal -0.494335 0.508494 -0.70503
    outer loop
      vertex 21.0122 21.2356 0
      vertex 20.7196 21.6444 0.5
      vertex 21.2169 21.4346 0
    endloop
  endfacet
  facet normal -0.506322 0.490371 -0.709348
    outer loop
      vertex 21.2169 21.4346 0
      vertex 20.7196 21.6444 0.5
      vertex 20.8979 21.8285 0.5
    endloop
  endfacet
  facet normal -0.549473 0.449229 -0.704466
    outer loop
      vertex 21.2169 21.4346 0
      vertex 20.8979 21.8285 0.5
      vertex 21.3975 21.6555 0
    endloop
  endfacet
  facet normal -0.564496 0.421311 -0.709818
    outer loop
      vertex 21.3975 21.6555 0
      vertex 20.8979 21.8285 0.5
      vertex 21.0512 22.0339 0.5
    endloop
  endfacet
  facet normal -0.597253 0.383913 -0.704202
    outer loop
      vertex 21.3975 21.6555 0
      vertex 21.0512 22.0339 0.5
      vertex 21.5519 21.8957 0
    endloop
  endfacet
  facet normal -0.613658 0.34544 -0.709997
    outer loop
      vertex 21.5519 21.8957 0
      vertex 21.0512 22.0339 0.5
      vertex 21.1769 22.2572 0.5
    endloop
  endfacet
  facet normal -0.637104 0.313203 -0.704274
    outer loop
      vertex 21.5519 21.8957 0
      vertex 21.1769 22.2572 0.5
      vertex 21.6778 22.1518 0
    endloop
  endfacet
  facet normal -0.652909 0.264351 -0.709809
    outer loop
      vertex 21.6778 22.1518 0
      vertex 21.1769 22.2572 0.5
      vertex 21.2731 22.4948 0.5
    endloop
  endfacet
  facet normal -0.668419 0.238384 -0.704549
    outer loop
      vertex 21.6778 22.1518 0
      vertex 21.2731 22.4948 0.5
      vertex 21.7737 22.4207 0
    endloop
  endfacet
  facet normal -0.68192 0.178801 -0.709236
    outer loop
      vertex 21.7737 22.4207 0
      vertex 21.2731 22.4948 0.5
      vertex 21.3381 22.7427 0.5
    endloop
  endfacet
  facet normal -0.690597 0.160725 -0.705155
    outer loop
      vertex 21.7737 22.4207 0
      vertex 21.3381 22.7427 0.5
      vertex 21.8384 22.6987 0
    endloop
  endfacet
  facet normal -0.70002 0.0903251 -0.708388
    outer loop
      vertex 21.8384 22.6987 0
      vertex 21.3381 22.7427 0.5
      vertex 21.3709 22.9969 0.5
    endloop
  endfacet
  facet normal -0.703626 0.0806342 -0.705981
    outer loop
      vertex 21.8384 22.6987 0
      vertex 21.3709 22.9969 0.5
      vertex 21.8709 22.9823 0
    endloop
  endfacet
  facet normal -0.707107 0 -0.707107
    outer loop
      vertex 21.8709 22.9823 0
      vertex 21.3709 22.9969 0.5
      vertex 21.3709 23.2531 0.5
    endloop
  endfacet
  facet normal -0.707107 0 -0.707107
    outer loop
      vertex 21.8709 22.9823 0
      vertex 21.3709 23.2531 0.5
      vertex 21.8709 23.2677 0
    endloop
  endfacet
  facet normal -0.703626 -0.0806342 -0.705981
    outer loop
      vertex 21.8709 23.2677 0
      vertex 21.3709 23.2531 0.5
      vertex 21.8384 23.5513 0
    endloop
  endfacet
  facet normal -0.70002 -0.0903251 -0.708388
    outer loop
      vertex 21.8384 23.5513 0
      vertex 21.3709 23.2531 0.5
      vertex 21.3381 23.5073 0.5
    endloop
  endfacet
  facet normal -0.690597 -0.160725 -0.705155
    outer loop
      vertex 21.8384 23.5513 0
      vertex 21.3381 23.5073 0.5
      vertex 21.7737 23.8293 0
    endloop
  endfacet
  facet normal -0.68192 -0.178801 -0.709236
    outer loop
      vertex 21.7737 23.8293 0
      vertex 21.3381 23.5073 0.5
      vertex 21.2731 23.7552 0.5
    endloop
  endfacet
  facet normal -0.668419 -0.238384 -0.704549
    outer loop
      vertex 21.7737 23.8293 0
      vertex 21.2731 23.7552 0.5
      vertex 21.6778 24.0982 0
    endloop
  endfacet
  facet normal -0.652909 -0.264351 -0.709809
    outer loop
      vertex 21.6778 24.0982 0
      vertex 21.2731 23.7552 0.5
      vertex 21.1769 23.9928 0.5
    endloop
  endfacet
  facet normal -0.637104 -0.313203 -0.704274
    outer loop
      vertex 21.6778 24.0982 0
      vertex 21.1769 23.9928 0.5
      vertex 21.5519 24.3543 0
    endloop
  endfacet
  facet normal -0.613658 -0.34544 -0.709997
    outer loop
      vertex 21.5519 24.3543 0
      vertex 21.1769 23.9928 0.5
      vertex 21.0512 24.2161 0.5
    endloop
  endfacet
  facet normal -0.597253 -0.383913 -0.704202
    outer loop
      vertex 21.5519 24.3543 0
      vertex 21.0512 24.2161 0.5
      vertex 21.3975 24.5945 0
    endloop
  endfacet
  facet normal -0.564496 -0.421311 -0.709818
    outer loop
      vertex 21.3975 24.5945 0
      vertex 21.0512 24.2161 0.5
      vertex 20.8979 24.4215 0.5
    endloop
  endfacet
  facet normal -0.549473 -0.449229 -0.704466
    outer loop
      vertex 21.3975 24.5945 0
      vertex 20.8979 24.4215 0.5
      vertex 21.2169 24.8154 0
    endloop
  endfacet
  facet normal -0.506322 -0.490371 -0.709348
    outer loop
      vertex 21.2169 24.8154 0
      vertex 20.8979 24.4215 0.5
      vertex 20.7196 24.6056 0.5
    endloop
  endfacet
  facet normal -0.494335 -0.508494 -0.70503
    outer loop
      vertex 21.2169 24.8154 0
      vertex 20.7196 24.6056 0.5
      vertex 21.0122 25.0144 0
    endloop
  endfacet
  facet normal -0.439778 -0.551856 -0.708555
    outer loop
      vertex 21.0122 25.0144 0
      vertex 20.7196 24.6056 0.5
      vertex 20.5192 24.7653 0.5
    endloop
  endfacet
  facet normal -0.43246 -0.560983 -0.705887
    outer loop
      vertex 21.0122 25.0144 0
      vertex 20.5192 24.7653 0.5
      vertex 20.7861 25.1887 0
    endloop
  endfacet
  facet normal -0.366564 -0.60432 -0.70741
    outer loop
      vertex 20.7861 25.1887 0
      vertex 20.5192 24.7653 0.5
      vertex 20.3001 24.8982 0.5
    endloop
  endfacet
  facet normal -0.365276 -0.605655 -0.706934
    outer loop
      vertex 20.7861 25.1887 0
      vertex 20.3001 24.8982 0.5
      vertex 20.5417 25.3361 0
    endloop
  endfacet
  facet normal -0.294125 -0.64405 -0.70618
    outer loop
      vertex 20.5417 25.3361 0
      vertex 20.3001 24.8982 0.5
      vertex 20.282 25.4547 0
    endloop
  endfacet
  facet normal -0.285626 -0.645618 -0.708234
    outer loop
      vertex 20.282 25.4547 0
      vertex 20.3001 24.8982 0.5
      vertex 20.0657 25.0019 0.5
    endloop
  endfacet
  facet normal -0.219025 -0.67421 -0.705315
    outer loop
      vertex 20.282 25.4547 0
      vertex 20.0657 25.0019 0.5
      vertex 20.0105 25.5429 0
    endloop
  endfacet
  facet normal -0.20081 -0.675877 -0.70913
    outer loop
      vertex 20.0105 25.5429 0
      vertex 20.0657 25.0019 0.5
      vertex 19.82 25.0749 0.5
    endloop
  endfacet
  facet normal -0.140975 -0.695428 -0.704632
    outer loop
      vertex 20.0105 25.5429 0
      vertex 19.82 25.0749 0.5
      vertex 19.7308 25.5996 0
    endloop
  endfacet
  facet normal -0.112425 -0.695438 -0.709737
    outer loop
      vertex 19.7308 25.5996 0
      vertex 19.82 25.0749 0.5
      vertex 19.567 25.1158 0.5
    endloop
  endfacet
  facet normal -0.0606843 -0.70732 -0.704283
    outer loop
      vertex 19.7308 25.5996 0
      vertex 19.567 25.1158 0.5
      vertex 19.4464 25.624 0
    endloop
  endfacet
  facet normal -0.0225369 -0.703867 -0.709974
    outer loop
      vertex 19.4464 25.624 0
      vertex 19.567 25.1158 0.5
      vertex 19.3109 25.124 0.5
    endloop
  endfacet
  facet normal 0.0203985 -0.709718 -0.70419
    outer loop
      vertex 19.4464 25.624 0
      vertex 19.3109 25.124 0.5
      vertex 19.1611 25.6158 0
    endloop
  endfacet
  facet normal 0.0676087 -0.701096 -0.709854
    outer loop
      vertex 19.1611 25.6158 0
      vertex 19.3109 25.124 0.5
      vertex 19.0558 25.0994 0.5
    endloop
  endfacet
  facet normal 0.10094 -0.702601 -0.704388
    outer loop
      vertex 19.1611 25.6158 0
      vertex 19.0558 25.0994 0.5
      vertex 18.8785 25.5752 0
    endloop
  endfacet
  facet normal 0.156983 -0.687043 -0.709456
    outer loop
      vertex 18.8785 25.5752 0
      vertex 19.0558 25.0994 0.5
      vertex 18.8059 25.0423 0.5
    endloop
  endfacet
  facet normal 0.180439 -0.685968 -0.704904
    outer loop
      vertex 18.8785 25.5752 0
      vertex 18.8059 25.0423 0.5
      vertex 18.6025 25.5026 0
    endloop
  endfacet
  facet normal 0.243652 -0.662129 -0.708674
    outer loop
      vertex 18.6025 25.5026 0
      vertex 18.8059 25.0423 0.5
      vertex 18.5654 24.9538 0.5
    endloop
  endfacet
  facet normal 0.256922 -0.660303 -0.705685
    outer loop
      vertex 18.6025 25.5026 0
      vertex 18.5654 24.9538 0.5
      vertex 18.3365 25.3991 0
    endloop
  endfacet
  facet normal 0.326777 -0.62653 -0.707586
    outer loop
      vertex 18.3365 25.3991 0
      vertex 18.5654 24.9538 0.5
      vertex 18.3382 24.8353 0.5
    endloop
  endfacet
  facet normal 0.330102 -0.625757 -0.706726
    outer loop
      vertex 18.3365 25.3991 0
      vertex 18.3382 24.8353 0.5
      vertex 18.084 25.2659 0
    endloop
  endfacet
  facet normal 0.399551 -0.584321 -0.706349
    outer loop
      vertex 18.084 25.2659 0
      vertex 18.3382 24.8353 0.5
      vertex 17.8484 25.1048 0
    endloop
  endfacet
  facet normal 0.403998 -0.579266 -0.707981
    outer loop
      vertex 17.8484 25.1048 0
      vertex 18.3382 24.8353 0.5
      vertex 18.128 24.6887 0.5
    endloop
  endfacet
  facet normal 0.464326 -0.535589 -0.705369
    outer loop
      vertex 17.8484 25.1048 0
      vertex 18.128 24.6887 0.5
      vertex 17.6327 24.9178 0
    endloop
  endfacet
  facet normal 0.474183 -0.52207 -0.708938
    outer loop
      vertex 17.6327 24.9178 0
      vertex 18.128 24.6887 0.5
      vertex 17.9383 24.5164 0.5
    endloop
  endfacet
  facet normal 0.522627 -0.479883 -0.70468
    outer loop
      vertex 17.6327 24.9178 0
      vertex 17.9383 24.5164 0.5
      vertex 17.4396 24.7075 0
    endloop
  endfacet
  facet normal 0.536565 -0.456575 -0.709673
    outer loop
      vertex 17.4396 24.7075 0
      vertex 17.9383 24.5164 0.5
      vertex 17.7722 24.3212 0.5
    endloop
  endfacet
  facet normal 0.574354 -0.417147 -0.704348
    outer loop
      vertex 17.4396 24.7075 0
      vertex 17.7722 24.3212 0.5
      vertex 17.2719 24.4766 0
    endloop
  endfacet
  facet normal 0.590229 -0.384143 -0.709975
    outer loop
      vertex 17.2719 24.4766 0
      vertex 17.7722 24.3212 0.5
      vertex 17.6324 24.1064 0.5
    endloop
  endfacet
  facet normal 0.618125 -0.349235 -0.704242
    outer loop
      vertex 17.2719 24.4766 0
      vertex 17.6324 24.1064 0.5
      vertex 17.1315 24.2281 0
    endloop
  endfacet
  facet normal 0.634472 -0.305558 -0.709986
    outer loop
      vertex 17.1315 24.2281 0
      vertex 17.6324 24.1064 0.5
      vertex 17.5212 23.8755 0.5
    endloop
  endfacet
  facet normal 0.653857 -0.276211 -0.7044
    outer loop
      vertex 17.1315 24.2281 0
      vertex 17.5212 23.8755 0.5
      vertex 17.0204 23.9651 0
    endloop
  endfacet
  facet normal 0.668692 -0.222164 -0.709573
    outer loop
      vertex 17.0204 23.9651 0
      vertex 17.5212 23.8755 0.5
      vertex 17.4404 23.6323 0.5
    endloop
  endfacet
  facet normal 0.680702 -0.199812 -0.704784
    outer loop
      vertex 17.0204 23.9651 0
      vertex 17.4404 23.6323 0.5
      vertex 16.94 23.6912 0
    endloop
  endfacet
  facet normal 0.692373 -0.134896 -0.708818
    outer loop
      vertex 16.94 23.6912 0
      vertex 17.4404 23.6323 0.5
      vertex 17.3914 23.3808 0.5
    endloop
  endfacet
  facet normal 0.698306 -0.120937 -0.705509
    outer loop
      vertex 16.94 23.6912 0
      vertex 17.3914 23.3808 0.5
      vertex 16.8913 23.41 0
    endloop
  endfacet
  facet normal 0.704992 -0.0451989 -0.707773
    outer loop
      vertex 16.8913 23.41 0
      vertex 17.3914 23.3808 0.5
      vertex 17.375 23.125 0.5
    endloop
  endfacet
  facet normal 0.704992 0.0451989 -0.707773
    outer loop
      vertex -21.3586 -15.8808 0.5
      vertex -21.8587 -15.91 0
      vertex -21.375 -15.625 0.5
    endloop
  endfacet
  facet normal 0.706529 0.0404085 -0.706529
    outer loop
      vertex -21.375 -15.625 0.5
      vertex -21.8587 -15.91 0
      vertex -21.875 -15.625 0
    endloop
  endfacet
  facet normal 0.706529 -0.0404085 -0.706529
    outer loop
      vertex -21.375 -15.625 0.5
      vertex -21.875 -15.625 0
      vertex -21.8587 -15.34 0
    endloop
  endfacet
  facet normal 0.698306 0.120937 -0.705509
    outer loop
      vertex -21.8587 -15.91 0
      vertex -21.3586 -15.8808 0.5
      vertex -21.81 -16.1912 0
    endloop
  endfacet
  facet normal 0.692373 0.134896 -0.708818
    outer loop
      vertex -21.81 -16.1912 0
      vertex -21.3586 -15.8808 0.5
      vertex -21.3096 -16.1323 0.5
    endloop
  endfacet
  facet normal 0.680702 0.199812 -0.704784
    outer loop
      vertex -21.81 -16.1912 0
      vertex -21.3096 -16.1323 0.5
      vertex -21.7296 -16.4651 0
    endloop
  endfacet
  facet normal 0.668692 0.222164 -0.709573
    outer loop
      vertex -21.7296 -16.4651 0
      vertex -21.3096 -16.1323 0.5
      vertex -21.2288 -16.3755 0.5
    endloop
  endfacet
  facet normal 0.653857 0.276211 -0.7044
    outer loop
      vertex -21.7296 -16.4651 0
      vertex -21.2288 -16.3755 0.5
      vertex -21.6185 -16.7281 0
    endloop
  endfacet
  facet normal 0.634472 0.305558 -0.709986
    outer loop
      vertex -21.6185 -16.7281 0
      vertex -21.2288 -16.3755 0.5
      vertex -21.1176 -16.6064 0.5
    endloop
  endfacet
  facet normal 0.618125 0.349235 -0.704242
    outer loop
      vertex -21.6185 -16.7281 0
      vertex -21.1176 -16.6064 0.5
      vertex -21.4781 -16.9766 0
    endloop
  endfacet
  facet normal 0.590229 0.384143 -0.709975
    outer loop
      vertex -21.4781 -16.9766 0
      vertex -21.1176 -16.6064 0.5
      vertex -20.9778 -16.8212 0.5
    endloop
  endfacet
  facet normal 0.574354 0.417147 -0.704348
    outer loop
      vertex -21.4781 -16.9766 0
      vertex -20.9778 -16.8212 0.5
      vertex -21.3104 -17.2075 0
    endloop
  endfacet
  facet normal 0.536565 0.456575 -0.709673
    outer loop
      vertex -21.3104 -17.2075 0
      vertex -20.9778 -16.8212 0.5
      vertex -20.8117 -17.0164 0.5
    endloop
  endfacet
  facet normal 0.522627 0.479883 -0.70468
    outer loop
      vertex -21.3104 -17.2075 0
      vertex -20.8117 -17.0164 0.5
      vertex -21.1173 -17.4178 0
    endloop
  endfacet
  facet normal 0.474183 0.52207 -0.708938
    outer loop
      vertex -21.1173 -17.4178 0
      vertex -20.8117 -17.0164 0.5
      vertex -20.622 -17.1887 0.5
    endloop
  endfacet
  facet normal 0.464326 0.535589 -0.705369
    outer loop
      vertex -21.1173 -17.4178 0
      vertex -20.622 -17.1887 0.5
      vertex -20.9016 -17.6048 0
    endloop
  endfacet
  facet normal 0.403998 0.579266 -0.707981
    outer loop
      vertex -20.9016 -17.6048 0
      vertex -20.622 -17.1887 0.5
      vertex -20.4118 -17.3353 0.5
    endloop
  endfacet
  facet normal 0.399551 0.584321 -0.706349
    outer loop
      vertex -20.9016 -17.6048 0
      vertex -20.4118 -17.3353 0.5
      vertex -20.666 -17.7659 0
    endloop
  endfacet
  facet normal 0.330102 0.625757 -0.706726
    outer loop
      vertex -20.666 -17.7659 0
      vertex -20.4118 -17.3353 0.5
      vertex -20.4135 -17.8991 0
    endloop
  endfacet
  facet normal 0.326777 0.62653 -0.707586
    outer loop
      vertex -20.4135 -17.8991 0
      vertex -20.4118 -17.3353 0.5
      vertex -20.1846 -17.4538 0.5
    endloop
  endfacet
  facet normal 0.256922 0.660303 -0.705685
    outer loop
      vertex -20.4135 -17.8991 0
      vertex -20.1846 -17.4538 0.5
      vertex -20.1475 -18.0026 0
    endloop
  endfacet
  facet normal 0.243652 0.662129 -0.708674
    outer loop
      vertex -20.1475 -18.0026 0
      vertex -20.1846 -17.4538 0.5
      vertex -19.9441 -17.5423 0.5
    endloop
  endfacet
  facet normal 0.180439 0.685968 -0.704904
    outer loop
      vertex -20.1475 -18.0026 0
      vertex -19.9441 -17.5423 0.5
      vertex -19.8715 -18.0752 0
    endloop
  endfacet
  facet normal 0.156983 0.687043 -0.709456
    outer loop
      vertex -19.8715 -18.0752 0
      vertex -19.9441 -17.5423 0.5
      vertex -19.6942 -17.5994 0.5
    endloop
  endfacet
  facet normal 0.10094 0.702601 -0.704388
    outer loop
      vertex -19.8715 -18.0752 0
      vertex -19.6942 -17.5994 0.5
      vertex -19.5889 -18.1158 0
    endloop
  endfacet
  facet normal 0.0676087 0.701096 -0.709854
    outer loop
      vertex -19.5889 -18.1158 0
      vertex -19.6942 -17.5994 0.5
      vertex -19.4391 -17.624 0.5
    endloop
  endfacet
  facet normal 0.0203985 0.709718 -0.70419
    outer loop
      vertex -19.5889 -18.1158 0
      vertex -19.4391 -17.624 0.5
      vertex -19.3036 -18.124 0
    endloop
  endfacet
  facet normal -0.0225369 0.703867 -0.709974
    outer loop
      vertex -19.3036 -18.124 0
      vertex -19.4391 -17.624 0.5
      vertex -19.183 -17.6158 0.5
    endloop
  endfacet
  facet normal -0.0606843 0.70732 -0.704283
    outer loop
      vertex -19.3036 -18.124 0
      vertex -19.183 -17.6158 0.5
      vertex -19.0192 -18.0996 0
    endloop
  endfacet
  facet normal -0.112425 0.695438 -0.709737
    outer loop
      vertex -19.0192 -18.0996 0
      vertex -19.183 -17.6158 0.5
      vertex -18.93 -17.5749 0.5
    endloop
  endfacet
  facet normal -0.140975 0.695428 -0.704632
    outer loop
      vertex -19.0192 -18.0996 0
      vertex -18.93 -17.5749 0.5
      vertex -18.7395 -18.0429 0
    endloop
  endfacet
  facet normal -0.20081 0.675877 -0.70913
    outer loop
      vertex -18.7395 -18.0429 0
      vertex -18.93 -17.5749 0.5
      vertex -18.6843 -17.5019 0.5
    endloop
  endfacet
  facet normal -0.219025 0.67421 -0.705315
    outer loop
      vertex -18.7395 -18.0429 0
      vertex -18.6843 -17.5019 0.5
      vertex -18.468 -17.9547 0
    endloop
  endfacet
  facet normal -0.285626 0.645618 -0.708234
    outer loop
      vertex -18.468 -17.9547 0
      vertex -18.6843 -17.5019 0.5
      vertex -18.4499 -17.3982 0.5
    endloop
  endfacet
  facet normal -0.294125 0.64405 -0.70618
    outer loop
      vertex -18.468 -17.9547 0
      vertex -18.4499 -17.3982 0.5
      vertex -18.2083 -17.8361 0
    endloop
  endfacet
  facet normal -0.365276 0.605655 -0.706934
    outer loop
      vertex -18.2083 -17.8361 0
      vertex -18.4499 -17.3982 0.5
      vertex -17.9639 -17.6887 0
    endloop
  endfacet
  facet normal -0.366564 0.60432 -0.70741
    outer loop
      vertex -17.9639 -17.6887 0
      vertex -18.4499 -17.3982 0.5
      vertex -18.2308 -17.2653 0.5
    endloop
  endfacet
  facet normal -0.43246 0.560983 -0.705887
    outer loop
      vertex -17.9639 -17.6887 0
      vertex -18.2308 -17.2653 0.5
      vertex -17.7378 -17.5144 0
    endloop
  endfacet
  facet normal -0.439778 0.551856 -0.708555
    outer loop
      vertex -17.7378 -17.5144 0
      vertex -18.2308 -17.2653 0.5
      vertex -18.0304 -17.1056 0.5
    endloop
  endfacet
  facet normal -0.494335 0.508494 -0.70503
    outer loop
      vertex -17.7378 -17.5144 0
      vertex -18.0304 -17.1056 0.5
      vertex -17.5331 -17.3154 0
    endloop
  endfacet
  facet normal -0.506322 0.490371 -0.709348
    outer loop
      vertex -17.5331 -17.3154 0
      vertex -18.0304 -17.1056 0.5
      vertex -17.8521 -16.9215 0.5
    endloop
  endfacet
  facet normal -0.549473 0.449229 -0.704466
    outer loop
      vertex -17.5331 -17.3154 0
      vertex -17.8521 -16.9215 0.5
      vertex -17.3525 -17.0945 0
    endloop
  endfacet
  facet normal -0.564496 0.421311 -0.709818
    outer loop
      vertex -17.3525 -17.0945 0
      vertex -17.8521 -16.9215 0.5
      vertex -17.6988 -16.7161 0.5
    endloop
  endfacet
  facet normal -0.597253 0.383913 -0.704202
    outer loop
      vertex -17.3525 -17.0945 0
      vertex -17.6988 -16.7161 0.5
      vertex -17.1981 -16.8543 0
    endloop
  endfacet
  facet normal -0.613658 0.34544 -0.709997
    outer loop
      vertex -17.1981 -16.8543 0
      vertex -17.6988 -16.7161 0.5
      vertex -17.5731 -16.4928 0.5
    endloop
  endfacet
  facet normal -0.637104 0.313203 -0.704274
    outer loop
      vertex -17.1981 -16.8543 0
      vertex -17.5731 -16.4928 0.5
      vertex -17.0722 -16.5982 0
    endloop
  endfacet
  facet normal -0.652909 0.264351 -0.709809
    outer loop
      vertex -17.0722 -16.5982 0
      vertex -17.5731 -16.4928 0.5
      vertex -17.4769 -16.2552 0.5
    endloop
  endfacet
  facet normal -0.668419 0.238384 -0.704549
    outer loop
      vertex -17.0722 -16.5982 0
      vertex -17.4769 -16.2552 0.5
      vertex -16.9763 -16.3293 0
    endloop
  endfacet
  facet normal -0.68192 0.178801 -0.709236
    outer loop
      vertex -16.9763 -16.3293 0
      vertex -17.4769 -16.2552 0.5
      vertex -17.4119 -16.0073 0.5
    endloop
  endfacet
  facet normal -0.690597 0.160725 -0.705155
    outer loop
      vertex -16.9763 -16.3293 0
      vertex -17.4119 -16.0073 0.5
      vertex -16.9116 -16.0513 0
    endloop
  endfacet
  facet normal -0.70002 0.0903251 -0.708388
    outer loop
      vertex -16.9116 -16.0513 0
      vertex -17.4119 -16.0073 0.5
      vertex -17.3791 -15.7531 0.5
    endloop
  endfacet
  facet normal -0.703626 0.0806342 -0.705981
    outer loop
      vertex -16.9116 -16.0513 0
      vertex -17.3791 -15.7531 0.5
      vertex -16.8791 -15.7677 0
    endloop
  endfacet
  facet normal -0.707107 0 -0.707107
    outer loop
      vertex -16.8791 -15.7677 0
      vertex -17.3791 -15.7531 0.5
      vertex -17.3791 -15.4969 0.5
    endloop
  endfacet
  facet normal -0.707107 0 -0.707107
    outer loop
      vertex -16.8791 -15.7677 0
      vertex -17.3791 -15.4969 0.5
      vertex -16.8791 -15.4823 0
    endloop
  endfacet
  facet normal -0.703626 -0.0806342 -0.705981
    outer loop
      vertex -16.8791 -15.4823 0
      vertex -17.3791 -15.4969 0.5
      vertex -16.9116 -15.1987 0
    endloop
  endfacet
  facet normal -0.70002 -0.0903251 -0.708388
    outer loop
      vertex -16.9116 -15.1987 0
      vertex -17.3791 -15.4969 0.5
      vertex -17.4119 -15.2427 0.5
    endloop
  endfacet
  facet normal -0.690597 -0.160725 -0.705155
    outer loop
      vertex -16.9116 -15.1987 0
      vertex -17.4119 -15.2427 0.5
      vertex -16.9763 -14.9207 0
    endloop
  endfacet
  facet normal -0.68192 -0.178801 -0.709236
    outer loop
      vertex -16.9763 -14.9207 0
      vertex -17.4119 -15.2427 0.5
      vertex -17.4769 -14.9948 0.5
    endloop
  endfacet
  facet normal -0.668419 -0.238384 -0.704549
    outer loop
      vertex -16.9763 -14.9207 0
      vertex -17.4769 -14.9948 0.5
      vertex -17.0722 -14.6518 0
    endloop
  endfacet
  facet normal -0.652909 -0.264351 -0.709809
    outer loop
      vertex -17.0722 -14.6518 0
      vertex -17.4769 -14.9948 0.5
      vertex -17.5731 -14.7572 0.5
    endloop
  endfacet
  facet normal -0.637104 -0.313203 -0.704274
    outer loop
      vertex -17.0722 -14.6518 0
      vertex -17.5731 -14.7572 0.5
      vertex -17.1981 -14.3957 0
    endloop
  endfacet
  facet normal -0.613658 -0.34544 -0.709997
    outer loop
      vertex -17.1981 -14.3957 0
      vertex -17.5731 -14.7572 0.5
      vertex -17.6988 -14.5339 0.5
    endloop
  endfacet
  facet normal -0.597253 -0.383913 -0.704202
    outer loop
      vertex -17.1981 -14.3957 0
      vertex -17.6988 -14.5339 0.5
      vertex -17.3525 -14.1555 0
    endloop
  endfacet
  facet normal -0.564496 -0.421311 -0.709818
    outer loop
      vertex -17.3525 -14.1555 0
      vertex -17.6988 -14.5339 0.5
      vertex -17.8521 -14.3285 0.5
    endloop
  endfacet
  facet normal -0.549473 -0.449229 -0.704466
    outer loop
      vertex -17.3525 -14.1555 0
      vertex -17.8521 -14.3285 0.5
      vertex -17.5331 -13.9346 0
    endloop
  endfacet
  facet normal -0.506322 -0.490371 -0.709348
    outer loop
      vertex -17.5331 -13.9346 0
      vertex -17.8521 -14.3285 0.5
      vertex -18.0304 -14.1444 0.5
    endloop
  endfacet
  facet normal -0.494335 -0.508494 -0.70503
    outer loop
      vertex -17.5331 -13.9346 0
      vertex -18.0304 -14.1444 0.5
      vertex -17.7378 -13.7356 0
    endloop
  endfacet
  facet normal -0.439778 -0.551856 -0.708555
    outer loop
      vertex -17.7378 -13.7356 0
      vertex -18.0304 -14.1444 0.5
      vertex -18.2308 -13.9847 0.5
    endloop
  endfacet
  facet normal -0.43246 -0.560983 -0.705887
    outer loop
      vertex -17.7378 -13.7356 0
      vertex -18.2308 -13.9847 0.5
      vertex -17.9639 -13.5613 0
    endloop
  endfacet
  facet normal -0.366564 -0.60432 -0.70741
    outer loop
      vertex -17.9639 -13.5613 0
      vertex -18.2308 -13.9847 0.5
      vertex -18.4499 -13.8518 0.5
    endloop
  endfacet
  facet normal -0.365276 -0.605655 -0.706934
    outer loop
      vertex -17.9639 -13.5613 0
      vertex -18.4499 -13.8518 0.5
      vertex -18.2083 -13.4139 0
    endloop
  endfacet
  facet normal -0.294125 -0.64405 -0.70618
    outer loop
      vertex -18.2083 -13.4139 0
      vertex -18.4499 -13.8518 0.5
      vertex -18.468 -13.2953 0
    endloop
  endfacet
  facet normal -0.285626 -0.645618 -0.708234
    outer loop
      vertex -18.468 -13.2953 0
      vertex -18.4499 -13.8518 0.5
      vertex -18.6843 -13.7481 0.5
    endloop
  endfacet
  facet normal -0.219025 -0.67421 -0.705315
    outer loop
      vertex -18.468 -13.2953 0
      vertex -18.6843 -13.7481 0.5
      vertex -18.7395 -13.2071 0
    endloop
  endfacet
  facet normal -0.20081 -0.675877 -0.70913
    outer loop
      vertex -18.7395 -13.2071 0
      vertex -18.6843 -13.7481 0.5
      vertex -18.93 -13.6751 0.5
    endloop
  endfacet
  facet normal -0.140975 -0.695428 -0.704632
    outer loop
      vertex -18.7395 -13.2071 0
      vertex -18.93 -13.6751 0.5
      vertex -19.0192 -13.1504 0
    endloop
  endfacet
  facet normal -0.112425 -0.695438 -0.709737
    outer loop
      vertex -19.0192 -13.1504 0
      vertex -18.93 -13.6751 0.5
      vertex -19.183 -13.6342 0.5
    endloop
  endfacet
  facet normal -0.0606843 -0.70732 -0.704283
    outer loop
      vertex -19.0192 -13.1504 0
      vertex -19.183 -13.6342 0.5
      vertex -19.3036 -13.126 0
    endloop
  endfacet
  facet normal -0.0225369 -0.703867 -0.709974
    outer loop
      vertex -19.3036 -13.126 0
      vertex -19.183 -13.6342 0.5
      vertex -19.4391 -13.626 0.5
    endloop
  endfacet
  facet normal 0.0203985 -0.709718 -0.70419
    outer loop
      vertex -19.3036 -13.126 0
      vertex -19.4391 -13.626 0.5
      vertex -19.5889 -13.1342 0
    endloop
  endfacet
  facet normal 0.0676087 -0.701096 -0.709854
    outer loop
      vertex -19.5889 -13.1342 0
      vertex -19.4391 -13.626 0.5
      vertex -19.6942 -13.6506 0.5
    endloop
  endfacet
  facet normal 0.10094 -0.702601 -0.704388
    outer loop
      vertex -19.5889 -13.1342 0
      vertex -19.6942 -13.6506 0.5
      vertex -19.8715 -13.1748 0
    endloop
  endfacet
  facet normal 0.156983 -0.687043 -0.709456
    outer loop
      vertex -19.8715 -13.1748 0
      vertex -19.6942 -13.6506 0.5
      vertex -19.9441 -13.7077 0.5
    endloop
  endfacet
  facet normal 0.180439 -0.685968 -0.704904
    outer loop
      vertex -19.8715 -13.1748 0
      vertex -19.9441 -13.7077 0.5
      vertex -20.1475 -13.2474 0
    endloop
  endfacet
  facet normal 0.243652 -0.662129 -0.708674
    outer loop
      vertex -20.1475 -13.2474 0
      vertex -19.9441 -13.7077 0.5
      vertex -20.1846 -13.7962 0.5
    endloop
  endfacet
  facet normal 0.256922 -0.660303 -0.705685
    outer loop
      vertex -20.1475 -13.2474 0
      vertex -20.1846 -13.7962 0.5
      vertex -20.4135 -13.3509 0
    endloop
  endfacet
  facet normal 0.326777 -0.62653 -0.707586
    outer loop
      vertex -20.4135 -13.3509 0
      vertex -20.1846 -13.7962 0.5
      vertex -20.4118 -13.9147 0.5
    endloop
  endfacet
  facet normal 0.330102 -0.625757 -0.706726
    outer loop
      vertex -20.4135 -13.3509 0
      vertex -20.4118 -13.9147 0.5
      vertex -20.666 -13.4841 0
    endloop
  endfacet
  facet normal 0.399551 -0.584321 -0.706349
    outer loop
      vertex -20.666 -13.4841 0
      vertex -20.4118 -13.9147 0.5
      vertex -20.9016 -13.6452 0
    endloop
  endfacet
  facet normal 0.403998 -0.579266 -0.707981
    outer loop
      vertex -20.9016 -13.6452 0
      vertex -20.4118 -13.9147 0.5
      vertex -20.622 -14.0613 0.5
    endloop
  endfacet
  facet normal 0.464326 -0.535589 -0.705369
    outer loop
      vertex -20.9016 -13.6452 0
      vertex -20.622 -14.0613 0.5
      vertex -21.1173 -13.8322 0
    endloop
  endfacet
  facet normal 0.474183 -0.52207 -0.708938
    outer loop
      vertex -21.1173 -13.8322 0
      vertex -20.622 -14.0613 0.5
      vertex -20.8117 -14.2336 0.5
    endloop
  endfacet
  facet normal 0.522627 -0.479883 -0.70468
    outer loop
      vertex -21.1173 -13.8322 0
      vertex -20.8117 -14.2336 0.5
      vertex -21.3104 -14.0425 0
    endloop
  endfacet
  facet normal 0.536565 -0.456575 -0.709673
    outer loop
      vertex -21.3104 -14.0425 0
      vertex -20.8117 -14.2336 0.5
      vertex -20.9778 -14.4288 0.5
    endloop
  endfacet
  facet normal 0.574354 -0.417147 -0.704348
    outer loop
      vertex -21.3104 -14.0425 0
      vertex -20.9778 -14.4288 0.5
      vertex -21.4781 -14.2734 0
    endloop
  endfacet
  facet normal 0.590229 -0.384143 -0.709975
    outer loop
      vertex -21.4781 -14.2734 0
      vertex -20.9778 -14.4288 0.5
      vertex -21.1176 -14.6436 0.5
    endloop
  endfacet
  facet normal 0.618125 -0.349235 -0.704242
    outer loop
      vertex -21.4781 -14.2734 0
      vertex -21.1176 -14.6436 0.5
      vertex -21.6185 -14.5219 0
    endloop
  endfacet
  facet normal 0.634472 -0.305558 -0.709986
    outer loop
      vertex -21.6185 -14.5219 0
      vertex -21.1176 -14.6436 0.5
      vertex -21.2288 -14.8745 0.5
    endloop
  endfacet
  facet normal 0.653857 -0.276211 -0.7044
    outer loop
      vertex -21.6185 -14.5219 0
      vertex -21.2288 -14.8745 0.5
      vertex -21.7296 -14.7849 0
    endloop
  endfacet
  facet normal 0.668692 -0.222164 -0.709573
    outer loop
      vertex -21.7296 -14.7849 0
      vertex -21.2288 -14.8745 0.5
      vertex -21.3096 -15.1177 0.5
    endloop
  endfacet
  facet normal 0.680702 -0.199812 -0.704784
    outer loop
      vertex -21.7296 -14.7849 0
      vertex -21.3096 -15.1177 0.5
      vertex -21.81 -15.0588 0
    endloop
  endfacet
  facet normal 0.692373 -0.134896 -0.708818
    outer loop
      vertex -21.81 -15.0588 0
      vertex -21.3096 -15.1177 0.5
      vertex -21.3586 -15.3692 0.5
    endloop
  endfacet
  facet normal 0.698306 -0.120937 -0.705509
    outer loop
      vertex -21.81 -15.0588 0
      vertex -21.3586 -15.3692 0.5
      vertex -21.8587 -15.34 0
    endloop
  endfacet
  facet normal 0.704992 -0.0451989 -0.707773
    outer loop
      vertex -21.8587 -15.34 0
      vertex -21.3586 -15.3692 0.5
      vertex -21.375 -15.625 0.5
    endloop
  endfacet
  facet normal -0.998838 0.0481973 1.24451e-19
    outer loop
      vertex -15.8913 -15.9628 6.25
      vertex -15.875 -15.625 10
      vertex -15.875 -15.625 6.25
    endloop
  endfacet
  facet normal -0.998838 -0.0481973 0
    outer loop
      vertex -15.875 -15.625 6.25
      vertex -15.875 -15.625 10
      vertex -15.8913 -15.2872 10
    endloop
  endfacet
  facet normal -0.998838 -0.0481973 -1.24451e-19
    outer loop
      vertex -15.875 -15.625 6.25
      vertex -15.8913 -15.2872 10
      vertex -15.8913 -15.2872 6.25
    endloop
  endfacet
  facet normal -0.989489 -0.144609 0
    outer loop
      vertex -15.8913 -15.2872 6.25
      vertex -15.8913 -15.2872 10
      vertex -15.9402 -14.9526 10
    endloop
  endfacet
  facet normal -0.989489 -0.144609 -7.05245e-20
    outer loop
      vertex -15.8913 -15.2872 6.25
      vertex -15.9402 -14.9526 10
      vertex -15.9402 -14.9526 6.25
    endloop
  endfacet
  facet normal -0.970972 -0.239195 0
    outer loop
      vertex -15.9402 -14.9526 6.25
      vertex -15.9402 -14.9526 10
      vertex -16.0211 -14.6242 10
    endloop
  endfacet
  facet normal -0.970972 -0.239195 1.28635e-19
    outer loop
      vertex -15.9402 -14.9526 6.25
      vertex -16.0211 -14.6242 10
      vertex -16.0211 -14.6242 6.25
    endloop
  endfacet
  facet normal -0.943258 -0.332062 0
    outer loop
      vertex -16.0211 -14.6242 6.25
      vertex -16.0211 -14.6242 10
      vertex -16.1334 -14.3052 10
    endloop
  endfacet
  facet normal -0.943258 -0.332062 1.83055e-18
    outer loop
      vertex -16.0211 -14.6242 6.25
      vertex -16.1334 -14.3052 10
      vertex -16.1334 -14.3052 6.25
    endloop
  endfacet
  facet normal -0.906892 -0.421363 0
    outer loop
      vertex -16.1334 -14.3052 6.25
      vertex -16.1334 -14.3052 10
      vertex -16.2759 -13.9985 10
    endloop
  endfacet
  facet normal -0.906892 -0.421363 -1.67102e-18
    outer loop
      vertex -16.1334 -14.3052 6.25
      vertex -16.2759 -13.9985 10
      vertex -16.2759 -13.9985 6.25
    endloop
  endfacet
  facet normal -0.861896 -0.507085 0
    outer loop
      vertex -16.2759 -13.9985 6.25
      vertex -16.2759 -13.9985 10
      vertex -16.4474 -13.707 10
    endloop
  endfacet
  facet normal -0.861896 -0.507085 9.46458e-19
    outer loop
      vertex -16.2759 -13.9985 6.25
      vertex -16.4474 -13.707 10
      vertex -16.4474 -13.707 6.25
    endloop
  endfacet
  facet normal -0.809132 -0.587626 0
    outer loop
      vertex -16.4474 -13.707 6.25
      vertex -16.4474 -13.707 10
      vertex -16.6461 -13.4334 10
    endloop
  endfacet
  facet normal -0.809132 -0.587626 -1.19028e-18
    outer loop
      vertex -16.4474 -13.707 6.25
      vertex -16.6461 -13.4334 10
      vertex -16.6461 -13.4334 6.25
    endloop
  endfacet
  facet normal -0.748534 -0.663097 0
    outer loop
      vertex -16.6461 -13.4334 6.25
      vertex -16.6461 -13.4334 10
      vertex -16.8704 -13.1802 10
    endloop
  endfacet
  facet normal -0.748534 -0.663097 -5.93594e-19
    outer loop
      vertex -16.6461 -13.4334 6.25
      vertex -16.8704 -13.1802 10
      vertex -16.8704 -13.1802 6.25
    endloop
  endfacet
  facet normal -0.680916 -0.732362 0
    outer loop
      vertex -16.8704 -13.1802 6.25
      vertex -16.8704 -13.1802 10
      vertex -17.1181 -12.9499 10
    endloop
  endfacet
  facet normal -0.680916 -0.732362 -4.07252e-19
    outer loop
      vertex -16.8704 -13.1802 6.25
      vertex -17.1181 -12.9499 10
      vertex -17.1181 -12.9499 6.25
    endloop
  endfacet
  facet normal -0.607121 -0.79461 0
    outer loop
      vertex -17.1181 -12.9499 6.25
      vertex -17.1181 -12.9499 10
      vertex -17.3868 -12.7446 10
    endloop
  endfacet
  facet normal -0.607121 -0.79461 -2.03145e-18
    outer loop
      vertex -17.1181 -12.9499 6.25
      vertex -17.3868 -12.7446 10
      vertex -17.3868 -12.7446 6.25
    endloop
  endfacet
  facet normal -0.527738 -0.849407 0
    outer loop
      vertex -17.3868 -12.7446 6.25
      vertex -17.3868 -12.7446 10
      vertex -17.6741 -12.5661 10
    endloop
  endfacet
  facet normal -0.527738 -0.849407 2.67717e-18
    outer loop
      vertex -17.3868 -12.7446 6.25
      vertex -17.6741 -12.5661 10
      vertex -17.6741 -12.5661 6.25
    endloop
  endfacet
  facet normal -0.443306 -0.896371 0
    outer loop
      vertex -17.6741 -12.5661 6.25
      vertex -17.6741 -12.5661 10
      vertex -17.9772 -12.4162 10
    endloop
  endfacet
  facet normal -0.443306 -0.896371 -2.73062e-18
    outer loop
      vertex -17.6741 -12.5661 6.25
      vertex -17.9772 -12.4162 10
      vertex -17.9772 -12.4162 6.25
    endloop
  endfacet
  facet normal -0.354556 -0.935035 0
    outer loop
      vertex -17.9772 -12.4162 6.25
      vertex -17.9772 -12.4162 10
      vertex -18.2934 -12.2963 10
    endloop
  endfacet
  facet normal -0.354556 -0.935035 -2.31293e-18
    outer loop
      vertex -17.9772 -12.4162 6.25
      vertex -18.2934 -12.2963 10
      vertex -18.2934 -12.2963 6.25
    endloop
  endfacet
  facet normal -0.262517 -0.964927 0
    outer loop
      vertex -18.2934 -12.2963 6.25
      vertex -18.2934 -12.2963 10
      vertex -18.6198 -12.2075 10
    endloop
  endfacet
  facet normal -0.262517 -0.964927 1.3037e-18
    outer loop
      vertex -18.2934 -12.2963 6.25
      vertex -18.6198 -12.2075 10
      vertex -18.6198 -12.2075 6.25
    endloop
  endfacet
  facet normal -0.16857 -0.98569 0
    outer loop
      vertex -18.6198 -12.2075 6.25
      vertex -18.6198 -12.2075 10
      vertex -18.9531 -12.1505 10
    endloop
  endfacet
  facet normal -0.16857 -0.98569 -2.96358e-19
    outer loop
      vertex -18.6198 -12.2075 6.25
      vertex -18.9531 -12.1505 10
      vertex -18.9531 -12.1505 6.25
    endloop
  endfacet
  facet normal -0.0724448 -0.997372 0
    outer loop
      vertex -18.9531 -12.1505 6.25
      vertex -18.9531 -12.1505 10
      vertex -19.2904 -12.126 10
    endloop
  endfacet
  facet normal -0.0724448 -0.997372 -1.95728e-19
    outer loop
      vertex -18.9531 -12.1505 6.25
      vertex -19.2904 -12.126 10
      vertex -19.2904 -12.126 6.25
    endloop
  endfacet
  facet normal 0.024246 -0.999706 0
    outer loop
      vertex -19.2904 -12.126 6.25
      vertex -19.2904 -12.126 10
      vertex -19.6285 -12.1342 10
    endloop
  endfacet
  facet normal 0.024246 -0.999706 -1.16812e-19
    outer loop
      vertex -19.2904 -12.126 6.25
      vertex -19.6285 -12.1342 10
      vertex -19.6285 -12.1342 6.25
    endloop
  endfacet
  facet normal 0.120649 -0.992695 0
    outer loop
      vertex -19.6285 -12.1342 6.25
      vertex -19.6285 -12.1342 10
      vertex -19.9642 -12.175 10
    endloop
  endfacet
  facet normal 0.120649 -0.992695 -6.23793e-20
    outer loop
      vertex -19.6285 -12.1342 6.25
      vertex -19.9642 -12.175 10
      vertex -19.9642 -12.175 6.25
    endloop
  endfacet
  facet normal 0.215522 -0.976499 0
    outer loop
      vertex -19.9642 -12.175 6.25
      vertex -19.9642 -12.175 10
      vertex -20.2945 -12.2479 10
    endloop
  endfacet
  facet normal 0.215522 -0.976499 -5.6359e-19
    outer loop
      vertex -19.9642 -12.175 6.25
      vertex -20.2945 -12.2479 10
      vertex -20.2945 -12.2479 6.25
    endloop
  endfacet
  facet normal 0.309033 -0.951051 0
    outer loop
      vertex -20.2945 -12.2479 6.25
      vertex -20.2945 -12.2479 10
      vertex -20.6161 -12.3524 10
    endloop
  endfacet
  facet normal 0.309033 -0.951051 -2.59526e-18
    outer loop
      vertex -20.2945 -12.2479 6.25
      vertex -20.6161 -12.3524 10
      vertex -20.6161 -12.3524 6.25
    endloop
  endfacet
  facet normal 0.399407 -0.916774 0
    outer loop
      vertex -20.6161 -12.3524 6.25
      vertex -20.6161 -12.3524 10
      vertex -20.9262 -12.4875 10
    endloop
  endfacet
  facet normal 0.399407 -0.916774 -1.29136e-18
    outer loop
      vertex -20.6161 -12.3524 6.25
      vertex -20.9262 -12.4875 10
      vertex -20.9262 -12.4875 6.25
    endloop
  endfacet
  facet normal 0.48617 -0.873864 0
    outer loop
      vertex -20.9262 -12.4875 6.25
      vertex -20.9262 -12.4875 10
      vertex -21.2217 -12.6519 10
    endloop
  endfacet
  facet normal 0.48617 -0.873864 -1.94001e-18
    outer loop
      vertex -20.9262 -12.4875 6.25
      vertex -21.2217 -12.6519 10
      vertex -21.2217 -12.6519 6.25
    endloop
  endfacet
  facet normal 0.567933 -0.823075 0
    outer loop
      vertex -21.2217 -12.6519 6.25
      vertex -21.2217 -12.6519 10
      vertex -21.5001 -12.844 10
    endloop
  endfacet
  facet normal 0.567933 -0.823075 2.3287e-18
    outer loop
      vertex -21.2217 -12.6519 6.25
      vertex -21.5001 -12.844 10
      vertex -21.5001 -12.844 6.25
    endloop
  endfacet
  facet normal 0.644855 -0.764305 0
    outer loop
      vertex -21.5001 -12.844 6.25
      vertex -21.5001 -12.844 10
      vertex -21.7586 -13.0621 10
    endloop
  endfacet
  facet normal 0.644855 -0.764305 2.37929e-18
    outer loop
      vertex -21.5001 -12.844 6.25
      vertex -21.7586 -13.0621 10
      vertex -21.7586 -13.0621 6.25
    endloop
  endfacet
  facet normal 0.715631 -0.698479 0
    outer loop
      vertex -21.7586 -13.0621 6.25
      vertex -21.7586 -13.0621 10
      vertex -21.9948 -13.3041 10
    endloop
  endfacet
  facet normal 0.715631 -0.698479 -2.62795e-18
    outer loop
      vertex -21.7586 -13.0621 6.25
      vertex -21.9948 -13.3041 10
      vertex -21.9948 -13.3041 6.25
    endloop
  endfacet
  facet normal 0.779656 -0.626208 0
    outer loop
      vertex -21.9948 -13.3041 6.25
      vertex -21.9948 -13.3041 10
      vertex -22.2066 -13.5678 10
    endloop
  endfacet
  facet normal 0.779656 -0.626208 -1.3521e-18
    outer loop
      vertex -21.9948 -13.3041 6.25
      vertex -22.2066 -13.5678 10
      vertex -22.2066 -13.5678 6.25
    endloop
  endfacet
  facet normal 0.836438 -0.548062 0
    outer loop
      vertex -22.2066 -13.5678 6.25
      vertex -22.2066 -13.5678 10
      vertex -22.3919 -13.8506 10
    endloop
  endfacet
  facet normal 0.836438 -0.548062 -5.00637e-19
    outer loop
      vertex -22.2066 -13.5678 6.25
      vertex -22.3919 -13.8506 10
      vertex -22.3919 -13.8506 6.25
    endloop
  endfacet
  facet normal 0.885444 -0.464747 0
    outer loop
      vertex -22.3919 -13.8506 6.25
      vertex -22.3919 -13.8506 10
      vertex -22.5491 -14.1501 10
    endloop
  endfacet
  facet normal 0.885444 -0.464747 7.45031e-20
    outer loop
      vertex -22.3919 -13.8506 6.25
      vertex -22.5491 -14.1501 10
      vertex -22.5491 -14.1501 6.25
    endloop
  endfacet
  facet normal 0.926196 -0.377043 0
    outer loop
      vertex -22.5491 -14.1501 6.25
      vertex -22.5491 -14.1501 10
      vertex -22.6766 -14.4633 10
    endloop
  endfacet
  facet normal 0.926196 -0.377043 -3.88375e-19
    outer loop
      vertex -22.5491 -14.1501 6.25
      vertex -22.6766 -14.4633 10
      vertex -22.6766 -14.4633 6.25
    endloop
  endfacet
  facet normal 0.958257 -0.28591 0
    outer loop
      vertex -22.6766 -14.4633 6.25
      vertex -22.6766 -14.4633 10
      vertex -22.7733 -14.7874 10
    endloop
  endfacet
  facet normal 0.958257 -0.28591 2.06036e-19
    outer loop
      vertex -22.6766 -14.4633 6.25
      vertex -22.7733 -14.7874 10
      vertex -22.7733 -14.7874 6.25
    endloop
  endfacet
  facet normal 0.981358 -0.192191 0
    outer loop
      vertex -22.7733 -14.7874 6.25
      vertex -22.7733 -14.7874 10
      vertex -22.8383 -15.1193 10
    endloop
  endfacet
  facet normal 0.981358 -0.192191 -3.51204e-19
    outer loop
      vertex -22.7733 -14.7874 6.25
      vertex -22.8383 -15.1193 10
      vertex -22.8383 -15.1193 6.25
    endloop
  endfacet
  facet normal 0.995343 -0.0963998 0
    outer loop
      vertex -22.8383 -15.1193 6.25
      vertex -22.8383 -15.1193 10
      vertex -22.8709 -15.4559 10
    endloop
  endfacet
  facet normal 0.995343 -0.0963998 -6.54145e-21
    outer loop
      vertex -22.8383 -15.1193 6.25
      vertex -22.8709 -15.4559 10
      vertex -22.8709 -15.4559 6.25
    endloop
  endfacet
  facet normal 1 0 -0
    outer loop
      vertex -22.8709 -15.4559 6.25
      vertex -22.8709 -15.4559 10
      vertex -22.8709 -15.7941 10
    endloop
  endfacet
  facet normal 1 0 0
    outer loop
      vertex -22.8709 -15.4559 6.25
      vertex -22.8709 -15.7941 10
      vertex -22.8709 -15.7941 6.25
    endloop
  endfacet
  facet normal 0.995343 0.0963998 -0
    outer loop
      vertex -22.8709 -15.7941 6.25
      vertex -22.8709 -15.7941 10
      vertex -22.8383 -16.1307 10
    endloop
  endfacet
  facet normal 0.995343 0.0963998 -5.16547e-19
    outer loop
      vertex -22.8709 -15.7941 6.25
      vertex -22.8383 -16.1307 10
      vertex -22.8383 -16.1307 6.25
    endloop
  endfacet
  facet normal 0.981358 0.192191 -0
    outer loop
      vertex -22.8383 -16.1307 6.25
      vertex -22.8383 -16.1307 10
      vertex -22.7733 -16.4626 10
    endloop
  endfacet
  facet normal 0.981358 0.192191 -8.5245e-19
    outer loop
      vertex -22.8383 -16.1307 6.25
      vertex -22.7733 -16.4626 10
      vertex -22.7733 -16.4626 6.25
    endloop
  endfacet
  facet normal 0.958257 0.28591 -0
    outer loop
      vertex -22.7733 -16.4626 6.25
      vertex -22.7733 -16.4626 10
      vertex -22.6766 -16.7867 10
    endloop
  endfacet
  facet normal 0.958257 0.28591 1.13325e-18
    outer loop
      vertex -22.7733 -16.4626 6.25
      vertex -22.6766 -16.7867 10
      vertex -22.6766 -16.7867 6.25
    endloop
  endfacet
  facet normal 0.926196 0.377043 -0
    outer loop
      vertex -22.6766 -16.7867 6.25
      vertex -22.6766 -16.7867 10
      vertex -22.5491 -17.0999 10
    endloop
  endfacet
  facet normal 0.926196 0.377043 2.35827e-18
    outer loop
      vertex -22.6766 -16.7867 6.25
      vertex -22.5491 -17.0999 10
      vertex -22.5491 -17.0999 6.25
    endloop
  endfacet
  facet normal 0.885444 0.464747 -0
    outer loop
      vertex -22.5491 -17.0999 6.25
      vertex -22.5491 -17.0999 10
      vertex -22.3919 -17.3994 10
    endloop
  endfacet
  facet normal 0.885444 0.464747 1.25591e-18
    outer loop
      vertex -22.5491 -17.0999 6.25
      vertex -22.3919 -17.3994 10
      vertex -22.3919 -17.3994 6.25
    endloop
  endfacet
  facet normal 0.836438 0.548062 -0
    outer loop
      vertex -22.3919 -17.3994 6.25
      vertex -22.3919 -17.3994 10
      vertex -22.2066 -17.6822 10
    endloop
  endfacet
  facet normal 0.836438 0.548062 -1.8899e-18
    outer loop
      vertex -22.3919 -17.3994 6.25
      vertex -22.2066 -17.6822 10
      vertex -22.2066 -17.6822 6.25
    endloop
  endfacet
  facet normal 0.779656 0.626208 -0
    outer loop
      vertex -22.2066 -17.6822 6.25
      vertex -22.2066 -17.6822 10
      vertex -21.9948 -17.9459 10
    endloop
  endfacet
  facet normal 0.779656 0.626208 1.3521e-18
    outer loop
      vertex -22.2066 -17.6822 6.25
      vertex -21.9948 -17.9459 10
      vertex -21.9948 -17.9459 6.25
    endloop
  endfacet
  facet normal 0.715631 0.698479 -0
    outer loop
      vertex -21.9948 -17.9459 6.25
      vertex -21.9948 -17.9459 10
      vertex -21.7586 -18.1879 10
    endloop
  endfacet
  facet normal 0.715631 0.698479 2.269e-18
    outer loop
      vertex -21.9948 -17.9459 6.25
      vertex -21.7586 -18.1879 10
      vertex -21.7586 -18.1879 6.25
    endloop
  endfacet
  facet normal 0.644855 0.764305 -0
    outer loop
      vertex -21.7586 -18.1879 6.25
      vertex -21.7586 -18.1879 10
      vertex -21.5001 -18.406 10
    endloop
  endfacet
  facet normal 0.644855 0.764305 -2.37929e-18
    outer loop
      vertex -21.7586 -18.1879 6.25
      vertex -21.5001 -18.406 10
      vertex -21.5001 -18.406 6.25
    endloop
  endfacet
  facet normal 0.567933 0.823075 -0
    outer loop
      vertex -21.5001 -18.406 6.25
      vertex -21.5001 -18.406 10
      vertex -21.2217 -18.5981 10
    endloop
  endfacet
  facet normal 0.567933 0.823075 -2.3287e-18
    outer loop
      vertex -21.5001 -18.406 6.25
      vertex -21.2217 -18.5981 10
      vertex -21.2217 -18.5981 6.25
    endloop
  endfacet
  facet normal 0.48617 0.873864 -0
    outer loop
      vertex -21.2217 -18.5981 6.25
      vertex -21.2217 -18.5981 10
      vertex -20.9262 -18.7625 10
    endloop
  endfacet
  facet normal 0.48617 0.873864 -1.60584e-18
    outer loop
      vertex -21.2217 -18.5981 6.25
      vertex -20.9262 -18.7625 10
      vertex -20.9262 -18.7625 6.25
    endloop
  endfacet
  facet normal 0.399407 0.916774 -0
    outer loop
      vertex -20.9262 -18.7625 6.25
      vertex -20.9262 -18.7625 10
      vertex -20.6161 -18.8976 10
    endloop
  endfacet
  facet normal 0.399407 0.916774 1.29136e-18
    outer loop
      vertex -20.9262 -18.7625 6.25
      vertex -20.6161 -18.8976 10
      vertex -20.6161 -18.8976 6.25
    endloop
  endfacet
  facet normal 0.309033 0.951051 -0
    outer loop
      vertex -20.6161 -18.8976 6.25
      vertex -20.6161 -18.8976 10
      vertex -20.2945 -19.0021 10
    endloop
  endfacet
  facet normal 0.309033 0.951051 -1.07318e-18
    outer loop
      vertex -20.6161 -18.8976 6.25
      vertex -20.2945 -19.0021 10
      vertex -20.2945 -19.0021 6.25
    endloop
  endfacet
  facet normal 0.215522 0.976499 -0
    outer loop
      vertex -20.2945 -19.0021 6.25
      vertex -20.2945 -19.0021 10
      vertex -19.9642 -19.075 10
    endloop
  endfacet
  facet normal 0.215522 0.976499 2.52869e-19
    outer loop
      vertex -20.2945 -19.0021 6.25
      vertex -19.9642 -19.075 10
      vertex -19.9642 -19.075 6.25
    endloop
  endfacet
  facet normal 0.120649 0.992695 -0
    outer loop
      vertex -19.9642 -19.075 6.25
      vertex -19.9642 -19.075 10
      vertex -19.6285 -19.1158 10
    endloop
  endfacet
  facet normal 0.120649 0.992695 6.23793e-20
    outer loop
      vertex -19.9642 -19.075 6.25
      vertex -19.6285 -19.1158 10
      vertex -19.6285 -19.1158 6.25
    endloop
  endfacet
  facet normal 0.024246 0.999706 -0
    outer loop
      vertex -19.6285 -19.1158 6.25
      vertex -19.6285 -19.1158 10
      vertex -19.2904 -19.124 10
    endloop
  endfacet
  facet normal 0.024246 0.999706 6.81183e-20
    outer loop
      vertex -19.6285 -19.1158 6.25
      vertex -19.2904 -19.124 10
      vertex -19.2904 -19.124 6.25
    endloop
  endfacet
  facet normal -0.0724448 0.997372 0
    outer loop
      vertex -19.2904 -19.124 6.25
      vertex -19.2904 -19.124 10
      vertex -18.9531 -19.0995 10
    endloop
  endfacet
  facet normal -0.0724448 0.997372 1.95728e-19
    outer loop
      vertex -19.2904 -19.124 6.25
      vertex -18.9531 -19.0995 10
      vertex -18.9531 -19.0995 6.25
    endloop
  endfacet
  facet normal -0.16857 0.98569 0
    outer loop
      vertex -18.9531 -19.0995 6.25
      vertex -18.9531 -19.0995 10
      vertex -18.6198 -19.0425 10
    endloop
  endfacet
  facet normal -0.16857 0.98569 1.25509e-18
    outer loop
      vertex -18.9531 -19.0995 6.25
      vertex -18.6198 -19.0425 10
      vertex -18.6198 -19.0425 6.25
    endloop
  endfacet
  facet normal -0.262517 0.964927 0
    outer loop
      vertex -18.6198 -19.0425 6.25
      vertex -18.6198 -19.0425 10
      vertex -18.2934 -18.9537 10
    endloop
  endfacet
  facet normal -0.262517 0.964927 1.11194e-18
    outer loop
      vertex -18.6198 -19.0425 6.25
      vertex -18.2934 -18.9537 10
      vertex -18.2934 -18.9537 6.25
    endloop
  endfacet
  facet normal -0.354556 0.935035 0
    outer loop
      vertex -18.2934 -18.9537 6.25
      vertex -18.2934 -18.9537 10
      vertex -17.9772 -18.8338 10
    endloop
  endfacet
  facet normal -0.354556 0.935035 2.02402e-18
    outer loop
      vertex -18.2934 -18.9537 6.25
      vertex -17.9772 -18.8338 10
      vertex -17.9772 -18.8338 6.25
    endloop
  endfacet
  facet normal -0.443306 0.896371 0
    outer loop
      vertex -17.9772 -18.8338 6.25
      vertex -17.9772 -18.8338 10
      vertex -17.6741 -18.6839 10
    endloop
  endfacet
  facet normal -0.443306 0.896371 -5.17667e-19
    outer loop
      vertex -17.9772 -18.8338 6.25
      vertex -17.6741 -18.6839 10
      vertex -17.6741 -18.6839 6.25
    endloop
  endfacet
  facet normal -0.527738 0.849407 0
    outer loop
      vertex -17.6741 -18.6839 6.25
      vertex -17.6741 -18.6839 10
      vertex -17.3868 -18.5054 10
    endloop
  endfacet
  facet normal -0.527738 0.849407 -2.67717e-18
    outer loop
      vertex -17.6741 -18.6839 6.25
      vertex -17.3868 -18.5054 10
      vertex -17.3868 -18.5054 6.25
    endloop
  endfacet
  facet normal -0.607121 0.79461 0
    outer loop
      vertex -17.3868 -18.5054 6.25
      vertex -17.3868 -18.5054 10
      vertex -17.1181 -18.3001 10
    endloop
  endfacet
  facet normal -0.607121 0.79461 8.67015e-19
    outer loop
      vertex -17.3868 -18.5054 6.25
      vertex -17.1181 -18.3001 10
      vertex -17.1181 -18.3001 6.25
    endloop
  endfacet
  facet normal -0.680916 0.732362 0
    outer loop
      vertex -17.1181 -18.3001 6.25
      vertex -17.1181 -18.3001 10
      vertex -16.8704 -18.0698 10
    endloop
  endfacet
  facet normal -0.680916 0.732362 4.07252e-19
    outer loop
      vertex -17.1181 -18.3001 6.25
      vertex -16.8704 -18.0698 10
      vertex -16.8704 -18.0698 6.25
    endloop
  endfacet
  facet normal -0.748534 0.663097 0
    outer loop
      vertex -16.8704 -18.0698 6.25
      vertex -16.8704 -18.0698 10
      vertex -16.6461 -17.8166 10
    endloop
  endfacet
  facet normal -0.748534 0.663097 -1.70828e-18
    outer loop
      vertex -16.8704 -18.0698 6.25
      vertex -16.6461 -17.8166 10
      vertex -16.6461 -17.8166 6.25
    endloop
  endfacet
  facet normal -0.809132 0.587626 0
    outer loop
      vertex -16.6461 -17.8166 6.25
      vertex -16.6461 -17.8166 10
      vertex -16.4474 -17.543 10
    endloop
  endfacet
  facet normal -0.809132 0.587626 4.63567e-19
    outer loop
      vertex -16.6461 -17.8166 6.25
      vertex -16.4474 -17.543 10
      vertex -16.4474 -17.543 6.25
    endloop
  endfacet
  facet normal -0.861896 0.507085 0
    outer loop
      vertex -16.4474 -17.543 6.25
      vertex -16.4474 -17.543 10
      vertex -16.2759 -17.2515 10
    endloop
  endfacet
  facet normal -0.861896 0.507085 -9.46458e-19
    outer loop
      vertex -16.4474 -17.543 6.25
      vertex -16.2759 -17.2515 10
      vertex -16.2759 -17.2515 6.25
    endloop
  endfacet
  facet normal -0.906892 0.421363 0
    outer loop
      vertex -16.2759 -17.2515 6.25
      vertex -16.2759 -17.2515 10
      vertex -16.1334 -16.9448 10
    endloop
  endfacet
  facet normal -0.906892 0.421363 1.67102e-18
    outer loop
      vertex -16.2759 -17.2515 6.25
      vertex -16.1334 -16.9448 10
      vertex -16.1334 -16.9448 6.25
    endloop
  endfacet
  facet normal -0.943258 0.332062 0
    outer loop
      vertex -16.1334 -16.9448 6.25
      vertex -16.1334 -16.9448 10
      vertex -16.0211 -16.6258 10
    endloop
  endfacet
  facet normal -0.943258 0.332062 -4.56131e-19
    outer loop
      vertex -16.1334 -16.9448 6.25
      vertex -16.0211 -16.6258 10
      vertex -16.0211 -16.6258 6.25
    endloop
  endfacet
  facet normal -0.970972 0.239195 0
    outer loop
      vertex -16.0211 -16.6258 6.25
      vertex -16.0211 -16.6258 10
      vertex -15.9402 -16.2974 10
    endloop
  endfacet
  facet normal -0.970972 0.239195 1.02245e-18
    outer loop
      vertex -16.0211 -16.6258 6.25
      vertex -15.9402 -16.2974 10
      vertex -15.9402 -16.2974 6.25
    endloop
  endfacet
  facet normal -0.989489 0.144609 0
    outer loop
      vertex -15.9402 -16.2974 6.25
      vertex -15.9402 -16.2974 10
      vertex -15.8913 -15.9628 10
    endloop
  endfacet
  facet normal -0.989489 0.144609 7.05245e-20
    outer loop
      vertex -15.9402 -16.2974 6.25
      vertex -15.8913 -15.9628 10
      vertex -15.8913 -15.9628 6.25
    endloop
  endfacet
  facet normal -0.998838 0.0481973 0
    outer loop
      vertex -15.8913 -15.9628 6.25
      vertex -15.8913 -15.9628 10
      vertex -15.875 -15.625 10
    endloop
  endfacet
  facet normal -0.998838 0.0481973 2.59046e-19
    outer loop
      vertex 22.8587 22.7872 6.25
      vertex 22.875 23.125 10
      vertex 22.875 23.125 6.25
    endloop
  endfacet
  facet normal -0.998838 -0.0481973 0
    outer loop
      vertex 22.875 23.125 6.25
      vertex 22.875 23.125 10
      vertex 22.8587 23.4628 10
    endloop
  endfacet
  facet normal -0.998838 -0.0481973 -2.59046e-19
    outer loop
      vertex 22.875 23.125 6.25
      vertex 22.8587 23.4628 10
      vertex 22.8587 23.4628 6.25
    endloop
  endfacet
  facet normal -0.989489 -0.144609 0
    outer loop
      vertex 22.8587 23.4628 6.25
      vertex 22.8587 23.4628 10
      vertex 22.8098 23.7974 10
    endloop
  endfacet
  facet normal -0.989489 -0.144609 8.92543e-19
    outer loop
      vertex 22.8587 23.4628 6.25
      vertex 22.8098 23.7974 10
      vertex 22.8098 23.7974 6.25
    endloop
  endfacet
  facet normal -0.970972 -0.239195 0
    outer loop
      vertex 22.8098 23.7974 6.25
      vertex 22.8098 23.7974 10
      vertex 22.7289 24.1258 10
    endloop
  endfacet
  facet normal -0.970972 -0.239195 -1.02245e-18
    outer loop
      vertex 22.8098 23.7974 6.25
      vertex 22.7289 24.1258 10
      vertex 22.7289 24.1258 6.25
    endloop
  endfacet
  facet normal -0.943258 -0.332062 0
    outer loop
      vertex 22.7289 24.1258 6.25
      vertex 22.7289 24.1258 10
      vertex 22.6166 24.4448 10
    endloop
  endfacet
  facet normal -0.943258 -0.332062 4.56131e-19
    outer loop
      vertex 22.7289 24.1258 6.25
      vertex 22.6166 24.4448 10
      vertex 22.6166 24.4448 6.25
    endloop
  endfacet
  facet normal -0.906892 -0.421363 0
    outer loop
      vertex 22.6166 24.4448 6.25
      vertex 22.6166 24.4448 10
      vertex 22.4741 24.7515 10
    endloop
  endfacet
  facet normal -0.906892 -0.421363 -1.67102e-18
    outer loop
      vertex 22.6166 24.4448 6.25
      vertex 22.4741 24.7515 10
      vertex 22.4741 24.7515 6.25
    endloop
  endfacet
  facet normal -0.861896 -0.507085 0
    outer loop
      vertex 22.4741 24.7515 6.25
      vertex 22.4741 24.7515 10
      vertex 22.3026 25.043 10
    endloop
  endfacet
  facet normal -0.861896 -0.507085 9.46458e-19
    outer loop
      vertex 22.4741 24.7515 6.25
      vertex 22.3026 25.043 10
      vertex 22.3026 25.043 6.25
    endloop
  endfacet
  facet normal -0.809132 -0.587626 0
    outer loop
      vertex 22.3026 25.043 6.25
      vertex 22.3026 25.043 10
      vertex 22.1039 25.3166 10
    endloop
  endfacet
  facet normal -0.809132 -0.587626 -4.63567e-19
    outer loop
      vertex 22.3026 25.043 6.25
      vertex 22.1039 25.3166 10
      vertex 22.1039 25.3166 6.25
    endloop
  endfacet
  facet normal -0.748534 -0.663097 0
    outer loop
      vertex 22.1039 25.3166 6.25
      vertex 22.1039 25.3166 10
      vertex 21.8796 25.5698 10
    endloop
  endfacet
  facet normal -0.748534 -0.663097 1.70828e-18
    outer loop
      vertex 22.1039 25.3166 6.25
      vertex 21.8796 25.5698 10
      vertex 21.8796 25.5698 6.25
    endloop
  endfacet
  facet normal -0.680916 -0.732362 0
    outer loop
      vertex 21.8796 25.5698 6.25
      vertex 21.8796 25.5698 10
      vertex 21.6319 25.8001 10
    endloop
  endfacet
  facet normal -0.680916 -0.732362 -4.07252e-19
    outer loop
      vertex 21.8796 25.5698 6.25
      vertex 21.6319 25.8001 10
      vertex 21.6319 25.8001 6.25
    endloop
  endfacet
  facet normal -0.607121 -0.79461 0
    outer loop
      vertex 21.6319 25.8001 6.25
      vertex 21.6319 25.8001 10
      vertex 21.3632 26.0054 10
    endloop
  endfacet
  facet normal -0.607121 -0.79461 -8.67015e-19
    outer loop
      vertex 21.6319 25.8001 6.25
      vertex 21.3632 26.0054 10
      vertex 21.3632 26.0054 6.25
    endloop
  endfacet
  facet normal -0.527738 -0.849407 0
    outer loop
      vertex 21.3632 26.0054 6.25
      vertex 21.3632 26.0054 10
      vertex 21.0759 26.1839 10
    endloop
  endfacet
  facet normal -0.527738 -0.849407 2.67717e-18
    outer loop
      vertex 21.3632 26.0054 6.25
      vertex 21.0759 26.1839 10
      vertex 21.0759 26.1839 6.25
    endloop
  endfacet
  facet normal -0.443306 -0.896371 0
    outer loop
      vertex 21.0759 26.1839 6.25
      vertex 21.0759 26.1839 10
      vertex 20.7728 26.3338 10
    endloop
  endfacet
  facet normal -0.443306 -0.896371 5.17667e-19
    outer loop
      vertex 21.0759 26.1839 6.25
      vertex 20.7728 26.3338 10
      vertex 20.7728 26.3338 6.25
    endloop
  endfacet
  facet normal -0.354556 -0.935035 0
    outer loop
      vertex 20.7728 26.3338 6.25
      vertex 20.7728 26.3338 10
      vertex 20.4566 26.4537 10
    endloop
  endfacet
  facet normal -0.354556 -0.935035 -2.02402e-18
    outer loop
      vertex 20.7728 26.3338 6.25
      vertex 20.4566 26.4537 10
      vertex 20.4566 26.4537 6.25
    endloop
  endfacet
  facet normal -0.262517 -0.964927 0
    outer loop
      vertex 20.4566 26.4537 6.25
      vertex 20.4566 26.4537 10
      vertex 20.1302 26.5425 10
    endloop
  endfacet
  facet normal -0.262517 -0.964927 -1.11194e-18
    outer loop
      vertex 20.4566 26.4537 6.25
      vertex 20.1302 26.5425 10
      vertex 20.1302 26.5425 6.25
    endloop
  endfacet
  facet normal -0.16857 -0.98569 0
    outer loop
      vertex 20.1302 26.5425 6.25
      vertex 20.1302 26.5425 10
      vertex 19.7969 26.5995 10
    endloop
  endfacet
  facet normal -0.16857 -0.98569 -1.25509e-18
    outer loop
      vertex 20.1302 26.5425 6.25
      vertex 19.7969 26.5995 10
      vertex 19.7969 26.5995 6.25
    endloop
  endfacet
  facet normal -0.0724448 -0.997372 0
    outer loop
      vertex 19.7969 26.5995 6.25
      vertex 19.7969 26.5995 10
      vertex 19.4596 26.624 10
    endloop
  endfacet
  facet normal -0.0724448 -0.997372 -1.95728e-19
    outer loop
      vertex 19.7969 26.5995 6.25
      vertex 19.4596 26.624 10
      vertex 19.4596 26.624 6.25
    endloop
  endfacet
  facet normal 0.024246 -0.999706 0
    outer loop
      vertex 19.4596 26.624 6.25
      vertex 19.4596 26.624 10
      vertex 19.1215 26.6158 10
    endloop
  endfacet
  facet normal 0.024246 -0.999706 -6.81183e-20
    outer loop
      vertex 19.4596 26.624 6.25
      vertex 19.1215 26.6158 10
      vertex 19.1215 26.6158 6.25
    endloop
  endfacet
  facet normal 0.120649 -0.992695 0
    outer loop
      vertex 19.1215 26.6158 6.25
      vertex 19.1215 26.6158 10
      vertex 18.7858 26.575 10
    endloop
  endfacet
  facet normal 0.120649 -0.992695 -6.23793e-20
    outer loop
      vertex 19.1215 26.6158 6.25
      vertex 18.7858 26.575 10
      vertex 18.7858 26.575 6.25
    endloop
  endfacet
  facet normal 0.215522 -0.976499 0
    outer loop
      vertex 18.7858 26.575 6.25
      vertex 18.7858 26.575 10
      vertex 18.4555 26.5021 10
    endloop
  endfacet
  facet normal 0.215522 -0.976499 -2.52869e-19
    outer loop
      vertex 18.7858 26.575 6.25
      vertex 18.4555 26.5021 10
      vertex 18.4555 26.5021 6.25
    endloop
  endfacet
  facet normal 0.309033 -0.951051 0
    outer loop
      vertex 18.4555 26.5021 6.25
      vertex 18.4555 26.5021 10
      vertex 18.1339 26.3976 10
    endloop
  endfacet
  facet normal 0.309033 -0.951051 1.07318e-18
    outer loop
      vertex 18.4555 26.5021 6.25
      vertex 18.1339 26.3976 10
      vertex 18.1339 26.3976 6.25
    endloop
  endfacet
  facet normal 0.399407 -0.916774 0
    outer loop
      vertex 18.1339 26.3976 6.25
      vertex 18.1339 26.3976 10
      vertex 17.8238 26.2625 10
    endloop
  endfacet
  facet normal 0.399407 -0.916774 -1.29136e-18
    outer loop
      vertex 18.1339 26.3976 6.25
      vertex 17.8238 26.2625 10
      vertex 17.8238 26.2625 6.25
    endloop
  endfacet
  facet normal 0.48617 -0.873864 0
    outer loop
      vertex 17.8238 26.2625 6.25
      vertex 17.8238 26.2625 10
      vertex 17.5283 26.0981 10
    endloop
  endfacet
  facet normal 0.48617 -0.873864 1.60584e-18
    outer loop
      vertex 17.8238 26.2625 6.25
      vertex 17.5283 26.0981 10
      vertex 17.5283 26.0981 6.25
    endloop
  endfacet
  facet normal 0.567933 -0.823075 0
    outer loop
      vertex 17.5283 26.0981 6.25
      vertex 17.5283 26.0981 10
      vertex 17.2499 25.906 10
    endloop
  endfacet
  facet normal 0.567933 -0.823075 2.3287e-18
    outer loop
      vertex 17.5283 26.0981 6.25
      vertex 17.2499 25.906 10
      vertex 17.2499 25.906 6.25
    endloop
  endfacet
  facet normal 0.644855 -0.764305 0
    outer loop
      vertex 17.2499 25.906 6.25
      vertex 17.2499 25.906 10
      vertex 16.9914 25.6879 10
    endloop
  endfacet
  facet normal 0.644855 -0.764305 2.37929e-18
    outer loop
      vertex 17.2499 25.906 6.25
      vertex 16.9914 25.6879 10
      vertex 16.9914 25.6879 6.25
    endloop
  endfacet
  facet normal 0.715631 -0.698479 0
    outer loop
      vertex 16.9914 25.6879 6.25
      vertex 16.9914 25.6879 10
      vertex 16.7552 25.4459 10
    endloop
  endfacet
  facet normal 0.715631 -0.698479 -2.269e-18
    outer loop
      vertex 16.9914 25.6879 6.25
      vertex 16.7552 25.4459 10
      vertex 16.7552 25.4459 6.25
    endloop
  endfacet
  facet normal 0.779656 -0.626208 0
    outer loop
      vertex 16.7552 25.4459 6.25
      vertex 16.7552 25.4459 10
      vertex 16.5434 25.1822 10
    endloop
  endfacet
  facet normal 0.779656 -0.626208 -1.3521e-18
    outer loop
      vertex 16.7552 25.4459 6.25
      vertex 16.5434 25.1822 10
      vertex 16.5434 25.1822 6.25
    endloop
  endfacet
  facet normal 0.836438 -0.548062 0
    outer loop
      vertex 16.5434 25.1822 6.25
      vertex 16.5434 25.1822 10
      vertex 16.3581 24.8994 10
    endloop
  endfacet
  facet normal 0.836438 -0.548062 1.8899e-18
    outer loop
      vertex 16.5434 25.1822 6.25
      vertex 16.3581 24.8994 10
      vertex 16.3581 24.8994 6.25
    endloop
  endfacet
  facet normal 0.885444 -0.464747 0
    outer loop
      vertex 16.3581 24.8994 6.25
      vertex 16.3581 24.8994 10
      vertex 16.2009 24.5999 10
    endloop
  endfacet
  facet normal 0.885444 -0.464747 -1.25591e-18
    outer loop
      vertex 16.3581 24.8994 6.25
      vertex 16.2009 24.5999 10
      vertex 16.2009 24.5999 6.25
    endloop
  endfacet
  facet normal 0.926196 -0.377043 0
    outer loop
      vertex 16.2009 24.5999 6.25
      vertex 16.2009 24.5999 10
      vertex 16.0734 24.2867 10
    endloop
  endfacet
  facet normal 0.926196 -0.377043 -2.35827e-18
    outer loop
      vertex 16.2009 24.5999 6.25
      vertex 16.0734 24.2867 10
      vertex 16.0734 24.2867 6.25
    endloop
  endfacet
  facet normal 0.958257 -0.28591 0
    outer loop
      vertex 16.0734 24.2867 6.25
      vertex 16.0734 24.2867 10
      vertex 15.9767 23.9626 10
    endloop
  endfacet
  facet normal 0.958257 -0.28591 -1.29957e-18
    outer loop
      vertex 16.0734 24.2867 6.25
      vertex 15.9767 23.9626 10
      vertex 15.9767 23.9626 6.25
    endloop
  endfacet
  facet normal 0.981358 -0.192191 0
    outer loop
      vertex 15.9767 23.9626 6.25
      vertex 15.9767 23.9626 10
      vertex 15.9117 23.6307 10
    endloop
  endfacet
  facet normal 0.981358 -0.192191 1.03628e-18
    outer loop
      vertex 15.9767 23.9626 6.25
      vertex 15.9117 23.6307 10
      vertex 15.9117 23.6307 6.25
    endloop
  endfacet
  facet normal 0.995343 -0.0963998 0
    outer loop
      vertex 15.9117 23.6307 6.25
      vertex 15.9117 23.6307 10
      vertex 15.8791 23.2941 10
    endloop
  endfacet
  facet normal 0.995343 -0.0963998 7.66275e-20
    outer loop
      vertex 15.9117 23.6307 6.25
      vertex 15.8791 23.2941 10
      vertex 15.8791 23.2941 6.25
    endloop
  endfacet
  facet normal 1 0 -0
    outer loop
      vertex 15.8791 23.2941 6.25
      vertex 15.8791 23.2941 10
      vertex 15.8791 22.9559 10
    endloop
  endfacet
  facet normal 1 0 0
    outer loop
      vertex 15.8791 23.2941 6.25
      vertex 15.8791 22.9559 10
      vertex 15.8791 22.9559 6.25
    endloop
  endfacet
  facet normal 0.995343 0.0963998 -0
    outer loop
      vertex 15.8791 22.9559 6.25
      vertex 15.8791 22.9559 10
      vertex 15.9117 22.6193 10
    endloop
  endfacet
  facet normal 0.995343 0.0963998 -7.66275e-20
    outer loop
      vertex 15.8791 22.9559 6.25
      vertex 15.9117 22.6193 10
      vertex 15.9117 22.6193 6.25
    endloop
  endfacet
  facet normal 0.981358 0.192191 -0
    outer loop
      vertex 15.9117 22.6193 6.25
      vertex 15.9117 22.6193 10
      vertex 15.9767 22.2874 10
    endloop
  endfacet
  facet normal 0.981358 0.192191 -1.03628e-18
    outer loop
      vertex 15.9117 22.6193 6.25
      vertex 15.9767 22.2874 10
      vertex 15.9767 22.2874 6.25
    endloop
  endfacet
  facet normal 0.958257 0.28591 -0
    outer loop
      vertex 15.9767 22.2874 6.25
      vertex 15.9767 22.2874 10
      vertex 16.0734 21.9633 10
    endloop
  endfacet
  facet normal 0.958257 0.28591 1.29957e-18
    outer loop
      vertex 15.9767 22.2874 6.25
      vertex 16.0734 21.9633 10
      vertex 16.0734 21.9633 6.25
    endloop
  endfacet
  facet normal 0.926196 0.377043 -0
    outer loop
      vertex 16.0734 21.9633 6.25
      vertex 16.0734 21.9633 10
      vertex 16.2009 21.6501 10
    endloop
  endfacet
  facet normal 0.926196 0.377043 2.35827e-18
    outer loop
      vertex 16.0734 21.9633 6.25
      vertex 16.2009 21.6501 10
      vertex 16.2009 21.6501 6.25
    endloop
  endfacet
  facet normal 0.885444 0.464747 -0
    outer loop
      vertex 16.2009 21.6501 6.25
      vertex 16.2009 21.6501 10
      vertex 16.3581 21.3506 10
    endloop
  endfacet
  facet normal 0.885444 0.464747 1.25591e-18
    outer loop
      vertex 16.2009 21.6501 6.25
      vertex 16.3581 21.3506 10
      vertex 16.3581 21.3506 6.25
    endloop
  endfacet
  facet normal 0.836438 0.548062 -0
    outer loop
      vertex 16.3581 21.3506 6.25
      vertex 16.3581 21.3506 10
      vertex 16.5434 21.0678 10
    endloop
  endfacet
  facet normal 0.836438 0.548062 -1.8899e-18
    outer loop
      vertex 16.3581 21.3506 6.25
      vertex 16.5434 21.0678 10
      vertex 16.5434 21.0678 6.25
    endloop
  endfacet
  facet normal 0.779656 0.626208 -0
    outer loop
      vertex 16.5434 21.0678 6.25
      vertex 16.5434 21.0678 10
      vertex 16.7552 20.8041 10
    endloop
  endfacet
  facet normal 0.779656 0.626208 1.3521e-18
    outer loop
      vertex 16.5434 21.0678 6.25
      vertex 16.7552 20.8041 10
      vertex 16.7552 20.8041 6.25
    endloop
  endfacet
  facet normal 0.715631 0.698479 -0
    outer loop
      vertex 16.7552 20.8041 6.25
      vertex 16.7552 20.8041 10
      vertex 16.9914 20.5621 10
    endloop
  endfacet
  facet normal 0.715631 0.698479 2.269e-18
    outer loop
      vertex 16.7552 20.8041 6.25
      vertex 16.9914 20.5621 10
      vertex 16.9914 20.5621 6.25
    endloop
  endfacet
  facet normal 0.644855 0.764305 -0
    outer loop
      vertex 16.9914 20.5621 6.25
      vertex 16.9914 20.5621 10
      vertex 17.2499 20.344 10
    endloop
  endfacet
  facet normal 0.644855 0.764305 -2.37929e-18
    outer loop
      vertex 16.9914 20.5621 6.25
      vertex 17.2499 20.344 10
      vertex 17.2499 20.344 6.25
    endloop
  endfacet
  facet normal 0.567933 0.823075 -0
    outer loop
      vertex 17.2499 20.344 6.25
      vertex 17.2499 20.344 10
      vertex 17.5283 20.1519 10
    endloop
  endfacet
  facet normal 0.567933 0.823075 -2.3287e-18
    outer loop
      vertex 17.2499 20.344 6.25
      vertex 17.5283 20.1519 10
      vertex 17.5283 20.1519 6.25
    endloop
  endfacet
  facet normal 0.48617 0.873864 -0
    outer loop
      vertex 17.5283 20.1519 6.25
      vertex 17.5283 20.1519 10
      vertex 17.8238 19.9875 10
    endloop
  endfacet
  facet normal 0.48617 0.873864 -1.60584e-18
    outer loop
      vertex 17.5283 20.1519 6.25
      vertex 17.8238 19.9875 10
      vertex 17.8238 19.9875 6.25
    endloop
  endfacet
  facet normal 0.399407 0.916774 -0
    outer loop
      vertex 17.8238 19.9875 6.25
      vertex 17.8238 19.9875 10
      vertex 18.1339 19.8524 10
    endloop
  endfacet
  facet normal 0.399407 0.916774 1.29136e-18
    outer loop
      vertex 17.8238 19.9875 6.25
      vertex 18.1339 19.8524 10
      vertex 18.1339 19.8524 6.25
    endloop
  endfacet
  facet normal 0.309033 0.951051 -0
    outer loop
      vertex 18.1339 19.8524 6.25
      vertex 18.1339 19.8524 10
      vertex 18.4555 19.7479 10
    endloop
  endfacet
  facet normal 0.309033 0.951051 -1.07318e-18
    outer loop
      vertex 18.1339 19.8524 6.25
      vertex 18.4555 19.7479 10
      vertex 18.4555 19.7479 6.25
    endloop
  endfacet
  facet normal 0.215522 0.976499 -0
    outer loop
      vertex 18.4555 19.7479 6.25
      vertex 18.4555 19.7479 10
      vertex 18.7858 19.675 10
    endloop
  endfacet
  facet normal 0.215522 0.976499 2.52869e-19
    outer loop
      vertex 18.4555 19.7479 6.25
      vertex 18.7858 19.675 10
      vertex 18.7858 19.675 6.25
    endloop
  endfacet
  facet normal 0.120649 0.992695 -0
    outer loop
      vertex 18.7858 19.675 6.25
      vertex 18.7858 19.675 10
      vertex 19.1215 19.6342 10
    endloop
  endfacet
  facet normal 0.120649 0.992695 6.23793e-20
    outer loop
      vertex 18.7858 19.675 6.25
      vertex 19.1215 19.6342 10
      vertex 19.1215 19.6342 6.25
    endloop
  endfacet
  facet normal 0.024246 0.999706 -0
    outer loop
      vertex 19.1215 19.6342 6.25
      vertex 19.1215 19.6342 10
      vertex 19.4596 19.626 10
    endloop
  endfacet
  facet normal 0.024246 0.999706 6.81183e-20
    outer loop
      vertex 19.1215 19.6342 6.25
      vertex 19.4596 19.626 10
      vertex 19.4596 19.626 6.25
    endloop
  endfacet
  facet normal -0.0724448 0.997372 0
    outer loop
      vertex 19.4596 19.626 6.25
      vertex 19.4596 19.626 10
      vertex 19.7969 19.6505 10
    endloop
  endfacet
  facet normal -0.0724448 0.997372 1.95728e-19
    outer loop
      vertex 19.4596 19.626 6.25
      vertex 19.7969 19.6505 10
      vertex 19.7969 19.6505 6.25
    endloop
  endfacet
  facet normal -0.16857 0.98569 0
    outer loop
      vertex 19.7969 19.6505 6.25
      vertex 19.7969 19.6505 10
      vertex 20.1302 19.7075 10
    endloop
  endfacet
  facet normal -0.16857 0.98569 1.25509e-18
    outer loop
      vertex 19.7969 19.6505 6.25
      vertex 20.1302 19.7075 10
      vertex 20.1302 19.7075 6.25
    endloop
  endfacet
  facet normal -0.262517 0.964927 0
    outer loop
      vertex 20.1302 19.7075 6.25
      vertex 20.1302 19.7075 10
      vertex 20.4566 19.7963 10
    endloop
  endfacet
  facet normal -0.262517 0.964927 1.11194e-18
    outer loop
      vertex 20.1302 19.7075 6.25
      vertex 20.4566 19.7963 10
      vertex 20.4566 19.7963 6.25
    endloop
  endfacet
  facet normal -0.354556 0.935035 0
    outer loop
      vertex 20.4566 19.7963 6.25
      vertex 20.4566 19.7963 10
      vertex 20.7728 19.9162 10
    endloop
  endfacet
  facet normal -0.354556 0.935035 2.02402e-18
    outer loop
      vertex 20.4566 19.7963 6.25
      vertex 20.7728 19.9162 10
      vertex 20.7728 19.9162 6.25
    endloop
  endfacet
  facet normal -0.443306 0.896371 0
    outer loop
      vertex 20.7728 19.9162 6.25
      vertex 20.7728 19.9162 10
      vertex 21.0759 20.0661 10
    endloop
  endfacet
  facet normal -0.443306 0.896371 -5.17667e-19
    outer loop
      vertex 20.7728 19.9162 6.25
      vertex 21.0759 20.0661 10
      vertex 21.0759 20.0661 6.25
    endloop
  endfacet
  facet normal -0.527738 0.849407 0
    outer loop
      vertex 21.0759 20.0661 6.25
      vertex 21.0759 20.0661 10
      vertex 21.3632 20.2446 10
    endloop
  endfacet
  facet normal -0.527738 0.849407 -2.67717e-18
    outer loop
      vertex 21.0759 20.0661 6.25
      vertex 21.3632 20.2446 10
      vertex 21.3632 20.2446 6.25
    endloop
  endfacet
  facet normal -0.607121 0.79461 0
    outer loop
      vertex 21.3632 20.2446 6.25
      vertex 21.3632 20.2446 10
      vertex 21.6319 20.4499 10
    endloop
  endfacet
  facet normal -0.607121 0.79461 8.67015e-19
    outer loop
      vertex 21.3632 20.2446 6.25
      vertex 21.6319 20.4499 10
      vertex 21.6319 20.4499 6.25
    endloop
  endfacet
  facet normal -0.680916 0.732362 0
    outer loop
      vertex 21.6319 20.4499 6.25
      vertex 21.6319 20.4499 10
      vertex 21.8796 20.6802 10
    endloop
  endfacet
  facet normal -0.680916 0.732362 4.07252e-19
    outer loop
      vertex 21.6319 20.4499 6.25
      vertex 21.8796 20.6802 10
      vertex 21.8796 20.6802 6.25
    endloop
  endfacet
  facet normal -0.748534 0.663097 0
    outer loop
      vertex 21.8796 20.6802 6.25
      vertex 21.8796 20.6802 10
      vertex 22.1039 20.9334 10
    endloop
  endfacet
  facet normal -0.748534 0.663097 -1.70828e-18
    outer loop
      vertex 21.8796 20.6802 6.25
      vertex 22.1039 20.9334 10
      vertex 22.1039 20.9334 6.25
    endloop
  endfacet
  facet normal -0.809132 0.587626 0
    outer loop
      vertex 22.1039 20.9334 6.25
      vertex 22.1039 20.9334 10
      vertex 22.3026 21.207 10
    endloop
  endfacet
  facet normal -0.809132 0.587626 4.63567e-19
    outer loop
      vertex 22.1039 20.9334 6.25
      vertex 22.3026 21.207 10
      vertex 22.3026 21.207 6.25
    endloop
  endfacet
  facet normal -0.861896 0.507085 0
    outer loop
      vertex 22.3026 21.207 6.25
      vertex 22.3026 21.207 10
      vertex 22.4741 21.4985 10
    endloop
  endfacet
  facet normal -0.861896 0.507085 -9.46458e-19
    outer loop
      vertex 22.3026 21.207 6.25
      vertex 22.4741 21.4985 10
      vertex 22.4741 21.4985 6.25
    endloop
  endfacet
  facet normal -0.906892 0.421363 0
    outer loop
      vertex 22.4741 21.4985 6.25
      vertex 22.4741 21.4985 10
      vertex 22.6166 21.8052 10
    endloop
  endfacet
  facet normal -0.906892 0.421363 1.67102e-18
    outer loop
      vertex 22.4741 21.4985 6.25
      vertex 22.6166 21.8052 10
      vertex 22.6166 21.8052 6.25
    endloop
  endfacet
  facet normal -0.943258 0.332062 0
    outer loop
      vertex 22.6166 21.8052 6.25
      vertex 22.6166 21.8052 10
      vertex 22.7289 22.1242 10
    endloop
  endfacet
  facet normal -0.943258 0.332062 -4.56131e-19
    outer loop
      vertex 22.6166 21.8052 6.25
      vertex 22.7289 22.1242 10
      vertex 22.7289 22.1242 6.25
    endloop
  endfacet
  facet normal -0.970972 0.239195 0
    outer loop
      vertex 22.7289 22.1242 6.25
      vertex 22.7289 22.1242 10
      vertex 22.8098 22.4526 10
    endloop
  endfacet
  facet normal -0.970972 0.239195 1.02245e-18
    outer loop
      vertex 22.7289 22.1242 6.25
      vertex 22.8098 22.4526 10
      vertex 22.8098 22.4526 6.25
    endloop
  endfacet
  facet normal -0.989489 0.144609 0
    outer loop
      vertex 22.8098 22.4526 6.25
      vertex 22.8098 22.4526 10
      vertex 22.8587 22.7872 10
    endloop
  endfacet
  facet normal -0.989489 0.144609 -8.92543e-19
    outer loop
      vertex 22.8098 22.4526 6.25
      vertex 22.8587 22.7872 10
      vertex 22.8587 22.7872 6.25
    endloop
  endfacet
  facet normal -0.998838 0.0481973 0
    outer loop
      vertex 22.8587 22.7872 6.25
      vertex 22.8587 22.7872 10
      vertex 22.875 23.125 10
    endloop
  endfacet
  facet normal 0.997943 0.0639807 -0.00410436
    outer loop
      vertex 17.3914 22.8692 6.25
      vertex 17.3791 22.9969 5.25
      vertex 17.375 23.125 6.25
    endloop
  endfacet
  facet normal 0.999488 0.0319899 0
    outer loop
      vertex 17.375 23.125 6.25
      vertex 17.3791 22.9969 5.25
      vertex 17.375 23.125 0.5
    endloop
  endfacet
  facet normal 0.999488 -0.0319899 0
    outer loop
      vertex 17.375 23.125 6.25
      vertex 17.375 23.125 0.5
      vertex 17.3791 23.2531 5.25
    endloop
  endfacet
  facet normal 0.997951 -0.0639812 0.000864083
    outer loop
      vertex 17.3791 23.2531 5.25
      vertex 17.375 23.125 0.5
      vertex 17.3914 23.3808 0.5
    endloop
  endfacet
  facet normal 0.995393 -0.0958758 -1.12493e-19
    outer loop
      vertex 17.3791 23.2531 5.25
      vertex 17.3914 23.3808 0.5
      vertex 17.3914 23.3808 6.25
    endloop
  endfacet
  facet normal 0.987122 -0.159968 0
    outer loop
      vertex 17.3914 23.3808 6.25
      vertex 17.3914 23.3808 0.5
      vertex 17.4119 23.5073 5.25
    endloop
  endfacet
  facet normal 0.981536 -0.191234 -0.00406957
    outer loop
      vertex 17.3914 23.3808 6.25
      vertex 17.4119 23.5073 5.25
      vertex 17.4404 23.6323 6.25
    endloop
  endfacet
  facet normal 0.974979 -0.222295 0
    outer loop
      vertex 17.4404 23.6323 6.25
      vertex 17.4119 23.5073 5.25
      vertex 17.4404 23.6323 0.5
    endloop
  endfacet
  facet normal 0.958617 -0.284699 0
    outer loop
      vertex 17.4404 23.6323 6.25
      vertex 17.4404 23.6323 0.5
      vertex 17.4769 23.7552 5.25
    endloop
  endfacet
  facet normal 0.948995 -0.315291 0.000865465
    outer loop
      vertex 17.4769 23.7552 5.25
      vertex 17.4404 23.6323 0.5
      vertex 17.5212 23.8755 0.5
    endloop
  endfacet
  facet normal 0.938396 -0.345561 -4.01863e-19
    outer loop
      vertex 17.4769 23.7552 5.25
      vertex 17.5212 23.8755 0.5
      vertex 17.5212 23.8755 6.25
    endloop
  endfacet
  facet normal 0.914485 -0.404619 0
    outer loop
      vertex 17.5212 23.8755 6.25
      vertex 17.5212 23.8755 0.5
      vertex 17.5731 23.9928 5.25
    endloop
  endfacet
  facet normal 0.900954 -0.433894 -0.00413624
    outer loop
      vertex 17.5212 23.8755 6.25
      vertex 17.5731 23.9928 5.25
      vertex 17.6324 24.1064 6.25
    endloop
  endfacet
  facet normal 0.886487 -0.462753 0
    outer loop
      vertex 17.6324 24.1064 6.25
      vertex 17.5731 23.9928 5.25
      vertex 17.6324 24.1064 0.5
    endloop
  endfacet
  facet normal 0.855491 -0.517818 0
    outer loop
      vertex 17.6324 24.1064 6.25
      vertex 17.6324 24.1064 0.5
      vertex 17.6988 24.2161 5.25
    endloop
  endfacet
  facet normal 0.838122 -0.545482 0.000881692
    outer loop
      vertex 17.6988 24.2161 5.25
      vertex 17.6324 24.1064 0.5
      vertex 17.7722 24.3212 0.5
    endloop
  endfacet
  facet normal 0.819854 -0.572572 -4.2173e-23
    outer loop
      vertex 17.6988 24.2161 5.25
      vertex 17.7722 24.3212 0.5
      vertex 17.7722 24.3212 6.25
    endloop
  endfacet
  facet normal 0.78216 -0.623077 0
    outer loop
      vertex 17.7722 24.3212 6.25
      vertex 17.7722 24.3212 0.5
      vertex 17.8521 24.4215 5.25
    endloop
  endfacet
  facet normal 0.761586 -0.64805 -0.00414873
    outer loop
      vertex 17.7722 24.3212 6.25
      vertex 17.8521 24.4215 5.25
      vertex 17.9383 24.5164 6.25
    endloop
  endfacet
  facet normal 0.740222 -0.672362 0
    outer loop
      vertex 17.9383 24.5164 6.25
      vertex 17.8521 24.4215 5.25
      vertex 17.9383 24.5164 0.5
    endloop
  endfacet
  facet normal 0.695707 -0.718325 0
    outer loop
      vertex 17.9383 24.5164 6.25
      vertex 17.9383 24.5164 0.5
      vertex 18.0304 24.6056 5.25
    endloop
  endfacet
  facet normal 0.672342 -0.74024 0.000864563
    outer loop
      vertex 18.0304 24.6056 5.25
      vertex 17.9383 24.5164 0.5
      vertex 18.128 24.6887 0.5
    endloop
  endfacet
  facet normal 0.648282 -0.7614 6.4009e-19
    outer loop
      vertex 18.0304 24.6056 5.25
      vertex 18.128 24.6887 0.5
      vertex 18.128 24.6887 6.25
    endloop
  endfacet
  facet normal 0.597501 -0.801868 0
    outer loop
      vertex 18.128 24.6887 6.25
      vertex 18.128 24.6887 0.5
      vertex 18.2308 24.7653 5.25
    endloop
  endfacet
  facet normal 0.572043 -0.820214 -0.0040224
    outer loop
      vertex 18.128 24.6887 6.25
      vertex 18.2308 24.7653 5.25
      vertex 18.3382 24.8353 6.25
    endloop
  endfacet
  facet normal 0.54603 -0.837766 0
    outer loop
      vertex 18.3382 24.8353 6.25
      vertex 18.2308 24.7653 5.25
      vertex 18.3382 24.8353 0.5
    endloop
  endfacet
  facet normal 0.490669 -0.871346 0
    outer loop
      vertex 18.3382 24.8353 6.25
      vertex 18.3382 24.8353 0.5
      vertex 18.4499 24.8982 5.25
    endloop
  endfacet
  facet normal 0.462446 -0.886647 0.000866297
    outer loop
      vertex 18.4499 24.8982 5.25
      vertex 18.3382 24.8353 0.5
      vertex 18.5654 24.9538 0.5
    endloop
  endfacet
  facet normal 0.433745 -0.901036 -2.59922e-19
    outer loop
      vertex 18.4499 24.8982 5.25
      vertex 18.5654 24.9538 0.5
      vertex 18.5654 24.9538 6.25
    endloop
  endfacet
  facet normal 0.375017 -0.927018 0
    outer loop
      vertex 18.5654 24.9538 6.25
      vertex 18.5654 24.9538 0.5
      vertex 18.6843 25.0019 5.25
    endloop
  endfacet
  facet normal 0.345341 -0.938468 -0.00407931
    outer loop
      vertex 18.5654 24.9538 6.25
      vertex 18.6843 25.0019 5.25
      vertex 18.8059 25.0423 6.25
    endloop
  endfacet
  facet normal 0.315291 -0.948995 0
    outer loop
      vertex 18.8059 25.0423 6.25
      vertex 18.6843 25.0019 5.25
      vertex 18.8059 25.0423 0.5
    endloop
  endfacet
  facet normal 0.254071 -0.967185 0
    outer loop
      vertex 18.8059 25.0423 6.25
      vertex 18.8059 25.0423 0.5
      vertex 18.93 25.0749 5.25
    endloop
  endfacet
  facet normal 0.222751 -0.974875 0.00087107
    outer loop
      vertex 18.93 25.0749 5.25
      vertex 18.8059 25.0423 0.5
      vertex 19.0558 25.0994 0.5
    endloop
  endfacet
  facet normal 0.191162 -0.981558 1.78983e-19
    outer loop
      vertex 18.93 25.0749 5.25
      vertex 19.0558 25.0994 0.5
      vertex 19.0558 25.0994 6.25
    endloop
  endfacet
  facet normal 0.127872 -0.991791 0
    outer loop
      vertex 19.0558 25.0994 6.25
      vertex 19.0558 25.0994 0.5
      vertex 19.183 25.1158 5.25
    endloop
  endfacet
  facet normal 0.0959867 -0.995374 -0.00411463
    outer loop
      vertex 19.0558 25.0994 6.25
      vertex 19.183 25.1158 5.25
      vertex 19.3109 25.124 6.25
    endloop
  endfacet
  facet normal 0.0639812 -0.997951 0
    outer loop
      vertex 19.3109 25.124 6.25
      vertex 19.183 25.1158 5.25
      vertex 19.3109 25.124 0.5
    endloop
  endfacet
  facet normal 0 -1 0
    outer loop
      vertex 19.3109 25.124 6.25
      vertex 19.3109 25.124 0.5
      vertex 19.4391 25.124 5.25
    endloop
  endfacet
  facet normal -0.0320023 -0.999487 0.000863726
    outer loop
      vertex 19.4391 25.124 5.25
      vertex 19.3109 25.124 0.5
      vertex 19.567 25.1158 0.5
    endloop
  endfacet
  facet normal -0.0639812 -0.997951 -1.11709e-19
    outer loop
      vertex 19.4391 25.124 5.25
      vertex 19.567 25.1158 0.5
      vertex 19.567 25.1158 6.25
    endloop
  endfacet
  facet normal -0.127872 -0.991791 -0
    outer loop
      vertex 19.567 25.1158 6.25
      vertex 19.567 25.1158 0.5
      vertex 19.6942 25.0994 5.25
    endloop
  endfacet
  facet normal -0.159587 -0.987175 -0.00410977
    outer loop
      vertex 19.567 25.1158 6.25
      vertex 19.6942 25.0994 5.25
      vertex 19.82 25.0749 6.25
    endloop
  endfacet
  facet normal -0.191162 -0.981558 -0
    outer loop
      vertex 19.82 25.0749 6.25
      vertex 19.6942 25.0994 5.25
      vertex 19.82 25.0749 0.5
    endloop
  endfacet
  facet normal -0.254071 -0.967185 -0
    outer loop
      vertex 19.82 25.0749 6.25
      vertex 19.82 25.0749 0.5
      vertex 19.9441 25.0423 5.25
    endloop
  endfacet
  facet normal -0.284805 -0.958585 0.000861998
    outer loop
      vertex 19.9441 25.0423 5.25
      vertex 19.82 25.0749 0.5
      vertex 20.0657 25.0019 0.5
    endloop
  endfacet
  facet normal -0.315291 -0.948995 3.58087e-19
    outer loop
      vertex 19.9441 25.0423 5.25
      vertex 20.0657 25.0019 0.5
      vertex 20.0657 25.0019 6.25
    endloop
  endfacet
  facet normal -0.375017 -0.927018 -0
    outer loop
      vertex 20.0657 25.0019 6.25
      vertex 20.0657 25.0019 0.5
      vertex 20.1846 24.9538 5.25
    endloop
  endfacet
  facet normal -0.404578 -0.914494 -0.00411714
    outer loop
      vertex 20.0657 25.0019 6.25
      vertex 20.1846 24.9538 5.25
      vertex 20.3001 24.8982 6.25
    endloop
  endfacet
  facet normal -0.433745 -0.901036 -0
    outer loop
      vertex 20.3001 24.8982 6.25
      vertex 20.1846 24.9538 5.25
      vertex 20.3001 24.8982 0.5
    endloop
  endfacet
  facet normal -0.490669 -0.871346 -0
    outer loop
      vertex 20.3001 24.8982 6.25
      vertex 20.3001 24.8982 0.5
      vertex 20.4118 24.8353 5.25
    endloop
  endfacet
  facet normal -0.518621 -0.855004 0.000873747
    outer loop
      vertex 20.4118 24.8353 5.25
      vertex 20.3001 24.8982 0.5
      vertex 20.5192 24.7653 0.5
    endloop
  endfacet
  facet normal -0.54603 -0.837766 -2.26898e-19
    outer loop
      vertex 20.4118 24.8353 5.25
      vertex 20.5192 24.7653 0.5
      vertex 20.5192 24.7653 6.25
    endloop
  endfacet
  facet normal -0.597501 -0.801868 -0
    outer loop
      vertex 20.5192 24.7653 6.25
      vertex 20.5192 24.7653 0.5
      vertex 20.622 24.6887 5.25
    endloop
  endfacet
  facet normal -0.623213 -0.782041 -0.00416199
    outer loop
      vertex 20.5192 24.7653 6.25
      vertex 20.622 24.6887 5.25
      vertex 20.7196 24.6056 6.25
    endloop
  endfacet
  facet normal -0.648282 -0.7614 -0
    outer loop
      vertex 20.7196 24.6056 6.25
      vertex 20.622 24.6887 5.25
      vertex 20.7196 24.6056 0.5
    endloop
  endfacet
  facet normal -0.695707 -0.718325 -0
    outer loop
      vertex 20.7196 24.6056 6.25
      vertex 20.7196 24.6056 0.5
      vertex 20.8117 24.5164 5.25
    endloop
  endfacet
  facet normal -0.718331 -0.695701 0.000863542
    outer loop
      vertex 20.8117 24.5164 5.25
      vertex 20.7196 24.6056 0.5
      vertex 20.8979 24.4215 0.5
    endloop
  endfacet
  facet normal -0.740222 -0.672362 1.11628e-18
    outer loop
      vertex 20.8117 24.5164 5.25
      vertex 20.8979 24.4215 0.5
      vertex 20.8979 24.4215 6.25
    endloop
  endfacet
  facet normal -0.78216 -0.623077 -0
    outer loop
      vertex 20.8979 24.4215 6.25
      vertex 20.8979 24.4215 0.5
      vertex 20.9778 24.3212 5.25
    endloop
  endfacet
  facet normal -0.801396 -0.598121 -0.00404003
    outer loop
      vertex 20.8979 24.4215 6.25
      vertex 20.9778 24.3212 5.25
      vertex 21.0512 24.2161 6.25
    endloop
  endfacet
  facet normal -0.819854 -0.572572 -0
    outer loop
      vertex 21.0512 24.2161 6.25
      vertex 20.9778 24.3212 5.25
      vertex 21.0512 24.2161 0.5
    endloop
  endfacet
  facet normal -0.855491 -0.517818 -0
    outer loop
      vertex 21.0512 24.2161 6.25
      vertex 21.0512 24.2161 0.5
      vertex 21.1176 24.1064 5.25
    endloop
  endfacet
  facet normal -0.871419 -0.490539 0.00085265
    outer loop
      vertex 21.1176 24.1064 5.25
      vertex 21.0512 24.2161 0.5
      vertex 21.1769 23.9928 0.5
    endloop
  endfacet
  facet normal -0.886487 -0.462753 1.47006e-19
    outer loop
      vertex 21.1176 24.1064 5.25
      vertex 21.1769 23.9928 0.5
      vertex 21.1769 23.9928 6.25
    endloop
  endfacet
  facet normal -0.914485 -0.404619 -0
    outer loop
      vertex 21.1769 23.9928 6.25
      vertex 21.1769 23.9928 0.5
      vertex 21.2288 23.8755 5.25
    endloop
  endfacet
  facet normal -0.9269 -0.375285 -0.00408515
    outer loop
      vertex 21.1769 23.9928 6.25
      vertex 21.2288 23.8755 5.25
      vertex 21.2731 23.7552 6.25
    endloop
  endfacet
  facet normal -0.938396 -0.345561 -0
    outer loop
      vertex 21.2731 23.7552 6.25
      vertex 21.2288 23.8755 5.25
      vertex 21.2731 23.7552 0.5
    endloop
  endfacet
  facet normal -0.958617 -0.284699 -0
    outer loop
      vertex 21.2731 23.7552 6.25
      vertex 21.2731 23.7552 0.5
      vertex 21.3096 23.6323 5.25
    endloop
  endfacet
  facet normal -0.967301 -0.253629 0.000870635
    outer loop
      vertex 21.3096 23.6323 5.25
      vertex 21.2731 23.7552 0.5
      vertex 21.3381 23.5073 0.5
    endloop
  endfacet
  facet normal -0.974979 -0.222295 0
    outer loop
      vertex 21.3096 23.6323 5.25
      vertex 21.3381 23.5073 0.5
      vertex 21.3381 23.5073 6.25
    endloop
  endfacet
  facet normal -0.987122 -0.159968 -0
    outer loop
      vertex 21.3381 23.5073 6.25
      vertex 21.3381 23.5073 0.5
      vertex 21.3586 23.3808 5.25
    endloop
  endfacet
  facet normal -0.991769 -0.12797 -0.00414304
    outer loop
      vertex 21.3381 23.5073 6.25
      vertex 21.3586 23.3808 5.25
      vertex 21.3709 23.2531 6.25
    endloop
  endfacet
  facet normal -0.995393 -0.0958758 -0
    outer loop
      vertex 21.3709 23.2531 6.25
      vertex 21.3586 23.3808 5.25
      vertex 21.3709 23.2531 0.5
    endloop
  endfacet
  facet normal -0.999488 -0.0319899 -0
    outer loop
      vertex 21.3709 23.2531 6.25
      vertex 21.3709 23.2531 0.5
      vertex 21.375 23.125 5.25
    endloop
  endfacet
  facet normal -1 0 0.000863158
    outer loop
      vertex 21.375 23.125 5.25
      vertex 21.3709 23.2531 0.5
      vertex 21.3709 22.9969 0.5
    endloop
  endfacet
  facet normal -0.999488 0.0319899 3.19368e-20
    outer loop
      vertex 21.375 23.125 5.25
      vertex 21.3709 22.9969 0.5
      vertex 21.3709 22.9969 6.25
    endloop
  endfacet
  facet normal -0.995393 0.0958758 0
    outer loop
      vertex 21.3709 22.9969 6.25
      vertex 21.3709 22.9969 0.5
      vertex 21.3586 22.8692 5.25
    endloop
  endfacet
  facet normal -0.991769 0.12797 -0.00414304
    outer loop
      vertex 21.3709 22.9969 6.25
      vertex 21.3586 22.8692 5.25
      vertex 21.3381 22.7427 6.25
    endloop
  endfacet
  facet normal -0.987122 0.159968 0
    outer loop
      vertex 21.3381 22.7427 6.25
      vertex 21.3586 22.8692 5.25
      vertex 21.3381 22.7427 0.5
    endloop
  endfacet
  facet normal -0.974979 0.222295 0
    outer loop
      vertex 21.3381 22.7427 6.25
      vertex 21.3381 22.7427 0.5
      vertex 21.3096 22.6177 5.25
    endloop
  endfacet
  facet normal -0.967301 0.253629 0.000870635
    outer loop
      vertex 21.3096 22.6177 5.25
      vertex 21.3381 22.7427 0.5
      vertex 21.2731 22.4948 0.5
    endloop
  endfacet
  facet normal -0.958617 0.284699 -4.16148e-19
    outer loop
      vertex 21.3096 22.6177 5.25
      vertex 21.2731 22.4948 0.5
      vertex 21.2731 22.4948 6.25
    endloop
  endfacet
  facet normal -0.938396 0.345561 0
    outer loop
      vertex 21.2731 22.4948 6.25
      vertex 21.2731 22.4948 0.5
      vertex 21.2288 22.3745 5.25
    endloop
  endfacet
  facet normal -0.9269 0.375285 -0.00408515
    outer loop
      vertex 21.2731 22.4948 6.25
      vertex 21.2288 22.3745 5.25
      vertex 21.1769 22.2572 6.25
    endloop
  endfacet
  facet normal -0.914485 0.404619 0
    outer loop
      vertex 21.1769 22.2572 6.25
      vertex 21.2288 22.3745 5.25
      vertex 21.1769 22.2572 0.5
    endloop
  endfacet
  facet normal -0.886487 0.462753 0
    outer loop
      vertex 21.1769 22.2572 6.25
      vertex 21.1769 22.2572 0.5
      vertex 21.1176 22.1436 5.25
    endloop
  endfacet
  facet normal -0.871419 0.490539 0.00085265
    outer loop
      vertex 21.1176 22.1436 5.25
      vertex 21.1769 22.2572 0.5
      vertex 21.0512 22.0339 0.5
    endloop
  endfacet
  facet normal -0.855491 0.517818 2.71245e-20
    outer loop
      vertex 21.1176 22.1436 5.25
      vertex 21.0512 22.0339 0.5
      vertex 21.0512 22.0339 6.25
    endloop
  endfacet
  facet normal -0.819854 0.572572 0
    outer loop
      vertex 21.0512 22.0339 6.25
      vertex 21.0512 22.0339 0.5
      vertex 20.9778 21.9288 5.25
    endloop
  endfacet
  facet normal -0.801396 0.598121 -0.00404003
    outer loop
      vertex 21.0512 22.0339 6.25
      vertex 20.9778 21.9288 5.25
      vertex 20.8979 21.8285 6.25
    endloop
  endfacet
  facet normal -0.78216 0.623077 0
    outer loop
      vertex 20.8979 21.8285 6.25
      vertex 20.9778 21.9288 5.25
      vertex 20.8979 21.8285 0.5
    endloop
  endfacet
  facet normal -0.740222 0.672362 0
    outer loop
      vertex 20.8979 21.8285 6.25
      vertex 20.8979 21.8285 0.5
      vertex 20.8117 21.7336 5.25
    endloop
  endfacet
  facet normal -0.718331 0.695701 0.000863542
    outer loop
      vertex 20.8117 21.7336 5.25
      vertex 20.8979 21.8285 0.5
      vertex 20.7196 21.6444 0.5
    endloop
  endfacet
  facet normal -0.695707 0.718325 -9.78467e-19
    outer loop
      vertex 20.8117 21.7336 5.25
      vertex 20.7196 21.6444 0.5
      vertex 20.7196 21.6444 6.25
    endloop
  endfacet
  facet normal -0.648282 0.7614 0
    outer loop
      vertex 20.7196 21.6444 6.25
      vertex 20.7196 21.6444 0.5
      vertex 20.622 21.5613 5.25
    endloop
  endfacet
  facet normal -0.623213 0.782041 -0.00416199
    outer loop
      vertex 20.7196 21.6444 6.25
      vertex 20.622 21.5613 5.25
      vertex 20.5192 21.4847 6.25
    endloop
  endfacet
  facet normal -0.597501 0.801868 0
    outer loop
      vertex 20.5192 21.4847 6.25
      vertex 20.622 21.5613 5.25
      vertex 20.5192 21.4847 0.5
    endloop
  endfacet
  facet normal -0.54603 0.837766 0
    outer loop
      vertex 20.5192 21.4847 6.25
      vertex 20.5192 21.4847 0.5
      vertex 20.4118 21.4147 5.25
    endloop
  endfacet
  facet normal -0.518621 0.855004 0.000873747
    outer loop
      vertex 20.4118 21.4147 5.25
      vertex 20.5192 21.4847 0.5
      vertex 20.3001 21.3518 0.5
    endloop
  endfacet
  facet normal -0.490669 0.871346 4.91762e-19
    outer loop
      vertex 20.4118 21.4147 5.25
      vertex 20.3001 21.3518 0.5
      vertex 20.3001 21.3518 6.25
    endloop
  endfacet
  facet normal -0.433745 0.901036 0
    outer loop
      vertex 20.3001 21.3518 6.25
      vertex 20.3001 21.3518 0.5
      vertex 20.1846 21.2962 5.25
    endloop
  endfacet
  facet normal -0.404578 0.914494 -0.00411714
    outer loop
      vertex 20.3001 21.3518 6.25
      vertex 20.1846 21.2962 5.25
      vertex 20.0657 21.2481 6.25
    endloop
  endfacet
  facet normal -0.375017 0.927018 0
    outer loop
      vertex 20.0657 21.2481 6.25
      vertex 20.1846 21.2962 5.25
      vertex 20.0657 21.2481 0.5
    endloop
  endfacet
  facet normal -0.315291 0.948995 0
    outer loop
      vertex 20.0657 21.2481 6.25
      vertex 20.0657 21.2481 0.5
      vertex 19.9441 21.2077 5.25
    endloop
  endfacet
  facet normal -0.284805 0.958585 0.000861998
    outer loop
      vertex 19.9441 21.2077 5.25
      vertex 20.0657 21.2481 0.5
      vertex 19.82 21.1751 0.5
    endloop
  endfacet
  facet normal -0.254071 0.967185 -1.91068e-19
    outer loop
      vertex 19.9441 21.2077 5.25
      vertex 19.82 21.1751 0.5
      vertex 19.82 21.1751 6.25
    endloop
  endfacet
  facet normal -0.191162 0.981558 0
    outer loop
      vertex 19.82 21.1751 6.25
      vertex 19.82 21.1751 0.5
      vertex 19.6942 21.1506 5.25
    endloop
  endfacet
  facet normal -0.159587 0.987175 -0.00410977
    outer loop
      vertex 19.82 21.1751 6.25
      vertex 19.6942 21.1506 5.25
      vertex 19.567 21.1342 6.25
    endloop
  endfacet
  facet normal -0.127872 0.991791 0
    outer loop
      vertex 19.567 21.1342 6.25
      vertex 19.6942 21.1506 5.25
      vertex 19.567 21.1342 0.5
    endloop
  endfacet
  facet normal -0.0639812 0.997951 0
    outer loop
      vertex 19.567 21.1342 6.25
      vertex 19.567 21.1342 0.5
      vertex 19.4391 21.126 5.25
    endloop
  endfacet
  facet normal -0.0320023 0.999487 0.000863726
    outer loop
      vertex 19.4391 21.126 5.25
      vertex 19.567 21.1342 0.5
      vertex 19.3109 21.126 0.5
    endloop
  endfacet
  facet normal 0 1 0
    outer loop
      vertex 19.4391 21.126 5.25
      vertex 19.3109 21.126 0.5
      vertex 19.3109 21.126 6.25
    endloop
  endfacet
  facet normal 0.0639812 0.997951 0
    outer loop
      vertex 19.3109 21.126 6.25
      vertex 19.3109 21.126 0.5
      vertex 19.183 21.1342 5.25
    endloop
  endfacet
  facet normal 0.0959867 0.995374 -0.00411463
    outer loop
      vertex 19.3109 21.126 6.25
      vertex 19.183 21.1342 5.25
      vertex 19.0558 21.1506 6.25
    endloop
  endfacet
  facet normal 0.127872 0.991791 0
    outer loop
      vertex 19.0558 21.1506 6.25
      vertex 19.183 21.1342 5.25
      vertex 19.0558 21.1506 0.5
    endloop
  endfacet
  facet normal 0.191162 0.981558 0
    outer loop
      vertex 19.0558 21.1506 6.25
      vertex 19.0558 21.1506 0.5
      vertex 18.93 21.1751 5.25
    endloop
  endfacet
  facet normal 0.222751 0.974875 0.00087107
    outer loop
      vertex 18.93 21.1751 5.25
      vertex 19.0558 21.1506 0.5
      vertex 18.8059 21.2077 0.5
    endloop
  endfacet
  facet normal 0.254071 0.967185 1.91068e-19
    outer loop
      vertex 18.93 21.1751 5.25
      vertex 18.8059 21.2077 0.5
      vertex 18.8059 21.2077 6.25
    endloop
  endfacet
  facet normal 0.315291 0.948995 0
    outer loop
      vertex 18.8059 21.2077 6.25
      vertex 18.8059 21.2077 0.5
      vertex 18.6843 21.2481 5.25
    endloop
  endfacet
  facet normal 0.345341 0.938468 -0.00407931
    outer loop
      vertex 18.8059 21.2077 6.25
      vertex 18.6843 21.2481 5.25
      vertex 18.5654 21.2962 6.25
    endloop
  endfacet
  facet normal 0.375017 0.927018 0
    outer loop
      vertex 18.5654 21.2962 6.25
      vertex 18.6843 21.2481 5.25
      vertex 18.5654 21.2962 0.5
    endloop
  endfacet
  facet normal 0.433745 0.901036 0
    outer loop
      vertex 18.5654 21.2962 6.25
      vertex 18.5654 21.2962 0.5
      vertex 18.4499 21.3518 5.25
    endloop
  endfacet
  facet normal 0.462446 0.886647 0.000866297
    outer loop
      vertex 18.4499 21.3518 5.25
      vertex 18.5654 21.2962 0.5
      vertex 18.3382 21.4147 0.5
    endloop
  endfacet
  facet normal 0.490669 0.871346 -4.91762e-19
    outer loop
      vertex 18.4499 21.3518 5.25
      vertex 18.3382 21.4147 0.5
      vertex 18.3382 21.4147 6.25
    endloop
  endfacet
  facet normal 0.54603 0.837766 0
    outer loop
      vertex 18.3382 21.4147 6.25
      vertex 18.3382 21.4147 0.5
      vertex 18.2308 21.4847 5.25
    endloop
  endfacet
  facet normal 0.572043 0.820214 -0.0040224
    outer loop
      vertex 18.3382 21.4147 6.25
      vertex 18.2308 21.4847 5.25
      vertex 18.128 21.5613 6.25
    endloop
  endfacet
  facet normal 0.597501 0.801868 0
    outer loop
      vertex 18.128 21.5613 6.25
      vertex 18.2308 21.4847 5.25
      vertex 18.128 21.5613 0.5
    endloop
  endfacet
  facet normal 0.648282 0.7614 0
    outer loop
      vertex 18.128 21.5613 6.25
      vertex 18.128 21.5613 0.5
      vertex 18.0304 21.6444 5.25
    endloop
  endfacet
  facet normal 0.672342 0.74024 0.000864563
    outer loop
      vertex 18.0304 21.6444 5.25
      vertex 18.128 21.5613 0.5
      vertex 17.9383 21.7336 0.5
    endloop
  endfacet
  facet normal 0.695707 0.718325 9.78467e-19
    outer loop
      vertex 18.0304 21.6444 5.25
      vertex 17.9383 21.7336 0.5
      vertex 17.9383 21.7336 6.25
    endloop
  endfacet
  facet normal 0.740222 0.672362 0
    outer loop
      vertex 17.9383 21.7336 6.25
      vertex 17.9383 21.7336 0.5
      vertex 17.8521 21.8285 5.25
    endloop
  endfacet
  facet normal 0.761586 0.64805 -0.00414873
    outer loop
      vertex 17.9383 21.7336 6.25
      vertex 17.8521 21.8285 5.25
      vertex 17.7722 21.9288 6.25
    endloop
  endfacet
  facet normal 0.78216 0.623077 0
    outer loop
      vertex 17.7722 21.9288 6.25
      vertex 17.8521 21.8285 5.25
      vertex 17.7722 21.9288 0.5
    endloop
  endfacet
  facet normal 0.819854 0.572572 0
    outer loop
      vertex 17.7722 21.9288 6.25
      vertex 17.7722 21.9288 0.5
      vertex 17.6988 22.0339 5.25
    endloop
  endfacet
  facet normal 0.838122 0.545482 0.000881692
    outer loop
      vertex 17.6988 22.0339 5.25
      vertex 17.7722 21.9288 0.5
      vertex 17.6324 22.1436 0.5
    endloop
  endfacet
  facet normal 0.855491 0.517818 -2.71245e-20
    outer loop
      vertex 17.6988 22.0339 5.25
      vertex 17.6324 22.1436 0.5
      vertex 17.6324 22.1436 6.25
    endloop
  endfacet
  facet normal 0.886487 0.462753 0
    outer loop
      vertex 17.6324 22.1436 6.25
      vertex 17.6324 22.1436 0.5
      vertex 17.5731 22.2572 5.25
    endloop
  endfacet
  facet normal 0.900954 0.433894 -0.00413624
    outer loop
      vertex 17.6324 22.1436 6.25
      vertex 17.5731 22.2572 5.25
      vertex 17.5212 22.3745 6.25
    endloop
  endfacet
  facet normal 0.914485 0.404619 0
    outer loop
      vertex 17.5212 22.3745 6.25
      vertex 17.5731 22.2572 5.25
      vertex 17.5212 22.3745 0.5
    endloop
  endfacet
  facet normal 0.938396 0.345561 0
    outer loop
      vertex 17.5212 22.3745 6.25
      vertex 17.5212 22.3745 0.5
      vertex 17.4769 22.4948 5.25
    endloop
  endfacet
  facet normal 0.948995 0.315291 0.000865465
    outer loop
      vertex 17.4769 22.4948 5.25
      vertex 17.5212 22.3745 0.5
      vertex 17.4404 22.6177 0.5
    endloop
  endfacet
  facet normal 0.958617 0.284699 4.16148e-19
    outer loop
      vertex 17.4769 22.4948 5.25
      vertex 17.4404 22.6177 0.5
      vertex 17.4404 22.6177 6.25
    endloop
  endfacet
  facet normal 0.974979 0.222295 0
    outer loop
      vertex 17.4404 22.6177 6.25
      vertex 17.4404 22.6177 0.5
      vertex 17.4119 22.7427 5.25
    endloop
  endfacet
  facet normal 0.981536 0.191234 -0.00406957
    outer loop
      vertex 17.4404 22.6177 6.25
      vertex 17.4119 22.7427 5.25
      vertex 17.3914 22.8692 6.25
    endloop
  endfacet
  facet normal 0.987122 0.159968 0
    outer loop
      vertex 17.3914 22.8692 6.25
      vertex 17.4119 22.7427 5.25
      vertex 17.3914 22.8692 0.5
    endloop
  endfacet
  facet normal 0.995393 0.0958758 0
    outer loop
      vertex 17.3914 22.8692 6.25
      vertex 17.3914 22.8692 0.5
      vertex 17.3791 22.9969 5.25
    endloop
  endfacet
  facet normal 0.997951 0.0639812 0.000864083
    outer loop
      vertex 17.3791 22.9969 5.25
      vertex 17.3914 22.8692 0.5
      vertex 17.375 23.125 0.5
    endloop
  endfacet
  facet normal 0.948987 0.315288 -0.00411092
    outer loop
      vertex 17.4404 22.6177 6.25
      vertex 17.5212 22.3745 6.25
      vertex 17.4769 22.4948 5.25
    endloop
  endfacet
  facet normal 0.838115 0.545477 -0.004188
    outer loop
      vertex 17.6324 22.1436 6.25
      vertex 17.7722 21.9288 6.25
      vertex 17.6988 22.0339 5.25
    endloop
  endfacet
  facet normal 0.672337 0.740234 -0.00410664
    outer loop
      vertex 17.9383 21.7336 6.25
      vertex 18.128 21.5613 6.25
      vertex 18.0304 21.6444 5.25
    endloop
  endfacet
  facet normal 0.462442 0.88664 -0.00411488
    outer loop
      vertex 18.3382 21.4147 6.25
      vertex 18.5654 21.2962 6.25
      vertex 18.4499 21.3518 5.25
    endloop
  endfacet
  facet normal 0.222749 0.974867 -0.00413755
    outer loop
      vertex 18.8059 21.2077 6.25
      vertex 19.0558 21.1506 6.25
      vertex 18.93 21.1751 5.25
    endloop
  endfacet
  facet normal -0.0320021 0.999479 -0.00410267
    outer loop
      vertex 19.3109 21.126 6.25
      vertex 19.567 21.1342 6.25
      vertex 19.4391 21.126 5.25
    endloop
  endfacet
  facet normal -0.284803 0.958577 -0.00409446
    outer loop
      vertex 19.82 21.1751 6.25
      vertex 20.0657 21.2481 6.25
      vertex 19.9441 21.2077 5.25
    endloop
  endfacet
  facet normal -0.518617 0.854996 -0.00415026
    outer loop
      vertex 20.3001 21.3518 6.25
      vertex 20.5192 21.4847 6.25
      vertex 20.4118 21.4147 5.25
    endloop
  endfacet
  facet normal -0.718326 0.695695 -0.00410179
    outer loop
      vertex 20.7196 21.6444 6.25
      vertex 20.8979 21.8285 6.25
      vertex 20.8117 21.7336 5.25
    endloop
  endfacet
  facet normal -0.871412 0.490535 -0.00405006
    outer loop
      vertex 21.0512 22.0339 6.25
      vertex 21.1769 22.2572 6.25
      vertex 21.1176 22.1436 5.25
    endloop
  endfacet
  facet normal -0.967293 0.253627 -0.00413548
    outer loop
      vertex 21.2731 22.4948 6.25
      vertex 21.3381 22.7427 6.25
      vertex 21.3096 22.6177 5.25
    endloop
  endfacet
  facet normal -0.999992 0 -0.00409997
    outer loop
      vertex 21.3709 22.9969 6.25
      vertex 21.3709 23.2531 6.25
      vertex 21.375 23.125 5.25
    endloop
  endfacet
  facet normal -0.967293 -0.253627 -0.00413548
    outer loop
      vertex 21.3381 23.5073 6.25
      vertex 21.2731 23.7552 6.25
      vertex 21.3096 23.6323 5.25
    endloop
  endfacet
  facet normal -0.871412 -0.490535 -0.00405006
    outer loop
      vertex 21.1769 23.9928 6.25
      vertex 21.0512 24.2161 6.25
      vertex 21.1176 24.1064 5.25
    endloop
  endfacet
  facet normal -0.718326 -0.695695 -0.00410179
    outer loop
      vertex 20.8979 24.4215 6.25
      vertex 20.7196 24.6056 6.25
      vertex 20.8117 24.5164 5.25
    endloop
  endfacet
  facet normal -0.518617 -0.854996 -0.00415026
    outer loop
      vertex 20.5192 24.7653 6.25
      vertex 20.3001 24.8982 6.25
      vertex 20.4118 24.8353 5.25
    endloop
  endfacet
  facet normal -0.284803 -0.958577 -0.00409446
    outer loop
      vertex 20.0657 25.0019 6.25
      vertex 19.82 25.0749 6.25
      vertex 19.9441 25.0423 5.25
    endloop
  endfacet
  facet normal -0.0320021 -0.999479 -0.00410267
    outer loop
      vertex 19.567 25.1158 6.25
      vertex 19.3109 25.124 6.25
      vertex 19.4391 25.124 5.25
    endloop
  endfacet
  facet normal 0.222749 -0.974867 -0.00413755
    outer loop
      vertex 19.0558 25.0994 6.25
      vertex 18.8059 25.0423 6.25
      vertex 18.93 25.0749 5.25
    endloop
  endfacet
  facet normal 0.462442 -0.88664 -0.00411488
    outer loop
      vertex 18.5654 24.9538 6.25
      vertex 18.3382 24.8353 6.25
      vertex 18.4499 24.8982 5.25
    endloop
  endfacet
  facet normal 0.672337 -0.740234 -0.00410664
    outer loop
      vertex 18.128 24.6887 6.25
      vertex 17.9383 24.5164 6.25
      vertex 18.0304 24.6056 5.25
    endloop
  endfacet
  facet normal 0.838115 -0.545477 -0.004188
    outer loop
      vertex 17.7722 24.3212 6.25
      vertex 17.6324 24.1064 6.25
      vertex 17.6988 24.2161 5.25
    endloop
  endfacet
  facet normal 0.948987 -0.315288 -0.00411092
    outer loop
      vertex 17.5212 23.8755 6.25
      vertex 17.4404 23.6323 6.25
      vertex 17.4769 23.7552 5.25
    endloop
  endfacet
  facet normal 0.997943 -0.0639807 -0.00410436
    outer loop
      vertex 17.3914 23.3808 6.25
      vertex 17.375 23.125 6.25
      vertex 17.3791 23.2531 5.25
    endloop
  endfacet
  facet normal 0.981544 -0.191235 0.000856758
    outer loop
      vertex 17.3914 23.3808 0.5
      vertex 17.4404 23.6323 0.5
      vertex 17.4119 23.5073 5.25
    endloop
  endfacet
  facet normal 0.900962 -0.433898 0.000870793
    outer loop
      vertex 17.5212 23.8755 0.5
      vertex 17.6324 24.1064 0.5
      vertex 17.5731 23.9928 5.25
    endloop
  endfacet
  facet normal 0.761592 -0.648056 0.000873425
    outer loop
      vertex 17.7722 24.3212 0.5
      vertex 17.9383 24.5164 0.5
      vertex 17.8521 24.4215 5.25
    endloop
  endfacet
  facet normal 0.572047 -0.82022 0.000846829
    outer loop
      vertex 18.128 24.6887 0.5
      vertex 18.3382 24.8353 0.5
      vertex 18.2308 24.7653 5.25
    endloop
  endfacet
  facet normal 0.345344 -0.938476 0.00085881
    outer loop
      vertex 18.5654 24.9538 0.5
      vertex 18.8059 25.0423 0.5
      vertex 18.6843 25.0019 5.25
    endloop
  endfacet
  facet normal 0.0959875 -0.995382 0.000866245
    outer loop
      vertex 19.0558 25.0994 0.5
      vertex 19.3109 25.124 0.5
      vertex 19.183 25.1158 5.25
    endloop
  endfacet
  facet normal -0.159588 -0.987183 0.000865222
    outer loop
      vertex 19.567 25.1158 0.5
      vertex 19.82 25.0749 0.5
      vertex 19.6942 25.0994 5.25
    endloop
  endfacet
  facet normal -0.404581 -0.914502 0.000866772
    outer loop
      vertex 20.0657 25.0019 0.5
      vertex 20.3001 24.8982 0.5
      vertex 20.1846 24.9538 5.25
    endloop
  endfacet
  facet normal -0.623218 -0.782047 0.000876215
    outer loop
      vertex 20.5192 24.7653 0.5
      vertex 20.7196 24.6056 0.5
      vertex 20.622 24.6887 5.25
    endloop
  endfacet
  facet normal -0.801402 -0.598125 0.000850538
    outer loop
      vertex 20.8979 24.4215 0.5
      vertex 21.0512 24.2161 0.5
      vertex 20.9778 24.3212 5.25
    endloop
  endfacet
  facet normal -0.926908 -0.375288 0.000860038
    outer loop
      vertex 21.1769 23.9928 0.5
      vertex 21.2731 23.7552 0.5
      vertex 21.2288 23.8755 5.25
    endloop
  endfacet
  facet normal -0.991777 -0.127971 0.000872225
    outer loop
      vertex 21.3381 23.5073 0.5
      vertex 21.3709 23.2531 0.5
      vertex 21.3586 23.3808 5.25
    endloop
  endfacet
  facet normal -0.991777 0.127971 0.000872225
    outer loop
      vertex 21.3709 22.9969 0.5
      vertex 21.3381 22.7427 0.5
      vertex 21.3586 22.8692 5.25
    endloop
  endfacet
  facet normal -0.926908 0.375288 0.000860038
    outer loop
      vertex 21.2731 22.4948 0.5
      vertex 21.1769 22.2572 0.5
      vertex 21.2288 22.3745 5.25
    endloop
  endfacet
  facet normal -0.801402 0.598125 0.000850538
    outer loop
      vertex 21.0512 22.0339 0.5
      vertex 20.8979 21.8285 0.5
      vertex 20.9778 21.9288 5.25
    endloop
  endfacet
  facet normal -0.623218 0.782047 0.000876215
    outer loop
      vertex 20.7196 21.6444 0.5
      vertex 20.5192 21.4847 0.5
      vertex 20.622 21.5613 5.25
    endloop
  endfacet
  facet normal -0.404581 0.914502 0.000866772
    outer loop
      vertex 20.3001 21.3518 0.5
      vertex 20.0657 21.2481 0.5
      vertex 20.1846 21.2962 5.25
    endloop
  endfacet
  facet normal -0.159588 0.987183 0.000865222
    outer loop
      vertex 19.82 21.1751 0.5
      vertex 19.567 21.1342 0.5
      vertex 19.6942 21.1506 5.25
    endloop
  endfacet
  facet normal 0.0959875 0.995382 0.000866245
    outer loop
      vertex 19.3109 21.126 0.5
      vertex 19.0558 21.1506 0.5
      vertex 19.183 21.1342 5.25
    endloop
  endfacet
  facet normal 0.345344 0.938476 0.00085881
    outer loop
      vertex 18.8059 21.2077 0.5
      vertex 18.5654 21.2962 0.5
      vertex 18.6843 21.2481 5.25
    endloop
  endfacet
  facet normal 0.572047 0.82022 0.000846829
    outer loop
      vertex 18.3382 21.4147 0.5
      vertex 18.128 21.5613 0.5
      vertex 18.2308 21.4847 5.25
    endloop
  endfacet
  facet normal 0.761592 0.648056 0.000873425
    outer loop
      vertex 17.9383 21.7336 0.5
      vertex 17.7722 21.9288 0.5
      vertex 17.8521 21.8285 5.25
    endloop
  endfacet
  facet normal 0.900962 0.433898 0.000870793
    outer loop
      vertex 17.6324 22.1436 0.5
      vertex 17.5212 22.3745 0.5
      vertex 17.5731 22.2572 5.25
    endloop
  endfacet
  facet normal 0.981544 0.191235 0.000856758
    outer loop
      vertex 17.4404 22.6177 0.5
      vertex 17.3914 22.8692 0.5
      vertex 17.4119 22.7427 5.25
    endloop
  endfacet
  facet normal 0.997943 0.0639807 -0.00410436
    outer loop
      vertex -21.3586 -15.8808 6.25
      vertex -21.3709 -15.7531 5.25
      vertex -21.375 -15.625 6.25
    endloop
  endfacet
  facet normal 0.999488 0.0319899 0
    outer loop
      vertex -21.375 -15.625 6.25
      vertex -21.3709 -15.7531 5.25
      vertex -21.375 -15.625 0.5
    endloop
  endfacet
  facet normal 0.999488 -0.0319899 0
    outer loop
      vertex -21.375 -15.625 6.25
      vertex -21.375 -15.625 0.5
      vertex -21.3709 -15.4969 5.25
    endloop
  endfacet
  facet normal 0.997951 -0.0639812 0.000864083
    outer loop
      vertex -21.3709 -15.4969 5.25
      vertex -21.375 -15.625 0.5
      vertex -21.3586 -15.3692 0.5
    endloop
  endfacet
  facet normal 0.995393 -0.0958758 -1.12493e-19
    outer loop
      vertex -21.3709 -15.4969 5.25
      vertex -21.3586 -15.3692 0.5
      vertex -21.3586 -15.3692 6.25
    endloop
  endfacet
  facet normal 0.987122 -0.159968 0
    outer loop
      vertex -21.3586 -15.3692 6.25
      vertex -21.3586 -15.3692 0.5
      vertex -21.3381 -15.2427 5.25
    endloop
  endfacet
  facet normal 0.981536 -0.191234 -0.00406957
    outer loop
      vertex -21.3586 -15.3692 6.25
      vertex -21.3381 -15.2427 5.25
      vertex -21.3096 -15.1177 6.25
    endloop
  endfacet
  facet normal 0.974979 -0.222295 0
    outer loop
      vertex -21.3096 -15.1177 6.25
      vertex -21.3381 -15.2427 5.25
      vertex -21.3096 -15.1177 0.5
    endloop
  endfacet
  facet normal 0.958617 -0.284699 0
    outer loop
      vertex -21.3096 -15.1177 6.25
      vertex -21.3096 -15.1177 0.5
      vertex -21.2731 -14.9948 5.25
    endloop
  endfacet
  facet normal 0.948995 -0.315291 0.000865465
    outer loop
      vertex -21.2731 -14.9948 5.25
      vertex -21.3096 -15.1177 0.5
      vertex -21.2288 -14.8745 0.5
    endloop
  endfacet
  facet normal 0.938396 -0.345561 -4.01863e-19
    outer loop
      vertex -21.2731 -14.9948 5.25
      vertex -21.2288 -14.8745 0.5
      vertex -21.2288 -14.8745 6.25
    endloop
  endfacet
  facet normal 0.914485 -0.404619 0
    outer loop
      vertex -21.2288 -14.8745 6.25
      vertex -21.2288 -14.8745 0.5
      vertex -21.1769 -14.7572 5.25
    endloop
  endfacet
  facet normal 0.900954 -0.433894 -0.00413624
    outer loop
      vertex -21.2288 -14.8745 6.25
      vertex -21.1769 -14.7572 5.25
      vertex -21.1176 -14.6436 6.25
    endloop
  endfacet
  facet normal 0.886487 -0.462753 0
    outer loop
      vertex -21.1176 -14.6436 6.25
      vertex -21.1769 -14.7572 5.25
      vertex -21.1176 -14.6436 0.5
    endloop
  endfacet
  facet normal 0.855491 -0.517818 0
    outer loop
      vertex -21.1176 -14.6436 6.25
      vertex -21.1176 -14.6436 0.5
      vertex -21.0512 -14.5339 5.25
    endloop
  endfacet
  facet normal 0.838122 -0.545482 0.000881692
    outer loop
      vertex -21.0512 -14.5339 5.25
      vertex -21.1176 -14.6436 0.5
      vertex -20.9778 -14.4288 0.5
    endloop
  endfacet
  facet normal 0.819854 -0.572572 -3.80352e-19
    outer loop
      vertex -21.0512 -14.5339 5.25
      vertex -20.9778 -14.4288 0.5
      vertex -20.9778 -14.4288 6.25
    endloop
  endfacet
  facet normal 0.78216 -0.623077 0
    outer loop
      vertex -20.9778 -14.4288 6.25
      vertex -20.9778 -14.4288 0.5
      vertex -20.8979 -14.3285 5.25
    endloop
  endfacet
  facet normal 0.761586 -0.64805 -0.00414873
    outer loop
      vertex -20.9778 -14.4288 6.25
      vertex -20.8979 -14.3285 5.25
      vertex -20.8117 -14.2336 6.25
    endloop
  endfacet
  facet normal 0.740222 -0.672362 0
    outer loop
      vertex -20.8117 -14.2336 6.25
      vertex -20.8979 -14.3285 5.25
      vertex -20.8117 -14.2336 0.5
    endloop
  endfacet
  facet normal 0.695707 -0.718325 0
    outer loop
      vertex -20.8117 -14.2336 6.25
      vertex -20.8117 -14.2336 0.5
      vertex -20.7196 -14.1444 5.25
    endloop
  endfacet
  facet normal 0.672342 -0.74024 0.000864563
    outer loop
      vertex -20.7196 -14.1444 5.25
      vertex -20.8117 -14.2336 0.5
      vertex -20.622 -14.0613 0.5
    endloop
  endfacet
  facet normal 0.648282 -0.7614 7.75655e-19
    outer loop
      vertex -20.7196 -14.1444 5.25
      vertex -20.622 -14.0613 0.5
      vertex -20.622 -14.0613 6.25
    endloop
  endfacet
  facet normal 0.597501 -0.801868 0
    outer loop
      vertex -20.622 -14.0613 6.25
      vertex -20.622 -14.0613 0.5
      vertex -20.5192 -13.9847 5.25
    endloop
  endfacet
  facet normal 0.572043 -0.820214 -0.0040224
    outer loop
      vertex -20.622 -14.0613 6.25
      vertex -20.5192 -13.9847 5.25
      vertex -20.4118 -13.9147 6.25
    endloop
  endfacet
  facet normal 0.54603 -0.837766 0
    outer loop
      vertex -20.4118 -13.9147 6.25
      vertex -20.5192 -13.9847 5.25
      vertex -20.4118 -13.9147 0.5
    endloop
  endfacet
  facet normal 0.490669 -0.871346 0
    outer loop
      vertex -20.4118 -13.9147 6.25
      vertex -20.4118 -13.9147 0.5
      vertex -20.3001 -13.8518 5.25
    endloop
  endfacet
  facet normal 0.462446 -0.886647 0.000866297
    outer loop
      vertex -20.3001 -13.8518 5.25
      vertex -20.4118 -13.9147 0.5
      vertex -20.1846 -13.7962 0.5
    endloop
  endfacet
  facet normal 0.433745 -0.901036 2.76686e-19
    outer loop
      vertex -20.3001 -13.8518 5.25
      vertex -20.1846 -13.7962 0.5
      vertex -20.1846 -13.7962 6.25
    endloop
  endfacet
  facet normal 0.375017 -0.927018 0
    outer loop
      vertex -20.1846 -13.7962 6.25
      vertex -20.1846 -13.7962 0.5
      vertex -20.0657 -13.7481 5.25
    endloop
  endfacet
  facet normal 0.345341 -0.938468 -0.00407931
    outer loop
      vertex -20.1846 -13.7962 6.25
      vertex -20.0657 -13.7481 5.25
      vertex -19.9441 -13.7077 6.25
    endloop
  endfacet
  facet normal 0.315291 -0.948995 0
    outer loop
      vertex -19.9441 -13.7077 6.25
      vertex -20.0657 -13.7481 5.25
      vertex -19.9441 -13.7077 0.5
    endloop
  endfacet
  facet normal 0.254071 -0.967185 0
    outer loop
      vertex -19.9441 -13.7077 6.25
      vertex -19.9441 -13.7077 0.5
      vertex -19.82 -13.6751 5.25
    endloop
  endfacet
  facet normal 0.222751 -0.974875 0.00087107
    outer loop
      vertex -19.82 -13.6751 5.25
      vertex -19.9441 -13.7077 0.5
      vertex -19.6942 -13.6506 0.5
    endloop
  endfacet
  facet normal 0.191162 -0.981558 1.78983e-19
    outer loop
      vertex -19.82 -13.6751 5.25
      vertex -19.6942 -13.6506 0.5
      vertex -19.6942 -13.6506 6.25
    endloop
  endfacet
  facet normal 0.127872 -0.991791 0
    outer loop
      vertex -19.6942 -13.6506 6.25
      vertex -19.6942 -13.6506 0.5
      vertex -19.567 -13.6342 5.25
    endloop
  endfacet
  facet normal 0.0959867 -0.995374 -0.00411463
    outer loop
      vertex -19.6942 -13.6506 6.25
      vertex -19.567 -13.6342 5.25
      vertex -19.4391 -13.626 6.25
    endloop
  endfacet
  facet normal 0.0639812 -0.997951 0
    outer loop
      vertex -19.4391 -13.626 6.25
      vertex -19.567 -13.6342 5.25
      vertex -19.4391 -13.626 0.5
    endloop
  endfacet
  facet normal 0 -1 0
    outer loop
      vertex -19.4391 -13.626 6.25
      vertex -19.4391 -13.626 0.5
      vertex -19.3109 -13.626 5.25
    endloop
  endfacet
  facet normal -0.0320023 -0.999487 0.000863726
    outer loop
      vertex -19.3109 -13.626 5.25
      vertex -19.4391 -13.626 0.5
      vertex -19.183 -13.6342 0.5
    endloop
  endfacet
  facet normal -0.0639812 -0.997951 -4.01478e-20
    outer loop
      vertex -19.3109 -13.626 5.25
      vertex -19.183 -13.6342 0.5
      vertex -19.183 -13.6342 6.25
    endloop
  endfacet
  facet normal -0.127872 -0.991791 -0
    outer loop
      vertex -19.183 -13.6342 6.25
      vertex -19.183 -13.6342 0.5
      vertex -19.0558 -13.6506 5.25
    endloop
  endfacet
  facet normal -0.159587 -0.987175 -0.00410977
    outer loop
      vertex -19.183 -13.6342 6.25
      vertex -19.0558 -13.6506 5.25
      vertex -18.93 -13.6751 6.25
    endloop
  endfacet
  facet normal -0.191162 -0.981558 -0
    outer loop
      vertex -18.93 -13.6751 6.25
      vertex -19.0558 -13.6506 5.25
      vertex -18.93 -13.6751 0.5
    endloop
  endfacet
  facet normal -0.254071 -0.967185 -0
    outer loop
      vertex -18.93 -13.6751 6.25
      vertex -18.93 -13.6751 0.5
      vertex -18.8059 -13.7077 5.25
    endloop
  endfacet
  facet normal -0.284805 -0.958585 0.000861998
    outer loop
      vertex -18.8059 -13.7077 5.25
      vertex -18.93 -13.6751 0.5
      vertex -18.6843 -13.7481 0.5
    endloop
  endfacet
  facet normal -0.315291 -0.948995 4.01409e-19
    outer loop
      vertex -18.8059 -13.7077 5.25
      vertex -18.6843 -13.7481 0.5
      vertex -18.6843 -13.7481 6.25
    endloop
  endfacet
  facet normal -0.375017 -0.927018 -0
    outer loop
      vertex -18.6843 -13.7481 6.25
      vertex -18.6843 -13.7481 0.5
      vertex -18.5654 -13.7962 5.25
    endloop
  endfacet
  facet normal -0.404578 -0.914494 -0.00411714
    outer loop
      vertex -18.6843 -13.7481 6.25
      vertex -18.5654 -13.7962 5.25
      vertex -18.4499 -13.8518 6.25
    endloop
  endfacet
  facet normal -0.433745 -0.901036 -0
    outer loop
      vertex -18.4499 -13.8518 6.25
      vertex -18.5654 -13.7962 5.25
      vertex -18.4499 -13.8518 0.5
    endloop
  endfacet
  facet normal -0.490669 -0.871346 -0
    outer loop
      vertex -18.4499 -13.8518 6.25
      vertex -18.4499 -13.8518 0.5
      vertex -18.3382 -13.9147 5.25
    endloop
  endfacet
  facet normal -0.518621 -0.855004 0.000873747
    outer loop
      vertex -18.3382 -13.9147 5.25
      vertex -18.4499 -13.8518 0.5
      vertex -18.2308 -13.9847 0.5
    endloop
  endfacet
  facet normal -0.54603 -0.837766 -2.26898e-19
    outer loop
      vertex -18.3382 -13.9147 5.25
      vertex -18.2308 -13.9847 0.5
      vertex -18.2308 -13.9847 6.25
    endloop
  endfacet
  facet normal -0.597501 -0.801868 -0
    outer loop
      vertex -18.2308 -13.9847 6.25
      vertex -18.2308 -13.9847 0.5
      vertex -18.128 -14.0613 5.25
    endloop
  endfacet
  facet normal -0.623213 -0.782041 -0.00416199
    outer loop
      vertex -18.2308 -13.9847 6.25
      vertex -18.128 -14.0613 5.25
      vertex -18.0304 -14.1444 6.25
    endloop
  endfacet
  facet normal -0.648282 -0.7614 -0
    outer loop
      vertex -18.0304 -14.1444 6.25
      vertex -18.128 -14.0613 5.25
      vertex -18.0304 -14.1444 0.5
    endloop
  endfacet
  facet normal -0.695707 -0.718325 -0
    outer loop
      vertex -18.0304 -14.1444 6.25
      vertex -18.0304 -14.1444 0.5
      vertex -17.9383 -14.2336 5.25
    endloop
  endfacet
  facet normal -0.718331 -0.695701 0.000863542
    outer loop
      vertex -17.9383 -14.2336 5.25
      vertex -18.0304 -14.1444 0.5
      vertex -17.8521 -14.3285 0.5
    endloop
  endfacet
  facet normal -0.740222 -0.672362 4.83736e-19
    outer loop
      vertex -17.9383 -14.2336 5.25
      vertex -17.8521 -14.3285 0.5
      vertex -17.8521 -14.3285 6.25
    endloop
  endfacet
  facet normal -0.78216 -0.623077 -0
    outer loop
      vertex -17.8521 -14.3285 6.25
      vertex -17.8521 -14.3285 0.5
      vertex -17.7722 -14.4288 5.25
    endloop
  endfacet
  facet normal -0.801396 -0.598121 -0.00404003
    outer loop
      vertex -17.8521 -14.3285 6.25
      vertex -17.7722 -14.4288 5.25
      vertex -17.6988 -14.5339 6.25
    endloop
  endfacet
  facet normal -0.819854 -0.572572 -0
    outer loop
      vertex -17.6988 -14.5339 6.25
      vertex -17.7722 -14.4288 5.25
      vertex -17.6988 -14.5339 0.5
    endloop
  endfacet
  facet normal -0.855491 -0.517818 -0
    outer loop
      vertex -17.6988 -14.5339 6.25
      vertex -17.6988 -14.5339 0.5
      vertex -17.6324 -14.6436 5.25
    endloop
  endfacet
  facet normal -0.871419 -0.490539 0.00085265
    outer loop
      vertex -17.6324 -14.6436 5.25
      vertex -17.6988 -14.5339 0.5
      vertex -17.5731 -14.7572 0.5
    endloop
  endfacet
  facet normal -0.886487 -0.462753 -5.04656e-19
    outer loop
      vertex -17.6324 -14.6436 5.25
      vertex -17.5731 -14.7572 0.5
      vertex -17.5731 -14.7572 6.25
    endloop
  endfacet
  facet normal -0.914485 -0.404619 -0
    outer loop
      vertex -17.5731 -14.7572 6.25
      vertex -17.5731 -14.7572 0.5
      vertex -17.5212 -14.8745 5.25
    endloop
  endfacet
  facet normal -0.9269 -0.375285 -0.00408515
    outer loop
      vertex -17.5731 -14.7572 6.25
      vertex -17.5212 -14.8745 5.25
      vertex -17.4769 -14.9948 6.25
    endloop
  endfacet
  facet normal -0.938396 -0.345561 -0
    outer loop
      vertex -17.4769 -14.9948 6.25
      vertex -17.5212 -14.8745 5.25
      vertex -17.4769 -14.9948 0.5
    endloop
  endfacet
  facet normal -0.958617 -0.284699 -0
    outer loop
      vertex -17.4769 -14.9948 6.25
      vertex -17.4769 -14.9948 0.5
      vertex -17.4404 -15.1177 5.25
    endloop
  endfacet
  facet normal -0.967301 -0.253629 0.000870635
    outer loop
      vertex -17.4404 -15.1177 5.25
      vertex -17.4769 -14.9948 0.5
      vertex -17.4119 -15.2427 0.5
    endloop
  endfacet
  facet normal -0.974979 -0.222295 0
    outer loop
      vertex -17.4404 -15.1177 5.25
      vertex -17.4119 -15.2427 0.5
      vertex -17.4119 -15.2427 6.25
    endloop
  endfacet
  facet normal -0.987122 -0.159968 -0
    outer loop
      vertex -17.4119 -15.2427 6.25
      vertex -17.4119 -15.2427 0.5
      vertex -17.3914 -15.3692 5.25
    endloop
  endfacet
  facet normal -0.991769 -0.12797 -0.00414304
    outer loop
      vertex -17.4119 -15.2427 6.25
      vertex -17.3914 -15.3692 5.25
      vertex -17.3791 -15.4969 6.25
    endloop
  endfacet
  facet normal -0.995393 -0.0958758 -0
    outer loop
      vertex -17.3791 -15.4969 6.25
      vertex -17.3914 -15.3692 5.25
      vertex -17.3791 -15.4969 0.5
    endloop
  endfacet
  facet normal -0.999488 -0.0319899 -0
    outer loop
      vertex -17.3791 -15.4969 6.25
      vertex -17.3791 -15.4969 0.5
      vertex -17.375 -15.625 5.25
    endloop
  endfacet
  facet normal -1 0 0.000863158
    outer loop
      vertex -17.375 -15.625 5.25
      vertex -17.3791 -15.4969 0.5
      vertex -17.3791 -15.7531 0.5
    endloop
  endfacet
  facet normal -0.999488 0.0319899 3.19368e-20
    outer loop
      vertex -17.375 -15.625 5.25
      vertex -17.3791 -15.7531 0.5
      vertex -17.3791 -15.7531 6.25
    endloop
  endfacet
  facet normal -0.995393 0.0958758 0
    outer loop
      vertex -17.3791 -15.7531 6.25
      vertex -17.3791 -15.7531 0.5
      vertex -17.3914 -15.8808 5.25
    endloop
  endfacet
  facet normal -0.991769 0.12797 -0.00414304
    outer loop
      vertex -17.3791 -15.7531 6.25
      vertex -17.3914 -15.8808 5.25
      vertex -17.4119 -16.0073 6.25
    endloop
  endfacet
  facet normal -0.987122 0.159968 0
    outer loop
      vertex -17.4119 -16.0073 6.25
      vertex -17.3914 -15.8808 5.25
      vertex -17.4119 -16.0073 0.5
    endloop
  endfacet
  facet normal -0.974979 0.222295 0
    outer loop
      vertex -17.4119 -16.0073 6.25
      vertex -17.4119 -16.0073 0.5
      vertex -17.4404 -16.1323 5.25
    endloop
  endfacet
  facet normal -0.967301 0.253629 0.000870635
    outer loop
      vertex -17.4404 -16.1323 5.25
      vertex -17.4119 -16.0073 0.5
      vertex -17.4769 -16.2552 0.5
    endloop
  endfacet
  facet normal -0.958617 0.284699 -4.16148e-19
    outer loop
      vertex -17.4404 -16.1323 5.25
      vertex -17.4769 -16.2552 0.5
      vertex -17.4769 -16.2552 6.25
    endloop
  endfacet
  facet normal -0.938396 0.345561 0
    outer loop
      vertex -17.4769 -16.2552 6.25
      vertex -17.4769 -16.2552 0.5
      vertex -17.5212 -16.3755 5.25
    endloop
  endfacet
  facet normal -0.9269 0.375285 -0.00408515
    outer loop
      vertex -17.4769 -16.2552 6.25
      vertex -17.5212 -16.3755 5.25
      vertex -17.5731 -16.4928 6.25
    endloop
  endfacet
  facet normal -0.914485 0.404619 0
    outer loop
      vertex -17.5731 -16.4928 6.25
      vertex -17.5212 -16.3755 5.25
      vertex -17.5731 -16.4928 0.5
    endloop
  endfacet
  facet normal -0.886487 0.462753 0
    outer loop
      vertex -17.5731 -16.4928 6.25
      vertex -17.5731 -16.4928 0.5
      vertex -17.6324 -16.6064 5.25
    endloop
  endfacet
  facet normal -0.871419 0.490539 0.00085265
    outer loop
      vertex -17.6324 -16.6064 5.25
      vertex -17.5731 -16.4928 0.5
      vertex -17.6988 -16.7161 0.5
    endloop
  endfacet
  facet normal -0.855491 0.517818 2.71245e-20
    outer loop
      vertex -17.6324 -16.6064 5.25
      vertex -17.6988 -16.7161 0.5
      vertex -17.6988 -16.7161 6.25
    endloop
  endfacet
  facet normal -0.819854 0.572572 0
    outer loop
      vertex -17.6988 -16.7161 6.25
      vertex -17.6988 -16.7161 0.5
      vertex -17.7722 -16.8212 5.25
    endloop
  endfacet
  facet normal -0.801396 0.598121 -0.00404003
    outer loop
      vertex -17.6988 -16.7161 6.25
      vertex -17.7722 -16.8212 5.25
      vertex -17.8521 -16.9215 6.25
    endloop
  endfacet
  facet normal -0.78216 0.623077 0
    outer loop
      vertex -17.8521 -16.9215 6.25
      vertex -17.7722 -16.8212 5.25
      vertex -17.8521 -16.9215 0.5
    endloop
  endfacet
  facet normal -0.740222 0.672362 0
    outer loop
      vertex -17.8521 -16.9215 6.25
      vertex -17.8521 -16.9215 0.5
      vertex -17.9383 -17.0164 5.25
    endloop
  endfacet
  facet normal -0.718331 0.695701 0.000863542
    outer loop
      vertex -17.9383 -17.0164 5.25
      vertex -17.8521 -16.9215 0.5
      vertex -18.0304 -17.1056 0.5
    endloop
  endfacet
  facet normal -0.695707 0.718325 -9.78467e-19
    outer loop
      vertex -17.9383 -17.0164 5.25
      vertex -18.0304 -17.1056 0.5
      vertex -18.0304 -17.1056 6.25
    endloop
  endfacet
  facet normal -0.648282 0.7614 0
    outer loop
      vertex -18.0304 -17.1056 6.25
      vertex -18.0304 -17.1056 0.5
      vertex -18.128 -17.1887 5.25
    endloop
  endfacet
  facet normal -0.623213 0.782041 -0.00416199
    outer loop
      vertex -18.0304 -17.1056 6.25
      vertex -18.128 -17.1887 5.25
      vertex -18.2308 -17.2653 6.25
    endloop
  endfacet
  facet normal -0.597501 0.801868 0
    outer loop
      vertex -18.2308 -17.2653 6.25
      vertex -18.128 -17.1887 5.25
      vertex -18.2308 -17.2653 0.5
    endloop
  endfacet
  facet normal -0.54603 0.837766 0
    outer loop
      vertex -18.2308 -17.2653 6.25
      vertex -18.2308 -17.2653 0.5
      vertex -18.3382 -17.3353 5.25
    endloop
  endfacet
  facet normal -0.518621 0.855004 0.000873747
    outer loop
      vertex -18.3382 -17.3353 5.25
      vertex -18.2308 -17.2653 0.5
      vertex -18.4499 -17.3982 0.5
    endloop
  endfacet
  facet normal -0.490669 0.871346 4.91762e-19
    outer loop
      vertex -18.3382 -17.3353 5.25
      vertex -18.4499 -17.3982 0.5
      vertex -18.4499 -17.3982 6.25
    endloop
  endfacet
  facet normal -0.433745 0.901036 0
    outer loop
      vertex -18.4499 -17.3982 6.25
      vertex -18.4499 -17.3982 0.5
      vertex -18.5654 -17.4538 5.25
    endloop
  endfacet
  facet normal -0.404578 0.914494 -0.00411714
    outer loop
      vertex -18.4499 -17.3982 6.25
      vertex -18.5654 -17.4538 5.25
      vertex -18.6843 -17.5019 6.25
    endloop
  endfacet
  facet normal -0.375017 0.927018 0
    outer loop
      vertex -18.6843 -17.5019 6.25
      vertex -18.5654 -17.4538 5.25
      vertex -18.6843 -17.5019 0.5
    endloop
  endfacet
  facet normal -0.315291 0.948995 0
    outer loop
      vertex -18.6843 -17.5019 6.25
      vertex -18.6843 -17.5019 0.5
      vertex -18.8059 -17.5423 5.25
    endloop
  endfacet
  facet normal -0.284805 0.958585 0.000861998
    outer loop
      vertex -18.8059 -17.5423 5.25
      vertex -18.6843 -17.5019 0.5
      vertex -18.93 -17.5749 0.5
    endloop
  endfacet
  facet normal -0.254071 0.967185 -1.91068e-19
    outer loop
      vertex -18.8059 -17.5423 5.25
      vertex -18.93 -17.5749 0.5
      vertex -18.93 -17.5749 6.25
    endloop
  endfacet
  facet normal -0.191162 0.981558 0
    outer loop
      vertex -18.93 -17.5749 6.25
      vertex -18.93 -17.5749 0.5
      vertex -19.0558 -17.5994 5.25
    endloop
  endfacet
  facet normal -0.159587 0.987175 -0.00410977
    outer loop
      vertex -18.93 -17.5749 6.25
      vertex -19.0558 -17.5994 5.25
      vertex -19.183 -17.6158 6.25
    endloop
  endfacet
  facet normal -0.127872 0.991791 0
    outer loop
      vertex -19.183 -17.6158 6.25
      vertex -19.0558 -17.5994 5.25
      vertex -19.183 -17.6158 0.5
    endloop
  endfacet
  facet normal -0.0639812 0.997951 0
    outer loop
      vertex -19.183 -17.6158 6.25
      vertex -19.183 -17.6158 0.5
      vertex -19.3109 -17.624 5.25
    endloop
  endfacet
  facet normal -0.0320023 0.999487 0.000863726
    outer loop
      vertex -19.3109 -17.624 5.25
      vertex -19.183 -17.6158 0.5
      vertex -19.4391 -17.624 0.5
    endloop
  endfacet
  facet normal 0 1 0
    outer loop
      vertex -19.3109 -17.624 5.25
      vertex -19.4391 -17.624 0.5
      vertex -19.4391 -17.624 6.25
    endloop
  endfacet
  facet normal 0.0639812 0.997951 0
    outer loop
      vertex -19.4391 -17.624 6.25
      vertex -19.4391 -17.624 0.5
      vertex -19.567 -17.6158 5.25
    endloop
  endfacet
  facet normal 0.0959867 0.995374 -0.00411463
    outer loop
      vertex -19.4391 -17.624 6.25
      vertex -19.567 -17.6158 5.25
      vertex -19.6942 -17.5994 6.25
    endloop
  endfacet
  facet normal 0.127872 0.991791 0
    outer loop
      vertex -19.6942 -17.5994 6.25
      vertex -19.567 -17.6158 5.25
      vertex -19.6942 -17.5994 0.5
    endloop
  endfacet
  facet normal 0.191162 0.981558 0
    outer loop
      vertex -19.6942 -17.5994 6.25
      vertex -19.6942 -17.5994 0.5
      vertex -19.82 -17.5749 5.25
    endloop
  endfacet
  facet normal 0.222751 0.974875 0.00087107
    outer loop
      vertex -19.82 -17.5749 5.25
      vertex -19.6942 -17.5994 0.5
      vertex -19.9441 -17.5423 0.5
    endloop
  endfacet
  facet normal 0.254071 0.967185 1.91068e-19
    outer loop
      vertex -19.82 -17.5749 5.25
      vertex -19.9441 -17.5423 0.5
      vertex -19.9441 -17.5423 6.25
    endloop
  endfacet
  facet normal 0.315291 0.948995 0
    outer loop
      vertex -19.9441 -17.5423 6.25
      vertex -19.9441 -17.5423 0.5
      vertex -20.0657 -17.5019 5.25
    endloop
  endfacet
  facet normal 0.345341 0.938468 -0.00407931
    outer loop
      vertex -19.9441 -17.5423 6.25
      vertex -20.0657 -17.5019 5.25
      vertex -20.1846 -17.4538 6.25
    endloop
  endfacet
  facet normal 0.375017 0.927018 0
    outer loop
      vertex -20.1846 -17.4538 6.25
      vertex -20.0657 -17.5019 5.25
      vertex -20.1846 -17.4538 0.5
    endloop
  endfacet
  facet normal 0.433745 0.901036 0
    outer loop
      vertex -20.1846 -17.4538 6.25
      vertex -20.1846 -17.4538 0.5
      vertex -20.3001 -17.3982 5.25
    endloop
  endfacet
  facet normal 0.462446 0.886647 0.000866297
    outer loop
      vertex -20.3001 -17.3982 5.25
      vertex -20.1846 -17.4538 0.5
      vertex -20.4118 -17.3353 0.5
    endloop
  endfacet
  facet normal 0.490669 0.871346 -4.91762e-19
    outer loop
      vertex -20.3001 -17.3982 5.25
      vertex -20.4118 -17.3353 0.5
      vertex -20.4118 -17.3353 6.25
    endloop
  endfacet
  facet normal 0.54603 0.837766 0
    outer loop
      vertex -20.4118 -17.3353 6.25
      vertex -20.4118 -17.3353 0.5
      vertex -20.5192 -17.2653 5.25
    endloop
  endfacet
  facet normal 0.572043 0.820214 -0.0040224
    outer loop
      vertex -20.4118 -17.3353 6.25
      vertex -20.5192 -17.2653 5.25
      vertex -20.622 -17.1887 6.25
    endloop
  endfacet
  facet normal 0.597501 0.801868 0
    outer loop
      vertex -20.622 -17.1887 6.25
      vertex -20.5192 -17.2653 5.25
      vertex -20.622 -17.1887 0.5
    endloop
  endfacet
  facet normal 0.648282 0.7614 0
    outer loop
      vertex -20.622 -17.1887 6.25
      vertex -20.622 -17.1887 0.5
      vertex -20.7196 -17.1056 5.25
    endloop
  endfacet
  facet normal 0.672342 0.74024 0.000864563
    outer loop
      vertex -20.7196 -17.1056 5.25
      vertex -20.622 -17.1887 0.5
      vertex -20.8117 -17.0164 0.5
    endloop
  endfacet
  facet normal 0.695707 0.718325 9.78467e-19
    outer loop
      vertex -20.7196 -17.1056 5.25
      vertex -20.8117 -17.0164 0.5
      vertex -20.8117 -17.0164 6.25
    endloop
  endfacet
  facet normal 0.740222 0.672362 0
    outer loop
      vertex -20.8117 -17.0164 6.25
      vertex -20.8117 -17.0164 0.5
      vertex -20.8979 -16.9215 5.25
    endloop
  endfacet
  facet normal 0.761586 0.64805 -0.00414873
    outer loop
      vertex -20.8117 -17.0164 6.25
      vertex -20.8979 -16.9215 5.25
      vertex -20.9778 -16.8212 6.25
    endloop
  endfacet
  facet normal 0.78216 0.623077 0
    outer loop
      vertex -20.9778 -16.8212 6.25
      vertex -20.8979 -16.9215 5.25
      vertex -20.9778 -16.8212 0.5
    endloop
  endfacet
  facet normal 0.819854 0.572572 0
    outer loop
      vertex -20.9778 -16.8212 6.25
      vertex -20.9778 -16.8212 0.5
      vertex -21.0512 -16.7161 5.25
    endloop
  endfacet
  facet normal 0.838122 0.545482 0.000881692
    outer loop
      vertex -21.0512 -16.7161 5.25
      vertex -20.9778 -16.8212 0.5
      vertex -21.1176 -16.6064 0.5
    endloop
  endfacet
  facet normal 0.855491 0.517818 -2.71245e-20
    outer loop
      vertex -21.0512 -16.7161 5.25
      vertex -21.1176 -16.6064 0.5
      vertex -21.1176 -16.6064 6.25
    endloop
  endfacet
  facet normal 0.886487 0.462753 0
    outer loop
      vertex -21.1176 -16.6064 6.25
      vertex -21.1176 -16.6064 0.5
      vertex -21.1769 -16.4928 5.25
    endloop
  endfacet
  facet normal 0.900954 0.433894 -0.00413624
    outer loop
      vertex -21.1176 -16.6064 6.25
      vertex -21.1769 -16.4928 5.25
      vertex -21.2288 -16.3755 6.25
    endloop
  endfacet
  facet normal 0.914485 0.404619 0
    outer loop
      vertex -21.2288 -16.3755 6.25
      vertex -21.1769 -16.4928 5.25
      vertex -21.2288 -16.3755 0.5
    endloop
  endfacet
  facet normal 0.938396 0.345561 0
    outer loop
      vertex -21.2288 -16.3755 6.25
      vertex -21.2288 -16.3755 0.5
      vertex -21.2731 -16.2552 5.25
    endloop
  endfacet
  facet normal 0.948995 0.315291 0.000865465
    outer loop
      vertex -21.2731 -16.2552 5.25
      vertex -21.2288 -16.3755 0.5
      vertex -21.3096 -16.1323 0.5
    endloop
  endfacet
  facet normal 0.958617 0.284699 4.16148e-19
    outer loop
      vertex -21.2731 -16.2552 5.25
      vertex -21.3096 -16.1323 0.5
      vertex -21.3096 -16.1323 6.25
    endloop
  endfacet
  facet normal 0.974979 0.222295 0
    outer loop
      vertex -21.3096 -16.1323 6.25
      vertex -21.3096 -16.1323 0.5
      vertex -21.3381 -16.0073 5.25
    endloop
  endfacet
  facet normal 0.981536 0.191234 -0.00406957
    outer loop
      vertex -21.3096 -16.1323 6.25
      vertex -21.3381 -16.0073 5.25
      vertex -21.3586 -15.8808 6.25
    endloop
  endfacet
  facet normal 0.987122 0.159968 0
    outer loop
      vertex -21.3586 -15.8808 6.25
      vertex -21.3381 -16.0073 5.25
      vertex -21.3586 -15.8808 0.5
    endloop
  endfacet
  facet normal 0.995393 0.0958758 0
    outer loop
      vertex -21.3586 -15.8808 6.25
      vertex -21.3586 -15.8808 0.5
      vertex -21.3709 -15.7531 5.25
    endloop
  endfacet
  facet normal 0.997951 0.0639812 0.000864083
    outer loop
      vertex -21.3709 -15.7531 5.25
      vertex -21.3586 -15.8808 0.5
      vertex -21.375 -15.625 0.5
    endloop
  endfacet
  facet normal 0.948987 0.315288 -0.00411092
    outer loop
      vertex -21.3096 -16.1323 6.25
      vertex -21.2288 -16.3755 6.25
      vertex -21.2731 -16.2552 5.25
    endloop
  endfacet
  facet normal 0.838115 0.545477 -0.004188
    outer loop
      vertex -21.1176 -16.6064 6.25
      vertex -20.9778 -16.8212 6.25
      vertex -21.0512 -16.7161 5.25
    endloop
  endfacet
  facet normal 0.672337 0.740234 -0.00410664
    outer loop
      vertex -20.8117 -17.0164 6.25
      vertex -20.622 -17.1887 6.25
      vertex -20.7196 -17.1056 5.25
    endloop
  endfacet
  facet normal 0.462442 0.88664 -0.00411488
    outer loop
      vertex -20.4118 -17.3353 6.25
      vertex -20.1846 -17.4538 6.25
      vertex -20.3001 -17.3982 5.25
    endloop
  endfacet
  facet normal 0.222749 0.974867 -0.00413755
    outer loop
      vertex -19.9441 -17.5423 6.25
      vertex -19.6942 -17.5994 6.25
      vertex -19.82 -17.5749 5.25
    endloop
  endfacet
  facet normal -0.0320021 0.999479 -0.00410267
    outer loop
      vertex -19.4391 -17.624 6.25
      vertex -19.183 -17.6158 6.25
      vertex -19.3109 -17.624 5.25
    endloop
  endfacet
  facet normal -0.284803 0.958577 -0.00409446
    outer loop
      vertex -18.93 -17.5749 6.25
      vertex -18.6843 -17.5019 6.25
      vertex -18.8059 -17.5423 5.25
    endloop
  endfacet
  facet normal -0.518617 0.854996 -0.00415026
    outer loop
      vertex -18.4499 -17.3982 6.25
      vertex -18.2308 -17.2653 6.25
      vertex -18.3382 -17.3353 5.25
    endloop
  endfacet
  facet normal -0.718326 0.695695 -0.00410179
    outer loop
      vertex -18.0304 -17.1056 6.25
      vertex -17.8521 -16.9215 6.25
      vertex -17.9383 -17.0164 5.25
    endloop
  endfacet
  facet normal -0.871412 0.490535 -0.00405006
    outer loop
      vertex -17.6988 -16.7161 6.25
      vertex -17.5731 -16.4928 6.25
      vertex -17.6324 -16.6064 5.25
    endloop
  endfacet
  facet normal -0.967293 0.253627 -0.00413548
    outer loop
      vertex -17.4769 -16.2552 6.25
      vertex -17.4119 -16.0073 6.25
      vertex -17.4404 -16.1323 5.25
    endloop
  endfacet
  facet normal -0.999992 0 -0.00409997
    outer loop
      vertex -17.3791 -15.7531 6.25
      vertex -17.3791 -15.4969 6.25
      vertex -17.375 -15.625 5.25
    endloop
  endfacet
  facet normal -0.967293 -0.253627 -0.00413548
    outer loop
      vertex -17.4119 -15.2427 6.25
      vertex -17.4769 -14.9948 6.25
      vertex -17.4404 -15.1177 5.25
    endloop
  endfacet
  facet normal -0.871412 -0.490535 -0.00405006
    outer loop
      vertex -17.5731 -14.7572 6.25
      vertex -17.6988 -14.5339 6.25
      vertex -17.6324 -14.6436 5.25
    endloop
  endfacet
  facet normal -0.718326 -0.695695 -0.00410179
    outer loop
      vertex -17.8521 -14.3285 6.25
      vertex -18.0304 -14.1444 6.25
      vertex -17.9383 -14.2336 5.25
    endloop
  endfacet
  facet normal -0.518617 -0.854996 -0.00415026
    outer loop
      vertex -18.2308 -13.9847 6.25
      vertex -18.4499 -13.8518 6.25
      vertex -18.3382 -13.9147 5.25
    endloop
  endfacet
  facet normal -0.284803 -0.958577 -0.00409446
    outer loop
      vertex -18.6843 -13.7481 6.25
      vertex -18.93 -13.6751 6.25
      vertex -18.8059 -13.7077 5.25
    endloop
  endfacet
  facet normal -0.0320021 -0.999479 -0.00410267
    outer loop
      vertex -19.183 -13.6342 6.25
      vertex -19.4391 -13.626 6.25
      vertex -19.3109 -13.626 5.25
    endloop
  endfacet
  facet normal 0.222749 -0.974867 -0.00413755
    outer loop
      vertex -19.6942 -13.6506 6.25
      vertex -19.9441 -13.7077 6.25
      vertex -19.82 -13.6751 5.25
    endloop
  endfacet
  facet normal 0.462442 -0.88664 -0.00411488
    outer loop
      vertex -20.1846 -13.7962 6.25
      vertex -20.4118 -13.9147 6.25
      vertex -20.3001 -13.8518 5.25
    endloop
  endfacet
  facet normal 0.672337 -0.740234 -0.00410664
    outer loop
      vertex -20.622 -14.0613 6.25
      vertex -20.8117 -14.2336 6.25
      vertex -20.7196 -14.1444 5.25
    endloop
  endfacet
  facet normal 0.838115 -0.545477 -0.004188
    outer loop
      vertex -20.9778 -14.4288 6.25
      vertex -21.1176 -14.6436 6.25
      vertex -21.0512 -14.5339 5.25
    endloop
  endfacet
  facet normal 0.948987 -0.315288 -0.00411092
    outer loop
      vertex -21.2288 -14.8745 6.25
      vertex -21.3096 -15.1177 6.25
      vertex -21.2731 -14.9948 5.25
    endloop
  endfacet
  facet normal 0.997943 -0.0639807 -0.00410436
    outer loop
      vertex -21.3586 -15.3692 6.25
      vertex -21.375 -15.625 6.25
      vertex -21.3709 -15.4969 5.25
    endloop
  endfacet
  facet normal 0.981544 -0.191235 0.000856758
    outer loop
      vertex -21.3586 -15.3692 0.5
      vertex -21.3096 -15.1177 0.5
      vertex -21.3381 -15.2427 5.25
    endloop
  endfacet
  facet normal 0.900962 -0.433898 0.000870793
    outer loop
      vertex -21.2288 -14.8745 0.5
      vertex -21.1176 -14.6436 0.5
      vertex -21.1769 -14.7572 5.25
    endloop
  endfacet
  facet normal 0.761592 -0.648056 0.000873425
    outer loop
      vertex -20.9778 -14.4288 0.5
      vertex -20.8117 -14.2336 0.5
      vertex -20.8979 -14.3285 5.25
    endloop
  endfacet
  facet normal 0.572047 -0.82022 0.000846829
    outer loop
      vertex -20.622 -14.0613 0.5
      vertex -20.4118 -13.9147 0.5
      vertex -20.5192 -13.9847 5.25
    endloop
  endfacet
  facet normal 0.345344 -0.938476 0.00085881
    outer loop
      vertex -20.1846 -13.7962 0.5
      vertex -19.9441 -13.7077 0.5
      vertex -20.0657 -13.7481 5.25
    endloop
  endfacet
  facet normal 0.0959875 -0.995382 0.000866245
    outer loop
      vertex -19.6942 -13.6506 0.5
      vertex -19.4391 -13.626 0.5
      vertex -19.567 -13.6342 5.25
    endloop
  endfacet
  facet normal -0.159588 -0.987183 0.000865222
    outer loop
      vertex -19.183 -13.6342 0.5
      vertex -18.93 -13.6751 0.5
      vertex -19.0558 -13.6506 5.25
    endloop
  endfacet
  facet normal -0.404581 -0.914502 0.000866772
    outer loop
      vertex -18.6843 -13.7481 0.5
      vertex -18.4499 -13.8518 0.5
      vertex -18.5654 -13.7962 5.25
    endloop
  endfacet
  facet normal -0.623218 -0.782047 0.000876215
    outer loop
      vertex -18.2308 -13.9847 0.5
      vertex -18.0304 -14.1444 0.5
      vertex -18.128 -14.0613 5.25
    endloop
  endfacet
  facet normal -0.801402 -0.598125 0.000850538
    outer loop
      vertex -17.8521 -14.3285 0.5
      vertex -17.6988 -14.5339 0.5
      vertex -17.7722 -14.4288 5.25
    endloop
  endfacet
  facet normal -0.926908 -0.375288 0.000860038
    outer loop
      vertex -17.5731 -14.7572 0.5
      vertex -17.4769 -14.9948 0.5
      vertex -17.5212 -14.8745 5.25
    endloop
  endfacet
  facet normal -0.991777 -0.127971 0.000872225
    outer loop
      vertex -17.4119 -15.2427 0.5
      vertex -17.3791 -15.4969 0.5
      vertex -17.3914 -15.3692 5.25
    endloop
  endfacet
  facet normal -0.991777 0.127971 0.000872225
    outer loop
      vertex -17.3791 -15.7531 0.5
      vertex -17.4119 -16.0073 0.5
      vertex -17.3914 -15.8808 5.25
    endloop
  endfacet
  facet normal -0.926908 0.375288 0.000860038
    outer loop
      vertex -17.4769 -16.2552 0.5
      vertex -17.5731 -16.4928 0.5
      vertex -17.5212 -16.3755 5.25
    endloop
  endfacet
  facet normal -0.801402 0.598125 0.000850538
    outer loop
      vertex -17.6988 -16.7161 0.5
      vertex -17.8521 -16.9215 0.5
      vertex -17.7722 -16.8212 5.25
    endloop
  endfacet
  facet normal -0.623218 0.782047 0.000876215
    outer loop
      vertex -18.0304 -17.1056 0.5
      vertex -18.2308 -17.2653 0.5
      vertex -18.128 -17.1887 5.25
    endloop
  endfacet
  facet normal -0.404581 0.914502 0.000866772
    outer loop
      vertex -18.4499 -17.3982 0.5
      vertex -18.6843 -17.5019 0.5
      vertex -18.5654 -17.4538 5.25
    endloop
  endfacet
  facet normal -0.159588 0.987183 0.000865222
    outer loop
      vertex -18.93 -17.5749 0.5
      vertex -19.183 -17.6158 0.5
      vertex -19.0558 -17.5994 5.25
    endloop
  endfacet
  facet normal 0.0959875 0.995382 0.000866245
    outer loop
      vertex -19.4391 -17.624 0.5
      vertex -19.6942 -17.5994 0.5
      vertex -19.567 -17.6158 5.25
    endloop
  endfacet
  facet normal 0.345344 0.938476 0.00085881
    outer loop
      vertex -19.9441 -17.5423 0.5
      vertex -20.1846 -17.4538 0.5
      vertex -20.0657 -17.5019 5.25
    endloop
  endfacet
  facet normal 0.572047 0.82022 0.000846829
    outer loop
      vertex -20.4118 -17.3353 0.5
      vertex -20.622 -17.1887 0.5
      vertex -20.5192 -17.2653 5.25
    endloop
  endfacet
  facet normal 0.761592 0.648056 0.000873425
    outer loop
      vertex -20.8117 -17.0164 0.5
      vertex -20.9778 -16.8212 0.5
      vertex -20.8979 -16.9215 5.25
    endloop
  endfacet
  facet normal 0.900962 0.433898 0.000870793
    outer loop
      vertex -21.1176 -16.6064 0.5
      vertex -21.2288 -16.3755 0.5
      vertex -21.1769 -16.4928 5.25
    endloop
  endfacet
  facet normal 0.981544 0.191235 0.000856758
    outer loop
      vertex -21.3096 -16.1323 0.5
      vertex -21.3586 -15.8808 0.5
      vertex -21.3381 -16.0073 5.25
    endloop
  endfacet
  facet normal 0 0 -1
    outer loop
      vertex 8.76409 -18.5387 0
      vertex 10.825 -21.3041 0
      vertex 8.76409 -21.3041 0
    endloop
  endfacet
  facet normal -0 0 1
    outer loop
      vertex 0 20 10
      vertex 3.05837 17.4759 10
      vertex 0 23.75 10
    endloop
  endfacet
  facet normal 0 0 1
    outer loop
      vertex 0 23.75 10
      vertex 3.05837 17.4759 10
      vertex 3.7171 17.3123 10
    endloop
  endfacet
  facet normal 0 0 1
    outer loop
      vertex 0 23.75 10
      vertex 3.7171 17.3123 10
      vertex 4.36717 17.1172 10
    endloop
  endfacet
  facet normal 0 0 1
    outer loop
      vertex 0 20 10
      vertex 2.39252 17.6075 10
      vertex 3.05837 17.4759 10
    endloop
  endfacet
  facet normal -0 0 1
    outer loop
      vertex 0 23.75 10
      vertex 4.36717 17.1172 10
      vertex 6.25 30 10
    endloop
  endfacet
  facet normal 0 0 1
    outer loop
      vertex 6.25 30 10
      vertex 4.36717 17.1172 10
      vertex 5.00707 16.8909 10
    endloop
  endfacet
  facet normal 0 0 1
    outer loop
      vertex 6.25 30 10
      vertex 5.00707 16.8909 10
      vertex 5.6353 16.634 10
    endloop
  endfacet
  facet normal 0 -0 1
    outer loop
      vertex 6.25041 16.3471 10
      vertex 15.8791 22.9559 10
      vertex 5.6353 16.634 10
    endloop
  endfacet
  facet normal 0 0 1
    outer loop
      vertex 5.6353 16.634 10
      vertex 15.8791 22.9559 10
      vertex 15.8791 23.2941 10
    endloop
  endfacet
  facet normal 0 0 1
    outer loop
      vertex 5.6353 16.634 10
      vertex 15.8791 23.2941 10
      vertex 6.25 30 10
    endloop
  endfacet
  facet normal 0 0 1
    outer loop
      vertex 6.25 30 10
      vertex 15.8791 23.2941 10
      vertex 15.9117 23.6307 10
    endloop
  endfacet
  facet normal 0 0 1
    outer loop
      vertex 6.25 30 10
      vertex 15.9117 23.6307 10
      vertex 15.9767 23.9626 10
    endloop
  endfacet
  facet normal 0 0 1
    outer loop
      vertex 15.8791 22.9559 10
      vertex 6.25041 16.3471 10
      vertex 15.9117 22.6193 10
    endloop
  endfacet
  facet normal 0 0 1
    outer loop
      vertex 15.9117 22.6193 10
      vertex 6.25041 16.3471 10
      vertex 6.85095 16.0308 10
    endloop
  endfacet
  facet normal 0 0 1
    outer loop
      vertex 15.9117 22.6193 10
      vertex 6.85095 16.0308 10
      vertex 14.0625 17.1875 10
    endloop
  endfacet
  facet normal 0 0 1
    outer loop
      vertex 14.0625 17.1875 10
      vertex 6.85095 16.0308 10
      vertex 7.43554 15.6859 10
    endloop
  endfacet
  facet normal 0 0 1
    outer loop
      vertex 14.0625 17.1875 10
      vertex 7.43554 15.6859 10
      vertex 8.0028 15.3133 10
    endloop
  endfacet
  facet normal -0 0 1
    outer loop
      vertex 8.0028 15.3133 10
      vertex 8.55142 14.9137 10
      vertex 14.0625 17.1875 10
    endloop
  endfacet
  facet normal 0 0 1
    outer loop
      vertex 14.0625 17.1875 10
      vertex 8.55142 14.9137 10
      vertex 9.08012 14.488 10
    endloop
  endfacet
  facet normal 0 0 1
    outer loop
      vertex 14.0625 17.1875 10
      vertex 9.08012 14.488 10
      vertex 9.58767 14.0374 10
    endloop
  endfacet
  facet normal -0 0 1
    outer loop
      vertex 9.58767 14.0374 10
      vertex 10.0729 13.5628 10
      vertex 14.0625 17.1875 10
    endloop
  endfacet
  facet normal 0 0 1
    outer loop
      vertex 14.0625 17.1875 10
      vertex 10.0729 13.5628 10
      vertex 10.5346 13.0653 10
    endloop
  endfacet
  facet normal 0 0 1
    outer loop
      vertex 14.0625 17.1875 10
      vertex 10.5346 13.0653 10
      vertex 10.9718 12.5462 10
    endloop
  endfacet
  facet normal -0 0 1
    outer loop
      vertex 10.9718 12.5462 10
      vertex 11.3835 12.0065 10
      vertex 14.0625 17.1875 10
    endloop
  endfacet
  facet normal 0 0 1
    outer loop
      vertex 14.0625 17.1875 10
      vertex 11.3835 12.0065 10
      vertex 11.7686 11.4476 10
    endloop
  endfacet
  facet normal 0 0 1
    outer loop
      vertex 14.0625 17.1875 10
      vertex 11.7686 11.4476 10
      vertex 12.1263 10.8708 10
    endloop
  endfacet
  facet normal -0 0 1
    outer loop
      vertex 12.1263 10.8708 10
      vertex 12.4558 10.2774 10
      vertex 14.0625 17.1875 10
    endloop
  endfacet
  facet normal 0 0 1
    outer loop
      vertex 14.0625 17.1875 10
      vertex 12.4558 10.2774 10
      vertex 12.7562 9.66881 10
    endloop
  endfacet
  facet normal 0 0 1
    outer loop
      vertex 14.0625 17.1875 10
      vertex 12.7562 9.66881 10
      vertex 13.027 9.04642 10
    endloop
  endfacet
  facet normal -0 0 1
    outer loop
      vertex 13.027 9.04642 10
      vertex 13.2674 8.41168 10
      vertex 14.0625 17.1875 10
    endloop
  endfacet
  facet normal 0 0 1
    outer loop
      vertex 14.0625 17.1875 10
      vertex 13.2674 8.41168 10
      vertex 13.4768 7.76608 10
    endloop
  endfacet
  facet normal 0 0 1
    outer loop
      vertex 14.0625 17.1875 10
      vertex 13.4768 7.76608 10
      vertex 13.6549 7.11113 10
    endloop
  endfacet
  facet normal -0 0 1
    outer loop
      vertex 13.6549 7.11113 10
      vertex 13.8012 6.44835 10
      vertex 14.0625 17.1875 10
    endloop
  endfacet
  facet normal 0 0 1
    outer loop
      vertex 14.0625 17.1875 10
      vertex 13.8012 6.44835 10
      vertex 13.9153 5.77928 10
    endloop
  endfacet
  facet normal 0 0 1
    outer loop
      vertex 14.0625 17.1875 10
      vertex 13.9153 5.77928 10
      vertex 13.997 5.10549 10
    endloop
  endfacet
  facet normal -0 0 1
    outer loop
      vertex 13.997 5.10549 10
      vertex 14.0461 4.42853 10
      vertex 14.0625 17.1875 10
    endloop
  endfacet
  facet normal 0 0 1
    outer loop
      vertex 14.0625 17.1875 10
      vertex 14.0461 4.42853 10
      vertex 14.0625 3.75 10
    endloop
  endfacet
  facet normal 0 0 1
    outer loop
      vertex 26.25 17.1875 10
      vertex 19.4596 19.626 10
      vertex 14.0625 17.1875 10
    endloop
  endfacet
  facet normal 0 0 1
    outer loop
      vertex 14.0625 17.1875 10
      vertex 19.4596 19.626 10
      vertex 19.1215 19.6342 10
    endloop
  endfacet
  facet normal 0 0 1
    outer loop
      vertex 14.0625 17.1875 10
      vertex 19.1215 19.6342 10
      vertex 18.7858 19.675 10
    endloop
  endfacet
  facet normal 0 0 1
    outer loop
      vertex 26.25 30 10
      vertex 22.875 23.125 10
      vertex 26.25 17.1875 10
    endloop
  endfacet
  facet normal 0 0 1
    outer loop
      vertex 26.25 17.1875 10
      vertex 22.875 23.125 10
      vertex 22.8587 22.7872 10
    endloop
  endfacet
  facet normal 0 0 1
    outer loop
      vertex 26.25 17.1875 10
      vertex 22.8587 22.7872 10
      vertex 22.8098 22.4526 10
    endloop
  endfacet
  facet normal -0 0 1
    outer loop
      vertex 6.25 30 10
      vertex 18.7858 26.575 10
      vertex 26.25 30 10
    endloop
  endfacet
  facet normal 0 0 1
    outer loop
      vertex 26.25 30 10
      vertex 18.7858 26.575 10
      vertex 19.1215 26.6158 10
    endloop
  endfacet
  facet normal 0 0 1
    outer loop
      vertex 26.25 30 10
      vertex 19.1215 26.6158 10
      vertex 19.4596 26.624 10
    endloop
  endfacet
  facet normal 0 0 1
    outer loop
      vertex 22.8098 22.4526 10
      vertex 22.7289 22.1242 10
      vertex 26.25 17.1875 10
    endloop
  endfacet
  facet normal 0 0 1
    outer loop
      vertex 26.25 17.1875 10
      vertex 22.7289 22.1242 10
      vertex 22.6166 21.8052 10
    endloop
  endfacet
  facet normal 0 0 1
    outer loop
      vertex 26.25 17.1875 10
      vertex 22.6166 21.8052 10
      vertex 22.4741 21.4985 10
    endloop
  endfacet
  facet normal 0 0 1
    outer loop
      vertex 22.4741 21.4985 10
      vertex 22.3026 21.207 10
      vertex 26.25 17.1875 10
    endloop
  endfacet
  facet normal 0 0 1
    outer loop
      vertex 26.25 17.1875 10
      vertex 22.3026 21.207 10
      vertex 22.1039 20.9334 10
    endloop
  endfacet
  facet normal 0 0 1
    outer loop
      vertex 26.25 17.1875 10
      vertex 22.1039 20.9334 10
      vertex 21.8796 20.6802 10
    endloop
  endfacet
  facet normal 0 0 1
    outer loop
      vertex 21.8796 20.6802 10
      vertex 21.6319 20.4499 10
      vertex 26.25 17.1875 10
    endloop
  endfacet
  facet normal 0 0 1
    outer loop
      vertex 26.25 17.1875 10
      vertex 21.6319 20.4499 10
      vertex 21.3632 20.2446 10
    endloop
  endfacet
  facet normal 0 0 1
    outer loop
      vertex 26.25 17.1875 10
      vertex 21.3632 20.2446 10
      vertex 21.0759 20.0661 10
    endloop
  endfacet
  facet normal 0 0 1
    outer loop
      vertex 21.0759 20.0661 10
      vertex 20.7728 19.9162 10
      vertex 26.25 17.1875 10
    endloop
  endfacet
  facet normal 0 0 1
    outer loop
      vertex 26.25 17.1875 10
      vertex 20.7728 19.9162 10
      vertex 20.4566 19.7963 10
    endloop
  endfacet
  facet normal 0 0 1
    outer loop
      vertex 26.25 17.1875 10
      vertex 20.4566 19.7963 10
      vertex 20.1302 19.7075 10
    endloop
  endfacet
  facet normal 0 0 1
    outer loop
      vertex 20.1302 19.7075 10
      vertex 19.7969 19.6505 10
      vertex 26.25 17.1875 10
    endloop
  endfacet
  facet normal 0 0 1
    outer loop
      vertex 26.25 17.1875 10
      vertex 19.7969 19.6505 10
      vertex 19.4596 19.626 10
    endloop
  endfacet
  facet normal 0 0 1
    outer loop
      vertex 18.7858 19.675 10
      vertex 18.4555 19.7479 10
      vertex 14.0625 17.1875 10
    endloop
  endfacet
  facet normal 0 0 1
    outer loop
      vertex 14.0625 17.1875 10
      vertex 18.4555 19.7479 10
      vertex 18.1339 19.8524 10
    endloop
  endfacet
  facet normal 0 0 1
    outer loop
      vertex 14.0625 17.1875 10
      vertex 18.1339 19.8524 10
      vertex 17.8238 19.9875 10
    endloop
  endfacet
  facet normal 0 0 1
    outer loop
      vertex 17.8238 19.9875 10
      vertex 17.5283 20.1519 10
      vertex 14.0625 17.1875 10
    endloop
  endfacet
  facet normal 0 0 1
    outer loop
      vertex 14.0625 17.1875 10
      vertex 17.5283 20.1519 10
      vertex 17.2499 20.344 10
    endloop
  endfacet
  facet normal 0 0 1
    outer loop
      vertex 14.0625 17.1875 10
      vertex 17.2499 20.344 10
      vertex 16.9914 20.5621 10
    endloop
  endfacet
  facet normal 0 0 1
    outer loop
      vertex 16.9914 20.5621 10
      vertex 16.7552 20.8041 10
      vertex 14.0625 17.1875 10
    endloop
  endfacet
  facet normal 0 0 1
    outer loop
      vertex 14.0625 17.1875 10
      vertex 16.7552 20.8041 10
      vertex 16.5434 21.0678 10
    endloop
  endfacet
  facet normal 0 0 1
    outer loop
      vertex 14.0625 17.1875 10
      vertex 16.5434 21.0678 10
      vertex 16.3581 21.3506 10
    endloop
  endfacet
  facet normal 0 0 1
    outer loop
      vertex 16.3581 21.3506 10
      vertex 16.2009 21.6501 10
      vertex 14.0625 17.1875 10
    endloop
  endfacet
  facet normal 0 0 1
    outer loop
      vertex 14.0625 17.1875 10
      vertex 16.2009 21.6501 10
      vertex 16.0734 21.9633 10
    endloop
  endfacet
  facet normal 0 0 1
    outer loop
      vertex 14.0625 17.1875 10
      vertex 16.0734 21.9633 10
      vertex 15.9767 22.2874 10
    endloop
  endfacet
  facet normal 0 0 1
    outer loop
      vertex 15.9767 22.2874 10
      vertex 15.9117 22.6193 10
      vertex 14.0625 17.1875 10
    endloop
  endfacet
  facet normal 0 -0 1
    outer loop
      vertex 15.9767 23.9626 10
      vertex 16.0734 24.2867 10
      vertex 6.25 30 10
    endloop
  endfacet
  facet normal 0 0 1
    outer loop
      vertex 6.25 30 10
      vertex 16.0734 24.2867 10
      vertex 16.2009 24.5999 10
    endloop
  endfacet
  facet normal 0 0 1
    outer loop
      vertex 6.25 30 10
      vertex 16.2009 24.5999 10
      vertex 16.3581 24.8994 10
    endloop
  endfacet
  facet normal 0 -0 1
    outer loop
      vertex 16.3581 24.8994 10
      vertex 16.5434 25.1822 10
      vertex 6.25 30 10
    endloop
  endfacet
  facet normal 0 0 1
    outer loop
      vertex 6.25 30 10
      vertex 16.5434 25.1822 10
      vertex 16.7552 25.4459 10
    endloop
  endfacet
  facet normal 0 0 1
    outer loop
      vertex 6.25 30 10
      vertex 16.7552 25.4459 10
      vertex 16.9914 25.6879 10
    endloop
  endfacet
  facet normal 0 -0 1
    outer loop
      vertex 16.9914 25.6879 10
      vertex 17.2499 25.906 10
      vertex 6.25 30 10
    endloop
  endfacet
  facet normal 0 0 1
    outer loop
      vertex 6.25 30 10
      vertex 17.2499 25.906 10
      vertex 17.5283 26.0981 10
    endloop
  endfacet
  facet normal 0 0 1
    outer loop
      vertex 6.25 30 10
      vertex 17.5283 26.0981 10
      vertex 17.8238 26.2625 10
    endloop
  endfacet
  facet normal 0 -0 1
    outer loop
      vertex 17.8238 26.2625 10
      vertex 18.1339 26.3976 10
      vertex 6.25 30 10
    endloop
  endfacet
  facet normal 0 0 1
    outer loop
      vertex 6.25 30 10
      vertex 18.1339 26.3976 10
      vertex 18.4555 26.5021 10
    endloop
  endfacet
  facet normal 0 0 1
    outer loop
      vertex 6.25 30 10
      vertex 18.4555 26.5021 10
      vertex 18.7858 26.575 10
    endloop
  endfacet
  facet normal -0 0 1
    outer loop
      vertex 19.4596 26.624 10
      vertex 19.7969 26.5995 10
      vertex 26.25 30 10
    endloop
  endfacet
  facet normal 0 0 1
    outer loop
      vertex 26.25 30 10
      vertex 19.7969 26.5995 10
      vertex 20.1302 26.5425 10
    endloop
  endfacet
  facet normal 0 0 1
    outer loop
      vertex 26.25 30 10
      vertex 20.1302 26.5425 10
      vertex 20.4566 26.4537 10
    endloop
  endfacet
  facet normal -0 0 1
    outer loop
      vertex 20.4566 26.4537 10
      vertex 20.7728 26.3338 10
      vertex 26.25 30 10
    endloop
  endfacet
  facet normal 0 0 1
    outer loop
      vertex 26.25 30 10
      vertex 20.7728 26.3338 10
      vertex 21.0759 26.1839 10
    endloop
  endfacet
  facet normal 0 0 1
    outer loop
      vertex 26.25 30 10
      vertex 21.0759 26.1839 10
      vertex 21.3632 26.0054 10
    endloop
  endfacet
  facet normal -0 0 1
    outer loop
      vertex 21.3632 26.0054 10
      vertex 21.6319 25.8001 10
      vertex 26.25 30 10
    endloop
  endfacet
  facet normal 0 0 1
    outer loop
      vertex 26.25 30 10
      vertex 21.6319 25.8001 10
      vertex 21.8796 25.5698 10
    endloop
  endfacet
  facet normal 0 0 1
    outer loop
      vertex 26.25 30 10
      vertex 21.8796 25.5698 10
      vertex 22.1039 25.3166 10
    endloop
  endfacet
  facet normal -0 0 1
    outer loop
      vertex 22.1039 25.3166 10
      vertex 22.3026 25.043 10
      vertex 26.25 30 10
    endloop
  endfacet
  facet normal 0 0 1
    outer loop
      vertex 26.25 30 10
      vertex 22.3026 25.043 10
      vertex 22.4741 24.7515 10
    endloop
  endfacet
  facet normal 0 0 1
    outer loop
      vertex 26.25 30 10
      vertex 22.4741 24.7515 10
      vertex 22.6166 24.4448 10
    endloop
  endfacet
  facet normal -0 0 1
    outer loop
      vertex 22.6166 24.4448 10
      vertex 22.7289 24.1258 10
      vertex 26.25 30 10
    endloop
  endfacet
  facet normal 0 0 1
    outer loop
      vertex 26.25 30 10
      vertex 22.7289 24.1258 10
      vertex 22.8098 23.7974 10
    endloop
  endfacet
  facet normal 0 0 1
    outer loop
      vertex 26.25 30 10
      vertex 22.8098 23.7974 10
      vertex 22.8587 23.4628 10
    endloop
  endfacet
  facet normal -0 0 1
    outer loop
      vertex 22.8587 23.4628 10
      vertex 22.875 23.125 10
      vertex 26.25 30 10
    endloop
  endfacet
  facet normal -0 0 1
    outer loop
      vertex -24.0625 -10.3125 10
      vertex -18.6198 -12.2075 10
      vertex 0 -10.3125 10
    endloop
  endfacet
  facet normal 0 0 1
    outer loop
      vertex 0 -10.3125 10
      vertex -18.6198 -12.2075 10
      vertex -18.2934 -12.2963 10
    endloop
  endfacet
  facet normal 0 0 1
    outer loop
      vertex 0 -10.3125 10
      vertex -18.2934 -12.2963 10
      vertex -17.9772 -12.4162 10
    endloop
  endfacet
  facet normal -0 0 1
    outer loop
      vertex -26.25 -12.5 10
      vertex -21.5001 -12.844 10
      vertex -24.0625 -10.3125 10
    endloop
  endfacet
  facet normal 0 0 1
    outer loop
      vertex -24.0625 -10.3125 10
      vertex -21.5001 -12.844 10
      vertex -21.2217 -12.6519 10
    endloop
  endfacet
  facet normal 0 0 1
    outer loop
      vertex -24.0625 -10.3125 10
      vertex -21.2217 -12.6519 10
      vertex -20.9262 -12.4875 10
    endloop
  endfacet
  facet normal 0 0 1
    outer loop
      vertex -26.25 -16.25 10
      vertex -22.7733 -14.7874 10
      vertex -26.25 -12.5 10
    endloop
  endfacet
  facet normal 0 0 1
    outer loop
      vertex -26.25 -12.5 10
      vertex -22.7733 -14.7874 10
      vertex -22.6766 -14.4633 10
    endloop
  endfacet
  facet normal 0 0 1
    outer loop
      vertex -26.25 -12.5 10
      vertex -22.6766 -14.4633 10
      vertex -22.5491 -14.1501 10
    endloop
  endfacet
  facet normal 0 0 1
    outer loop
      vertex -21.1875 -21.3125 10
      vertex -21.7586 -18.1879 10
      vertex -26.25 -16.25 10
    endloop
  endfacet
  facet normal 0 0 1
    outer loop
      vertex -26.25 -16.25 10
      vertex -21.7586 -18.1879 10
      vertex -21.9948 -17.9459 10
    endloop
  endfacet
  facet normal 0 0 1
    outer loop
      vertex -26.25 -16.25 10
      vertex -21.9948 -17.9459 10
      vertex -22.2066 -17.6822 10
    endloop
  endfacet
  facet normal 0 0 1
    outer loop
      vertex 14.0625 -21.3125 10
      vertex -17.6741 -18.6839 10
      vertex -21.1875 -21.3125 10
    endloop
  endfacet
  facet normal 0 0 1
    outer loop
      vertex -21.1875 -21.3125 10
      vertex -17.6741 -18.6839 10
      vertex -17.9772 -18.8338 10
    endloop
  endfacet
  facet normal 0 0 1
    outer loop
      vertex -21.1875 -21.3125 10
      vertex -17.9772 -18.8338 10
      vertex -18.2934 -18.9537 10
    endloop
  endfacet
  facet normal 0 0 1
    outer loop
      vertex 14.0625 3.75 10
      vertex 14.0466 3.08088 10
      vertex 14.0625 -21.3125 10
    endloop
  endfacet
  facet normal 0 0 1
    outer loop
      vertex 14.0625 -21.3125 10
      vertex 14.0466 3.08088 10
      vertex 13.9988 2.41327 10
    endloop
  endfacet
  facet normal 0 0 1
    outer loop
      vertex 14.0625 -21.3125 10
      vertex 13.9988 2.41327 10
      vertex 13.9194 1.7487 10
    endloop
  endfacet
  facet normal 0 0 1
    outer loop
      vertex 13.9194 1.7487 10
      vertex 13.8084 1.08865 10
      vertex 14.0625 -21.3125 10
    endloop
  endfacet
  facet normal 0 0 1
    outer loop
      vertex 14.0625 -21.3125 10
      vertex 13.8084 1.08865 10
      vertex 13.6661 0.43464 10
    endloop
  endfacet
  facet normal 0 0 1
    outer loop
      vertex 14.0625 -21.3125 10
      vertex 13.6661 0.43464 10
      vertex 13.4929 -0.211864 10
    endloop
  endfacet
  facet normal 0 0 1
    outer loop
      vertex 13.4929 -0.211864 10
      vertex 13.2891 -0.849393 10
      vertex 14.0625 -21.3125 10
    endloop
  endfacet
  facet normal 0 0 1
    outer loop
      vertex 14.0625 -21.3125 10
      vertex 13.2891 -0.849393 10
      vertex 13.0552 -1.4765 10
    endloop
  endfacet
  facet normal 0 0 1
    outer loop
      vertex 14.0625 -21.3125 10
      vertex 13.0552 -1.4765 10
      vertex 12.7917 -2.09177 10
    endloop
  endfacet
  facet normal 0 0 1
    outer loop
      vertex 12.7917 -2.09177 10
      vertex 12.4992 -2.69381 10
      vertex 14.0625 -21.3125 10
    endloop
  endfacet
  facet normal 0 0 1
    outer loop
      vertex 14.0625 -21.3125 10
      vertex 12.4992 -2.69381 10
      vertex 12.1785 -3.28125 10
    endloop
  endfacet
  facet normal 0 0 1
    outer loop
      vertex 14.0625 -21.3125 10
      vertex 12.1785 -3.28125 10
      vertex 11.8301 -3.85276 10
    endloop
  endfacet
  facet normal 0 0 1
    outer loop
      vertex 11.8301 -3.85276 10
      vertex 11.455 -4.40705 10
      vertex 14.0625 -21.3125 10
    endloop
  endfacet
  facet normal 0 0 1
    outer loop
      vertex 14.0625 -21.3125 10
      vertex 11.455 -4.40705 10
      vertex 11.0539 -4.94286 10
    endloop
  endfacet
  facet normal 0 0 1
    outer loop
      vertex 14.0625 -21.3125 10
      vertex 11.0539 -4.94286 10
      vertex 10.6277 -5.45898 10
    endloop
  endfacet
  facet normal 0 0 1
    outer loop
      vertex 10.6277 -5.45898 10
      vertex 10.1775 -5.95424 10
      vertex 14.0625 -21.3125 10
    endloop
  endfacet
  facet normal 0 0 1
    outer loop
      vertex 14.0625 -21.3125 10
      vertex 10.1775 -5.95424 10
      vertex 9.70424 -6.42751 10
    endloop
  endfacet
  facet normal 0 0 1
    outer loop
      vertex 14.0625 -21.3125 10
      vertex 9.70424 -6.42751 10
      vertex 9.20898 -6.87773 10
    endloop
  endfacet
  facet normal 0 0 1
    outer loop
      vertex 9.20898 -6.87773 10
      vertex 8.69286 -7.30387 10
      vertex 14.0625 -21.3125 10
    endloop
  endfacet
  facet normal 0 0 1
    outer loop
      vertex 14.0625 -21.3125 10
      vertex 8.69286 -7.30387 10
      vertex 8.15705 -7.70497 10
    endloop
  endfacet
  facet normal 0 0 1
    outer loop
      vertex 14.0625 -21.3125 10
      vertex 8.15705 -7.70497 10
      vertex 7.60276 -8.08013 10
    endloop
  endfacet
  facet normal 0 0 1
    outer loop
      vertex 7.60276 -8.08013 10
      vertex 7.03125 -8.42848 10
      vertex 14.0625 -21.3125 10
    endloop
  endfacet
  facet normal 0 0 1
    outer loop
      vertex 14.0625 -21.3125 10
      vertex 7.03125 -8.42848 10
      vertex 6.44381 -8.74925 10
    endloop
  endfacet
  facet normal 0 0 1
    outer loop
      vertex 14.0625 -21.3125 10
      vertex 6.44381 -8.74925 10
      vertex 5.84177 -9.0417 10
    endloop
  endfacet
  facet normal 0 0 1
    outer loop
      vertex 5.84177 -9.0417 10
      vertex 5.2265 -9.30517 10
      vertex 14.0625 -21.3125 10
    endloop
  endfacet
  facet normal 0 0 1
    outer loop
      vertex 14.0625 -21.3125 10
      vertex 5.2265 -9.30517 10
      vertex 4.59939 -9.53907 10
    endloop
  endfacet
  facet normal 0 0 1
    outer loop
      vertex 14.0625 -21.3125 10
      vertex 4.59939 -9.53907 10
      vertex 3.96186 -9.74287 10
    endloop
  endfacet
  facet normal 0 0 1
    outer loop
      vertex 3.96186 -9.74287 10
      vertex 3.31536 -9.9161 10
      vertex 14.0625 -21.3125 10
    endloop
  endfacet
  facet normal 0 0 1
    outer loop
      vertex 14.0625 -21.3125 10
      vertex 3.31536 -9.9161 10
      vertex 2.66135 -10.0584 10
    endloop
  endfacet
  facet normal 0 0 1
    outer loop
      vertex 14.0625 -21.3125 10
      vertex 2.66135 -10.0584 10
      vertex 2.0013 -10.1694 10
    endloop
  endfacet
  facet normal 0 0 1
    outer loop
      vertex 2.0013 -10.1694 10
      vertex 1.33673 -10.2488 10
      vertex 14.0625 -21.3125 10
    endloop
  endfacet
  facet normal 0 0 1
    outer loop
      vertex 14.0625 -21.3125 10
      vertex 1.33673 -10.2488 10
      vertex 0.669121 -10.2966 10
    endloop
  endfacet
  facet normal 0 0 1
    outer loop
      vertex 14.0625 -21.3125 10
      vertex 0.669121 -10.2966 10
      vertex 0 -10.3125 10
    endloop
  endfacet
  facet normal -0 0 1
    outer loop
      vertex -15.8913 -15.2872 10
      vertex -15.875 -15.625 10
      vertex 0 -10.3125 10
    endloop
  endfacet
  facet normal 0 0 1
    outer loop
      vertex 0 -10.3125 10
      vertex -15.875 -15.625 10
      vertex -15.8913 -15.9628 10
    endloop
  endfacet
  facet normal 0 0 1
    outer loop
      vertex 0 -10.3125 10
      vertex -15.8913 -15.9628 10
      vertex -15.9402 -16.2974 10
    endloop
  endfacet
  facet normal -0 0 1
    outer loop
      vertex -15.9402 -16.2974 10
      vertex -16.0211 -16.6258 10
      vertex 0 -10.3125 10
    endloop
  endfacet
  facet normal 0 0 1
    outer loop
      vertex 0 -10.3125 10
      vertex -16.0211 -16.6258 10
      vertex -16.1334 -16.9448 10
    endloop
  endfacet
  facet normal 0 0 1
    outer loop
      vertex 0 -10.3125 10
      vertex -16.1334 -16.9448 10
      vertex -16.2759 -17.2515 10
    endloop
  endfacet
  facet normal 0 0 1
    outer loop
      vertex 0 -10.3125 10
      vertex -16.2759 -17.2515 10
      vertex 14.0625 -21.3125 10
    endloop
  endfacet
  facet normal 0 0 1
    outer loop
      vertex 14.0625 -21.3125 10
      vertex -16.2759 -17.2515 10
      vertex -16.4474 -17.543 10
    endloop
  endfacet
  facet normal 0 0 1
    outer loop
      vertex 14.0625 -21.3125 10
      vertex -16.4474 -17.543 10
      vertex -16.6461 -17.8166 10
    endloop
  endfacet
  facet normal 0 0 1
    outer loop
      vertex -16.6461 -17.8166 10
      vertex -16.8704 -18.0698 10
      vertex 14.0625 -21.3125 10
    endloop
  endfacet
  facet normal 0 0 1
    outer loop
      vertex 14.0625 -21.3125 10
      vertex -16.8704 -18.0698 10
      vertex -17.1181 -18.3001 10
    endloop
  endfacet
  facet normal 0 0 1
    outer loop
      vertex 14.0625 -21.3125 10
      vertex -17.1181 -18.3001 10
      vertex -17.3868 -18.5054 10
    endloop
  endfacet
  facet normal 0 0 1
    outer loop
      vertex -17.3868 -18.5054 10
      vertex -17.6741 -18.6839 10
      vertex 14.0625 -21.3125 10
    endloop
  endfacet
  facet normal 0 0 1
    outer loop
      vertex -18.2934 -18.9537 10
      vertex -18.6198 -19.0425 10
      vertex -21.1875 -21.3125 10
    endloop
  endfacet
  facet normal 0 0 1
    outer loop
      vertex -21.1875 -21.3125 10
      vertex -18.6198 -19.0425 10
      vertex -18.9531 -19.0995 10
    endloop
  endfacet
  facet normal 0 0 1
    outer loop
      vertex -21.1875 -21.3125 10
      vertex -18.9531 -19.0995 10
      vertex -19.2904 -19.124 10
    endloop
  endfacet
  facet normal 0 0 1
    outer loop
      vertex -19.2904 -19.124 10
      vertex -19.6285 -19.1158 10
      vertex -21.1875 -21.3125 10
    endloop
  endfacet
  facet normal 0 0 1
    outer loop
      vertex -21.1875 -21.3125 10
      vertex -19.6285 -19.1158 10
      vertex -19.9642 -19.075 10
    endloop
  endfacet
  facet normal 0 0 1
    outer loop
      vertex -21.1875 -21.3125 10
      vertex -19.9642 -19.075 10
      vertex -20.2945 -19.0021 10
    endloop
  endfacet
  facet normal 0 0 1
    outer loop
      vertex -20.2945 -19.0021 10
      vertex -20.6161 -18.8976 10
      vertex -21.1875 -21.3125 10
    endloop
  endfacet
  facet normal 0 0 1
    outer loop
      vertex -21.1875 -21.3125 10
      vertex -20.6161 -18.8976 10
      vertex -20.9262 -18.7625 10
    endloop
  endfacet
  facet normal 0 -0 1
    outer loop
      vertex -21.1875 -21.3125 10
      vertex -20.9262 -18.7625 10
      vertex -21.2217 -18.5981 10
    endloop
  endfacet
  facet normal 0 0 1
    outer loop
      vertex -21.2217 -18.5981 10
      vertex -21.5001 -18.406 10
      vertex -21.1875 -21.3125 10
    endloop
  endfacet
  facet normal 0 0 1
    outer loop
      vertex -21.1875 -21.3125 10
      vertex -21.5001 -18.406 10
      vertex -21.7586 -18.1879 10
    endloop
  endfacet
  facet normal 0 0 1
    outer loop
      vertex -22.2066 -17.6822 10
      vertex -22.3919 -17.3994 10
      vertex -26.25 -16.25 10
    endloop
  endfacet
  facet normal 0 0 1
    outer loop
      vertex -26.25 -16.25 10
      vertex -22.3919 -17.3994 10
      vertex -22.5491 -17.0999 10
    endloop
  endfacet
  facet normal 0 0 1
    outer loop
      vertex -26.25 -16.25 10
      vertex -22.5491 -17.0999 10
      vertex -22.6766 -16.7867 10
    endloop
  endfacet
  facet normal 0 0 1
    outer loop
      vertex -22.6766 -16.7867 10
      vertex -22.7733 -16.4626 10
      vertex -26.25 -16.25 10
    endloop
  endfacet
  facet normal -0 0 1
    outer loop
      vertex -26.25 -16.25 10
      vertex -22.7733 -16.4626 10
      vertex -22.8383 -16.1307 10
    endloop
  endfacet
  facet normal 0 0 1
    outer loop
      vertex -26.25 -16.25 10
      vertex -22.8383 -16.1307 10
      vertex -22.8709 -15.7941 10
    endloop
  endfacet
  facet normal 0 -0 1
    outer loop
      vertex -22.8709 -15.7941 10
      vertex -22.8709 -15.4559 10
      vertex -26.25 -16.25 10
    endloop
  endfacet
  facet normal 0 0 1
    outer loop
      vertex -26.25 -16.25 10
      vertex -22.8709 -15.4559 10
      vertex -22.8383 -15.1193 10
    endloop
  endfacet
  facet normal 0 0 1
    outer loop
      vertex -26.25 -16.25 10
      vertex -22.8383 -15.1193 10
      vertex -22.7733 -14.7874 10
    endloop
  endfacet
  facet normal 0 -0 1
    outer loop
      vertex -22.5491 -14.1501 10
      vertex -22.3919 -13.8506 10
      vertex -26.25 -12.5 10
    endloop
  endfacet
  facet normal 0 0 1
    outer loop
      vertex -26.25 -12.5 10
      vertex -22.3919 -13.8506 10
      vertex -22.2066 -13.5678 10
    endloop
  endfacet
  facet normal 0 0 1
    outer loop
      vertex -26.25 -12.5 10
      vertex -22.2066 -13.5678 10
      vertex -21.9948 -13.3041 10
    endloop
  endfacet
  facet normal 0 -0 1
    outer loop
      vertex -21.9948 -13.3041 10
      vertex -21.7586 -13.0621 10
      vertex -26.25 -12.5 10
    endloop
  endfacet
  facet normal 0 0 1
    outer loop
      vertex -26.25 -12.5 10
      vertex -21.7586 -13.0621 10
      vertex -21.5001 -12.844 10
    endloop
  endfacet
  facet normal 0 -0 1
    outer loop
      vertex -20.9262 -12.4875 10
      vertex -20.6161 -12.3524 10
      vertex -24.0625 -10.3125 10
    endloop
  endfacet
  facet normal 0 0 1
    outer loop
      vertex -24.0625 -10.3125 10
      vertex -20.6161 -12.3524 10
      vertex -20.2945 -12.2479 10
    endloop
  endfacet
  facet normal 0 0 1
    outer loop
      vertex -24.0625 -10.3125 10
      vertex -20.2945 -12.2479 10
      vertex -19.9642 -12.175 10
    endloop
  endfacet
  facet normal 0 -0 1
    outer loop
      vertex -19.9642 -12.175 10
      vertex -19.6285 -12.1342 10
      vertex -24.0625 -10.3125 10
    endloop
  endfacet
  facet normal 0 0 1
    outer loop
      vertex -24.0625 -10.3125 10
      vertex -19.6285 -12.1342 10
      vertex -19.2904 -12.126 10
    endloop
  endfacet
  facet normal 0 0 1
    outer loop
      vertex -24.0625 -10.3125 10
      vertex -19.2904 -12.126 10
      vertex -18.9531 -12.1505 10
    endloop
  endfacet
  facet normal -0 -0 1
    outer loop
      vertex -18.9531 -12.1505 10
      vertex -18.6198 -12.2075 10
      vertex -24.0625 -10.3125 10
    endloop
  endfacet
  facet normal -0 0 1
    outer loop
      vertex -17.9772 -12.4162 10
      vertex -17.6741 -12.5661 10
      vertex 0 -10.3125 10
    endloop
  endfacet
  facet normal 0 0 1
    outer loop
      vertex 0 -10.3125 10
      vertex -17.6741 -12.5661 10
      vertex -17.3868 -12.7446 10
    endloop
  endfacet
  facet normal 0 0 1
    outer loop
      vertex 0 -10.3125 10
      vertex -17.3868 -12.7446 10
      vertex -17.1181 -12.9499 10
    endloop
  endfacet
  facet normal -0 0 1
    outer loop
      vertex -17.1181 -12.9499 10
      vertex -16.8704 -13.1802 10
      vertex 0 -10.3125 10
    endloop
  endfacet
  facet normal 0 0 1
    outer loop
      vertex 0 -10.3125 10
      vertex -16.8704 -13.1802 10
      vertex -16.6461 -13.4334 10
    endloop
  endfacet
  facet normal 0 0 1
    outer loop
      vertex 0 -10.3125 10
      vertex -16.6461 -13.4334 10
      vertex -16.4474 -13.707 10
    endloop
  endfacet
  facet normal -0 0 1
    outer loop
      vertex -16.4474 -13.707 10
      vertex -16.2759 -13.9985 10
      vertex 0 -10.3125 10
    endloop
  endfacet
  facet normal 0 0 1
    outer loop
      vertex 0 -10.3125 10
      vertex -16.2759 -13.9985 10
      vertex -16.1334 -14.3052 10
    endloop
  endfacet
  facet normal 0 0 1
    outer loop
      vertex 0 -10.3125 10
      vertex -16.1334 -14.3052 10
      vertex -16.0211 -14.6242 10
    endloop
  endfacet
  facet normal -0 0 1
    outer loop
      vertex -16.0211 -14.6242 10
      vertex -15.9402 -14.9526 10
      vertex 0 -10.3125 10
    endloop
  endfacet
  facet normal 0 0 1
    outer loop
      vertex 0 -10.3125 10
      vertex -15.9402 -14.9526 10
      vertex -15.8913 -15.2872 10
    endloop
  endfacet
  facet normal -1 -0 -0
    outer loop
      vertex -26.25 -12.5 10
      vertex -26.25 -12.5 0
      vertex -26.25 -16.25 10
    endloop
  endfacet
  facet normal -1 0 0
    outer loop
      vertex -26.25 -16.25 10
      vertex -26.25 -12.5 0
      vertex -26.25 -16.25 0
    endloop
  endfacet
  facet normal 1 0 0
    outer loop
      vertex 26.25 7.7585 14.2038
      vertex 26.25 7.5 14.1875
      vertex 26.25 15 12.1875
    endloop
  endfacet
  facet normal 1 0 0
    outer loop
      vertex 26.25 15 12.1875
      vertex 26.25 7.5 14.1875
      vertex 26.25 7.2415 14.2038
    endloop
  endfacet
  facet normal 1 0 0
    outer loop
      vertex 26.25 15 12.1875
      vertex 26.25 7.2415 14.2038
      vertex 26.25 17.1875 10
    endloop
  endfacet
  facet normal 1 0 0
    outer loop
      vertex 26.25 17.1875 10
      vertex 26.25 7.2415 14.2038
      vertex 26.25 6.98708 14.2523
    endloop
  endfacet
  facet normal 1 0 0
    outer loop
      vertex 26.25 17.1875 10
      vertex 26.25 6.98708 14.2523
      vertex 26.25 -30 0.5
    endloop
  endfacet
  facet normal 1 0 0
    outer loop
      vertex 26.25 -30 0.5
      vertex 26.25 6.98708 14.2523
      vertex 26.25 -19.4871 14.2523
    endloop
  endfacet
  facet normal 1 0 0
    outer loop
      vertex 26.25 -30 0.5
      vertex 26.25 -19.4871 14.2523
      vertex 26.25 -19.7415 14.2038
    endloop
  endfacet
  facet normal 1 0 0
    outer loop
      vertex 26.25 -19.4871 14.2523
      vertex 26.25 6.98708 14.2523
      vertex 26.25 -19.2407 14.3323
    endloop
  endfacet
  facet normal 1 -0 0
    outer loop
      vertex 26.25 -19.2407 14.3323
      vertex 26.25 6.98708 14.2523
      vertex 26.25 6.74074 14.3323
    endloop
  endfacet
  facet normal 1 0 0
    outer loop
      vertex 26.25 -19.2407 14.3323
      vertex 26.25 6.74074 14.3323
      vertex 26.25 -19.0064 14.4426
    endloop
  endfacet
  facet normal 1 -0 0
    outer loop
      vertex 26.25 -19.0064 14.4426
      vertex 26.25 6.74074 14.3323
      vertex 26.25 6.50638 14.4426
    endloop
  endfacet
  facet normal 1 0 0
    outer loop
      vertex 26.25 -19.0064 14.4426
      vertex 26.25 6.50638 14.4426
      vertex 26.25 -18.7877 14.5814
    endloop
  endfacet
  facet normal 1 -0 0
    outer loop
      vertex 26.25 -18.7877 14.5814
      vertex 26.25 6.50638 14.4426
      vertex 26.25 6.28769 14.5814
    endloop
  endfacet
  facet normal 1 0 0
    outer loop
      vertex 26.25 -18.7877 14.5814
      vertex 26.25 6.28769 14.5814
      vertex 26.25 -18.5881 14.7465
    endloop
  endfacet
  facet normal 1 -0 0
    outer loop
      vertex 26.25 -18.5881 14.7465
      vertex 26.25 6.28769 14.5814
      vertex 26.25 6.08812 14.7465
    endloop
  endfacet
  facet normal 1 0 0
    outer loop
      vertex 26.25 -18.5881 14.7465
      vertex 26.25 6.08812 14.7465
      vertex 26.25 -18.4108 14.9353
    endloop
  endfacet
  facet normal 1 -0 0
    outer loop
      vertex 26.25 -18.4108 14.9353
      vertex 26.25 6.08812 14.7465
      vertex 26.25 5.91082 14.9353
    endloop
  endfacet
  facet normal 1 0 0
    outer loop
      vertex 26.25 -18.4108 14.9353
      vertex 26.25 5.91082 14.9353
      vertex 26.25 5.75857 15.1449
    endloop
  endfacet
  facet normal 1 0 0
    outer loop
      vertex 26.25 -18.4108 14.9353
      vertex 26.25 5.75857 15.1449
      vertex 26.25 -18.2586 15.1449
    endloop
  endfacet
  facet normal 1 0 0
    outer loop
      vertex 26.25 -18.2586 15.1449
      vertex 26.25 5.75857 15.1449
      vertex 26.25 5.63379 15.3718
    endloop
  endfacet
  facet normal 1 0 0
    outer loop
      vertex 26.25 -18.2586 15.1449
      vertex 26.25 5.63379 15.3718
      vertex 26.25 -18.1338 15.3718
    endloop
  endfacet
  facet normal 1 0 0
    outer loop
      vertex 26.25 -18.1338 15.3718
      vertex 26.25 5.63379 15.3718
      vertex 26.25 5.53845 15.6127
    endloop
  endfacet
  facet normal 1 0 0
    outer loop
      vertex 26.25 -18.1338 15.3718
      vertex 26.25 5.53845 15.6127
      vertex 26.25 -18.0384 15.6127
    endloop
  endfacet
  facet normal 1 0 0
    outer loop
      vertex 26.25 -18.0384 15.6127
      vertex 26.25 5.53845 15.6127
      vertex 26.25 5.47403 15.8635
    endloop
  endfacet
  facet normal 1 0 0
    outer loop
      vertex 26.25 -18.0384 15.6127
      vertex 26.25 5.47403 15.8635
      vertex 26.25 -17.974 15.8635
    endloop
  endfacet
  facet normal 1 0 0
    outer loop
      vertex 26.25 -17.974 15.8635
      vertex 26.25 5.47403 15.8635
      vertex 26.25 5.44157 16.1205
    endloop
  endfacet
  facet normal 1 0 0
    outer loop
      vertex 26.25 -17.974 15.8635
      vertex 26.25 5.44157 16.1205
      vertex 26.25 -17.9416 16.1205
    endloop
  endfacet
  facet normal 1 0 0
    outer loop
      vertex 26.25 -17.9416 16.1205
      vertex 26.25 5.44157 16.1205
      vertex 26.25 5.44157 16.3795
    endloop
  endfacet
  facet normal 1 0 0
    outer loop
      vertex 26.25 -17.9416 16.1205
      vertex 26.25 5.44157 16.3795
      vertex 26.25 -17.9416 16.3795
    endloop
  endfacet
  facet normal 1 0 -0
    outer loop
      vertex 26.25 -17.9416 16.3795
      vertex 26.25 5.44157 16.3795
      vertex 26.25 -17.974 16.6365
    endloop
  endfacet
  facet normal 1 -0 0
    outer loop
      vertex 26.25 -17.974 16.6365
      vertex 26.25 5.44157 16.3795
      vertex 26.25 5.47403 16.6365
    endloop
  endfacet
  facet normal 1 0 -0
    outer loop
      vertex 26.25 -17.974 16.6365
      vertex 26.25 5.47403 16.6365
      vertex 26.25 -18.0384 16.8873
    endloop
  endfacet
  facet normal 1 -0 0
    outer loop
      vertex 26.25 -18.0384 16.8873
      vertex 26.25 5.47403 16.6365
      vertex 26.25 5.53845 16.8873
    endloop
  endfacet
  facet normal 1 0 -0
    outer loop
      vertex 26.25 -18.0384 16.8873
      vertex 26.25 5.53845 16.8873
      vertex 26.25 -18.1338 17.1282
    endloop
  endfacet
  facet normal 1 -0 0
    outer loop
      vertex 26.25 -18.1338 17.1282
      vertex 26.25 5.53845 16.8873
      vertex 26.25 5.63379 17.1282
    endloop
  endfacet
  facet normal 1 0 -0
    outer loop
      vertex 26.25 -18.1338 17.1282
      vertex 26.25 5.63379 17.1282
      vertex 26.25 -18.2586 17.3551
    endloop
  endfacet
  facet normal 1 -0 0
    outer loop
      vertex 26.25 -18.2586 17.3551
      vertex 26.25 5.63379 17.1282
      vertex 26.25 5.75857 17.3551
    endloop
  endfacet
  facet normal 1 0 -0
    outer loop
      vertex 26.25 -18.2586 17.3551
      vertex 26.25 5.75857 17.3551
      vertex 26.25 -18.4108 17.5647
    endloop
  endfacet
  facet normal 1 -0 0
    outer loop
      vertex 26.25 -18.4108 17.5647
      vertex 26.25 5.75857 17.3551
      vertex 26.25 5.91082 17.5647
    endloop
  endfacet
  facet normal 1 0 -0
    outer loop
      vertex 26.25 -18.4108 17.5647
      vertex 26.25 5.91082 17.5647
      vertex 26.25 -18.5881 17.7535
    endloop
  endfacet
  facet normal 1 -0 0
    outer loop
      vertex 26.25 -18.5881 17.7535
      vertex 26.25 5.91082 17.5647
      vertex 26.25 6.08812 17.7535
    endloop
  endfacet
  facet normal 1 0 -0
    outer loop
      vertex 26.25 -18.5881 17.7535
      vertex 26.25 6.08812 17.7535
      vertex 26.25 -18.7877 17.9186
    endloop
  endfacet
  facet normal 1 -0 0
    outer loop
      vertex 26.25 -18.7877 17.9186
      vertex 26.25 6.08812 17.7535
      vertex 26.25 6.28769 17.9186
    endloop
  endfacet
  facet normal 1 0 -0
    outer loop
      vertex 26.25 -18.7877 17.9186
      vertex 26.25 6.28769 17.9186
      vertex 26.25 -19.0064 18.0574
    endloop
  endfacet
  facet normal 1 -0 0
    outer loop
      vertex 26.25 -19.0064 18.0574
      vertex 26.25 6.28769 17.9186
      vertex 26.25 6.50638 18.0574
    endloop
  endfacet
  facet normal 1 0 0
    outer loop
      vertex 26.25 -19.0064 18.0574
      vertex 26.25 6.50638 18.0574
      vertex 26.25 8.75 23.75
    endloop
  endfacet
  facet normal 1 0 0
    outer loop
      vertex 26.25 8.75 23.75
      vertex 26.25 6.50638 18.0574
      vertex 26.25 6.74074 18.1677
    endloop
  endfacet
  facet normal 1 0 0
    outer loop
      vertex 26.25 8.75 23.75
      vertex 26.25 6.74074 18.1677
      vertex 26.25 6.98708 18.2477
    endloop
  endfacet
  facet normal 1 0 0
    outer loop
      vertex 26.25 6.98708 18.2477
      vertex 26.25 7.2415 18.2962
      vertex 26.25 8.75 23.75
    endloop
  endfacet
  facet normal 1 0 0
    outer loop
      vertex 26.25 8.75 23.75
      vertex 26.25 7.2415 18.2962
      vertex 26.25 7.5 18.3125
    endloop
  endfacet
  facet normal 1 0 0
    outer loop
      vertex 26.25 8.75 23.75
      vertex 26.25 7.5 18.3125
      vertex 26.25 7.7585 18.2962
    endloop
  endfacet
  facet normal 1 -0 0
    outer loop
      vertex 26.25 7.7585 18.2962
      vertex 26.25 8.01292 18.2477
      vertex 26.25 8.75 23.75
    endloop
  endfacet
  facet normal 1 0 0
    outer loop
      vertex 26.25 8.75 23.75
      vertex 26.25 8.01292 18.2477
      vertex 26.25 15 17.5
    endloop
  endfacet
  facet normal 1 0 0
    outer loop
      vertex 26.25 15 17.5
      vertex 26.25 8.01292 18.2477
      vertex 26.25 8.25926 18.1677
    endloop
  endfacet
  facet normal 1 0 0
    outer loop
      vertex 26.25 15 17.5
      vertex 26.25 8.25926 18.1677
      vertex 26.25 8.49362 18.0574
    endloop
  endfacet
  facet normal 1 0 0
    outer loop
      vertex 26.25 8.49362 18.0574
      vertex 26.25 8.71231 17.9186
      vertex 26.25 15 17.5
    endloop
  endfacet
  facet normal 1 0 0
    outer loop
      vertex 26.25 15 17.5
      vertex 26.25 8.71231 17.9186
      vertex 26.25 8.91188 17.7535
    endloop
  endfacet
  facet normal 1 0 0
    outer loop
      vertex 26.25 15 17.5
      vertex 26.25 8.91188 17.7535
      vertex 26.25 9.08918 17.5647
    endloop
  endfacet
  facet normal 1 0 0
    outer loop
      vertex 26.25 9.08918 17.5647
      vertex 26.25 9.24143 17.3551
      vertex 26.25 15 17.5
    endloop
  endfacet
  facet normal 1 0 0
    outer loop
      vertex 26.25 15 17.5
      vertex 26.25 9.24143 17.3551
      vertex 26.25 9.36621 17.1282
    endloop
  endfacet
  facet normal 1 0 0
    outer loop
      vertex 26.25 15 17.5
      vertex 26.25 9.36621 17.1282
      vertex 26.25 9.46155 16.8873
    endloop
  endfacet
  facet normal 1 -0 0
    outer loop
      vertex 26.25 9.46155 16.8873
      vertex 26.25 9.52597 16.6365
      vertex 26.25 15 17.5
    endloop
  endfacet
  facet normal 1 0 0
    outer loop
      vertex 26.25 15 17.5
      vertex 26.25 9.52597 16.6365
      vertex 26.25 9.55843 16.3795
    endloop
  endfacet
  facet normal 1 0 0
    outer loop
      vertex 26.25 15 17.5
      vertex 26.25 9.55843 16.3795
      vertex 26.25 9.55843 16.1205
    endloop
  endfacet
  facet normal 1 -0 0
    outer loop
      vertex 26.25 9.55843 16.1205
      vertex 26.25 9.52597 15.8635
      vertex 26.25 15 17.5
    endloop
  endfacet
  facet normal 1 0 0
    outer loop
      vertex 26.25 15 17.5
      vertex 26.25 9.52597 15.8635
      vertex 26.25 9.46155 15.6127
    endloop
  endfacet
  facet normal 1 0 0
    outer loop
      vertex 26.25 15 17.5
      vertex 26.25 9.46155 15.6127
      vertex 26.25 9.36621 15.3718
    endloop
  endfacet
  facet normal 1 0 0
    outer loop
      vertex 26.25 15 17.5
      vertex 26.25 9.36621 15.3718
      vertex 26.25 15 12.1875
    endloop
  endfacet
  facet normal 1 0 0
    outer loop
      vertex 26.25 15 12.1875
      vertex 26.25 9.36621 15.3718
      vertex 26.25 9.24143 15.1449
    endloop
  endfacet
  facet normal 1 0 0
    outer loop
      vertex 26.25 15 12.1875
      vertex 26.25 9.24143 15.1449
      vertex 26.25 9.08918 14.9353
    endloop
  endfacet
  facet normal 1 0 0
    outer loop
      vertex 26.25 9.08918 14.9353
      vertex 26.25 8.91188 14.7465
      vertex 26.25 15 12.1875
    endloop
  endfacet
  facet normal 1 0 0
    outer loop
      vertex 26.25 15 12.1875
      vertex 26.25 8.91188 14.7465
      vertex 26.25 8.71231 14.5814
    endloop
  endfacet
  facet normal 1 0 0
    outer loop
      vertex 26.25 15 12.1875
      vertex 26.25 8.71231 14.5814
      vertex 26.25 8.49362 14.4426
    endloop
  endfacet
  facet normal 1 0 0
    outer loop
      vertex 26.25 8.49362 14.4426
      vertex 26.25 8.25926 14.3323
      vertex 26.25 15 12.1875
    endloop
  endfacet
  facet normal 1 0 0
    outer loop
      vertex 26.25 15 12.1875
      vertex 26.25 8.25926 14.3323
      vertex 26.25 8.01292 14.2523
    endloop
  endfacet
  facet normal 1 0 0
    outer loop
      vertex 26.25 15 12.1875
      vertex 26.25 8.01292 14.2523
      vertex 26.25 7.7585 14.2038
    endloop
  endfacet
  facet normal 1 0 0
    outer loop
      vertex 26.25 -19.7415 14.2038
      vertex 26.25 -20 14.1875
      vertex 26.25 -30 0.5
    endloop
  endfacet
  facet normal 1 0 0
    outer loop
      vertex 26.25 -30 0.5
      vertex 26.25 -20 14.1875
      vertex 26.25 -20.2585 14.2038
    endloop
  endfacet
  facet normal 1 0 0
    outer loop
      vertex 26.25 -30 0.5
      vertex 26.25 -20.2585 14.2038
      vertex 26.25 -20.5129 14.2523
    endloop
  endfacet
  facet normal 1 0 0
    outer loop
      vertex 26.25 -20.5129 14.2523
      vertex 26.25 -20.7593 14.3323
      vertex 26.25 -30 0.5
    endloop
  endfacet
  facet normal 1 0 0
    outer loop
      vertex 26.25 -30 0.5
      vertex 26.25 -20.7593 14.3323
      vertex 26.25 -20.9936 14.4426
    endloop
  endfacet
  facet normal 1 0 0
    outer loop
      vertex 26.25 -30 0.5
      vertex 26.25 -20.9936 14.4426
      vertex 26.25 -21.2123 14.5814
    endloop
  endfacet
  facet normal 1 0 0
    outer loop
      vertex 26.25 -21.2123 14.5814
      vertex 26.25 -21.4119 14.7465
      vertex 26.25 -30 0.5
    endloop
  endfacet
  facet normal 1 0 0
    outer loop
      vertex 26.25 -30 0.5
      vertex 26.25 -21.4119 14.7465
      vertex 26.25 -21.5892 14.9353
    endloop
  endfacet
  facet normal 1 0 0
    outer loop
      vertex 26.25 -30 0.5
      vertex 26.25 -21.5892 14.9353
      vertex 26.25 -21.7414 15.1449
    endloop
  endfacet
  facet normal 1 0 0
    outer loop
      vertex 26.25 -21.7414 15.1449
      vertex 26.25 -21.8662 15.3718
      vertex 26.25 -30 0.5
    endloop
  endfacet
  facet normal 1 0 0
    outer loop
      vertex 26.25 -30 0.5
      vertex 26.25 -21.8662 15.3718
      vertex 26.25 -30 23.75
    endloop
  endfacet
  facet normal 1 0 0
    outer loop
      vertex 26.25 -30 23.75
      vertex 26.25 -21.8662 15.3718
      vertex 26.25 -21.9616 15.6127
    endloop
  endfacet
  facet normal 1 0 0
    outer loop
      vertex 26.25 -30 23.75
      vertex 26.25 -21.9616 15.6127
      vertex 26.25 -22.026 15.8635
    endloop
  endfacet
  facet normal 1 0 0
    outer loop
      vertex 26.25 -22.026 15.8635
      vertex 26.25 -22.0584 16.1205
      vertex 26.25 -30 23.75
    endloop
  endfacet
  facet normal 1 0 0
    outer loop
      vertex 26.25 -30 23.75
      vertex 26.25 -22.0584 16.1205
      vertex 26.25 -22.0584 16.3795
    endloop
  endfacet
  facet normal 1 0 0
    outer loop
      vertex 26.25 -30 23.75
      vertex 26.25 -22.0584 16.3795
      vertex 26.25 -22.026 16.6365
    endloop
  endfacet
  facet normal 1 0 -0
    outer loop
      vertex 26.25 -22.026 16.6365
      vertex 26.25 -21.9616 16.8873
      vertex 26.25 -30 23.75
    endloop
  endfacet
  facet normal 1 0 0
    outer loop
      vertex 26.25 -30 23.75
      vertex 26.25 -21.9616 16.8873
      vertex 26.25 -21.8662 17.1282
    endloop
  endfacet
  facet normal 1 0 0
    outer loop
      vertex 26.25 -30 23.75
      vertex 26.25 -21.8662 17.1282
      vertex 26.25 -21.7414 17.3551
    endloop
  endfacet
  facet normal 1 0 -0
    outer loop
      vertex 26.25 -21.7414 17.3551
      vertex 26.25 -21.5892 17.5647
      vertex 26.25 -30 23.75
    endloop
  endfacet
  facet normal 1 0 0
    outer loop
      vertex 26.25 -30 23.75
      vertex 26.25 -21.5892 17.5647
      vertex 26.25 -21.4119 17.7535
    endloop
  endfacet
  facet normal 1 0 0
    outer loop
      vertex 26.25 -30 23.75
      vertex 26.25 -21.4119 17.7535
      vertex 26.25 -21.2123 17.9186
    endloop
  endfacet
  facet normal 1 0 -0
    outer loop
      vertex 26.25 -21.2123 17.9186
      vertex 26.25 -20.9936 18.0574
      vertex 26.25 -30 23.75
    endloop
  endfacet
  facet normal 1 0 0
    outer loop
      vertex 26.25 -30 23.75
      vertex 26.25 -20.9936 18.0574
      vertex 26.25 -20.7593 18.1677
    endloop
  endfacet
  facet normal 1 0 0
    outer loop
      vertex 26.25 -30 23.75
      vertex 26.25 -20.7593 18.1677
      vertex 26.25 -20.5129 18.2477
    endloop
  endfacet
  facet normal 1 0 -0
    outer loop
      vertex 26.25 -20.5129 18.2477
      vertex 26.25 -20.2585 18.2962
      vertex 26.25 -30 23.75
    endloop
  endfacet
  facet normal 1 0 0
    outer loop
      vertex 26.25 -30 23.75
      vertex 26.25 -20.2585 18.2962
      vertex 26.25 -20 18.3125
    endloop
  endfacet
  facet normal 1 0 0
    outer loop
      vertex 26.25 -30 23.75
      vertex 26.25 -20 18.3125
      vertex 26.25 -19.7415 18.2962
    endloop
  endfacet
  facet normal 1 -0 -0
    outer loop
      vertex 26.25 -19.7415 18.2962
      vertex 26.25 -19.4871 18.2477
      vertex 26.25 -30 23.75
    endloop
  endfacet
  facet normal 1 -0 0
    outer loop
      vertex 26.25 -30 23.75
      vertex 26.25 -19.4871 18.2477
      vertex 26.25 8.75 23.75
    endloop
  endfacet
  facet normal 1 0 0
    outer loop
      vertex 26.25 8.75 23.75
      vertex 26.25 -19.4871 18.2477
      vertex 26.25 -19.2407 18.1677
    endloop
  endfacet
  facet normal 1 0 0
    outer loop
      vertex 26.25 8.75 23.75
      vertex 26.25 -19.2407 18.1677
      vertex 26.25 -19.0064 18.0574
    endloop
  endfacet
  facet normal 1 0 0
    outer loop
      vertex 26.25 -30 0.5
      vertex 26.25 30 0.5
      vertex 26.25 17.1875 10
    endloop
  endfacet
  facet normal 1 -0 0
    outer loop
      vertex 26.25 17.1875 10
      vertex 26.25 30 0.5
      vertex 26.25 30 10
    endloop
  endfacet
  facet normal 0 1 0
    outer loop
      vertex 26.25 30 10
      vertex 26.25 30 0.5
      vertex 6.25 30 10
    endloop
  endfacet
  facet normal 0 1 0
    outer loop
      vertex 6.25 30 10
      vertex 26.25 30 0.5
      vertex 6.25 30 0
    endloop
  endfacet
  facet normal 0 1 0
    outer loop
      vertex 6.25 30 0
      vertex 26.25 30 0.5
      vertex 25.75 30 0
    endloop
  endfacet
  facet normal -0.193701 -0.981061 0
    outer loop
      vertex 2.39252 17.6075 0.5
      vertex 3.05348 17.477 0.5
      vertex 2.39252 17.6075 10
    endloop
  endfacet
  facet normal -0.193891 -0.981023 -1.37891e-05
    outer loop
      vertex 2.39252 17.6075 10
      vertex 3.05348 17.477 0.5
      vertex 3.05837 17.4759 10
    endloop
  endfacet
  facet normal -0.240457 -0.97066 1.13799e-05
    outer loop
      vertex 3.05837 17.4759 10
      vertex 3.05348 17.477 0.5
      vertex 3.70743 17.315 0.5
    endloop
  endfacet
  facet normal -0.241034 -0.970517 -3.04835e-05
    outer loop
      vertex 3.05837 17.4759 10
      vertex 3.70743 17.315 0.5
      vertex 3.7171 17.3123 10
    endloop
  endfacet
  facet normal -0.286623 -0.958043 1.94664e-05
    outer loop
      vertex 3.7171 17.3123 10
      vertex 3.70743 17.315 0.5
      vertex 4.35287 17.1219 0.5
    endloop
  endfacet
  facet normal -0.287455 -0.957794 -4.11612e-05
    outer loop
      vertex 3.7171 17.3123 10
      vertex 4.35287 17.1219 0.5
      vertex 4.36717 17.1172 10
    endloop
  endfacet
  facet normal -0.332323 -0.943166 3.36151e-05
    outer loop
      vertex 4.36717 17.1172 10
      vertex 4.35287 17.1219 0.5
      vertex 4.98832 16.898 0.5
    endloop
  endfacet
  facet normal -0.333413 -0.942781 -4.65516e-05
    outer loop
      vertex 4.36717 17.1172 10
      vertex 4.98832 16.898 0.5
      vertex 5.00707 16.8909 10
    endloop
  endfacet
  facet normal -0.377014 -0.926208 5.18882e-05
    outer loop
      vertex 5.00707 16.8909 10
      vertex 4.98832 16.898 0.5
      vertex 5.61232 16.644 0.5
    endloop
  endfacet
  facet normal -0.378503 -0.9256 -5.87381e-05
    outer loop
      vertex 5.00707 16.8909 10
      vertex 5.61232 16.644 0.5
      vertex 5.6353 16.634 10
    endloop
  endfacet
  facet normal -0.420947 -0.907085 6.3423e-05
    outer loop
      vertex 5.6353 16.634 10
      vertex 5.61232 16.644 0.5
      vertex 6.22344 16.3604 0.5
    endloop
  endfacet
  facet normal -0.422702 -0.906269 -6.87462e-05
    outer loop
      vertex 5.6353 16.634 10
      vertex 6.22344 16.3604 0.5
      vertex 6.25041 16.3471 10
    endloop
  endfacet
  facet normal -0.463861 -0.885908 7.66062e-05
    outer loop
      vertex 6.25041 16.3471 10
      vertex 6.22344 16.3604 0.5
      vertex 6.82027 16.0479 0.5
    endloop
  endfacet
  facet normal -0.466008 -0.884781 -8.76464e-05
    outer loop
      vertex 6.25041 16.3471 10
      vertex 6.82027 16.0479 0.5
      vertex 6.85095 16.0308 10
    endloop
  endfacet
  facet normal -0.505839 -0.862628 8.08639e-05
    outer loop
      vertex 6.85095 16.0308 10
      vertex 6.82027 16.0479 0.5
      vertex 7.40145 15.7071 0.5
    endloop
  endfacet
  facet normal -0.50814 -0.861274 -9.85817e-05
    outer loop
      vertex 6.85095 16.0308 10
      vertex 7.40145 15.7071 0.5
      vertex 7.43554 15.6859 10
    endloop
  endfacet
  facet normal -0.546528 -0.837441 9.23578e-05
    outer loop
      vertex 7.43554 15.6859 10
      vertex 7.40145 15.7071 0.5
      vertex 7.96564 15.3389 0.5
    endloop
  endfacet
  facet normal -0.549002 -0.835821 -0.000104853
    outer loop
      vertex 7.43554 15.6859 10
      vertex 7.96564 15.3389 0.5
      vertex 8.0028 15.3133 10
    endloop
  endfacet
  facet normal -0.586009 -0.810304 0.000108663
    outer loop
      vertex 8.0028 15.3133 10
      vertex 7.96564 15.3389 0.5
      vertex 8.51155 14.9441 0.5
    endloop
  endfacet
  facet normal -0.588753 -0.808313 -0.000115697
    outer loop
      vertex 8.0028 15.3133 10
      vertex 8.51155 14.9441 0.5
      vertex 8.55142 14.9137 10
    endloop
  endfacet
  facet normal -0.624155 -0.7813 0.000119321
    outer loop
      vertex 8.55142 14.9137 10
      vertex 8.51155 14.9441 0.5
      vertex 9.03792 14.5236 0.5
    endloop
  endfacet
  facet normal -0.627153 -0.778896 -0.000132929
    outer loop
      vertex 8.55142 14.9137 10
      vertex 9.03792 14.5236 0.5
      vertex 9.08012 14.488 10
    endloop
  endfacet
  facet normal -0.660917 -0.750459 0.000123616
    outer loop
      vertex 9.08012 14.488 10
      vertex 9.03792 14.5236 0.5
      vertex 9.54355 14.0783 0.5
    endloop
  endfacet
  facet normal -0.663906 -0.747816 -0.000136222
    outer loop
      vertex 9.08012 14.488 10
      vertex 9.54355 14.0783 0.5
      vertex 9.58767 14.0374 10
    endloop
  endfacet
  facet normal -0.696 -0.718042 0.00014101
    outer loop
      vertex 9.58767 14.0374 10
      vertex 9.54355 14.0783 0.5
      vertex 10.0273 13.6094 0.5
    endloop
  endfacet
  facet normal -0.699233 -0.714894 -0.000150426
    outer loop
      vertex 9.58767 14.0374 10
      vertex 10.0273 13.6094 0.5
      vertex 10.0729 13.5628 10
    endloop
  endfacet
  facet normal -0.729667 -0.683803 0.000148168
    outer loop
      vertex 10.0729 13.5628 10
      vertex 10.0273 13.6094 0.5
      vertex 10.488 13.1178 0.5
    endloop
  endfacet
  facet normal -0.732988 -0.680242 -0.000163735
    outer loop
      vertex 10.0729 13.5628 10
      vertex 10.488 13.1178 0.5
      vertex 10.5346 13.0653 10
    endloop
  endfacet
  facet normal -0.761536 -0.648122 0.000153807
    outer loop
      vertex 10.5346 13.0653 10
      vertex 10.488 13.1178 0.5
      vertex 10.9246 12.6048 0.5
    endloop
  endfacet
  facet normal -0.764865 -0.64419 -0.000173463
    outer loop
      vertex 10.5346 13.0653 10
      vertex 10.9246 12.6048 0.5
      vertex 10.9718 12.5462 10
    endloop
  endfacet
  facet normal -0.791696 -0.610915 0.000165098
    outer loop
      vertex 10.9718 12.5462 10
      vertex 10.9246 12.6048 0.5
      vertex 11.3362 12.0714 0.5
    endloop
  endfacet
  facet normal -0.795076 -0.606509 -0.000184771
    outer loop
      vertex 10.9718 12.5462 10
      vertex 11.3362 12.0714 0.5
      vertex 11.3835 12.0065 10
    endloop
  endfacet
  facet normal -0.820103 -0.572216 0.000174106
    outer loop
      vertex 11.3835 12.0065 10
      vertex 11.3362 12.0714 0.5
      vertex 11.7217 11.5189 0.5
    endloop
  endfacet
  facet normal -0.823453 -0.567385 -0.00019312
    outer loop
      vertex 11.3835 12.0065 10
      vertex 11.7217 11.5189 0.5
      vertex 11.7686 11.4476 10
    endloop
  endfacet
  facet normal -0.846528 -0.532345 0.000183786
    outer loop
      vertex 11.7686 11.4476 10
      vertex 11.7217 11.5189 0.5
      vertex 12.0804 10.9485 0.5
    endloop
  endfacet
  facet normal -0.849847 -0.527029 -0.000204439
    outer loop
      vertex 11.7686 11.4476 10
      vertex 12.0804 10.9485 0.5
      vertex 12.1263 10.8708 10
    endloop
  endfacet
  facet normal -0.871052 -0.491191 0.000191128
    outer loop
      vertex 12.1263 10.8708 10
      vertex 12.0804 10.9485 0.5
      vertex 12.4113 10.3617 0.5
    endloop
  endfacet
  facet normal -0.874261 -0.485455 -0.000212552
    outer loop
      vertex 12.1263 10.8708 10
      vertex 12.4113 10.3617 0.5
      vertex 12.4558 10.2774 10
    endloop
  endfacet
  facet normal -0.893606 -0.448851 0.000202874
    outer loop
      vertex 12.4558 10.2774 10
      vertex 12.4113 10.3617 0.5
      vertex 12.7137 9.75966 0.5
    endloop
  endfacet
  facet normal -0.896711 -0.442617 -0.00022121
    outer loop
      vertex 12.4558 10.2774 10
      vertex 12.7137 9.75966 0.5
      vertex 12.7562 9.66881 10
    endloop
  endfacet
  facet normal -0.914086 -0.405521 0.000211265
    outer loop
      vertex 12.7562 9.66881 10
      vertex 12.7137 9.75966 0.5
      vertex 12.9869 9.14384 0.5
    endloop
  endfacet
  facet normal -0.916965 -0.398969 -0.000220761
    outer loop
      vertex 12.7562 9.66881 10
      vertex 12.9869 9.14384 0.5
      vertex 13.027 9.04642 10
    endloop
  endfacet
  facet normal -0.932405 -0.361415 0.00022952
    outer loop
      vertex 13.027 9.04642 10
      vertex 12.9869 9.14384 0.5
      vertex 13.2304 8.51564 0.5
    endloop
  endfacet
  facet normal -0.935175 -0.354186 -0.000233654
    outer loop
      vertex 13.027 9.04642 10
      vertex 13.2304 8.51564 0.5
      vertex 13.2674 8.41168 10
    endloop
  endfacet
  facet normal -0.948704 -0.316165 0.000235105
    outer loop
      vertex 13.2674 8.41168 10
      vertex 13.2304 8.51564 0.5
      vertex 13.4434 7.8765 0.5
    endloop
  endfacet
  facet normal -0.951216 -0.308526 -0.000241776
    outer loop
      vertex 13.2674 8.41168 10
      vertex 13.4434 7.8765 0.5
      vertex 13.4768 7.76608 10
    endloop
  endfacet
  facet normal -0.962737 -0.270441 0.000241403
    outer loop
      vertex 13.4768 7.76608 10
      vertex 13.4434 7.8765 0.5
      vertex 13.6256 7.22789 0.5
    endloop
  endfacet
  facet normal -0.964959 -0.2624 -0.000248903
    outer loop
      vertex 13.4768 7.76608 10
      vertex 13.6256 7.22789 0.5
      vertex 13.6549 7.11113 10
    endloop
  endfacet
  facet normal -0.97456 -0.224126 0.000251128
    outer loop
      vertex 13.6549 7.11113 10
      vertex 13.6256 7.22789 0.5
      vertex 13.7766 6.5713 0.5
    endloop
  endfacet
  facet normal -0.976493 -0.215548 -0.000261042
    outer loop
      vertex 13.6549 7.11113 10
      vertex 13.7766 6.5713 0.5
      vertex 13.8012 6.44835 10
    endloop
  endfacet
  facet normal -0.984197 -0.177077 0.000256798
    outer loop
      vertex 13.8012 6.44835 10
      vertex 13.7766 6.5713 0.5
      vertex 13.8959 5.90823 0.5
    endloop
  endfacet
  facet normal -0.985769 -0.168108 -0.000268805
    outer loop
      vertex 13.8012 6.44835 10
      vertex 13.8959 5.90823 0.5
      vertex 13.9153 5.77928 10
    endloop
  endfacet
  facet normal -0.991549 -0.129729 0.000263951
    outer loop
      vertex 13.9153 5.77928 10
      vertex 13.8959 5.90823 0.5
      vertex 13.9833 5.24021 0.5
    endloop
  endfacet
  facet normal -0.992729 -0.120373 -0.000275393
    outer loop
      vertex 13.9153 5.77928 10
      vertex 13.9833 5.24021 0.5
      vertex 13.997 5.10549 10
    endloop
  endfacet
  facet normal -0.996626 -0.0820824 0.000273224
    outer loop
      vertex 13.997 5.10549 10
      vertex 13.9833 5.24021 0.5
      vertex 14.0386 4.56877 0.5
    endloop
  endfacet
  facet normal -0.99738 -0.0723401 -0.000280487
    outer loop
      vertex 13.997 5.10549 10
      vertex 14.0386 4.56877 0.5
      vertex 14.0461 4.42853 10
    endloop
  endfacet
  facet normal -0.999412 -0.0342874 0.000282855
    outer loop
      vertex 14.0461 4.42853 10
      vertex 14.0386 4.56877 0.5
      vertex 14.0617 3.89545 0.5
    endloop
  endfacet
  facet normal -0.999708 -0.0241628 -0.00028576
    outer loop
      vertex 14.0461 4.42853 10
      vertex 14.0617 3.89545 0.5
      vertex 14.0625 3.75 10
    endloop
  endfacet
  facet normal -0.999909 0.0135073 0.000291006
    outer loop
      vertex 14.0625 3.75 10
      vertex 14.0617 3.89545 0.5
      vertex 14.0526 3.2218 0.5
    endloop
  endfacet
  facet normal -0.999718 0.0237558 -0.000279014
    outer loop
      vertex 14.0625 3.75 10
      vertex 14.0526 3.2218 0.5
      vertex 14.0466 3.08088 10
    endloop
  endfacet
  facet normal -0.99811 0.0614505 0.000281152
    outer loop
      vertex 14.0466 3.08088 10
      vertex 14.0526 3.2218 0.5
      vertex 14.0112 2.54936 0.5
    endloop
  endfacet
  facet normal -0.997447 0.0714159 -0.000278879
    outer loop
      vertex 14.0466 3.08088 10
      vertex 14.0112 2.54936 0.5
      vertex 13.9988 2.41327 10
    endloop
  endfacet
  facet normal -0.994015 0.109244 0.000267496
    outer loop
      vertex 13.9988 2.41327 10
      vertex 14.0112 2.54936 0.5
      vertex 13.9376 1.87967 0.5
    endloop
  endfacet
  facet normal -0.992938 0.118632 -0.000266762
    outer loop
      vertex 13.9988 2.41327 10
      vertex 13.9376 1.87967 0.5
      vertex 13.9194 1.7487 10
    endloop
  endfacet
  facet normal -0.98764 0.156742 0.000268789
    outer loop
      vertex 13.9194 1.7487 10
      vertex 13.9376 1.87967 0.5
      vertex 13.832 1.21428 0.5
    endloop
  endfacet
  facet normal -0.986153 0.16584 -0.000256703
    outer loop
      vertex 13.9194 1.7487 10
      vertex 13.832 1.21428 0.5
      vertex 13.8084 1.08865 10
    endloop
  endfacet
  facet normal -0.979014 0.203795 0.000262954
    outer loop
      vertex 13.8084 1.08865 10
      vertex 13.832 1.21428 0.5
      vertex 13.6947 0.554703 0.5
    endloop
  endfacet
  facet normal -0.977138 0.212606 -0.000254735
    outer loop
      vertex 13.8084 1.08865 10
      vertex 13.6947 0.554703 0.5
      vertex 13.6661 0.43464 10
    endloop
  endfacet
  facet normal -0.968105 0.250546 0.000251953
    outer loop
      vertex 13.6661 0.43464 10
      vertex 13.6947 0.554703 0.5
      vertex 13.5259 -0.0975358 0.5
    endloop
  endfacet
  facet normal -0.965937 0.258777 -0.000241097
    outer loop
      vertex 13.6661 0.43464 10
      vertex 13.5259 -0.0975358 0.5
      vertex 13.4929 -0.211864 10
    endloop
  endfacet
  facet normal -0.955013 0.296564 0.000251598
    outer loop
      vertex 13.4929 -0.211864 10
      vertex 13.5259 -0.0975358 0.5
      vertex 13.3261 -0.740944 0.5
    endloop
  endfacet
  facet normal -0.952515 0.304492 -0.000233809
    outer loop
      vertex 13.4929 -0.211864 10
      vertex 13.3261 -0.740944 0.5
      vertex 13.2891 -0.849393 10
    endloop
  endfacet
  facet normal -0.939706 0.341983 0.000244066
    outer loop
      vertex 13.2891 -0.849393 10
      vertex 13.3261 -0.740944 0.5
      vertex 13.0957 -1.37404 0.5
    endloop
  endfacet
  facet normal -0.936949 0.349466 -0.000225282
    outer loop
      vertex 13.2891 -0.849393 10
      vertex 13.0957 -1.37404 0.5
      vertex 13.0552 -1.4765 10
    endloop
  endfacet
  facet normal -0.92228 0.386522 0.000236919
    outer loop
      vertex 13.0552 -1.4765 10
      vertex 13.0957 -1.37404 0.5
      vertex 12.8353 -1.99538 0.5
    endloop
  endfacet
  facet normal -0.919246 0.393683 -0.000224424
    outer loop
      vertex 13.0552 -1.4765 10
      vertex 12.8353 -1.99538 0.5
      vertex 12.7917 -2.09177 10
    endloop
  endfacet
  facet normal -0.902688 0.430297 0.000223063
    outer loop
      vertex 12.7917 -2.09177 10
      vertex 12.8353 -1.99538 0.5
      vertex 12.5454 -2.60354 0.5
    endloop
  endfacet
  facet normal -0.899461 0.437001 -0.000221787
    outer loop
      vertex 12.7917 -2.09177 10
      vertex 12.5454 -2.60354 0.5
      vertex 12.4992 -2.69381 10
    endloop
  endfacet
  facet normal -0.881034 0.473053 0.000210395
    outer loop
      vertex 12.4992 -2.69381 10
      vertex 12.5454 -2.60354 0.5
      vertex 12.2267 -3.1971 0.5
    endloop
  endfacet
  facet normal -0.877721 0.479172 -0.000208819
    outer loop
      vertex 12.4992 -2.69381 10
      vertex 12.2267 -3.1971 0.5
      vertex 12.1785 -3.28125 10
    endloop
  endfacet
  facet normal -0.857348 0.514738 0.000209585
    outer loop
      vertex 12.1785 -3.28125 10
      vertex 12.2267 -3.1971 0.5
      vertex 11.8799 -3.77473 0.5
    endloop
  endfacet
  facet normal -0.85385 0.520518 -0.0002006
    outer loop
      vertex 12.1785 -3.28125 10
      vertex 11.8799 -3.77473 0.5
      vertex 11.8301 -3.85276 10
    endloop
  endfacet
  facet normal -0.831753 0.555145 0.000199651
    outer loop
      vertex 11.8301 -3.85276 10
      vertex 11.8799 -3.77473 0.5
      vertex 11.5059 -4.33508 0.5
    endloop
  endfacet
  facet normal -0.828187 0.560452 -0.000191472
    outer loop
      vertex 11.8301 -3.85276 10
      vertex 11.5059 -4.33508 0.5
      vertex 11.455 -4.40705 10
    endloop
  endfacet
  facet normal -0.804148 0.594429 0.000194724
    outer loop
      vertex 11.455 -4.40705 10
      vertex 11.5059 -4.33508 0.5
      vertex 11.1054 -4.87688 0.5
    endloop
  endfacet
  facet normal -0.800543 0.599275 -0.00017766
    outer loop
      vertex 11.455 -4.40705 10
      vertex 11.1054 -4.87688 0.5
      vertex 11.0539 -4.94286 10
    endloop
  endfacet
  facet normal -0.774817 0.632186 0.000190372
    outer loop
      vertex 11.0539 -4.94286 10
      vertex 11.1054 -4.87688 0.5
      vertex 10.6795 -5.39887 0.5
    endloop
  endfacet
  facet normal -0.771079 0.636739 -0.000175526
    outer loop
      vertex 11.0539 -4.94286 10
      vertex 10.6795 -5.39887 0.5
      vertex 10.6277 -5.45898 10
    endloop
  endfacet
  facet normal -0.743663 0.668555 0.00017527
    outer loop
      vertex 10.6277 -5.45898 10
      vertex 10.6795 -5.39887 0.5
      vertex 10.2291 -5.89987 0.5
    endloop
  endfacet
  facet normal -0.739967 0.672643 -0.000169547
    outer loop
      vertex 10.6277 -5.45898 10
      vertex 10.2291 -5.89987 0.5
      vertex 10.1775 -5.95424 10
    endloop
  endfacet
  facet normal -0.710734 0.703461 0.000165611
    outer loop
      vertex 10.1775 -5.95424 10
      vertex 10.2291 -5.89987 0.5
      vertex 9.75515 -6.37872 0.5
    endloop
  endfacet
  facet normal -0.707114 0.707099 -0.000157875
    outer loop
      vertex 10.1775 -5.95424 10
      vertex 9.75515 -6.37872 0.5
      vertex 9.70424 -6.42751 10
    endloop
  endfacet
  facet normal -0.67624 0.736681 0.000159506
    outer loop
      vertex 9.70424 -6.42751 10
      vertex 9.75515 -6.37872 0.5
      vertex 9.25884 -6.83431 0.5
    endloop
  endfacet
  facet normal -0.672659 0.739952 -0.000148429
    outer loop
      vertex 9.70424 -6.42751 10
      vertex 9.25884 -6.83431 0.5
      vertex 9.20898 -6.87773 10
    endloop
  endfacet
  facet normal -0.640193 0.768214 0.000151139
    outer loop
      vertex 9.20898 -6.87773 10
      vertex 9.25884 -6.83431 0.5
      vertex 8.74128 -7.26562 0.5
    endloop
  endfacet
  facet normal -0.636686 0.771123 -0.000140303
    outer loop
      vertex 9.20898 -6.87773 10
      vertex 8.74128 -7.26562 0.5
      vertex 8.69286 -7.30387 10
    endloop
  endfacet
  facet normal -0.602661 0.797997 0.000141319
    outer loop
      vertex 8.69286 -7.30387 10
      vertex 8.74128 -7.26562 0.5
      vertex 8.20366 -7.67164 0.5
    endloop
  endfacet
  facet normal -0.599275 0.800543 -0.000131593
    outer loop
      vertex 8.69286 -7.30387 10
      vertex 8.20366 -7.67164 0.5
      vertex 8.15705 -7.70497 10
    endloop
  endfacet
  facet normal -0.563748 0.825947 0.000131847
    outer loop
      vertex 8.15705 -7.70497 10
      vertex 8.20366 -7.67164 0.5
      vertex 7.6472 -8.05145 0.5
    endloop
  endfacet
  facet normal -0.560513 0.828145 -0.000121896
    outer loop
      vertex 8.15705 -7.70497 10
      vertex 7.6472 -8.05145 0.5
      vertex 7.60276 -8.08013 10
    endloop
  endfacet
  facet normal -0.523547 0.851997 0.000123033
    outer loop
      vertex 7.60276 -8.08013 10
      vertex 7.6472 -8.05145 0.5
      vertex 7.0732 -8.40417 0.5
    endloop
  endfacet
  facet normal -0.520464 0.853884 -0.000113216
    outer loop
      vertex 7.60276 -8.08013 10
      vertex 7.0732 -8.40417 0.5
      vertex 7.03125 -8.42848 10
    endloop
  endfacet
  facet normal -0.482133 0.876098 0.000112891
    outer loop
      vertex 7.03125 -8.42848 10
      vertex 7.0732 -8.40417 0.5
      vertex 6.48296 -8.72899 0.5
    endloop
  endfacet
  facet normal -0.479253 0.877677 -0.000103266
    outer loop
      vertex 7.03125 -8.42848 10
      vertex 6.48296 -8.72899 0.5
      vertex 6.44381 -8.74925 10
    endloop
  endfacet
  facet normal -0.439622 0.898183 0.00010379
    outer loop
      vertex 6.44381 -8.74925 10
      vertex 6.48296 -8.72899 0.5
      vertex 5.87784 -9.02517 0.5
    endloop
  endfacet
  facet normal -0.436941 0.89949 -9.38827e-05
    outer loop
      vertex 6.44381 -8.74925 10
      vertex 5.87784 -9.02517 0.5
      vertex 5.84177 -9.0417 10
    endloop
  endfacet
  facet normal -0.396097 0.918209 9.37676e-05
    outer loop
      vertex 5.84177 -9.0417 10
      vertex 5.87784 -9.02517 0.5
      vertex 5.25922 -9.29203 0.5
    endloop
  endfacet
  facet normal -0.393645 0.919262 -8.43118e-05
    outer loop
      vertex 5.84177 -9.0417 10
      vertex 5.25922 -9.29203 0.5
      vertex 5.2265 -9.30517 10
    endloop
  endfacet
  facet normal -0.351663 0.936127 8.36079e-05
    outer loop
      vertex 5.2265 -9.30517 10
      vertex 5.25922 -9.29203 0.5
      vertex 4.62854 -9.52895 0.5
    endloop
  endfacet
  facet normal -0.349464 0.93695 -7.42055e-05
    outer loop
      vertex 5.2265 -9.30517 10
      vertex 4.62854 -9.52895 0.5
      vertex 4.59939 -9.53907 10
    endloop
  endfacet
  facet normal -0.306419 0.951897 7.3798e-05
    outer loop
      vertex 4.59939 -9.53907 10
      vertex 4.62854 -9.52895 0.5
      vertex 3.98723 -9.73539 0.5
    endloop
  endfacet
  facet normal -0.304492 0.952515 -6.31727e-05
    outer loop
      vertex 4.59939 -9.53907 10
      vertex 3.98723 -9.73539 0.5
      vertex 3.96186 -9.74287 10
    endloop
  endfacet
  facet normal -0.260494 0.965475 6.45287e-05
    outer loop
      vertex 3.96186 -9.74287 10
      vertex 3.98723 -9.73539 0.5
      vertex 3.33677 -9.91089 0.5
    endloop
  endfacet
  facet normal -0.25882 0.965926 -5.35652e-05
    outer loop
      vertex 3.96186 -9.74287 10
      vertex 3.33677 -9.91089 0.5
      vertex 3.31536 -9.9161 10
    endloop
  endfacet
  facet normal -0.213907 0.976854 5.36481e-05
    outer loop
      vertex 3.31536 -9.9161 10
      vertex 3.33677 -9.91089 0.5
      vertex 2.67866 -10.055 0.5
    endloop
  endfacet
  facet normal -0.212606 0.977138 -3.76788e-05
    outer loop
      vertex 3.31536 -9.9161 10
      vertex 2.67866 -10.055 0.5
      vertex 2.66135 -10.0584 10
    endloop
  endfacet
  facet normal -0.166981 0.98596 4.86129e-05
    outer loop
      vertex 2.66135 -10.0584 10
      vertex 2.67866 -10.055 0.5
      vertex 2.01439 -10.1675 0.5
    endloop
  endfacet
  facet normal -0.16584 0.986153 -3.12801e-05
    outer loop
      vertex 2.66135 -10.0584 10
      vertex 2.01439 -10.1675 0.5
      vertex 2.0013 -10.1694 10
    endloop
  endfacet
  facet normal -0.119486 0.992836 3.39274e-05
    outer loop
      vertex 2.0013 -10.1694 10
      vertex 2.01439 -10.1675 0.5
      vertex 1.3455 -10.248 0.5
    endloop
  endfacet
  facet normal -0.118632 0.992938 -2.59003e-05
    outer loop
      vertex 2.0013 -10.1694 10
      vertex 1.3455 -10.248 0.5
      vertex 1.33673 -10.2488 10
    endloop
  endfacet
  facet normal -0.0718402 0.997416 1.76731e-05
    outer loop
      vertex 1.33673 -10.2488 10
      vertex 1.3455 -10.248 0.5
      vertex 0.673523 -10.2964 0.5
    endloop
  endfacet
  facet normal -0.071416 0.997447 -1.2093e-05
    outer loop
      vertex 1.33673 -10.2488 10
      vertex 0.673523 -10.2964 0.5
      vertex 0.669121 -10.2966 10
    endloop
  endfacet
  facet normal -0.0238973 0.999714 9.97335e-06
    outer loop
      vertex 0.669121 -10.2966 10
      vertex 0.673523 -10.2964 0.5
      vertex 0 -10.3125 0.5
    endloop
  endfacet
  facet normal -0.0237558 0.999718 -1.07971e-19
    outer loop
      vertex 0.669121 -10.2966 10
      vertex 0 -10.3125 0.5
      vertex 0 -10.3125 10
    endloop
  endfacet
  facet normal 0 0 1
    outer loop
      vertex 22.8587 23.4628 6.25
      vertex 21.3709 23.2531 6.25
      vertex 22.875 23.125 6.25
    endloop
  endfacet
  facet normal 0 0 1
    outer loop
      vertex 22.875 23.125 6.25
      vertex 21.3709 23.2531 6.25
      vertex 21.3709 22.9969 6.25
    endloop
  endfacet
  facet normal 0 0 1
    outer loop
      vertex 22.875 23.125 6.25
      vertex 21.3709 22.9969 6.25
      vertex 22.8587 22.7872 6.25
    endloop
  endfacet
  facet normal 0 0 1
    outer loop
      vertex 22.8587 22.7872 6.25
      vertex 21.3709 22.9969 6.25
      vertex 21.3381 22.7427 6.25
    endloop
  endfacet
  facet normal 0 0 1
    outer loop
      vertex 22.8587 22.7872 6.25
      vertex 21.3381 22.7427 6.25
      vertex 22.8098 22.4526 6.25
    endloop
  endfacet
  facet normal 0 0 1
    outer loop
      vertex 22.8098 22.4526 6.25
      vertex 21.3381 22.7427 6.25
      vertex 22.7289 22.1242 6.25
    endloop
  endfacet
  facet normal 0 0 1
    outer loop
      vertex 22.7289 22.1242 6.25
      vertex 21.3381 22.7427 6.25
      vertex 21.2731 22.4948 6.25
    endloop
  endfacet
  facet normal 0 0 1
    outer loop
      vertex 22.7289 22.1242 6.25
      vertex 21.2731 22.4948 6.25
      vertex 22.6166 21.8052 6.25
    endloop
  endfacet
  facet normal 0 0 1
    outer loop
      vertex 22.6166 21.8052 6.25
      vertex 21.2731 22.4948 6.25
      vertex 21.1769 22.2572 6.25
    endloop
  endfacet
  facet normal 0 0 1
    outer loop
      vertex 22.6166 21.8052 6.25
      vertex 21.1769 22.2572 6.25
      vertex 22.4741 21.4985 6.25
    endloop
  endfacet
  facet normal 0 0 1
    outer loop
      vertex 22.4741 21.4985 6.25
      vertex 21.1769 22.2572 6.25
      vertex 21.0512 22.0339 6.25
    endloop
  endfacet
  facet normal 0 0 1
    outer loop
      vertex 22.4741 21.4985 6.25
      vertex 21.0512 22.0339 6.25
      vertex 22.3026 21.207 6.25
    endloop
  endfacet
  facet normal 0 0 1
    outer loop
      vertex 22.3026 21.207 6.25
      vertex 21.0512 22.0339 6.25
      vertex 22.1039 20.9334 6.25
    endloop
  endfacet
  facet normal 0 0 1
    outer loop
      vertex 22.1039 20.9334 6.25
      vertex 21.0512 22.0339 6.25
      vertex 20.8979 21.8285 6.25
    endloop
  endfacet
  facet normal 0 0 1
    outer loop
      vertex 22.1039 20.9334 6.25
      vertex 20.8979 21.8285 6.25
      vertex 21.8796 20.6802 6.25
    endloop
  endfacet
  facet normal 0 0 1
    outer loop
      vertex 21.8796 20.6802 6.25
      vertex 20.8979 21.8285 6.25
      vertex 20.7196 21.6444 6.25
    endloop
  endfacet
  facet normal 0 0 1
    outer loop
      vertex 21.8796 20.6802 6.25
      vertex 20.7196 21.6444 6.25
      vertex 21.6319 20.4499 6.25
    endloop
  endfacet
  facet normal 0 0 1
    outer loop
      vertex 21.6319 20.4499 6.25
      vertex 20.7196 21.6444 6.25
      vertex 20.5192 21.4847 6.25
    endloop
  endfacet
  facet normal 0 0 1
    outer loop
      vertex 21.6319 20.4499 6.25
      vertex 20.5192 21.4847 6.25
      vertex 21.3632 20.2446 6.25
    endloop
  endfacet
  facet normal 0 0 1
    outer loop
      vertex 21.3632 20.2446 6.25
      vertex 20.5192 21.4847 6.25
      vertex 21.0759 20.0661 6.25
    endloop
  endfacet
  facet normal 0 0 1
    outer loop
      vertex 21.0759 20.0661 6.25
      vertex 20.5192 21.4847 6.25
      vertex 20.3001 21.3518 6.25
    endloop
  endfacet
  facet normal 0 0 1
    outer loop
      vertex 21.0759 20.0661 6.25
      vertex 20.3001 21.3518 6.25
      vertex 20.7728 19.9162 6.25
    endloop
  endfacet
  facet normal 0 0 1
    outer loop
      vertex 20.7728 19.9162 6.25
      vertex 20.3001 21.3518 6.25
      vertex 20.0657 21.2481 6.25
    endloop
  endfacet
  facet normal 0 0 1
    outer loop
      vertex 20.7728 19.9162 6.25
      vertex 20.0657 21.2481 6.25
      vertex 20.4566 19.7963 6.25
    endloop
  endfacet
  facet normal 0 0 1
    outer loop
      vertex 20.4566 19.7963 6.25
      vertex 20.0657 21.2481 6.25
      vertex 19.82 21.1751 6.25
    endloop
  endfacet
  facet normal 0 0 1
    outer loop
      vertex 20.4566 19.7963 6.25
      vertex 19.82 21.1751 6.25
      vertex 20.1302 19.7075 6.25
    endloop
  endfacet
  facet normal 0 0 1
    outer loop
      vertex 20.1302 19.7075 6.25
      vertex 19.82 21.1751 6.25
      vertex 19.7969 19.6505 6.25
    endloop
  endfacet
  facet normal 0 -0 1
    outer loop
      vertex 19.7969 19.6505 6.25
      vertex 19.82 21.1751 6.25
      vertex 19.567 21.1342 6.25
    endloop
  endfacet
  facet normal 0 0 1
    outer loop
      vertex 19.7969 19.6505 6.25
      vertex 19.567 21.1342 6.25
      vertex 19.4596 19.626 6.25
    endloop
  endfacet
  facet normal 0 -0 1
    outer loop
      vertex 19.4596 19.626 6.25
      vertex 19.567 21.1342 6.25
      vertex 19.3109 21.126 6.25
    endloop
  endfacet
  facet normal 0 0 1
    outer loop
      vertex 19.4596 19.626 6.25
      vertex 19.3109 21.126 6.25
      vertex 19.1215 19.6342 6.25
    endloop
  endfacet
  facet normal 0 -0 1
    outer loop
      vertex 19.1215 19.6342 6.25
      vertex 19.3109 21.126 6.25
      vertex 19.0558 21.1506 6.25
    endloop
  endfacet
  facet normal 0 0 1
    outer loop
      vertex 19.1215 19.6342 6.25
      vertex 19.0558 21.1506 6.25
      vertex 18.7858 19.675 6.25
    endloop
  endfacet
  facet normal 0 -0 1
    outer loop
      vertex 18.7858 19.675 6.25
      vertex 19.0558 21.1506 6.25
      vertex 18.4555 19.7479 6.25
    endloop
  endfacet
  facet normal 0 0 1
    outer loop
      vertex 18.4555 19.7479 6.25
      vertex 19.0558 21.1506 6.25
      vertex 18.8059 21.2077 6.25
    endloop
  endfacet
  facet normal 0 -0 1
    outer loop
      vertex 18.4555 19.7479 6.25
      vertex 18.8059 21.2077 6.25
      vertex 18.1339 19.8524 6.25
    endloop
  endfacet
  facet normal 0 0 1
    outer loop
      vertex 18.1339 19.8524 6.25
      vertex 18.8059 21.2077 6.25
      vertex 18.5654 21.2962 6.25
    endloop
  endfacet
  facet normal 0 -0 1
    outer loop
      vertex 18.1339 19.8524 6.25
      vertex 18.5654 21.2962 6.25
      vertex 17.8238 19.9875 6.25
    endloop
  endfacet
  facet normal 0 0 1
    outer loop
      vertex 17.8238 19.9875 6.25
      vertex 18.5654 21.2962 6.25
      vertex 18.3382 21.4147 6.25
    endloop
  endfacet
  facet normal 0 -0 1
    outer loop
      vertex 17.8238 19.9875 6.25
      vertex 18.3382 21.4147 6.25
      vertex 17.5283 20.1519 6.25
    endloop
  endfacet
  facet normal 0 -0 1
    outer loop
      vertex 17.5283 20.1519 6.25
      vertex 18.3382 21.4147 6.25
      vertex 17.2499 20.344 6.25
    endloop
  endfacet
  facet normal 0 0 1
    outer loop
      vertex 17.2499 20.344 6.25
      vertex 18.3382 21.4147 6.25
      vertex 18.128 21.5613 6.25
    endloop
  endfacet
  facet normal 0 -0 1
    outer loop
      vertex 17.2499 20.344 6.25
      vertex 18.128 21.5613 6.25
      vertex 16.9914 20.5621 6.25
    endloop
  endfacet
  facet normal 0 0 1
    outer loop
      vertex 16.9914 20.5621 6.25
      vertex 18.128 21.5613 6.25
      vertex 17.9383 21.7336 6.25
    endloop
  endfacet
  facet normal 0 -0 1
    outer loop
      vertex 16.9914 20.5621 6.25
      vertex 17.9383 21.7336 6.25
      vertex 16.7552 20.8041 6.25
    endloop
  endfacet
  facet normal 0 0 1
    outer loop
      vertex 16.7552 20.8041 6.25
      vertex 17.9383 21.7336 6.25
      vertex 17.7722 21.9288 6.25
    endloop
  endfacet
  facet normal 0 -0 1
    outer loop
      vertex 16.7552 20.8041 6.25
      vertex 17.7722 21.9288 6.25
      vertex 16.5434 21.0678 6.25
    endloop
  endfacet
  facet normal 0 -0 1
    outer loop
      vertex 16.5434 21.0678 6.25
      vertex 17.7722 21.9288 6.25
      vertex 16.3581 21.3506 6.25
    endloop
  endfacet
  facet normal 0 0 1
    outer loop
      vertex 16.3581 21.3506 6.25
      vertex 17.7722 21.9288 6.25
      vertex 17.6324 22.1436 6.25
    endloop
  endfacet
  facet normal 0 -0 1
    outer loop
      vertex 16.3581 21.3506 6.25
      vertex 17.6324 22.1436 6.25
      vertex 16.2009 21.6501 6.25
    endloop
  endfacet
  facet normal 0 0 1
    outer loop
      vertex 16.2009 21.6501 6.25
      vertex 17.6324 22.1436 6.25
      vertex 17.5212 22.3745 6.25
    endloop
  endfacet
  facet normal 0 -0 1
    outer loop
      vertex 16.2009 21.6501 6.25
      vertex 17.5212 22.3745 6.25
      vertex 16.0734 21.9633 6.25
    endloop
  endfacet
  facet normal 0 0 1
    outer loop
      vertex 16.0734 21.9633 6.25
      vertex 17.5212 22.3745 6.25
      vertex 17.4404 22.6177 6.25
    endloop
  endfacet
  facet normal 0 -0 1
    outer loop
      vertex 16.0734 21.9633 6.25
      vertex 17.4404 22.6177 6.25
      vertex 15.9767 22.2874 6.25
    endloop
  endfacet
  facet normal 0 -0 1
    outer loop
      vertex 15.9767 22.2874 6.25
      vertex 17.4404 22.6177 6.25
      vertex 15.9117 22.6193 6.25
    endloop
  endfacet
  facet normal -0 0 1
    outer loop
      vertex 15.9117 22.6193 6.25
      vertex 17.4404 22.6177 6.25
      vertex 17.3914 22.8692 6.25
    endloop
  endfacet
  facet normal 0 -0 1
    outer loop
      vertex 15.9117 22.6193 6.25
      vertex 17.3914 22.8692 6.25
      vertex 15.8791 22.9559 6.25
    endloop
  endfacet
  facet normal -0 0 1
    outer loop
      vertex 15.8791 22.9559 6.25
      vertex 17.3914 22.8692 6.25
      vertex 17.375 23.125 6.25
    endloop
  endfacet
  facet normal 0 0 1
    outer loop
      vertex 15.8791 22.9559 6.25
      vertex 17.375 23.125 6.25
      vertex 15.8791 23.2941 6.25
    endloop
  endfacet
  facet normal -0 0 1
    outer loop
      vertex 15.8791 23.2941 6.25
      vertex 17.375 23.125 6.25
      vertex 17.3914 23.3808 6.25
    endloop
  endfacet
  facet normal 0 0 1
    outer loop
      vertex 15.8791 23.2941 6.25
      vertex 17.3914 23.3808 6.25
      vertex 15.9117 23.6307 6.25
    endloop
  endfacet
  facet normal -0 0 1
    outer loop
      vertex 15.9117 23.6307 6.25
      vertex 17.3914 23.3808 6.25
      vertex 17.4404 23.6323 6.25
    endloop
  endfacet
  facet normal 0 0 1
    outer loop
      vertex 15.9117 23.6307 6.25
      vertex 17.4404 23.6323 6.25
      vertex 15.9767 23.9626 6.25
    endloop
  endfacet
  facet normal -0 0 1
    outer loop
      vertex 15.9767 23.9626 6.25
      vertex 17.4404 23.6323 6.25
      vertex 16.0734 24.2867 6.25
    endloop
  endfacet
  facet normal 0 0 1
    outer loop
      vertex 16.0734 24.2867 6.25
      vertex 17.4404 23.6323 6.25
      vertex 17.5212 23.8755 6.25
    endloop
  endfacet
  facet normal -0 0 1
    outer loop
      vertex 16.0734 24.2867 6.25
      vertex 17.5212 23.8755 6.25
      vertex 16.2009 24.5999 6.25
    endloop
  endfacet
  facet normal 0 0 1
    outer loop
      vertex 16.2009 24.5999 6.25
      vertex 17.5212 23.8755 6.25
      vertex 17.6324 24.1064 6.25
    endloop
  endfacet
  facet normal -0 0 1
    outer loop
      vertex 16.2009 24.5999 6.25
      vertex 17.6324 24.1064 6.25
      vertex 16.3581 24.8994 6.25
    endloop
  endfacet
  facet normal 0 0 1
    outer loop
      vertex 16.3581 24.8994 6.25
      vertex 17.6324 24.1064 6.25
      vertex 17.7722 24.3212 6.25
    endloop
  endfacet
  facet normal -0 0 1
    outer loop
      vertex 16.3581 24.8994 6.25
      vertex 17.7722 24.3212 6.25
      vertex 16.5434 25.1822 6.25
    endloop
  endfacet
  facet normal -0 0 1
    outer loop
      vertex 16.5434 25.1822 6.25
      vertex 17.7722 24.3212 6.25
      vertex 16.7552 25.4459 6.25
    endloop
  endfacet
  facet normal 0 0 1
    outer loop
      vertex 16.7552 25.4459 6.25
      vertex 17.7722 24.3212 6.25
      vertex 17.9383 24.5164 6.25
    endloop
  endfacet
  facet normal -0 0 1
    outer loop
      vertex 16.7552 25.4459 6.25
      vertex 17.9383 24.5164 6.25
      vertex 16.9914 25.6879 6.25
    endloop
  endfacet
  facet normal 0 0 1
    outer loop
      vertex 16.9914 25.6879 6.25
      vertex 17.9383 24.5164 6.25
      vertex 18.128 24.6887 6.25
    endloop
  endfacet
  facet normal -0 0 1
    outer loop
      vertex 16.9914 25.6879 6.25
      vertex 18.128 24.6887 6.25
      vertex 17.2499 25.906 6.25
    endloop
  endfacet
  facet normal 0 0 1
    outer loop
      vertex 17.2499 25.906 6.25
      vertex 18.128 24.6887 6.25
      vertex 18.3382 24.8353 6.25
    endloop
  endfacet
  facet normal -0 0 1
    outer loop
      vertex 17.2499 25.906 6.25
      vertex 18.3382 24.8353 6.25
      vertex 17.5283 26.0981 6.25
    endloop
  endfacet
  facet normal -0 0 1
    outer loop
      vertex 17.5283 26.0981 6.25
      vertex 18.3382 24.8353 6.25
      vertex 17.8238 26.2625 6.25
    endloop
  endfacet
  facet normal 0 0 1
    outer loop
      vertex 17.8238 26.2625 6.25
      vertex 18.3382 24.8353 6.25
      vertex 18.5654 24.9538 6.25
    endloop
  endfacet
  facet normal -0 0 1
    outer loop
      vertex 17.8238 26.2625 6.25
      vertex 18.5654 24.9538 6.25
      vertex 18.1339 26.3976 6.25
    endloop
  endfacet
  facet normal 0 0 1
    outer loop
      vertex 18.1339 26.3976 6.25
      vertex 18.5654 24.9538 6.25
      vertex 18.8059 25.0423 6.25
    endloop
  endfacet
  facet normal -0 0 1
    outer loop
      vertex 18.1339 26.3976 6.25
      vertex 18.8059 25.0423 6.25
      vertex 18.4555 26.5021 6.25
    endloop
  endfacet
  facet normal 0 0 1
    outer loop
      vertex 18.4555 26.5021 6.25
      vertex 18.8059 25.0423 6.25
      vertex 19.0558 25.0994 6.25
    endloop
  endfacet
  facet normal -0 0 1
    outer loop
      vertex 18.4555 26.5021 6.25
      vertex 19.0558 25.0994 6.25
      vertex 18.7858 26.575 6.25
    endloop
  endfacet
  facet normal -0 0 1
    outer loop
      vertex 18.7858 26.575 6.25
      vertex 19.0558 25.0994 6.25
      vertex 19.1215 26.6158 6.25
    endloop
  endfacet
  facet normal 0 0 1
    outer loop
      vertex 19.1215 26.6158 6.25
      vertex 19.0558 25.0994 6.25
      vertex 19.3109 25.124 6.25
    endloop
  endfacet
  facet normal -0 0 1
    outer loop
      vertex 19.1215 26.6158 6.25
      vertex 19.3109 25.124 6.25
      vertex 19.4596 26.624 6.25
    endloop
  endfacet
  facet normal 0 0 1
    outer loop
      vertex 19.4596 26.624 6.25
      vertex 19.3109 25.124 6.25
      vertex 19.567 25.1158 6.25
    endloop
  endfacet
  facet normal 0 0 1
    outer loop
      vertex 19.4596 26.624 6.25
      vertex 19.567 25.1158 6.25
      vertex 19.7969 26.5995 6.25
    endloop
  endfacet
  facet normal 0 0 1
    outer loop
      vertex 19.7969 26.5995 6.25
      vertex 19.567 25.1158 6.25
      vertex 19.82 25.0749 6.25
    endloop
  endfacet
  facet normal 0 0 1
    outer loop
      vertex 19.7969 26.5995 6.25
      vertex 19.82 25.0749 6.25
      vertex 20.1302 26.5425 6.25
    endloop
  endfacet
  facet normal 0 0 1
    outer loop
      vertex 20.1302 26.5425 6.25
      vertex 19.82 25.0749 6.25
      vertex 20.4566 26.4537 6.25
    endloop
  endfacet
  facet normal 0 0 1
    outer loop
      vertex 20.4566 26.4537 6.25
      vertex 19.82 25.0749 6.25
      vertex 20.0657 25.0019 6.25
    endloop
  endfacet
  facet normal 0 0 1
    outer loop
      vertex 20.4566 26.4537 6.25
      vertex 20.0657 25.0019 6.25
      vertex 20.7728 26.3338 6.25
    endloop
  endfacet
  facet normal 0 0 1
    outer loop
      vertex 20.7728 26.3338 6.25
      vertex 20.0657 25.0019 6.25
      vertex 20.3001 24.8982 6.25
    endloop
  endfacet
  facet normal 0 0 1
    outer loop
      vertex 20.7728 26.3338 6.25
      vertex 20.3001 24.8982 6.25
      vertex 21.0759 26.1839 6.25
    endloop
  endfacet
  facet normal 0 0 1
    outer loop
      vertex 21.0759 26.1839 6.25
      vertex 20.3001 24.8982 6.25
      vertex 20.5192 24.7653 6.25
    endloop
  endfacet
  facet normal 0 0 1
    outer loop
      vertex 21.0759 26.1839 6.25
      vertex 20.5192 24.7653 6.25
      vertex 21.3632 26.0054 6.25
    endloop
  endfacet
  facet normal 0 0 1
    outer loop
      vertex 21.3632 26.0054 6.25
      vertex 20.5192 24.7653 6.25
      vertex 21.6319 25.8001 6.25
    endloop
  endfacet
  facet normal 0 0 1
    outer loop
      vertex 21.6319 25.8001 6.25
      vertex 20.5192 24.7653 6.25
      vertex 20.7196 24.6056 6.25
    endloop
  endfacet
  facet normal 0 0 1
    outer loop
      vertex 21.6319 25.8001 6.25
      vertex 20.7196 24.6056 6.25
      vertex 21.8796 25.5698 6.25
    endloop
  endfacet
  facet normal 0 0 1
    outer loop
      vertex 21.8796 25.5698 6.25
      vertex 20.7196 24.6056 6.25
      vertex 20.8979 24.4215 6.25
    endloop
  endfacet
  facet normal 0 0 1
    outer loop
      vertex 21.8796 25.5698 6.25
      vertex 20.8979 24.4215 6.25
      vertex 22.1039 25.3166 6.25
    endloop
  endfacet
  facet normal 0 0 1
    outer loop
      vertex 22.1039 25.3166 6.25
      vertex 20.8979 24.4215 6.25
      vertex 21.0512 24.2161 6.25
    endloop
  endfacet
  facet normal 0 0 1
    outer loop
      vertex 22.1039 25.3166 6.25
      vertex 21.0512 24.2161 6.25
      vertex 22.3026 25.043 6.25
    endloop
  endfacet
  facet normal 0 0 1
    outer loop
      vertex 22.3026 25.043 6.25
      vertex 21.0512 24.2161 6.25
      vertex 22.4741 24.7515 6.25
    endloop
  endfacet
  facet normal 0 0 1
    outer loop
      vertex 22.4741 24.7515 6.25
      vertex 21.0512 24.2161 6.25
      vertex 21.1769 23.9928 6.25
    endloop
  endfacet
  facet normal 0 0 1
    outer loop
      vertex 22.4741 24.7515 6.25
      vertex 21.1769 23.9928 6.25
      vertex 22.6166 24.4448 6.25
    endloop
  endfacet
  facet normal 0 0 1
    outer loop
      vertex 22.6166 24.4448 6.25
      vertex 21.1769 23.9928 6.25
      vertex 21.2731 23.7552 6.25
    endloop
  endfacet
  facet normal 0 0 1
    outer loop
      vertex 22.6166 24.4448 6.25
      vertex 21.2731 23.7552 6.25
      vertex 22.7289 24.1258 6.25
    endloop
  endfacet
  facet normal 0 0 1
    outer loop
      vertex 22.7289 24.1258 6.25
      vertex 21.2731 23.7552 6.25
      vertex 21.3381 23.5073 6.25
    endloop
  endfacet
  facet normal 0 0 1
    outer loop
      vertex 22.7289 24.1258 6.25
      vertex 21.3381 23.5073 6.25
      vertex 22.8098 23.7974 6.25
    endloop
  endfacet
  facet normal 0 0 1
    outer loop
      vertex 22.8098 23.7974 6.25
      vertex 21.3381 23.5073 6.25
      vertex 22.8587 23.4628 6.25
    endloop
  endfacet
  facet normal 0 0 1
    outer loop
      vertex 22.8587 23.4628 6.25
      vertex 21.3381 23.5073 6.25
      vertex 21.3709 23.2531 6.25
    endloop
  endfacet
  facet normal 0 0 1
    outer loop
      vertex -15.8913 -15.2872 6.25
      vertex -17.3791 -15.4969 6.25
      vertex -15.875 -15.625 6.25
    endloop
  endfacet
  facet normal 0 0 1
    outer loop
      vertex -15.875 -15.625 6.25
      vertex -17.3791 -15.4969 6.25
      vertex -17.3791 -15.7531 6.25
    endloop
  endfacet
  facet normal 0 0 1
    outer loop
      vertex -15.875 -15.625 6.25
      vertex -17.3791 -15.7531 6.25
      vertex -15.8913 -15.9628 6.25
    endloop
  endfacet
  facet normal 0 0 1
    outer loop
      vertex -15.8913 -15.9628 6.25
      vertex -17.3791 -15.7531 6.25
      vertex -17.4119 -16.0073 6.25
    endloop
  endfacet
  facet normal 0 0 1
    outer loop
      vertex -15.8913 -15.9628 6.25
      vertex -17.4119 -16.0073 6.25
      vertex -15.9402 -16.2974 6.25
    endloop
  endfacet
  facet normal 0 0 1
    outer loop
      vertex -15.9402 -16.2974 6.25
      vertex -17.4119 -16.0073 6.25
      vertex -16.0211 -16.6258 6.25
    endloop
  endfacet
  facet normal 0 0 1
    outer loop
      vertex -16.0211 -16.6258 6.25
      vertex -17.4119 -16.0073 6.25
      vertex -17.4769 -16.2552 6.25
    endloop
  endfacet
  facet normal 0 0 1
    outer loop
      vertex -16.0211 -16.6258 6.25
      vertex -17.4769 -16.2552 6.25
      vertex -16.1334 -16.9448 6.25
    endloop
  endfacet
  facet normal 0 0 1
    outer loop
      vertex -16.1334 -16.9448 6.25
      vertex -17.4769 -16.2552 6.25
      vertex -17.5731 -16.4928 6.25
    endloop
  endfacet
  facet normal 0 0 1
    outer loop
      vertex -16.1334 -16.9448 6.25
      vertex -17.5731 -16.4928 6.25
      vertex -16.2759 -17.2515 6.25
    endloop
  endfacet
  facet normal 0 0 1
    outer loop
      vertex -16.2759 -17.2515 6.25
      vertex -17.5731 -16.4928 6.25
      vertex -17.6988 -16.7161 6.25
    endloop
  endfacet
  facet normal 0 0 1
    outer loop
      vertex -16.2759 -17.2515 6.25
      vertex -17.6988 -16.7161 6.25
      vertex -16.4474 -17.543 6.25
    endloop
  endfacet
  facet normal 0 0 1
    outer loop
      vertex -16.4474 -17.543 6.25
      vertex -17.6988 -16.7161 6.25
      vertex -16.6461 -17.8166 6.25
    endloop
  endfacet
  facet normal 0 0 1
    outer loop
      vertex -16.6461 -17.8166 6.25
      vertex -17.6988 -16.7161 6.25
      vertex -17.8521 -16.9215 6.25
    endloop
  endfacet
  facet normal 0 0 1
    outer loop
      vertex -16.6461 -17.8166 6.25
      vertex -17.8521 -16.9215 6.25
      vertex -16.8704 -18.0698 6.25
    endloop
  endfacet
  facet normal 0 0 1
    outer loop
      vertex -16.8704 -18.0698 6.25
      vertex -17.8521 -16.9215 6.25
      vertex -18.0304 -17.1056 6.25
    endloop
  endfacet
  facet normal 0 0 1
    outer loop
      vertex -16.8704 -18.0698 6.25
      vertex -18.0304 -17.1056 6.25
      vertex -17.1181 -18.3001 6.25
    endloop
  endfacet
  facet normal 0 0 1
    outer loop
      vertex -17.1181 -18.3001 6.25
      vertex -18.0304 -17.1056 6.25
      vertex -18.2308 -17.2653 6.25
    endloop
  endfacet
  facet normal 0 0 1
    outer loop
      vertex -17.1181 -18.3001 6.25
      vertex -18.2308 -17.2653 6.25
      vertex -17.3868 -18.5054 6.25
    endloop
  endfacet
  facet normal 0 0 1
    outer loop
      vertex -17.3868 -18.5054 6.25
      vertex -18.2308 -17.2653 6.25
      vertex -17.6741 -18.6839 6.25
    endloop
  endfacet
  facet normal 0 0 1
    outer loop
      vertex -17.6741 -18.6839 6.25
      vertex -18.2308 -17.2653 6.25
      vertex -18.4499 -17.3982 6.25
    endloop
  endfacet
  facet normal 0 0 1
    outer loop
      vertex -17.6741 -18.6839 6.25
      vertex -18.4499 -17.3982 6.25
      vertex -17.9772 -18.8338 6.25
    endloop
  endfacet
  facet normal 0 0 1
    outer loop
      vertex -17.9772 -18.8338 6.25
      vertex -18.4499 -17.3982 6.25
      vertex -18.6843 -17.5019 6.25
    endloop
  endfacet
  facet normal 0 0 1
    outer loop
      vertex -17.9772 -18.8338 6.25
      vertex -18.6843 -17.5019 6.25
      vertex -18.2934 -18.9537 6.25
    endloop
  endfacet
  facet normal 0 0 1
    outer loop
      vertex -18.2934 -18.9537 6.25
      vertex -18.6843 -17.5019 6.25
      vertex -18.93 -17.5749 6.25
    endloop
  endfacet
  facet normal 0 0 1
    outer loop
      vertex -18.2934 -18.9537 6.25
      vertex -18.93 -17.5749 6.25
      vertex -18.6198 -19.0425 6.25
    endloop
  endfacet
  facet normal 0 0 1
    outer loop
      vertex -18.6198 -19.0425 6.25
      vertex -18.93 -17.5749 6.25
      vertex -18.9531 -19.0995 6.25
    endloop
  endfacet
  facet normal 0 -0 1
    outer loop
      vertex -18.9531 -19.0995 6.25
      vertex -18.93 -17.5749 6.25
      vertex -19.183 -17.6158 6.25
    endloop
  endfacet
  facet normal 0 0 1
    outer loop
      vertex -18.9531 -19.0995 6.25
      vertex -19.183 -17.6158 6.25
      vertex -19.2904 -19.124 6.25
    endloop
  endfacet
  facet normal 0 -0 1
    outer loop
      vertex -19.2904 -19.124 6.25
      vertex -19.183 -17.6158 6.25
      vertex -19.4391 -17.624 6.25
    endloop
  endfacet
  facet normal 0 0 1
    outer loop
      vertex -19.2904 -19.124 6.25
      vertex -19.4391 -17.624 6.25
      vertex -19.6285 -19.1158 6.25
    endloop
  endfacet
  facet normal 0 -0 1
    outer loop
      vertex -19.6285 -19.1158 6.25
      vertex -19.4391 -17.624 6.25
      vertex -19.6942 -17.5994 6.25
    endloop
  endfacet
  facet normal 0 0 1
    outer loop
      vertex -19.6285 -19.1158 6.25
      vertex -19.6942 -17.5994 6.25
      vertex -19.9642 -19.075 6.25
    endloop
  endfacet
  facet normal 0 -0 1
    outer loop
      vertex -19.9642 -19.075 6.25
      vertex -19.6942 -17.5994 6.25
      vertex -20.2945 -19.0021 6.25
    endloop
  endfacet
  facet normal 0 0 1
    outer loop
      vertex -20.2945 -19.0021 6.25
      vertex -19.6942 -17.5994 6.25
      vertex -19.9441 -17.5423 6.25
    endloop
  endfacet
  facet normal 0 -0 1
    outer loop
      vertex -20.2945 -19.0021 6.25
      vertex -19.9441 -17.5423 6.25
      vertex -20.6161 -18.8976 6.25
    endloop
  endfacet
  facet normal 0 0 1
    outer loop
      vertex -20.6161 -18.8976 6.25
      vertex -19.9441 -17.5423 6.25
      vertex -20.1846 -17.4538 6.25
    endloop
  endfacet
  facet normal 0 -0 1
    outer loop
      vertex -20.6161 -18.8976 6.25
      vertex -20.1846 -17.4538 6.25
      vertex -20.9262 -18.7625 6.25
    endloop
  endfacet
  facet normal 0 0 1
    outer loop
      vertex -20.9262 -18.7625 6.25
      vertex -20.1846 -17.4538 6.25
      vertex -20.4118 -17.3353 6.25
    endloop
  endfacet
  facet normal 0 -0 1
    outer loop
      vertex -20.9262 -18.7625 6.25
      vertex -20.4118 -17.3353 6.25
      vertex -21.2217 -18.5981 6.25
    endloop
  endfacet
  facet normal 0 -0 1
    outer loop
      vertex -21.2217 -18.5981 6.25
      vertex -20.4118 -17.3353 6.25
      vertex -21.5001 -18.406 6.25
    endloop
  endfacet
  facet normal 0 0 1
    outer loop
      vertex -21.5001 -18.406 6.25
      vertex -20.4118 -17.3353 6.25
      vertex -20.622 -17.1887 6.25
    endloop
  endfacet
  facet normal 0 -0 1
    outer loop
      vertex -21.5001 -18.406 6.25
      vertex -20.622 -17.1887 6.25
      vertex -21.7586 -18.1879 6.25
    endloop
  endfacet
  facet normal 0 0 1
    outer loop
      vertex -21.7586 -18.1879 6.25
      vertex -20.622 -17.1887 6.25
      vertex -20.8117 -17.0164 6.25
    endloop
  endfacet
  facet normal 0 -0 1
    outer loop
      vertex -21.7586 -18.1879 6.25
      vertex -20.8117 -17.0164 6.25
      vertex -21.9948 -17.9459 6.25
    endloop
  endfacet
  facet normal 0 0 1
    outer loop
      vertex -21.9948 -17.9459 6.25
      vertex -20.8117 -17.0164 6.25
      vertex -20.9778 -16.8212 6.25
    endloop
  endfacet
  facet normal 0 -0 1
    outer loop
      vertex -21.9948 -17.9459 6.25
      vertex -20.9778 -16.8212 6.25
      vertex -22.2066 -17.6822 6.25
    endloop
  endfacet
  facet normal 0 -0 1
    outer loop
      vertex -22.2066 -17.6822 6.25
      vertex -20.9778 -16.8212 6.25
      vertex -22.3919 -17.3994 6.25
    endloop
  endfacet
  facet normal 0 0 1
    outer loop
      vertex -22.3919 -17.3994 6.25
      vertex -20.9778 -16.8212 6.25
      vertex -21.1176 -16.6064 6.25
    endloop
  endfacet
  facet normal 0 -0 1
    outer loop
      vertex -22.3919 -17.3994 6.25
      vertex -21.1176 -16.6064 6.25
      vertex -22.5491 -17.0999 6.25
    endloop
  endfacet
  facet normal 0 0 1
    outer loop
      vertex -22.5491 -17.0999 6.25
      vertex -21.1176 -16.6064 6.25
      vertex -21.2288 -16.3755 6.25
    endloop
  endfacet
  facet normal 0 -0 1
    outer loop
      vertex -22.5491 -17.0999 6.25
      vertex -21.2288 -16.3755 6.25
      vertex -22.6766 -16.7867 6.25
    endloop
  endfacet
  facet normal 0 0 1
    outer loop
      vertex -22.6766 -16.7867 6.25
      vertex -21.2288 -16.3755 6.25
      vertex -21.3096 -16.1323 6.25
    endloop
  endfacet
  facet normal 0 -0 1
    outer loop
      vertex -22.6766 -16.7867 6.25
      vertex -21.3096 -16.1323 6.25
      vertex -22.7733 -16.4626 6.25
    endloop
  endfacet
  facet normal 0 -0 1
    outer loop
      vertex -22.7733 -16.4626 6.25
      vertex -21.3096 -16.1323 6.25
      vertex -22.8383 -16.1307 6.25
    endloop
  endfacet
  facet normal -0 0 1
    outer loop
      vertex -22.8383 -16.1307 6.25
      vertex -21.3096 -16.1323 6.25
      vertex -21.3586 -15.8808 6.25
    endloop
  endfacet
  facet normal 0 -0 1
    outer loop
      vertex -22.8383 -16.1307 6.25
      vertex -21.3586 -15.8808 6.25
      vertex -22.8709 -15.7941 6.25
    endloop
  endfacet
  facet normal -0 0 1
    outer loop
      vertex -22.8709 -15.7941 6.25
      vertex -21.3586 -15.8808 6.25
      vertex -21.375 -15.625 6.25
    endloop
  endfacet
  facet normal 0 0 1
    outer loop
      vertex -22.8709 -15.7941 6.25
      vertex -21.375 -15.625 6.25
      vertex -22.8709 -15.4559 6.25
    endloop
  endfacet
  facet normal -0 0 1
    outer loop
      vertex -22.8709 -15.4559 6.25
      vertex -21.375 -15.625 6.25
      vertex -21.3586 -15.3692 6.25
    endloop
  endfacet
  facet normal 0 0 1
    outer loop
      vertex -22.8709 -15.4559 6.25
      vertex -21.3586 -15.3692 6.25
      vertex -22.8383 -15.1193 6.25
    endloop
  endfacet
  facet normal -0 0 1
    outer loop
      vertex -22.8383 -15.1193 6.25
      vertex -21.3586 -15.3692 6.25
      vertex -21.3096 -15.1177 6.25
    endloop
  endfacet
  facet normal 0 0 1
    outer loop
      vertex -22.8383 -15.1193 6.25
      vertex -21.3096 -15.1177 6.25
      vertex -22.7733 -14.7874 6.25
    endloop
  endfacet
  facet normal -0 0 1
    outer loop
      vertex -22.7733 -14.7874 6.25
      vertex -21.3096 -15.1177 6.25
      vertex -22.6766 -14.4633 6.25
    endloop
  endfacet
  facet normal 0 0 1
    outer loop
      vertex -22.6766 -14.4633 6.25
      vertex -21.3096 -15.1177 6.25
      vertex -21.2288 -14.8745 6.25
    endloop
  endfacet
  facet normal -0 0 1
    outer loop
      vertex -22.6766 -14.4633 6.25
      vertex -21.2288 -14.8745 6.25
      vertex -22.5491 -14.1501 6.25
    endloop
  endfacet
  facet normal 0 0 1
    outer loop
      vertex -22.5491 -14.1501 6.25
      vertex -21.2288 -14.8745 6.25
      vertex -21.1176 -14.6436 6.25
    endloop
  endfacet
  facet normal -0 0 1
    outer loop
      vertex -22.5491 -14.1501 6.25
      vertex -21.1176 -14.6436 6.25
      vertex -22.3919 -13.8506 6.25
    endloop
  endfacet
  facet normal 0 0 1
    outer loop
      vertex -22.3919 -13.8506 6.25
      vertex -21.1176 -14.6436 6.25
      vertex -20.9778 -14.4288 6.25
    endloop
  endfacet
  facet normal -0 0 1
    outer loop
      vertex -22.3919 -13.8506 6.25
      vertex -20.9778 -14.4288 6.25
      vertex -22.2066 -13.5678 6.25
    endloop
  endfacet
  facet normal -0 0 1
    outer loop
      vertex -22.2066 -13.5678 6.25
      vertex -20.9778 -14.4288 6.25
      vertex -21.9948 -13.3041 6.25
    endloop
  endfacet
  facet normal 0 0 1
    outer loop
      vertex -21.9948 -13.3041 6.25
      vertex -20.9778 -14.4288 6.25
      vertex -20.8117 -14.2336 6.25
    endloop
  endfacet
  facet normal -0 0 1
    outer loop
      vertex -21.9948 -13.3041 6.25
      vertex -20.8117 -14.2336 6.25
      vertex -21.7586 -13.0621 6.25
    endloop
  endfacet
  facet normal 0 0 1
    outer loop
      vertex -21.7586 -13.0621 6.25
      vertex -20.8117 -14.2336 6.25
      vertex -20.622 -14.0613 6.25
    endloop
  endfacet
  facet normal -0 0 1
    outer loop
      vertex -21.7586 -13.0621 6.25
      vertex -20.622 -14.0613 6.25
      vertex -21.5001 -12.844 6.25
    endloop
  endfacet
  facet normal 0 0 1
    outer loop
      vertex -21.5001 -12.844 6.25
      vertex -20.622 -14.0613 6.25
      vertex -20.4118 -13.9147 6.25
    endloop
  endfacet
  facet normal -0 0 1
    outer loop
      vertex -21.5001 -12.844 6.25
      vertex -20.4118 -13.9147 6.25
      vertex -21.2217 -12.6519 6.25
    endloop
  endfacet
  facet normal -0 0 1
    outer loop
      vertex -21.2217 -12.6519 6.25
      vertex -20.4118 -13.9147 6.25
      vertex -20.9262 -12.4875 6.25
    endloop
  endfacet
  facet normal 0 0 1
    outer loop
      vertex -20.9262 -12.4875 6.25
      vertex -20.4118 -13.9147 6.25
      vertex -20.1846 -13.7962 6.25
    endloop
  endfacet
  facet normal -0 0 1
    outer loop
      vertex -20.9262 -12.4875 6.25
      vertex -20.1846 -13.7962 6.25
      vertex -20.6161 -12.3524 6.25
    endloop
  endfacet
  facet normal 0 0 1
    outer loop
      vertex -20.6161 -12.3524 6.25
      vertex -20.1846 -13.7962 6.25
      vertex -19.9441 -13.7077 6.25
    endloop
  endfacet
  facet normal -0 0 1
    outer loop
      vertex -20.6161 -12.3524 6.25
      vertex -19.9441 -13.7077 6.25
      vertex -20.2945 -12.2479 6.25
    endloop
  endfacet
  facet normal 0 0 1
    outer loop
      vertex -20.2945 -12.2479 6.25
      vertex -19.9441 -13.7077 6.25
      vertex -19.6942 -13.6506 6.25
    endloop
  endfacet
  facet normal -0 0 1
    outer loop
      vertex -20.2945 -12.2479 6.25
      vertex -19.6942 -13.6506 6.25
      vertex -19.9642 -12.175 6.25
    endloop
  endfacet
  facet normal -0 0 1
    outer loop
      vertex -19.9642 -12.175 6.25
      vertex -19.6942 -13.6506 6.25
      vertex -19.6285 -12.1342 6.25
    endloop
  endfacet
  facet normal 0 0 1
    outer loop
      vertex -19.6285 -12.1342 6.25
      vertex -19.6942 -13.6506 6.25
      vertex -19.4391 -13.626 6.25
    endloop
  endfacet
  facet normal -0 0 1
    outer loop
      vertex -19.6285 -12.1342 6.25
      vertex -19.4391 -13.626 6.25
      vertex -19.2904 -12.126 6.25
    endloop
  endfacet
  facet normal 0 0 1
    outer loop
      vertex -19.2904 -12.126 6.25
      vertex -19.4391 -13.626 6.25
      vertex -19.183 -13.6342 6.25
    endloop
  endfacet
  facet normal 0 0 1
    outer loop
      vertex -19.2904 -12.126 6.25
      vertex -19.183 -13.6342 6.25
      vertex -18.9531 -12.1505 6.25
    endloop
  endfacet
  facet normal 0 0 1
    outer loop
      vertex -18.9531 -12.1505 6.25
      vertex -19.183 -13.6342 6.25
      vertex -18.93 -13.6751 6.25
    endloop
  endfacet
  facet normal 0 0 1
    outer loop
      vertex -18.9531 -12.1505 6.25
      vertex -18.93 -13.6751 6.25
      vertex -18.6198 -12.2075 6.25
    endloop
  endfacet
  facet normal 0 0 1
    outer loop
      vertex -18.6198 -12.2075 6.25
      vertex -18.93 -13.6751 6.25
      vertex -18.2934 -12.2963 6.25
    endloop
  endfacet
  facet normal 0 0 1
    outer loop
      vertex -18.2934 -12.2963 6.25
      vertex -18.93 -13.6751 6.25
      vertex -18.6843 -13.7481 6.25
    endloop
  endfacet
  facet normal 0 0 1
    outer loop
      vertex -18.2934 -12.2963 6.25
      vertex -18.6843 -13.7481 6.25
      vertex -17.9772 -12.4162 6.25
    endloop
  endfacet
  facet normal 0 0 1
    outer loop
      vertex -17.9772 -12.4162 6.25
      vertex -18.6843 -13.7481 6.25
      vertex -18.4499 -13.8518 6.25
    endloop
  endfacet
  facet normal 0 0 1
    outer loop
      vertex -17.9772 -12.4162 6.25
      vertex -18.4499 -13.8518 6.25
      vertex -17.6741 -12.5661 6.25
    endloop
  endfacet
  facet normal 0 0 1
    outer loop
      vertex -17.6741 -12.5661 6.25
      vertex -18.4499 -13.8518 6.25
      vertex -18.2308 -13.9847 6.25
    endloop
  endfacet
  facet normal 0 0 1
    outer loop
      vertex -17.6741 -12.5661 6.25
      vertex -18.2308 -13.9847 6.25
      vertex -17.3868 -12.7446 6.25
    endloop
  endfacet
  facet normal 0 0 1
    outer loop
      vertex -17.3868 -12.7446 6.25
      vertex -18.2308 -13.9847 6.25
      vertex -17.1181 -12.9499 6.25
    endloop
  endfacet
  facet normal 0 0 1
    outer loop
      vertex -17.1181 -12.9499 6.25
      vertex -18.2308 -13.9847 6.25
      vertex -18.0304 -14.1444 6.25
    endloop
  endfacet
  facet normal 0 0 1
    outer loop
      vertex -17.1181 -12.9499 6.25
      vertex -18.0304 -14.1444 6.25
      vertex -16.8704 -13.1802 6.25
    endloop
  endfacet
  facet normal 0 0 1
    outer loop
      vertex -16.8704 -13.1802 6.25
      vertex -18.0304 -14.1444 6.25
      vertex -17.8521 -14.3285 6.25
    endloop
  endfacet
  facet normal 0 0 1
    outer loop
      vertex -16.8704 -13.1802 6.25
      vertex -17.8521 -14.3285 6.25
      vertex -16.6461 -13.4334 6.25
    endloop
  endfacet
  facet normal 0 0 1
    outer loop
      vertex -16.6461 -13.4334 6.25
      vertex -17.8521 -14.3285 6.25
      vertex -17.6988 -14.5339 6.25
    endloop
  endfacet
  facet normal 0 0 1
    outer loop
      vertex -16.6461 -13.4334 6.25
      vertex -17.6988 -14.5339 6.25
      vertex -16.4474 -13.707 6.25
    endloop
  endfacet
  facet normal 0 0 1
    outer loop
      vertex -16.4474 -13.707 6.25
      vertex -17.6988 -14.5339 6.25
      vertex -16.2759 -13.9985 6.25
    endloop
  endfacet
  facet normal 0 0 1
    outer loop
      vertex -16.2759 -13.9985 6.25
      vertex -17.6988 -14.5339 6.25
      vertex -17.5731 -14.7572 6.25
    endloop
  endfacet
  facet normal 0 0 1
    outer loop
      vertex -16.2759 -13.9985 6.25
      vertex -17.5731 -14.7572 6.25
      vertex -16.1334 -14.3052 6.25
    endloop
  endfacet
  facet normal 0 0 1
    outer loop
      vertex -16.1334 -14.3052 6.25
      vertex -17.5731 -14.7572 6.25
      vertex -17.4769 -14.9948 6.25
    endloop
  endfacet
  facet normal 0 0 1
    outer loop
      vertex -16.1334 -14.3052 6.25
      vertex -17.4769 -14.9948 6.25
      vertex -16.0211 -14.6242 6.25
    endloop
  endfacet
  facet normal 0 0 1
    outer loop
      vertex -16.0211 -14.6242 6.25
      vertex -17.4769 -14.9948 6.25
      vertex -17.4119 -15.2427 6.25
    endloop
  endfacet
  facet normal 0 0 1
    outer loop
      vertex -16.0211 -14.6242 6.25
      vertex -17.4119 -15.2427 6.25
      vertex -15.9402 -14.9526 6.25
    endloop
  endfacet
  facet normal 0 0 1
    outer loop
      vertex -15.9402 -14.9526 6.25
      vertex -17.4119 -15.2427 6.25
      vertex -15.8913 -15.2872 6.25
    endloop
  endfacet
  facet normal 0 0 1
    outer loop
      vertex -15.8913 -15.2872 6.25
      vertex -17.4119 -15.2427 6.25
      vertex -17.3791 -15.4969 6.25
    endloop
  endfacet
  facet normal -0.707107 -0.707107 -0
    outer loop
      vertex -26.25 -16.25 10
      vertex -26.25 -16.25 0
      vertex -21.1875 -21.3125 10
    endloop
  endfacet
  facet normal -0.707107 -0.707107 0
    outer loop
      vertex -21.1875 -21.3125 10
      vertex -26.25 -16.25 0
      vertex -12.5 -30 0
    endloop
  endfacet
  facet normal -0.707107 -0.707107 0
    outer loop
      vertex -21.1875 -21.3125 10
      vertex -12.5 -30 0
      vertex -21.0085 -21.4915 10.179
    endloop
  endfacet
  facet normal -0.707107 -0.707107 -7.82938e-18
    outer loop
      vertex -21.0085 -21.4915 10.179
      vertex -12.5 -30 0
      vertex -12.5 -30 13.2781
    endloop
  endfacet
  facet normal 0 -1 0
    outer loop
      vertex -12.5 -30 0
      vertex 25.75 -30 0
      vertex -12.5 -30 13.2781
    endloop
  endfacet
  facet normal 0 -1 0
    outer loop
      vertex -12.5 -30 13.2781
      vertex 25.75 -30 0
      vertex 26.25 -30 0.5
    endloop
  endfacet
  facet normal 0 -1 0
    outer loop
      vertex -12.5 -30 13.2781
      vertex 26.25 -30 0.5
      vertex 16.25 -30 23.75
    endloop
  endfacet
  facet normal 0 -1 0
    outer loop
      vertex 16.25 -30 23.75
      vertex 26.25 -30 0.5
      vertex 26.25 -30 23.75
    endloop
  endfacet
  facet normal 0 0 1
    outer loop
      vertex 16.25 -30 23.75
      vertex 26.25 -30 23.75
      vertex 16.25 -23.5 23.75
    endloop
  endfacet
  facet normal -0 0 1
    outer loop
      vertex 16.25 -23.5 23.75
      vertex 26.25 -30 23.75
      vertex 26.25 8.75 23.75
    endloop
  endfacet
  facet normal 0 0 1
    outer loop
      vertex 16.25 -23.5 23.75
      vertex 26.25 8.75 23.75
      vertex 16.25 8.75 23.75
    endloop
  endfacet
  facet normal 0 1 0
    outer loop
      vertex 26.25 15 17.5
      vertex 26.25 15 12.1875
      vertex 16.25 15 17.5
    endloop
  endfacet
  facet normal 0 1 0
    outer loop
      vertex 16.25 15 17.5
      vertex 26.25 15 12.1875
      vertex 16.25 15 12.1875
    endloop
  endfacet
  facet normal -1 0 0
    outer loop
      vertex 16.25 15 12.1875
      vertex 16.25 11 14.2293
      vertex 16.25 15 17.5
    endloop
  endfacet
  facet normal -1 -0 0
    outer loop
      vertex 16.25 15 17.5
      vertex 16.25 11 14.2293
      vertex 16.25 11 18.2707
    endloop
  endfacet
  facet normal -1 0 0
    outer loop
      vertex 16.25 15 17.5
      vertex 16.25 11 18.2707
      vertex 16.25 8.75 23.75
    endloop
  endfacet
  facet normal -1 0 -0
    outer loop
      vertex 16.25 8.75 23.75
      vertex 16.25 11 18.2707
      vertex 16.25 7.5 20.2915
    endloop
  endfacet
  facet normal -1 0 0
    outer loop
      vertex 16.25 8.75 23.75
      vertex 16.25 7.5 20.2915
      vertex 16.25 -20 20.2915
    endloop
  endfacet
  facet normal -1 0 0
    outer loop
      vertex 16.25 -20 20.2915
      vertex 16.25 7.5 20.2915
      vertex 16.25 -16.5 18.2707
    endloop
  endfacet
  facet normal -1 0 0
    outer loop
      vertex 16.25 -16.5 18.2707
      vertex 16.25 7.5 20.2915
      vertex 16.25 4 18.2707
    endloop
  endfacet
  facet normal -1 0 0
    outer loop
      vertex 16.25 -16.5 18.2707
      vertex 16.25 4 18.2707
      vertex 16.25 4 14.2293
    endloop
  endfacet
  facet normal -1 0 -0
    outer loop
      vertex 16.25 11 14.2293
      vertex 16.25 15 12.1875
      vertex 16.25 7.5 12.2085
    endloop
  endfacet
  facet normal -1 0 -0
    outer loop
      vertex 16.25 7.5 12.2085
      vertex 16.25 15 12.1875
      vertex 16.25 -23.5 12.1875
    endloop
  endfacet
  facet normal -1 -0 0
    outer loop
      vertex 16.25 7.5 12.2085
      vertex 16.25 -23.5 12.1875
      vertex 16.25 -20 12.2085
    endloop
  endfacet
  facet normal -1 -0 0
    outer loop
      vertex 16.25 -20 12.2085
      vertex 16.25 -23.5 12.1875
      vertex 16.25 -23.5 14.2293
    endloop
  endfacet
  facet normal -1 0 0
    outer loop
      vertex 16.25 7.5 12.2085
      vertex 16.25 -20 12.2085
      vertex 16.25 4 14.2293
    endloop
  endfacet
  facet normal -1 -0 0
    outer loop
      vertex 16.25 4 14.2293
      vertex 16.25 -20 12.2085
      vertex 16.25 -16.5 14.2293
    endloop
  endfacet
  facet normal -1 0 0
    outer loop
      vertex 16.25 4 14.2293
      vertex 16.25 -16.5 14.2293
      vertex 16.25 -16.5 18.2707
    endloop
  endfacet
  facet normal -1 0 0
    outer loop
      vertex 16.25 -23.5 18.2707
      vertex 16.25 -23.5 23.75
      vertex 16.25 -20 20.2915
    endloop
  endfacet
  facet normal -1 0 0
    outer loop
      vertex 16.25 -20 20.2915
      vertex 16.25 -23.5 23.75
      vertex 16.25 8.75 23.75
    endloop
  endfacet
  facet normal 0 1 -0
    outer loop
      vertex 0 -10.3125 0.5
      vertex -24.0625 -10.3125 0.5
      vertex 0 -10.3125 10
    endloop
  endfacet
  facet normal 0 1 0
    outer loop
      vertex 0 -10.3125 10
      vertex -24.0625 -10.3125 0.5
      vertex -24.0625 -10.3125 10
    endloop
  endfacet
  facet normal -1 0 0
    outer loop
      vertex 0 20 0
      vertex 0 20 10
      vertex 0 23.75 0
    endloop
  endfacet
  facet normal -1 0 0
    outer loop
      vertex 0 23.75 0
      vertex 0 20 10
      vertex 0 23.75 10
    endloop
  endfacet
  facet normal -0 0.707107 0.707107
    outer loop
      vertex 16.25 8.75 23.75
      vertex 26.25 8.75 23.75
      vertex 16.25 15 17.5
    endloop
  endfacet
  facet normal -0 0.707107 0.707107
    outer loop
      vertex 16.25 15 17.5
      vertex 26.25 8.75 23.75
      vertex 26.25 15 17.5
    endloop
  endfacet
  facet normal -0.707107 0.707107 0
    outer loop
      vertex 0 23.75 0
      vertex 0 23.75 10
      vertex 6.25 30 0
    endloop
  endfacet
  facet normal -0.707107 0.707107 0
    outer loop
      vertex 6.25 30 0
      vertex 0 23.75 10
      vertex 6.25 30 10
    endloop
  endfacet
  facet normal 0 -0.500014 0.866017
    outer loop
      vertex 16.25 11 14.2293
      vertex 16.25 7.5 12.2085
      vertex 21.875 11 14.2293
    endloop
  endfacet
  facet normal 0 -0.500014 0.866017
    outer loop
      vertex 21.875 11 14.2293
      vertex 16.25 7.5 12.2085
      vertex 21.875 7.5 12.2085
    endloop
  endfacet
  facet normal 0 -1 0
    outer loop
      vertex 16.25 11 18.2707
      vertex 16.25 11 14.2293
      vertex 21.875 11 18.2707
    endloop
  endfacet
  facet normal 0 -1 -0
    outer loop
      vertex 21.875 11 18.2707
      vertex 16.25 11 14.2293
      vertex 21.875 11 14.2293
    endloop
  endfacet
  facet normal 0 -0.500014 -0.866017
    outer loop
      vertex 16.25 7.5 20.2915
      vertex 16.25 11 18.2707
      vertex 21.875 7.5 20.2915
    endloop
  endfacet
  facet normal 0 -0.500014 -0.866017
    outer loop
      vertex 21.875 7.5 20.2915
      vertex 16.25 11 18.2707
      vertex 21.875 11 18.2707
    endloop
  endfacet
  facet normal 0 0.500014 -0.866017
    outer loop
      vertex 16.25 4 18.2707
      vertex 16.25 7.5 20.2915
      vertex 21.875 4 18.2707
    endloop
  endfacet
  facet normal 0 0.500014 -0.866017
    outer loop
      vertex 21.875 4 18.2707
      vertex 16.25 7.5 20.2915
      vertex 21.875 7.5 20.2915
    endloop
  endfacet
  facet normal 0 1 0
    outer loop
      vertex 16.25 4 14.2293
      vertex 16.25 4 18.2707
      vertex 21.875 4 14.2293
    endloop
  endfacet
  facet normal 0 1 -0
    outer loop
      vertex 21.875 4 14.2293
      vertex 16.25 4 18.2707
      vertex 21.875 4 18.2707
    endloop
  endfacet
  facet normal -0 0.500014 0.866017
    outer loop
      vertex 16.25 7.5 12.2085
      vertex 16.25 4 14.2293
      vertex 21.875 7.5 12.2085
    endloop
  endfacet
  facet normal 0 0.500014 0.866017
    outer loop
      vertex 21.875 7.5 12.2085
      vertex 16.25 4 14.2293
      vertex 21.875 4 14.2293
    endloop
  endfacet
  facet normal 0 -0.500014 0.866017
    outer loop
      vertex 16.25 -16.5 14.2293
      vertex 16.25 -20 12.2085
      vertex 21.875 -16.5 14.2293
    endloop
  endfacet
  facet normal 0 -0.500014 0.866017
    outer loop
      vertex 21.875 -16.5 14.2293
      vertex 16.25 -20 12.2085
      vertex 21.875 -20 12.2085
    endloop
  endfacet
  facet normal 0 -1 0
    outer loop
      vertex 16.25 -16.5 18.2707
      vertex 16.25 -16.5 14.2293
      vertex 21.875 -16.5 18.2707
    endloop
  endfacet
  facet normal 0 -1 -0
    outer loop
      vertex 21.875 -16.5 18.2707
      vertex 16.25 -16.5 14.2293
      vertex 21.875 -16.5 14.2293
    endloop
  endfacet
  facet normal 0 -0.500014 -0.866017
    outer loop
      vertex 16.25 -20 20.2915
      vertex 16.25 -16.5 18.2707
      vertex 21.875 -20 20.2915
    endloop
  endfacet
  facet normal 0 -0.500014 -0.866017
    outer loop
      vertex 21.875 -20 20.2915
      vertex 16.25 -16.5 18.2707
      vertex 21.875 -16.5 18.2707
    endloop
  endfacet
  facet normal 0 0.500014 -0.866017
    outer loop
      vertex 16.25 -23.5 18.2707
      vertex 16.25 -20 20.2915
      vertex 21.875 -23.5 18.2707
    endloop
  endfacet
  facet normal 0 0.500014 -0.866017
    outer loop
      vertex 21.875 -23.5 18.2707
      vertex 16.25 -20 20.2915
      vertex 21.875 -20 20.2915
    endloop
  endfacet
  facet normal 0 1 -0
    outer loop
      vertex 16.25 -23.5 12.1875
      vertex -15.4943 -23.5 12.1875
      vertex 16.25 -23.5 14.2293
    endloop
  endfacet
  facet normal 0 1 -0
    outer loop
      vertex 16.25 -23.5 14.2293
      vertex -15.4943 -23.5 12.1875
      vertex 16.25 -23.5 18.2707
    endloop
  endfacet
  facet normal 0 1 0
    outer loop
      vertex 16.25 -23.5 14.2293
      vertex 16.25 -23.5 18.2707
      vertex 21.875 -23.5 14.2293
    endloop
  endfacet
  facet normal 0 1 -0
    outer loop
      vertex 21.875 -23.5 14.2293
      vertex 16.25 -23.5 18.2707
      vertex 21.875 -23.5 18.2707
    endloop
  endfacet
  facet normal 0 1 0
    outer loop
      vertex -15.4943 -23.5 12.1875
      vertex 16.25 -23.5 23.75
      vertex 16.25 -23.5 18.2707
    endloop
  endfacet
  facet normal -0 0.500014 0.866017
    outer loop
      vertex 16.25 -20 12.2085
      vertex 16.25 -23.5 14.2293
      vertex 21.875 -20 12.2085
    endloop
  endfacet
  facet normal 0 0.500014 0.866017
    outer loop
      vertex 21.875 -20 12.2085
      vertex 16.25 -23.5 14.2293
      vertex 21.875 -23.5 14.2293
    endloop
  endfacet
  facet normal -0.342244 0 0.939611
    outer loop
      vertex 16.25 -30 23.75
      vertex 16.25 -23.5 23.75
      vertex -12.5 -30 13.2781
    endloop
  endfacet
  facet normal -0.342243 -5.7385e-06 0.939612
    outer loop
      vertex -12.5 -30 13.2781
      vertex 16.25 -23.5 23.75
      vertex -15.4943 -23.5 12.1875
    endloop
  endfacet
  facet normal -0.342248 -8.34862e-06 0.93961
    outer loop
      vertex -12.5 -30 13.2781
      vertex -15.4943 -23.5 12.1875
      vertex -21.0085 -21.4915 10.179
    endloop
  endfacet
  facet normal -0.707115 -0.707099 0
    outer loop
      vertex 0 20 0
      vertex 1.79906 18.2009 0
      vertex 0 20 10
    endloop
  endfacet
  facet normal -0.707104 -0.70711 3.89186e-06
    outer loop
      vertex 0 20 10
      vertex 1.79906 18.2009 0
      vertex 2.39252 17.6075 10
    endloop
  endfacet
  facet normal -0.707071 -0.707143 -0
    outer loop
      vertex 2.39252 17.6075 10
      vertex 1.79906 18.2009 0
      vertex 2.39252 17.6075 0.5
    endloop
  endfacet
  facet normal -0.707107 0.707107 0
    outer loop
      vertex -24.0625 -10.3125 0.5
      vertex -24.5625 -10.8125 0
      vertex -24.0625 -10.3125 10
    endloop
  endfacet
  facet normal -0.707107 0.707107 0
    outer loop
      vertex -24.0625 -10.3125 10
      vertex -24.5625 -10.8125 0
      vertex -26.25 -12.5 10
    endloop
  endfacet
  facet normal -0.707107 0.707107 0
    outer loop
      vertex -26.25 -12.5 10
      vertex -24.5625 -10.8125 0
      vertex -26.25 -12.5 0
    endloop
  endfacet
  facet normal -0 0.707107 0.707107
    outer loop
      vertex -21.1875 -21.3125 10
      vertex -21.0085 -21.4915 10.179
      vertex 14.0625 -21.3125 10
    endloop
  endfacet
  facet normal 3.8468e-17 0.707107 0.707107
    outer loop
      vertex 14.0625 -21.3125 10
      vertex -21.0085 -21.4915 10.179
      vertex -15.4943 -23.5 12.1875
    endloop
  endfacet
  facet normal 0 0.707107 0.707107
    outer loop
      vertex 14.0625 -21.3125 10
      vertex -15.4943 -23.5 12.1875
      vertex 16.25 -23.5 12.1875
    endloop
  endfacet
  facet normal -0.707107 0 0.707107
    outer loop
      vertex 14.0625 -21.3125 10
      vertex 16.25 -23.5 12.1875
      vertex 14.0625 3.75 10
    endloop
  endfacet
  facet normal -0.707107 0 0.707107
    outer loop
      vertex 14.0625 3.75 10
      vertex 16.25 -23.5 12.1875
      vertex 16.25 15 12.1875
    endloop
  endfacet
  facet normal -0.707107 0 0.707107
    outer loop
      vertex 14.0625 3.75 10
      vertex 16.25 15 12.1875
      vertex 14.0625 17.1875 10
    endloop
  endfacet
  facet normal -0 0.707107 0.707107
    outer loop
      vertex 14.0625 17.1875 10
      vertex 16.25 15 12.1875
      vertex 26.25 17.1875 10
    endloop
  endfacet
  facet normal 0 0.707107 0.707107
    outer loop
      vertex 26.25 17.1875 10
      vertex 16.25 15 12.1875
      vertex 26.25 15 12.1875
    endloop
  endfacet
  facet normal -0.10383 -0.699556 -0.706995
    outer loop
      vertex 1.79906 18.2009 0
      vertex 2.4782 18.1001 0
      vertex 2.39252 17.6075 0.5
    endloop
  endfacet
  facet normal -0.136785 -0.693844 -0.707015
    outer loop
      vertex 2.39252 17.6075 0.5
      vertex 2.4782 18.1001 0
      vertex 3.15183 17.9673 0
    endloop
  endfacet
  facet normal -0.136958 -0.69367 -0.707152
    outer loop
      vertex 2.39252 17.6075 0.5
      vertex 3.15183 17.9673 0
      vertex 3.05348 17.477 0.5
    endloop
  endfacet
  facet normal -0.169284 -0.686843 -0.706816
    outer loop
      vertex 3.05348 17.477 0.5
      vertex 3.15183 17.9673 0
      vertex 3.81845 17.803 0
    endloop
  endfacet
  facet normal -0.169965 -0.686101 -0.707374
    outer loop
      vertex 3.05348 17.477 0.5
      vertex 3.81845 17.803 0
      vertex 3.70743 17.315 0.5
    endloop
  endfacet
  facet normal -0.201564 -0.678208 -0.706686
    outer loop
      vertex 3.70743 17.315 0.5
      vertex 3.81845 17.803 0
      vertex 4.47659 17.6074 0
    endloop
  endfacet
  facet normal -0.202554 -0.677039 -0.707524
    outer loop
      vertex 3.70743 17.315 0.5
      vertex 4.47659 17.6074 0
      vertex 4.35287 17.1219 0.5
    endloop
  endfacet
  facet normal -0.233365 -0.668131 -0.706499
    outer loop
      vertex 4.35287 17.1219 0.5
      vertex 4.47659 17.6074 0
      vertex 5.12478 17.381 0
    endloop
  endfacet
  facet normal -0.234777 -0.66632 -0.707741
    outer loop
      vertex 4.35287 17.1219 0.5
      vertex 5.12478 17.381 0
      vertex 4.98832 16.898 0.5
    endloop
  endfacet
  facet normal -0.26464 -0.656487 -0.706392
    outer loop
      vertex 4.98832 16.898 0.5
      vertex 5.12478 17.381 0
      vertex 5.76157 17.1243 0
    endloop
  endfacet
  facet normal -0.266289 -0.65419 -0.707902
    outer loop
      vertex 4.98832 16.898 0.5
      vertex 5.76157 17.1243 0
      vertex 5.61232 16.644 0.5
    endloop
  endfacet
  facet normal -0.295413 -0.643402 -0.706233
    outer loop
      vertex 5.61232 16.644 0.5
      vertex 5.76157 17.1243 0
      vertex 6.38556 16.8378 0
    endloop
  endfacet
  facet normal -0.297272 -0.640581 -0.708015
    outer loop
      vertex 5.61232 16.644 0.5
      vertex 6.38556 16.8378 0
      vertex 6.22344 16.3604 0.5
    endloop
  endfacet
  facet normal -0.325421 -0.628964 -0.706049
    outer loop
      vertex 6.22344 16.3604 0.5
      vertex 6.38556 16.8378 0
      vertex 6.99535 16.5223 0
    endloop
  endfacet
  facet normal -0.327512 -0.6255 -0.708156
    outer loop
      vertex 6.22344 16.3604 0.5
      vertex 6.99535 16.5223 0
      vertex 6.82027 16.0479 0.5
    endloop
  endfacet
  facet normal -0.354788 -0.613053 -0.705897
    outer loop
      vertex 6.82027 16.0479 0.5
      vertex 6.99535 16.5223 0
      vertex 7.58959 16.1784 0
    endloop
  endfacet
  facet normal -0.357066 -0.608919 -0.708323
    outer loop
      vertex 6.82027 16.0479 0.5
      vertex 7.58959 16.1784 0
      vertex 7.40145 15.7071 0.5
    endloop
  endfacet
  facet normal -0.383399 -0.595713 -0.705784
    outer loop
      vertex 7.40145 15.7071 0.5
      vertex 7.58959 16.1784 0
      vertex 8.16697 15.8068 0
    endloop
  endfacet
  facet normal -0.385731 -0.591053 -0.708426
    outer loop
      vertex 7.40145 15.7071 0.5
      vertex 8.16697 15.8068 0
      vertex 7.96564 15.3389 0.5
    endloop
  endfacet
  facet normal -0.41108 -0.577153 -0.705625
    outer loop
      vertex 7.96564 15.3389 0.5
      vertex 8.16697 15.8068 0
      vertex 8.72618 15.4085 0
    endloop
  endfacet
  facet normal -0.41351 -0.571781 -0.708573
    outer loop
      vertex 7.96564 15.3389 0.5
      vertex 8.72618 15.4085 0
      vertex 8.51155 14.9441 0.5
    endloop
  endfacet
  facet normal -0.43795 -0.557186 -0.705509
    outer loop
      vertex 8.51155 14.9441 0.5
      vertex 8.72618 15.4085 0
      vertex 9.266 14.9842 0
    endloop
  endfacet
  facet normal -0.440364 -0.551235 -0.708674
    outer loop
      vertex 8.51155 14.9441 0.5
      vertex 9.266 14.9842 0
      vertex 9.03792 14.5236 0.5
    endloop
  endfacet
  facet normal -0.463771 -0.536062 -0.705375
    outer loop
      vertex 9.03792 14.5236 0.5
      vertex 9.266 14.9842 0
      vertex 9.78522 14.535 0
    endloop
  endfacet
  facet normal -0.466191 -0.529352 -0.708839
    outer loop
      vertex 9.03792 14.5236 0.5
      vertex 9.78522 14.535 0
      vertex 9.54355 14.0783 0.5
    endloop
  endfacet
  facet normal -0.488575 -0.513644 -0.705311
    outer loop
      vertex 9.54355 14.0783 0.5
      vertex 9.78522 14.535 0
      vertex 10.2827 14.0618 0
    endloop
  endfacet
  facet normal -0.490868 -0.506414 -0.708938
    outer loop
      vertex 9.54355 14.0783 0.5
      vertex 10.2827 14.0618 0
      vertex 10.0273 13.6094 0.5
    endloop
  endfacet
  facet normal -0.512396 -0.490091 -0.705167
    outer loop
      vertex 10.0273 13.6094 0.5
      vertex 10.2827 14.0618 0
      vertex 10.7573 13.5656 0
    endloop
  endfacet
  facet normal -0.514558 -0.482215 -0.709013
    outer loop
      vertex 10.0273 13.6094 0.5
      vertex 10.7573 13.5656 0
      vertex 10.488 13.1178 0.5
    endloop
  endfacet
  facet normal -0.534948 -0.465536 -0.705058
    outer loop
      vertex 10.488 13.1178 0.5
      vertex 10.7573 13.5656 0
      vertex 11.208 13.0477 0
    endloop
  endfacet
  facet normal -0.536943 -0.456977 -0.709129
    outer loop
      vertex 10.488 13.1178 0.5
      vertex 11.208 13.0477 0
      vertex 10.9246 12.6048 0.5
    endloop
  endfacet
  facet normal -0.556372 -0.43985 -0.70497
    outer loop
      vertex 10.9246 12.6048 0.5
      vertex 11.208 13.0477 0
      vertex 11.6338 12.5091 0
    endloop
  endfacet
  facet normal -0.558133 -0.430686 -0.709223
    outer loop
      vertex 10.9246 12.6048 0.5
      vertex 11.6338 12.5091 0
      vertex 11.3362 12.0714 0.5
    endloop
  endfacet
  facet normal -0.576598 -0.413155 -0.704867
    outer loop
      vertex 11.3362 12.0714 0.5
      vertex 11.6338 12.5091 0
      vertex 12.0337 11.951 0
    endloop
  endfacet
  facet normal -0.57809 -0.403355 -0.709307
    outer loop
      vertex 11.3362 12.0714 0.5
      vertex 12.0337 11.951 0
      vertex 11.7217 11.5189 0.5
    endloop
  endfacet
  facet normal -0.595454 -0.385603 -0.704801
    outer loop
      vertex 11.7217 11.5189 0.5
      vertex 12.0337 11.951 0
      vertex 12.4069 11.3747 0
    endloop
  endfacet
  facet normal -0.596627 -0.375193 -0.709412
    outer loop
      vertex 11.7217 11.5189 0.5
      vertex 12.4069 11.3747 0
      vertex 12.0804 10.9485 0.5
    endloop
  endfacet
  facet normal -0.613056 -0.357108 -0.704724
    outer loop
      vertex 12.0804 10.9485 0.5
      vertex 12.4069 11.3747 0
      vertex 12.7525 10.7814 0
    endloop
  endfacet
  facet normal -0.613863 -0.346161 -0.709468
    outer loop
      vertex 12.0804 10.9485 0.5
      vertex 12.7525 10.7814 0
      vertex 12.4113 10.3617 0.5
    endloop
  endfacet
  facet normal -0.62931 -0.327832 -0.704624
    outer loop
      vertex 12.4113 10.3617 0.5
      vertex 12.7525 10.7814 0
      vertex 13.0697 10.1725 0
    endloop
  endfacet
  facet normal -0.629713 -0.3163 -0.709518
    outer loop
      vertex 12.4113 10.3617 0.5
      vertex 13.0697 10.1725 0
      vertex 12.7137 9.75966 0.5
    endloop
  endfacet
  facet normal -0.644108 -0.297874 -0.704554
    outer loop
      vertex 12.7137 9.75966 0.5
      vertex 13.0697 10.1725 0
      vertex 13.3579 9.54931 0
    endloop
  endfacet
  facet normal -0.644064 -0.28573 -0.709605
    outer loop
      vertex 12.7137 9.75966 0.5
      vertex 13.3579 9.54931 0
      vertex 12.9869 9.14384 0.5
    endloop
  endfacet
  facet normal -0.657465 -0.267195 -0.704518
    outer loop
      vertex 12.9869 9.14384 0.5
      vertex 13.3579 9.54931 0
      vertex 13.6164 8.91324 0
    endloop
  endfacet
  facet normal -0.656936 -0.254639 -0.709643
    outer loop
      vertex 12.9869 9.14384 0.5
      vertex 13.6164 8.91324 0
      vertex 13.2304 8.51564 0.5
    endloop
  endfacet
  facet normal -0.669385 -0.236002 -0.704434
    outer loop
      vertex 13.2304 8.51564 0.5
      vertex 13.6164 8.91324 0
      vertex 13.8447 8.2657 0
    endloop
  endfacet
  facet normal -0.668313 -0.222722 -0.709755
    outer loop
      vertex 13.2304 8.51564 0.5
      vertex 13.8447 8.2657 0
      vertex 13.4434 7.8765 0.5
    endloop
  endfacet
  facet normal -0.67979 -0.204067 -0.704445
    outer loop
      vertex 13.4434 7.8765 0.5
      vertex 13.8447 8.2657 0
      vertex 14.0421 7.60812 0
    endloop
  endfacet
  facet normal -0.678169 -0.190503 -0.709785
    outer loop
      vertex 13.4434 7.8765 0.5
      vertex 14.0421 7.60812 0
      vertex 13.6256 7.22789 0.5
    endloop
  endfacet
  facet normal -0.688669 -0.171919 -0.704399
    outer loop
      vertex 13.6256 7.22789 0.5
      vertex 14.0421 7.60812 0
      vertex 14.2084 6.94196 0
    endloop
  endfacet
  facet normal -0.686443 -0.157865 -0.709841
    outer loop
      vertex 13.6256 7.22789 0.5
      vertex 14.2084 6.94196 0
      vertex 13.7766 6.5713 0.5
    endloop
  endfacet
  facet normal -0.696104 -0.139167 -0.704323
    outer loop
      vertex 13.7766 6.5713 0.5
      vertex 14.2084 6.94196 0
      vertex 14.343 6.2687 0
    endloop
  endfacet
  facet normal -0.693247 -0.12473 -0.709824
    outer loop
      vertex 13.7766 6.5713 0.5
      vertex 14.343 6.2687 0
      vertex 13.8959 5.90823 0.5
    endloop
  endfacet
  facet normal -0.701916 -0.106293 -0.704284
    outer loop
      vertex 13.8959 5.90823 0.5
      vertex 14.343 6.2687 0
      vertex 14.4458 5.58985 0
    endloop
  endfacet
  facet normal -0.698367 -0.0913705 -0.709883
    outer loop
      vertex 13.8959 5.90823 0.5
      vertex 14.4458 5.58985 0
      vertex 13.9833 5.24021 0.5
    endloop
  endfacet
  facet normal -0.706135 -0.0731012 -0.704293
    outer loop
      vertex 13.9833 5.24021 0.5
      vertex 14.4458 5.58985 0
      vertex 14.5165 4.90691 0
    endloop
  endfacet
  facet normal -0.701878 -0.0578068 -0.709948
    outer loop
      vertex 13.9833 5.24021 0.5
      vertex 14.5165 4.90691 0
      vertex 14.0386 4.56877 0.5
    endloop
  endfacet
  facet normal -0.708785 -0.0397032 -0.704307
    outer loop
      vertex 14.0386 4.56877 0.5
      vertex 14.5165 4.90691 0
      vertex 14.5549 4.22139 0
    endloop
  endfacet
  facet normal -0.70381 -0.024146 -0.709978
    outer loop
      vertex 14.0386 4.56877 0.5
      vertex 14.5549 4.22139 0
      vertex 14.0617 3.89545 0.5
    endloop
  endfacet
  facet normal -0.709893 -0.00620391 -0.704282
    outer loop
      vertex 14.0617 3.89545 0.5
      vertex 14.5549 4.22139 0
      vertex 14.5609 3.53483 0
    endloop
  endfacet
  facet normal -0.704202 0.00951271 -0.709936
    outer loop
      vertex 14.0617 3.89545 0.5
      vertex 14.5609 3.53483 0
      vertex 14.0526 3.2218 0.5
    endloop
  endfacet
  facet normal -0.709465 0.027196 -0.704216
    outer loop
      vertex 14.0526 3.2218 0.5
      vertex 14.5609 3.53483 0
      vertex 14.5346 2.84874 0
    endloop
  endfacet
  facet normal -0.702943 0.043278 -0.709928
    outer loop
      vertex 14.0526 3.2218 0.5
      vertex 14.5346 2.84874 0
      vertex 14.0112 2.54936 0.5
    endloop
  endfacet
  facet normal -0.707394 0.0605971 -0.704217
    outer loop
      vertex 14.0112 2.54936 0.5
      vertex 14.5346 2.84874 0
      vertex 14.476 2.16466 0
    endloop
  endfacet
  facet normal -0.700038 0.0769353 -0.709949
    outer loop
      vertex 14.0112 2.54936 0.5
      vertex 14.476 2.16466 0
      vertex 13.9376 1.87967 0.5
    endloop
  endfacet
  facet normal -0.703741 0.0939975 -0.704211
    outer loop
      vertex 13.9376 1.87967 0.5
      vertex 14.476 2.16466 0
      vertex 14.3851 1.48411 0
    endloop
  endfacet
  facet normal -0.6956 0.110394 -0.709897
    outer loop
      vertex 13.9376 1.87967 0.5
      vertex 14.3851 1.48411 0
      vertex 13.832 1.21428 0.5
    endloop
  endfacet
  facet normal -0.698548 0.126986 -0.704205
    outer loop
      vertex 13.832 1.21428 0.5
      vertex 14.3851 1.48411 0
      vertex 14.2623 0.808587 0
    endloop
  endfacet
  facet normal -0.68954 0.143537 -0.709882
    outer loop
      vertex 13.832 1.21428 0.5
      vertex 14.2623 0.808587 0
      vertex 13.6947 0.554703 0.5
    endloop
  endfacet
  facet normal -0.691779 0.159662 -0.704237
    outer loop
      vertex 13.6947 0.554703 0.5
      vertex 14.2623 0.808587 0
      vertex 14.1079 0.139606 0
    endloop
  endfacet
  facet normal -0.681806 0.176452 -0.709934
    outer loop
      vertex 13.6947 0.554703 0.5
      vertex 14.1079 0.139606 0
      vertex 13.5259 -0.0975358 0.5
    endloop
  endfacet
  facet normal -0.683386 0.192209 -0.7043
    outer loop
      vertex 13.5259 -0.0975358 0.5
      vertex 14.1079 0.139606 0
      vertex 13.922 -0.52135 0
    endloop
  endfacet
  facet normal -0.672622 0.208872 -0.709896
    outer loop
      vertex 13.5259 -0.0975358 0.5
      vertex 13.922 -0.52135 0
      vertex 13.3261 -0.740944 0.5
    endloop
  endfacet
  facet normal -0.67357 0.224158 -0.704313
    outer loop
      vertex 13.3261 -0.740944 0.5
      vertex 13.922 -0.52135 0
      vertex 13.7052 -1.17281 0
    endloop
  endfacet
  facet normal -0.661864 0.240869 -0.709872
    outer loop
      vertex 13.3261 -0.740944 0.5
      vertex 13.7052 -1.17281 0
      vertex 13.0957 -1.37404 0.5
    endloop
  endfacet
  facet normal -0.662217 0.255677 -0.704342
    outer loop
      vertex 13.0957 -1.37404 0.5
      vertex 13.7052 -1.17281 0
      vertex 13.4579 -1.81333 0
    endloop
  endfacet
  facet normal -0.649648 0.272264 -0.70981
    outer loop
      vertex 13.0957 -1.37404 0.5
      vertex 13.4579 -1.81333 0
      vertex 12.8353 -1.99538 0.5
    endloop
  endfacet
  facet normal -0.649442 0.286596 -0.704335
    outer loop
      vertex 12.8353 -1.99538 0.5
      vertex 13.4579 -1.81333 0
      vertex 13.1807 -2.44148 0
    endloop
  endfacet
  facet normal -0.635911 0.303129 -0.709739
    outer loop
      vertex 12.8353 -1.99538 0.5
      vertex 13.1807 -2.44148 0
      vertex 12.5454 -2.60354 0.5
    endloop
  endfacet
  facet normal -0.635193 0.316775 -0.704403
    outer loop
      vertex 12.5454 -2.60354 0.5
      vertex 13.1807 -2.44148 0
      vertex 12.8743 -3.05587 0
    endloop
  endfacet
  facet normal -0.620654 0.333248 -0.709742
    outer loop
      vertex 12.5454 -2.60354 0.5
      vertex 12.8743 -3.05587 0
      vertex 12.2267 -3.1971 0.5
    endloop
  endfacet
  facet normal -0.619455 0.346393 -0.704476
    outer loop
      vertex 12.2267 -3.1971 0.5
      vertex 12.8743 -3.05587 0
      vertex 12.5392 -3.65513 0
    endloop
  endfacet
  facet normal -0.604005 0.362635 -0.709699
    outer loop
      vertex 12.2267 -3.1971 0.5
      vertex 12.5392 -3.65513 0
      vertex 11.8799 -3.77473 0.5
    endloop
  endfacet
  facet normal -0.602372 0.375191 -0.704542
    outer loop
      vertex 11.8799 -3.77473 0.5
      vertex 12.5392 -3.65513 0
      vertex 12.1762 -4.23793 0
    endloop
  endfacet
  facet normal -0.58603 0.39114 -0.709633
    outer loop
      vertex 11.8799 -3.77473 0.5
      vertex 12.1762 -4.23793 0
      vertex 11.5059 -4.33508 0.5
    endloop
  endfacet
  facet normal -0.583989 0.403182 -0.704557
    outer loop
      vertex 11.5059 -4.33508 0.5
      vertex 12.1762 -4.23793 0
      vertex 11.7861 -4.80297 0
    endloop
  endfacet
  facet normal -0.566661 0.418877 -0.709533
    outer loop
      vertex 11.5059 -4.33508 0.5
      vertex 11.7861 -4.80297 0
      vertex 11.1054 -4.87688 0.5
    endloop
  endfacet
  facet normal -0.564305 0.430129 -0.704662
    outer loop
      vertex 11.1054 -4.87688 0.5
      vertex 11.7861 -4.80297 0
      vertex 11.3699 -5.349 0
    endloop
  endfacet
  facet normal -0.546015 0.445503 -0.709503
    outer loop
      vertex 11.1054 -4.87688 0.5
      vertex 11.3699 -5.349 0
      vertex 10.6795 -5.39887 0.5
    endloop
  endfacet
  facet normal -0.543334 0.456223 -0.704733
    outer loop
      vertex 10.6795 -5.39887 0.5
      vertex 11.3699 -5.349 0
      vertex 10.9284 -5.8748 0
    endloop
  endfacet
  facet normal -0.524126 0.47119 -0.709417
    outer loop
      vertex 10.6795 -5.39887 0.5
      vertex 10.9284 -5.8748 0
      vertex 10.2291 -5.89987 0.5
    endloop
  endfacet
  facet normal -0.521181 0.481288 -0.704792
    outer loop
      vertex 10.2291 -5.89987 0.5
      vertex 10.9284 -5.8748 0
      vertex 10.4626 -6.37921 0
    endloop
  endfacet
  facet normal -0.500982 0.495856 -0.709326
    outer loop
      vertex 10.2291 -5.89987 0.5
      vertex 10.4626 -6.37921 0
      vertex 9.75515 -6.37872 0.5
    endloop
  endfacet
  facet normal -0.497835 0.505273 -0.704882
    outer loop
      vertex 9.75515 -6.37872 0.5
      vertex 10.4626 -6.37921 0
      vertex 9.97351 -6.8611 0
    endloop
  endfacet
  facet normal -0.47673 0.519339 -0.709235
    outer loop
      vertex 9.75515 -6.37872 0.5
      vertex 9.97351 -6.8611 0
      vertex 9.25884 -6.83431 0.5
    endloop
  endfacet
  facet normal -0.473423 0.528088 -0.704978
    outer loop
      vertex 9.25884 -6.83431 0.5
      vertex 9.97351 -6.8611 0
      vertex 9.46228 -7.31941 0
    endloop
  endfacet
  facet normal -0.451373 0.541635 -0.70915
    outer loop
      vertex 9.25884 -6.83431 0.5
      vertex 9.46228 -7.31941 0
      vertex 8.74128 -7.26562 0.5
    endloop
  endfacet
  facet normal -0.447937 0.549756 -0.705068
    outer loop
      vertex 8.74128 -7.26562 0.5
      vertex 9.46228 -7.31941 0
      vertex 8.93001 -7.7531 0
    endloop
  endfacet
  facet normal -0.424977 0.562721 -0.709042
    outer loop
      vertex 8.74128 -7.26562 0.5
      vertex 8.93001 -7.7531 0
      vertex 8.20366 -7.67164 0.5
    endloop
  endfacet
  facet normal -0.421474 0.570172 -0.705168
    outer loop
      vertex 8.20366 -7.67164 0.5
      vertex 8.93001 -7.7531 0
      vertex 8.37789 -8.16123 0
    endloop
  endfacet
  facet normal -0.397596 0.582518 -0.708936
    outer loop
      vertex 8.20366 -7.67164 0.5
      vertex 8.37789 -8.16123 0
      vertex 7.6472 -8.05145 0.5
    endloop
  endfacet
  facet normal -0.394068 0.589321 -0.705274
    outer loop
      vertex 7.6472 -8.05145 0.5
      vertex 8.37789 -8.16123 0
      vertex 7.80714 -8.54288 0
    endloop
  endfacet
  facet normal -0.369304 0.600989 -0.708821
    outer loop
      vertex 7.6472 -8.05145 0.5
      vertex 7.80714 -8.54288 0
      vertex 7.0732 -8.40417 0.5
    endloop
  endfacet
  facet normal -0.3658 0.607144 -0.705384
    outer loop
      vertex 7.0732 -8.40417 0.5
      vertex 7.80714 -8.54288 0
      vertex 7.21905 -8.8972 0
    endloop
  endfacet
  facet normal -0.340149 0.618095 -0.708701
    outer loop
      vertex 7.0732 -8.40417 0.5
      vertex 7.21905 -8.8972 0
      vertex 6.48296 -8.72899 0.5
    endloop
  endfacet
  facet normal -0.336722 0.6236 -0.705508
    outer loop
      vertex 6.48296 -8.72899 0.5
      vertex 7.21905 -8.8972 0
      vertex 6.6149 -9.22342 0
    endloop
  endfacet
  facet normal -0.31021 0.633784 -0.708582
    outer loop
      vertex 6.48296 -8.72899 0.5
      vertex 6.6149 -9.22342 0
      vertex 5.87784 -9.02517 0.5
    endloop
  endfacet
  facet normal -0.306894 0.63867 -0.705632
    outer loop
      vertex 5.87784 -9.02517 0.5
      vertex 6.6149 -9.22342 0
      vertex 5.99605 -9.52079 0
    endloop
  endfacet
  facet normal -0.279549 0.648036 -0.70845
    outer loop
      vertex 5.87784 -9.02517 0.5
      vertex 5.99605 -9.52079 0
      vertex 5.25922 -9.29203 0.5
    endloop
  endfacet
  facet normal -0.276399 0.652307 -0.705761
    outer loop
      vertex 5.25922 -9.29203 0.5
      vertex 5.99605 -9.52079 0
      vertex 5.36387 -9.78866 0
    endloop
  endfacet
  facet normal -0.248239 0.66081 -0.708313
    outer loop
      vertex 5.25922 -9.29203 0.5
      vertex 5.36387 -9.78866 0
      vertex 4.62854 -9.52895 0.5
    endloop
  endfacet
  facet normal -0.245275 0.664513 -0.705877
    outer loop
      vertex 4.62854 -9.52895 0.5
      vertex 5.36387 -9.78866 0
      vertex 4.71977 -10.0264 0
    endloop
  endfacet
  facet normal -0.216351 0.6721 -0.708148
    outer loop
      vertex 4.62854 -9.52895 0.5
      vertex 4.71977 -10.0264 0
      vertex 3.98723 -9.73539 0.5
    endloop
  endfacet
  facet normal -0.213707 0.675148 -0.706048
    outer loop
      vertex 3.98723 -9.73539 0.5
      vertex 4.71977 -10.0264 0
      vertex 4.06518 -10.2336 0
    endloop
  endfacet
  facet normal -0.183955 0.681797 -0.708035
    outer loop
      vertex 3.98723 -9.73539 0.5
      vertex 4.06518 -10.2336 0
      vertex 3.33677 -9.91089 0.5
    endloop
  endfacet
  facet normal -0.181589 0.684316 -0.706214
    outer loop
      vertex 3.33677 -9.91089 0.5
      vertex 4.06518 -10.2336 0
      vertex 3.40155 -10.4097 0
    endloop
  endfacet
  facet normal -0.151086 0.689966 -0.707898
    outer loop
      vertex 3.33677 -9.91089 0.5
      vertex 3.40155 -10.4097 0
      vertex 2.67866 -10.055 0.5
    endloop
  endfacet
  facet normal -0.148986 0.692029 -0.706327
    outer loop
      vertex 2.67866 -10.055 0.5
      vertex 3.40155 -10.4097 0
      vertex 2.73036 -10.5542 0
    endloop
  endfacet
  facet normal -0.117976 0.696605 -0.707689
    outer loop
      vertex 2.67866 -10.055 0.5
      vertex 2.73036 -10.5542 0
      vertex 2.01439 -10.1675 0.5
    endloop
  endfacet
  facet normal -0.116279 0.698146 -0.70645
    outer loop
      vertex 2.01439 -10.1675 0.5
      vertex 2.73036 -10.5542 0
      vertex 2.0531 -10.667 0
    endloop
  endfacet
  facet normal -0.0844435 0.701657 -0.707493
    outer loop
      vertex 2.01439 -10.1675 0.5
      vertex 2.0531 -10.667 0
      vertex 1.3455 -10.248 0.5
    endloop
  endfacet
  facet normal -0.0832665 0.702643 -0.706654
    outer loop
      vertex 1.3455 -10.248 0.5
      vertex 2.0531 -10.667 0
      vertex 1.37127 -10.7478 0
    endloop
  endfacet
  facet normal -0.0507804 0.705026 -0.707361
    outer loop
      vertex 1.3455 -10.248 0.5
      vertex 1.37127 -10.7478 0
      vertex 0.673523 -10.2964 0.5
    endloop
  endfacet
  facet normal -0.0499714 0.70565 -0.706796
    outer loop
      vertex 0.673523 -10.2964 0.5
      vertex 1.37127 -10.7478 0
      vertex 0.686398 -10.7963 0
    endloop
  endfacet
  facet normal -0.0168969 0.706859 -0.707153
    outer loop
      vertex 0.673523 -10.2964 0.5
      vertex 0.686398 -10.7963 0
      vertex 0 -10.3125 0.5
    endloop
  endfacet
  facet normal -0.0166864 0.707008 -0.707008
    outer loop
      vertex 0 -10.3125 0.5
      vertex 0.686398 -10.7963 0
      vertex 4.13029e-17 -10.8125 0
    endloop
  endfacet
  facet normal 0 0.707107 -0.707107
    outer loop
      vertex -24.5625 -10.8125 0
      vertex -24.0625 -10.3125 0.5
      vertex 4.13029e-17 -10.8125 0
    endloop
  endfacet
  facet normal 0 0.707107 -0.707107
    outer loop
      vertex 4.13029e-17 -10.8125 0
      vertex -24.0625 -10.3125 0.5
      vertex 0 -10.3125 0.5
    endloop
  endfacet
  facet normal 0.707107 0 -0.707107
    outer loop
      vertex 25.75 -30 0
      vertex 25.75 30 0
      vertex 26.25 -30 0.5
    endloop
  endfacet
  facet normal 0.707107 0 -0.707107
    outer loop
      vertex 26.25 -30 0.5
      vertex 25.75 30 0
      vertex 26.25 30 0.5
    endloop
  endfacet
endsolid OpenSCAD_Model
