solid OpenSCAD_Model
  facet normal -0.772934 0 -0.634487
    outer loop
      vertex 35.9772 -6 34.5977
      vertex 35.3553 6 35.3553
      vertex 35.9772 6 34.5977
    endloop
  endfacet
  facet normal -0.772934 -0 -0.634487
    outer loop
      vertex 35.3553 6 35.3553
      vertex 35.9772 -6 34.5977
      vertex 35.3553 -6 35.3553
    endloop
  endfacet
  facet normal -0.956951 0 0.290248
    outer loop
      vertex 36.4392 -6 29.9064
      vertex 36.7237 6 30.8444
      vertex 36.4392 6 29.9064
    endloop
  endfacet
  facet normal -0.956951 0 0.290248
    outer loop
      vertex 36.7237 6 30.8444
      vertex 36.4392 -6 29.9064
      vertex 36.7237 -6 30.8444
    endloop
  endfacet
  facet normal -0.995182 0 0.098049
    outer loop
      vertex 36.7237 -6 30.8444
      vertex 36.8198 6 31.8198
      vertex 36.7237 6 30.8444
    endloop
  endfacet
  facet normal -0.995182 0 0.098049
    outer loop
      vertex 36.8198 6 31.8198
      vertex 36.7237 -6 30.8444
      vertex 36.8198 -6 31.8198
    endloop
  endfacet
  facet normal -0.881935 0 0.471372
    outer loop
      vertex 35.9772 -6 29.042
      vertex 36.4392 6 29.9064
      vertex 35.9772 6 29.042
    endloop
  endfacet
  facet normal -0.881935 0 0.471372
    outer loop
      vertex 36.4392 6 29.9064
      vertex 35.9772 -6 29.042
      vertex 36.4392 -6 29.9064
    endloop
  endfacet
  facet normal 0.634437 8.70964e-19 -0.772975
    outer loop
      vertex 28.2843 -6 35.3553
      vertex 29.042 6 35.9772
      vertex 29.042 -6 35.9772
    endloop
  endfacet
  facet normal 0.634437 8.70964e-19 -0.772975
    outer loop
      vertex 29.042 6 35.9772
      vertex 28.2843 -6 35.3553
      vertex 28.2843 6 35.3553
    endloop
  endfacet
  facet normal 0.881915 0 -0.471409
    outer loop
      vertex 27.6625 -6 34.5977
      vertex 27.2004 6 33.7332
      vertex 27.6625 6 34.5977
    endloop
  endfacet
  facet normal 0.881915 0 -0.471409
    outer loop
      vertex 27.2004 6 33.7332
      vertex 27.6625 -6 34.5977
      vertex 27.2004 -6 33.7332
    endloop
  endfacet
  facet normal 0.290248 8.50548e-19 0.956951
    outer loop
      vertex 29.9064 6 27.2004
      vertex 30.8444 -6 26.9159
      vertex 30.8444 6 26.9159
    endloop
  endfacet
  facet normal 0.290248 8.50548e-19 0.956951
    outer loop
      vertex 30.8444 -6 26.9159
      vertex 29.9064 6 27.2004
      vertex 29.9064 -6 27.2004
    endloop
  endfacet
  facet normal -0.995183 0 -0.098039
    outer loop
      vertex 36.8198 -6 31.8198
      vertex 36.7237 6 32.7953
      vertex 36.8198 6 31.8198
    endloop
  endfacet
  facet normal -0.995183 -0 -0.098039
    outer loop
      vertex 36.7237 6 32.7953
      vertex 36.8198 -6 31.8198
      vertex 36.7237 -6 32.7953
    endloop
  endfacet
  facet normal -0.290276 -1.32826e-18 -0.956943
    outer loop
      vertex 32.7953 -6 36.7237
      vertex 33.7332 6 36.4392
      vertex 33.7332 -6 36.4392
    endloop
  endfacet
  facet normal -0.290276 -1.32826e-18 -0.956943
    outer loop
      vertex 33.7332 6 36.4392
      vertex 32.7953 -6 36.7237
      vertex 32.7953 6 36.7237
    endloop
  endfacet
  facet normal -0.772975 0 0.634437
    outer loop
      vertex 35.3553 -6 28.2843
      vertex 35.9772 6 29.042
      vertex 35.3553 6 28.2843
    endloop
  endfacet
  facet normal -0.772975 0 0.634437
    outer loop
      vertex 35.9772 6 29.042
      vertex 35.3553 -6 28.2843
      vertex 35.9772 -6 29.042
    endloop
  endfacet
  facet normal 0.471372 8.64873e-19 -0.881935
    outer loop
      vertex 29.042 -6 35.9772
      vertex 29.9064 6 36.4392
      vertex 29.9064 -6 36.4392
    endloop
  endfacet
  facet normal 0.471372 8.64873e-19 -0.881935
    outer loop
      vertex 29.9064 6 36.4392
      vertex 29.042 -6 35.9772
      vertex 29.042 6 35.9772
    endloop
  endfacet
  facet normal 0.995183 0 -0.098039
    outer loop
      vertex 26.9159 -6 32.7953
      vertex 26.8198 6 31.8198
      vertex 26.9159 6 32.7953
    endloop
  endfacet
  facet normal 0.995183 0 -0.098039
    outer loop
      vertex 26.8198 6 31.8198
      vertex 26.9159 -6 32.7953
      vertex 26.8198 -6 31.8198
    endloop
  endfacet
  facet normal -0.956943 0 -0.290276
    outer loop
      vertex 36.7237 -6 32.7953
      vertex 36.4392 6 33.7332
      vertex 36.7237 6 32.7953
    endloop
  endfacet
  facet normal -0.956943 -0 -0.290276
    outer loop
      vertex 36.4392 6 33.7332
      vertex 36.7237 -6 32.7953
      vertex 36.4392 -6 33.7332
    endloop
  endfacet
  facet normal 0.995182 -0 0.098049
    outer loop
      vertex 26.8198 -6 31.8198
      vertex 26.9159 6 30.8444
      vertex 26.8198 6 31.8198
    endloop
  endfacet
  facet normal 0.995182 0 0.098049
    outer loop
      vertex 26.9159 6 30.8444
      vertex 26.8198 -6 31.8198
      vertex 26.9159 -6 30.8444
    endloop
  endfacet
  facet normal -0.471409 9.27151e-19 0.881915
    outer loop
      vertex 33.7332 6 27.2004
      vertex 34.5977 -6 27.6625
      vertex 34.5977 6 27.6625
    endloop
  endfacet
  facet normal -0.471409 9.27151e-19 0.881915
    outer loop
      vertex 34.5977 -6 27.6625
      vertex 33.7332 6 27.2004
      vertex 33.7332 -6 27.2004
    endloop
  endfacet
  facet normal -0.290276 1.20744e-18 0.956943
    outer loop
      vertex 32.7953 6 26.9159
      vertex 33.7332 -6 27.2004
      vertex 33.7332 6 27.2004
    endloop
  endfacet
  facet normal -0.290276 1.20744e-18 0.956943
    outer loop
      vertex 33.7332 -6 27.2004
      vertex 32.7953 6 26.9159
      vertex 32.7953 -6 26.9159
    endloop
  endfacet
  facet normal 0.098049 -3.17662e-19 -0.995182
    outer loop
      vertex 30.8444 -6 36.7237
      vertex 31.8198 6 36.8198
      vertex 31.8198 -6 36.8198
    endloop
  endfacet
  facet normal 0.098049 -3.17662e-19 -0.995182
    outer loop
      vertex 31.8198 6 36.8198
      vertex 30.8444 -6 36.7237
      vertex 30.8444 6 36.7237
    endloop
  endfacet
  facet normal 0.098049 3.17662e-19 0.995182
    outer loop
      vertex 30.8444 6 26.9159
      vertex 31.8198 -6 26.8198
      vertex 31.8198 6 26.8198
    endloop
  endfacet
  facet normal 0.098049 3.17662e-19 0.995182
    outer loop
      vertex 31.8198 -6 26.8198
      vertex 30.8444 6 26.9159
      vertex 30.8444 -6 26.9159
    endloop
  endfacet
  facet normal 0.290248 -6.99527e-19 -0.956951
    outer loop
      vertex 29.9064 -6 36.4392
      vertex 30.8444 6 36.7237
      vertex 30.8444 -6 36.7237
    endloop
  endfacet
  facet normal 0.290248 -6.99527e-19 -0.956951
    outer loop
      vertex 30.8444 6 36.7237
      vertex 29.9064 -6 36.4392
      vertex 29.9064 6 36.4392
    endloop
  endfacet
  facet normal 0.634376 -1.99769e-18 0.773025
    outer loop
      vertex 28.2843 6 28.2843
      vertex 29.042 -6 27.6625
      vertex 29.042 6 27.6625
    endloop
  endfacet
  facet normal 0.634376 -1.99769e-18 0.773025
    outer loop
      vertex 29.042 -6 27.6625
      vertex 28.2843 6 28.2843
      vertex 28.2843 -6 28.2843
    endloop
  endfacet
  facet normal 0.471451 8.50707e-19 0.881892
    outer loop
      vertex 29.042 6 27.6625
      vertex 29.9064 -6 27.2004
      vertex 29.9064 6 27.2004
    endloop
  endfacet
  facet normal 0.471451 8.50707e-19 0.881892
    outer loop
      vertex 29.9064 -6 27.2004
      vertex 29.042 6 27.6625
      vertex 29.042 -6 27.6625
    endloop
  endfacet
  facet normal -0.471329 -2.07832e-18 -0.881957
    outer loop
      vertex 33.7332 -6 36.4392
      vertex 34.5977 6 35.9772
      vertex 34.5977 -6 35.9772
    endloop
  endfacet
  facet normal -0.471329 -2.07832e-18 -0.881957
    outer loop
      vertex 34.5977 6 35.9772
      vertex 33.7332 -6 36.4392
      vertex 33.7332 6 36.4392
    endloop
  endfacet
  facet normal 0.956951 -0 0.290248
    outer loop
      vertex 26.9159 -6 30.8444
      vertex 27.2004 6 29.9064
      vertex 26.9159 6 30.8444
    endloop
  endfacet
  facet normal 0.956951 0 0.290248
    outer loop
      vertex 27.2004 6 29.9064
      vertex 26.9159 -6 30.8444
      vertex 27.2004 -6 29.9064
    endloop
  endfacet
  facet normal -0.881957 0 -0.471329
    outer loop
      vertex 36.4392 -6 33.7332
      vertex 35.9772 6 34.5977
      vertex 36.4392 6 33.7332
    endloop
  endfacet
  facet normal -0.881957 -0 -0.471329
    outer loop
      vertex 35.9772 6 34.5977
      vertex 36.4392 -6 33.7332
      vertex 35.9772 -6 34.5977
    endloop
  endfacet
  facet normal -0.634426 -1.66021e-18 0.772984
    outer loop
      vertex 34.5977 6 27.6625
      vertex 35.3553 -6 28.2843
      vertex 35.3553 6 28.2843
    endloop
  endfacet
  facet normal -0.634426 -1.66021e-18 0.772984
    outer loop
      vertex 35.3553 -6 28.2843
      vertex 34.5977 6 27.6625
      vertex 34.5977 -6 27.6625
    endloop
  endfacet
  facet normal -0.634487 -1.42881e-18 -0.772934
    outer loop
      vertex 34.5977 -6 35.9772
      vertex 35.3553 6 35.3553
      vertex 35.3553 -6 35.3553
    endloop
  endfacet
  facet normal -0.634487 -1.42881e-18 -0.772934
    outer loop
      vertex 35.3553 6 35.3553
      vertex 34.5977 -6 35.9772
      vertex 34.5977 6 35.9772
    endloop
  endfacet
  facet normal -0.098039 2.02362e-21 0.995183
    outer loop
      vertex 31.8198 6 26.8198
      vertex 32.7953 -6 26.9159
      vertex 32.7953 6 26.9159
    endloop
  endfacet
  facet normal -0.098039 2.02362e-21 0.995183
    outer loop
      vertex 32.7953 -6 26.9159
      vertex 31.8198 6 26.8198
      vertex 31.8198 -6 26.8198
    endloop
  endfacet
  facet normal -0.098039 -2.02362e-21 -0.995183
    outer loop
      vertex 31.8198 -6 36.8198
      vertex 32.7953 6 36.7237
      vertex 32.7953 -6 36.7237
    endloop
  endfacet
  facet normal -0.098039 -2.02362e-21 -0.995183
    outer loop
      vertex 32.7953 6 36.7237
      vertex 31.8198 -6 36.8198
      vertex 31.8198 6 36.8198
    endloop
  endfacet
  facet normal 0.956943 0 -0.290276
    outer loop
      vertex 27.2004 -6 33.7332
      vertex 26.9159 6 32.7953
      vertex 27.2004 6 33.7332
    endloop
  endfacet
  facet normal 0.956943 0 -0.290276
    outer loop
      vertex 26.9159 6 32.7953
      vertex 27.2004 -6 33.7332
      vertex 26.9159 -6 32.7953
    endloop
  endfacet
  facet normal 0.881892 -0 0.471451
    outer loop
      vertex 27.2004 -6 29.9064
      vertex 27.6625 6 29.042
      vertex 27.2004 6 29.9064
    endloop
  endfacet
  facet normal 0.881892 0 0.471451
    outer loop
      vertex 27.6625 6 29.042
      vertex 27.2004 -6 29.9064
      vertex 27.6625 -6 29.042
    endloop
  endfacet
  facet normal 0.773025 -0 0.634376
    outer loop
      vertex 27.6625 -6 29.042
      vertex 28.2843 6 28.2843
      vertex 27.6625 6 29.042
    endloop
  endfacet
  facet normal 0.773025 0 0.634376
    outer loop
      vertex 28.2843 6 28.2843
      vertex 27.6625 -6 29.042
      vertex 28.2843 -6 28.2843
    endloop
  endfacet
  facet normal 0.772984 0 -0.634426
    outer loop
      vertex 28.2843 -6 35.3553
      vertex 27.6625 6 34.5977
      vertex 28.2843 6 35.3553
    endloop
  endfacet
  facet normal 0.772984 0 -0.634426
    outer loop
      vertex 27.6625 6 34.5977
      vertex 28.2843 -6 35.3553
      vertex 27.6625 -6 34.5977
    endloop
  endfacet
  facet normal -0.881892 0 0.471451
    outer loop
      vertex -27.6625 -6 29.042
      vertex -27.2004 6 29.9064
      vertex -27.6625 6 29.042
    endloop
  endfacet
  facet normal -0.881892 0 0.471451
    outer loop
      vertex -27.2004 6 29.9064
      vertex -27.6625 -6 29.042
      vertex -27.2004 -6 29.9064
    endloop
  endfacet
  facet normal 0.098039 -2.02362e-21 0.995183
    outer loop
      vertex -32.7953 6 26.9159
      vertex -31.8198 -6 26.8198
      vertex -31.8198 6 26.8198
    endloop
  endfacet
  facet normal 0.098039 -2.02362e-21 0.995183
    outer loop
      vertex -31.8198 -6 26.8198
      vertex -32.7953 6 26.9159
      vertex -32.7953 -6 26.9159
    endloop
  endfacet
  facet normal -0.956951 0 0.290248
    outer loop
      vertex -27.2004 -6 29.9064
      vertex -26.9159 6 30.8444
      vertex -27.2004 6 29.9064
    endloop
  endfacet
  facet normal -0.956951 0 0.290248
    outer loop
      vertex -26.9159 6 30.8444
      vertex -27.2004 -6 29.9064
      vertex -26.9159 -6 30.8444
    endloop
  endfacet
  facet normal -0.995183 0 -0.098039
    outer loop
      vertex -26.8198 -6 31.8198
      vertex -26.9159 6 32.7953
      vertex -26.8198 6 31.8198
    endloop
  endfacet
  facet normal -0.995183 -0 -0.098039
    outer loop
      vertex -26.9159 6 32.7953
      vertex -26.8198 -6 31.8198
      vertex -26.9159 -6 32.7953
    endloop
  endfacet
  facet normal 0.290276 -1.20744e-18 0.956943
    outer loop
      vertex -33.7332 6 27.2004
      vertex -32.7953 -6 26.9159
      vertex -32.7953 6 26.9159
    endloop
  endfacet
  facet normal 0.290276 -1.20744e-18 0.956943
    outer loop
      vertex -32.7953 -6 26.9159
      vertex -33.7332 6 27.2004
      vertex -33.7332 -6 27.2004
    endloop
  endfacet
  facet normal 0.956943 0 -0.290276
    outer loop
      vertex -36.4392 -6 33.7332
      vertex -36.7237 6 32.7953
      vertex -36.4392 6 33.7332
    endloop
  endfacet
  facet normal 0.956943 0 -0.290276
    outer loop
      vertex -36.7237 6 32.7953
      vertex -36.4392 -6 33.7332
      vertex -36.7237 -6 32.7953
    endloop
  endfacet
  facet normal -0.773025 0 0.634376
    outer loop
      vertex -28.2843 -6 28.2843
      vertex -27.6625 6 29.042
      vertex -28.2843 6 28.2843
    endloop
  endfacet
  facet normal -0.773025 0 0.634376
    outer loop
      vertex -27.6625 6 29.042
      vertex -28.2843 -6 28.2843
      vertex -27.6625 -6 29.042
    endloop
  endfacet
  facet normal -0.098049 -3.17662e-19 0.995182
    outer loop
      vertex -31.8198 6 26.8198
      vertex -30.8444 -6 26.9159
      vertex -30.8444 6 26.9159
    endloop
  endfacet
  facet normal -0.098049 -3.17662e-19 0.995182
    outer loop
      vertex -30.8444 -6 26.9159
      vertex -31.8198 6 26.8198
      vertex -31.8198 -6 26.8198
    endloop
  endfacet
  facet normal -0.995182 0 0.098049
    outer loop
      vertex -26.9159 -6 30.8444
      vertex -26.8198 6 31.8198
      vertex -26.9159 6 30.8444
    endloop
  endfacet
  facet normal -0.995182 0 0.098049
    outer loop
      vertex -26.8198 6 31.8198
      vertex -26.9159 -6 30.8444
      vertex -26.8198 -6 31.8198
    endloop
  endfacet
  facet normal -0.634437 -8.70964e-19 -0.772975
    outer loop
      vertex -29.042 -6 35.9772
      vertex -28.2843 6 35.3553
      vertex -28.2843 -6 35.3553
    endloop
  endfacet
  facet normal -0.634437 -8.70964e-19 -0.772975
    outer loop
      vertex -28.2843 6 35.3553
      vertex -29.042 -6 35.9772
      vertex -29.042 6 35.9772
    endloop
  endfacet
  facet normal -0.098049 3.17662e-19 -0.995182
    outer loop
      vertex -31.8198 -6 36.8198
      vertex -30.8444 6 36.7237
      vertex -30.8444 -6 36.7237
    endloop
  endfacet
  facet normal -0.098049 3.17662e-19 -0.995182
    outer loop
      vertex -30.8444 6 36.7237
      vertex -31.8198 -6 36.8198
      vertex -31.8198 6 36.8198
    endloop
  endfacet
  facet normal 0.634426 1.66021e-18 0.772984
    outer loop
      vertex -35.3553 6 28.2843
      vertex -34.5977 -6 27.6625
      vertex -34.5977 6 27.6625
    endloop
  endfacet
  facet normal 0.634426 1.66021e-18 0.772984
    outer loop
      vertex -34.5977 -6 27.6625
      vertex -35.3553 6 28.2843
      vertex -35.3553 -6 28.2843
    endloop
  endfacet
  facet normal 0.772934 0 -0.634487
    outer loop
      vertex -35.3553 -6 35.3553
      vertex -35.9772 6 34.5977
      vertex -35.3553 6 35.3553
    endloop
  endfacet
  facet normal 0.772934 0 -0.634487
    outer loop
      vertex -35.9772 6 34.5977
      vertex -35.3553 -6 35.3553
      vertex -35.9772 -6 34.5977
    endloop
  endfacet
  facet normal 0.881935 -0 0.471372
    outer loop
      vertex -36.4392 -6 29.9064
      vertex -35.9772 6 29.042
      vertex -36.4392 6 29.9064
    endloop
  endfacet
  facet normal 0.881935 0 0.471372
    outer loop
      vertex -35.9772 6 29.042
      vertex -36.4392 -6 29.9064
      vertex -35.9772 -6 29.042
    endloop
  endfacet
  facet normal 0.995183 0 -0.098039
    outer loop
      vertex -36.7237 -6 32.7953
      vertex -36.8198 6 31.8198
      vertex -36.7237 6 32.7953
    endloop
  endfacet
  facet normal 0.995183 0 -0.098039
    outer loop
      vertex -36.8198 6 31.8198
      vertex -36.7237 -6 32.7953
      vertex -36.8198 -6 31.8198
    endloop
  endfacet
  facet normal -0.956943 0 -0.290276
    outer loop
      vertex -26.9159 -6 32.7953
      vertex -27.2004 6 33.7332
      vertex -26.9159 6 32.7953
    endloop
  endfacet
  facet normal -0.956943 -0 -0.290276
    outer loop
      vertex -27.2004 6 33.7332
      vertex -26.9159 -6 32.7953
      vertex -27.2004 -6 33.7332
    endloop
  endfacet
  facet normal 0.995182 -0 0.098049
    outer loop
      vertex -36.8198 -6 31.8198
      vertex -36.7237 6 30.8444
      vertex -36.8198 6 31.8198
    endloop
  endfacet
  facet normal 0.995182 0 0.098049
    outer loop
      vertex -36.7237 6 30.8444
      vertex -36.8198 -6 31.8198
      vertex -36.7237 -6 30.8444
    endloop
  endfacet
  facet normal -0.634376 1.99769e-18 0.773025
    outer loop
      vertex -29.042 6 27.6625
      vertex -28.2843 -6 28.2843
      vertex -28.2843 6 28.2843
    endloop
  endfacet
  facet normal -0.634376 1.99769e-18 0.773025
    outer loop
      vertex -28.2843 -6 28.2843
      vertex -29.042 6 27.6625
      vertex -29.042 -6 27.6625
    endloop
  endfacet
  facet normal 0.881957 0 -0.471329
    outer loop
      vertex -35.9772 -6 34.5977
      vertex -36.4392 6 33.7332
      vertex -35.9772 6 34.5977
    endloop
  endfacet
  facet normal 0.881957 0 -0.471329
    outer loop
      vertex -36.4392 6 33.7332
      vertex -35.9772 -6 34.5977
      vertex -36.4392 -6 33.7332
    endloop
  endfacet
  facet normal -0.290248 -8.50548e-19 0.956951
    outer loop
      vertex -30.8444 6 26.9159
      vertex -29.9064 -6 27.2004
      vertex -29.9064 6 27.2004
    endloop
  endfacet
  facet normal -0.290248 -8.50548e-19 0.956951
    outer loop
      vertex -29.9064 -6 27.2004
      vertex -30.8444 6 26.9159
      vertex -30.8444 -6 26.9159
    endloop
  endfacet
  facet normal -0.290248 6.99527e-19 -0.956951
    outer loop
      vertex -30.8444 -6 36.7237
      vertex -29.9064 6 36.4392
      vertex -29.9064 -6 36.4392
    endloop
  endfacet
  facet normal -0.290248 6.99527e-19 -0.956951
    outer loop
      vertex -29.9064 6 36.4392
      vertex -30.8444 -6 36.7237
      vertex -30.8444 6 36.7237
    endloop
  endfacet
  facet normal -0.471451 -8.50707e-19 0.881892
    outer loop
      vertex -29.9064 6 27.2004
      vertex -29.042 -6 27.6625
      vertex -29.042 6 27.6625
    endloop
  endfacet
  facet normal -0.471451 -8.50707e-19 0.881892
    outer loop
      vertex -29.042 -6 27.6625
      vertex -29.9064 6 27.2004
      vertex -29.9064 -6 27.2004
    endloop
  endfacet
  facet normal 0.471409 -9.27151e-19 0.881915
    outer loop
      vertex -34.5977 6 27.6625
      vertex -33.7332 -6 27.2004
      vertex -33.7332 6 27.2004
    endloop
  endfacet
  facet normal 0.471409 -9.27151e-19 0.881915
    outer loop
      vertex -33.7332 -6 27.2004
      vertex -34.5977 6 27.6625
      vertex -34.5977 -6 27.6625
    endloop
  endfacet
  facet normal 0.772975 -0 0.634437
    outer loop
      vertex -35.9772 -6 29.042
      vertex -35.3553 6 28.2843
      vertex -35.9772 6 29.042
    endloop
  endfacet
  facet normal 0.772975 0 0.634437
    outer loop
      vertex -35.3553 6 28.2843
      vertex -35.9772 -6 29.042
      vertex -35.3553 -6 28.2843
    endloop
  endfacet
  facet normal 0.956951 -0 0.290248
    outer loop
      vertex -36.7237 -6 30.8444
      vertex -36.4392 6 29.9064
      vertex -36.7237 6 30.8444
    endloop
  endfacet
  facet normal 0.956951 0 0.290248
    outer loop
      vertex -36.4392 6 29.9064
      vertex -36.7237 -6 30.8444
      vertex -36.4392 -6 29.9064
    endloop
  endfacet
  facet normal -0.772984 0 -0.634426
    outer loop
      vertex -27.6625 -6 34.5977
      vertex -28.2843 6 35.3553
      vertex -27.6625 6 34.5977
    endloop
  endfacet
  facet normal -0.772984 -0 -0.634426
    outer loop
      vertex -28.2843 6 35.3553
      vertex -27.6625 -6 34.5977
      vertex -28.2843 -6 35.3553
    endloop
  endfacet
  facet normal -0.881915 0 -0.471409
    outer loop
      vertex -27.2004 -6 33.7332
      vertex -27.6625 6 34.5977
      vertex -27.2004 6 33.7332
    endloop
  endfacet
  facet normal -0.881915 -0 -0.471409
    outer loop
      vertex -27.6625 6 34.5977
      vertex -27.2004 -6 33.7332
      vertex -27.6625 -6 34.5977
    endloop
  endfacet
  facet normal 0.471329 2.07832e-18 -0.881957
    outer loop
      vertex -34.5977 -6 35.9772
      vertex -33.7332 6 36.4392
      vertex -33.7332 -6 36.4392
    endloop
  endfacet
  facet normal 0.471329 2.07832e-18 -0.881957
    outer loop
      vertex -33.7332 6 36.4392
      vertex -34.5977 -6 35.9772
      vertex -34.5977 6 35.9772
    endloop
  endfacet
  facet normal -0.471372 -8.64873e-19 -0.881935
    outer loop
      vertex -29.9064 -6 36.4392
      vertex -29.042 6 35.9772
      vertex -29.042 -6 35.9772
    endloop
  endfacet
  facet normal -0.471372 -8.64873e-19 -0.881935
    outer loop
      vertex -29.042 6 35.9772
      vertex -29.9064 -6 36.4392
      vertex -29.9064 6 36.4392
    endloop
  endfacet
  facet normal 0.098039 2.02362e-21 -0.995183
    outer loop
      vertex -32.7953 -6 36.7237
      vertex -31.8198 6 36.8198
      vertex -31.8198 -6 36.8198
    endloop
  endfacet
  facet normal 0.098039 2.02362e-21 -0.995183
    outer loop
      vertex -31.8198 6 36.8198
      vertex -32.7953 -6 36.7237
      vertex -32.7953 6 36.7237
    endloop
  endfacet
  facet normal 0.290276 1.32826e-18 -0.956943
    outer loop
      vertex -33.7332 -6 36.4392
      vertex -32.7953 6 36.7237
      vertex -32.7953 -6 36.7237
    endloop
  endfacet
  facet normal 0.290276 1.32826e-18 -0.956943
    outer loop
      vertex -32.7953 6 36.7237
      vertex -33.7332 -6 36.4392
      vertex -33.7332 6 36.4392
    endloop
  endfacet
  facet normal 0.634487 1.42881e-18 -0.772934
    outer loop
      vertex -35.3553 -6 35.3553
      vertex -34.5977 6 35.9772
      vertex -34.5977 -6 35.9772
    endloop
  endfacet
  facet normal 0.634487 1.42881e-18 -0.772934
    outer loop
      vertex -34.5977 6 35.9772
      vertex -35.3553 -6 35.3553
      vertex -35.3553 6 35.3553
    endloop
  endfacet
  facet normal -0.956943 0 0.290276
    outer loop
      vertex -27.2004 -6 -33.7332
      vertex -26.9159 6 -32.7953
      vertex -27.2004 6 -33.7332
    endloop
  endfacet
  facet normal -0.956943 0 0.290276
    outer loop
      vertex -26.9159 6 -32.7953
      vertex -27.2004 -6 -33.7332
      vertex -26.9159 -6 -32.7953
    endloop
  endfacet
  facet normal -0.995183 0 0.098039
    outer loop
      vertex -26.9159 -6 -32.7953
      vertex -26.8198 6 -31.8198
      vertex -26.9159 6 -32.7953
    endloop
  endfacet
  facet normal -0.995183 0 0.098039
    outer loop
      vertex -26.8198 6 -31.8198
      vertex -26.9159 -6 -32.7953
      vertex -26.8198 -6 -31.8198
    endloop
  endfacet
  facet normal -0.881915 0 0.471409
    outer loop
      vertex -27.6625 -6 -34.5977
      vertex -27.2004 6 -33.7332
      vertex -27.6625 6 -34.5977
    endloop
  endfacet
  facet normal -0.881915 0 0.471409
    outer loop
      vertex -27.2004 6 -33.7332
      vertex -27.6625 -6 -34.5977
      vertex -27.2004 -6 -33.7332
    endloop
  endfacet
  facet normal 0.634487 -1.42881e-18 0.772934
    outer loop
      vertex -35.3553 6 -35.3553
      vertex -34.5977 -6 -35.9772
      vertex -34.5977 6 -35.9772
    endloop
  endfacet
  facet normal 0.634487 -1.42881e-18 0.772934
    outer loop
      vertex -34.5977 -6 -35.9772
      vertex -35.3553 6 -35.3553
      vertex -35.3553 -6 -35.3553
    endloop
  endfacet
  facet normal -0.471372 8.64873e-19 0.881935
    outer loop
      vertex -29.9064 6 -36.4392
      vertex -29.042 -6 -35.9772
      vertex -29.042 6 -35.9772
    endloop
  endfacet
  facet normal -0.471372 8.64873e-19 0.881935
    outer loop
      vertex -29.042 -6 -35.9772
      vertex -29.9064 6 -36.4392
      vertex -29.9064 -6 -36.4392
    endloop
  endfacet
  facet normal -0.634376 -1.99769e-18 -0.773025
    outer loop
      vertex -29.042 -6 -27.6625
      vertex -28.2843 6 -28.2843
      vertex -28.2843 -6 -28.2843
    endloop
  endfacet
  facet normal -0.634376 -1.99769e-18 -0.773025
    outer loop
      vertex -28.2843 6 -28.2843
      vertex -29.042 -6 -27.6625
      vertex -29.042 6 -27.6625
    endloop
  endfacet
  facet normal 0.956943 -0 0.290276
    outer loop
      vertex -36.7237 -6 -32.7953
      vertex -36.4392 6 -33.7332
      vertex -36.7237 6 -32.7953
    endloop
  endfacet
  facet normal 0.956943 0 0.290276
    outer loop
      vertex -36.4392 6 -33.7332
      vertex -36.7237 -6 -32.7953
      vertex -36.4392 -6 -33.7332
    endloop
  endfacet
  facet normal -0.995182 0 -0.098049
    outer loop
      vertex -26.8198 -6 -31.8198
      vertex -26.9159 6 -30.8444
      vertex -26.8198 6 -31.8198
    endloop
  endfacet
  facet normal -0.995182 -0 -0.098049
    outer loop
      vertex -26.9159 6 -30.8444
      vertex -26.8198 -6 -31.8198
      vertex -26.9159 -6 -30.8444
    endloop
  endfacet
  facet normal 0.290276 -1.32826e-18 0.956943
    outer loop
      vertex -33.7332 6 -36.4392
      vertex -32.7953 -6 -36.7237
      vertex -32.7953 6 -36.7237
    endloop
  endfacet
  facet normal 0.290276 -1.32826e-18 0.956943
    outer loop
      vertex -32.7953 -6 -36.7237
      vertex -33.7332 6 -36.4392
      vertex -33.7332 -6 -36.4392
    endloop
  endfacet
  facet normal -0.772984 0 0.634426
    outer loop
      vertex -28.2843 -6 -35.3553
      vertex -27.6625 6 -34.5977
      vertex -28.2843 6 -35.3553
    endloop
  endfacet
  facet normal -0.772984 0 0.634426
    outer loop
      vertex -27.6625 6 -34.5977
      vertex -28.2843 -6 -35.3553
      vertex -27.6625 -6 -34.5977
    endloop
  endfacet
  facet normal -0.471451 8.50707e-19 -0.881892
    outer loop
      vertex -29.9064 -6 -27.2004
      vertex -29.042 6 -27.6625
      vertex -29.042 -6 -27.6625
    endloop
  endfacet
  facet normal -0.471451 8.50707e-19 -0.881892
    outer loop
      vertex -29.042 6 -27.6625
      vertex -29.9064 -6 -27.2004
      vertex -29.9064 6 -27.2004
    endloop
  endfacet
  facet normal -0.881892 0 -0.471451
    outer loop
      vertex -27.2004 -6 -29.9064
      vertex -27.6625 6 -29.042
      vertex -27.2004 6 -29.9064
    endloop
  endfacet
  facet normal -0.881892 -0 -0.471451
    outer loop
      vertex -27.6625 6 -29.042
      vertex -27.2004 -6 -29.9064
      vertex -27.6625 -6 -29.042
    endloop
  endfacet
  facet normal 0.098039 2.02362e-21 -0.995183
    outer loop
      vertex -32.7953 -6 -26.9159
      vertex -31.8198 6 -26.8198
      vertex -31.8198 -6 -26.8198
    endloop
  endfacet
  facet normal 0.098039 2.02362e-21 -0.995183
    outer loop
      vertex -31.8198 6 -26.8198
      vertex -32.7953 -6 -26.9159
      vertex -32.7953 6 -26.9159
    endloop
  endfacet
  facet normal -0.956951 0 -0.290248
    outer loop
      vertex -26.9159 -6 -30.8444
      vertex -27.2004 6 -29.9064
      vertex -26.9159 6 -30.8444
    endloop
  endfacet
  facet normal -0.956951 -0 -0.290248
    outer loop
      vertex -27.2004 6 -29.9064
      vertex -26.9159 -6 -30.8444
      vertex -27.2004 -6 -29.9064
    endloop
  endfacet
  facet normal 0.634426 -1.66021e-18 -0.772984
    outer loop
      vertex -35.3553 -6 -28.2843
      vertex -34.5977 6 -27.6625
      vertex -34.5977 -6 -27.6625
    endloop
  endfacet
  facet normal 0.634426 -1.66021e-18 -0.772984
    outer loop
      vertex -34.5977 6 -27.6625
      vertex -35.3553 -6 -28.2843
      vertex -35.3553 6 -28.2843
    endloop
  endfacet
  facet normal -0.098049 3.17662e-19 -0.995182
    outer loop
      vertex -31.8198 -6 -26.8198
      vertex -30.8444 6 -26.9159
      vertex -30.8444 -6 -26.9159
    endloop
  endfacet
  facet normal -0.098049 3.17662e-19 -0.995182
    outer loop
      vertex -30.8444 6 -26.9159
      vertex -31.8198 -6 -26.8198
      vertex -31.8198 6 -26.8198
    endloop
  endfacet
  facet normal -0.290248 8.50548e-19 -0.956951
    outer loop
      vertex -30.8444 -6 -26.9159
      vertex -29.9064 6 -27.2004
      vertex -29.9064 -6 -27.2004
    endloop
  endfacet
  facet normal -0.290248 8.50548e-19 -0.956951
    outer loop
      vertex -29.9064 6 -27.2004
      vertex -30.8444 -6 -26.9159
      vertex -30.8444 6 -26.9159
    endloop
  endfacet
  facet normal -0.098049 -3.17662e-19 0.995182
    outer loop
      vertex -31.8198 6 -36.8198
      vertex -30.8444 -6 -36.7237
      vertex -30.8444 6 -36.7237
    endloop
  endfacet
  facet normal -0.098049 -3.17662e-19 0.995182
    outer loop
      vertex -30.8444 -6 -36.7237
      vertex -31.8198 6 -36.8198
      vertex -31.8198 -6 -36.8198
    endloop
  endfacet
  facet normal 0.772934 -0 0.634487
    outer loop
      vertex -35.9772 -6 -34.5977
      vertex -35.3553 6 -35.3553
      vertex -35.9772 6 -34.5977
    endloop
  endfacet
  facet normal 0.772934 0 0.634487
    outer loop
      vertex -35.3553 6 -35.3553
      vertex -35.9772 -6 -34.5977
      vertex -35.3553 -6 -35.3553
    endloop
  endfacet
  facet normal 0.290276 1.20744e-18 -0.956943
    outer loop
      vertex -33.7332 -6 -27.2004
      vertex -32.7953 6 -26.9159
      vertex -32.7953 -6 -26.9159
    endloop
  endfacet
  facet normal 0.290276 1.20744e-18 -0.956943
    outer loop
      vertex -32.7953 6 -26.9159
      vertex -33.7332 -6 -27.2004
      vertex -33.7332 6 -27.2004
    endloop
  endfacet
  facet normal 0.881935 0 -0.471372
    outer loop
      vertex -35.9772 -6 -29.042
      vertex -36.4392 6 -29.9064
      vertex -35.9772 6 -29.042
    endloop
  endfacet
  facet normal 0.881935 0 -0.471372
    outer loop
      vertex -36.4392 6 -29.9064
      vertex -35.9772 -6 -29.042
      vertex -36.4392 -6 -29.9064
    endloop
  endfacet
  facet normal 0.881957 -0 0.471329
    outer loop
      vertex -36.4392 -6 -33.7332
      vertex -35.9772 6 -34.5977
      vertex -36.4392 6 -33.7332
    endloop
  endfacet
  facet normal 0.881957 0 0.471329
    outer loop
      vertex -35.9772 6 -34.5977
      vertex -36.4392 -6 -33.7332
      vertex -35.9772 -6 -34.5977
    endloop
  endfacet
  facet normal 0.995183 -0 0.098039
    outer loop
      vertex -36.8198 -6 -31.8198
      vertex -36.7237 6 -32.7953
      vertex -36.8198 6 -31.8198
    endloop
  endfacet
  facet normal 0.995183 0 0.098039
    outer loop
      vertex -36.7237 6 -32.7953
      vertex -36.8198 -6 -31.8198
      vertex -36.7237 -6 -32.7953
    endloop
  endfacet
  facet normal 0.471409 9.27151e-19 -0.881915
    outer loop
      vertex -34.5977 -6 -27.6625
      vertex -33.7332 6 -27.2004
      vertex -33.7332 -6 -27.2004
    endloop
  endfacet
  facet normal 0.471409 9.27151e-19 -0.881915
    outer loop
      vertex -33.7332 6 -27.2004
      vertex -34.5977 -6 -27.6625
      vertex -34.5977 6 -27.6625
    endloop
  endfacet
  facet normal -0.290248 -6.99527e-19 0.956951
    outer loop
      vertex -30.8444 6 -36.7237
      vertex -29.9064 -6 -36.4392
      vertex -29.9064 6 -36.4392
    endloop
  endfacet
  facet normal -0.290248 -6.99527e-19 0.956951
    outer loop
      vertex -29.9064 -6 -36.4392
      vertex -30.8444 6 -36.7237
      vertex -30.8444 -6 -36.7237
    endloop
  endfacet
  facet normal -0.634437 8.70964e-19 0.772975
    outer loop
      vertex -29.042 6 -35.9772
      vertex -28.2843 -6 -35.3553
      vertex -28.2843 6 -35.3553
    endloop
  endfacet
  facet normal -0.634437 8.70964e-19 0.772975
    outer loop
      vertex -28.2843 -6 -35.3553
      vertex -29.042 6 -35.9772
      vertex -29.042 -6 -35.9772
    endloop
  endfacet
  facet normal 0.471329 -2.07832e-18 0.881957
    outer loop
      vertex -34.5977 6 -35.9772
      vertex -33.7332 -6 -36.4392
      vertex -33.7332 6 -36.4392
    endloop
  endfacet
  facet normal 0.471329 -2.07832e-18 0.881957
    outer loop
      vertex -33.7332 -6 -36.4392
      vertex -34.5977 6 -35.9772
      vertex -34.5977 -6 -35.9772
    endloop
  endfacet
  facet normal 0.098039 -2.02362e-21 0.995183
    outer loop
      vertex -32.7953 6 -36.7237
      vertex -31.8198 -6 -36.8198
      vertex -31.8198 6 -36.8198
    endloop
  endfacet
  facet normal 0.098039 -2.02362e-21 0.995183
    outer loop
      vertex -31.8198 -6 -36.8198
      vertex -32.7953 6 -36.7237
      vertex -32.7953 -6 -36.7237
    endloop
  endfacet
  facet normal 0.956951 0 -0.290248
    outer loop
      vertex -36.4392 -6 -29.9064
      vertex -36.7237 6 -30.8444
      vertex -36.4392 6 -29.9064
    endloop
  endfacet
  facet normal 0.956951 0 -0.290248
    outer loop
      vertex -36.7237 6 -30.8444
      vertex -36.4392 -6 -29.9064
      vertex -36.7237 -6 -30.8444
    endloop
  endfacet
  facet normal 0.995182 0 -0.098049
    outer loop
      vertex -36.7237 -6 -30.8444
      vertex -36.8198 6 -31.8198
      vertex -36.7237 6 -30.8444
    endloop
  endfacet
  facet normal 0.995182 0 -0.098049
    outer loop
      vertex -36.8198 6 -31.8198
      vertex -36.7237 -6 -30.8444
      vertex -36.8198 -6 -31.8198
    endloop
  endfacet
  facet normal -0.773025 0 -0.634376
    outer loop
      vertex -27.6625 -6 -29.042
      vertex -28.2843 6 -28.2843
      vertex -27.6625 6 -29.042
    endloop
  endfacet
  facet normal -0.773025 -0 -0.634376
    outer loop
      vertex -28.2843 6 -28.2843
      vertex -27.6625 -6 -29.042
      vertex -28.2843 -6 -28.2843
    endloop
  endfacet
  facet normal 0.772975 0 -0.634437
    outer loop
      vertex -35.3553 -6 -28.2843
      vertex -35.9772 6 -29.042
      vertex -35.3553 6 -28.2843
    endloop
  endfacet
  facet normal 0.772975 0 -0.634437
    outer loop
      vertex -35.9772 6 -29.042
      vertex -35.3553 -6 -28.2843
      vertex -35.9772 -6 -29.042
    endloop
  endfacet
  facet normal -0.290276 -1.20744e-18 -0.956943
    outer loop
      vertex 32.7953 -6 -26.9159
      vertex 33.7332 6 -27.2004
      vertex 33.7332 -6 -27.2004
    endloop
  endfacet
  facet normal -0.290276 -1.20744e-18 -0.956943
    outer loop
      vertex 33.7332 6 -27.2004
      vertex 32.7953 -6 -26.9159
      vertex 32.7953 6 -26.9159
    endloop
  endfacet
  facet normal -0.956943 0 0.290276
    outer loop
      vertex 36.4392 -6 -33.7332
      vertex 36.7237 6 -32.7953
      vertex 36.4392 6 -33.7332
    endloop
  endfacet
  facet normal -0.956943 0 0.290276
    outer loop
      vertex 36.7237 6 -32.7953
      vertex 36.4392 -6 -33.7332
      vertex 36.7237 -6 -32.7953
    endloop
  endfacet
  facet normal -0.995183 0 0.098039
    outer loop
      vertex 36.7237 -6 -32.7953
      vertex 36.8198 6 -31.8198
      vertex 36.7237 6 -32.7953
    endloop
  endfacet
  facet normal -0.995183 0 0.098039
    outer loop
      vertex 36.8198 6 -31.8198
      vertex 36.7237 -6 -32.7953
      vertex 36.8198 -6 -31.8198
    endloop
  endfacet
  facet normal -0.881957 0 0.471329
    outer loop
      vertex 35.9772 -6 -34.5977
      vertex 36.4392 6 -33.7332
      vertex 35.9772 6 -34.5977
    endloop
  endfacet
  facet normal -0.881957 0 0.471329
    outer loop
      vertex 36.4392 6 -33.7332
      vertex 35.9772 -6 -34.5977
      vertex 36.4392 -6 -33.7332
    endloop
  endfacet
  facet normal 0.881892 0 -0.471451
    outer loop
      vertex 27.6625 -6 -29.042
      vertex 27.2004 6 -29.9064
      vertex 27.6625 6 -29.042
    endloop
  endfacet
  facet normal 0.881892 0 -0.471451
    outer loop
      vertex 27.2004 6 -29.9064
      vertex 27.6625 -6 -29.042
      vertex 27.2004 -6 -29.9064
    endloop
  endfacet
  facet normal -0.290276 1.32826e-18 0.956943
    outer loop
      vertex 32.7953 6 -36.7237
      vertex 33.7332 -6 -36.4392
      vertex 33.7332 6 -36.4392
    endloop
  endfacet
  facet normal -0.290276 1.32826e-18 0.956943
    outer loop
      vertex 33.7332 -6 -36.4392
      vertex 32.7953 6 -36.7237
      vertex 32.7953 -6 -36.7237
    endloop
  endfacet
  facet normal 0.098049 3.17662e-19 0.995182
    outer loop
      vertex 30.8444 6 -36.7237
      vertex 31.8198 -6 -36.8198
      vertex 31.8198 6 -36.8198
    endloop
  endfacet
  facet normal 0.098049 3.17662e-19 0.995182
    outer loop
      vertex 31.8198 -6 -36.8198
      vertex 30.8444 6 -36.7237
      vertex 30.8444 -6 -36.7237
    endloop
  endfacet
  facet normal 0.471451 -8.50707e-19 -0.881892
    outer loop
      vertex 29.042 -6 -27.6625
      vertex 29.9064 6 -27.2004
      vertex 29.9064 -6 -27.2004
    endloop
  endfacet
  facet normal 0.471451 -8.50707e-19 -0.881892
    outer loop
      vertex 29.9064 6 -27.2004
      vertex 29.042 -6 -27.6625
      vertex 29.042 6 -27.6625
    endloop
  endfacet
  facet normal 0.471372 -8.64873e-19 0.881935
    outer loop
      vertex 29.042 6 -35.9772
      vertex 29.9064 -6 -36.4392
      vertex 29.9064 6 -36.4392
    endloop
  endfacet
  facet normal 0.471372 -8.64873e-19 0.881935
    outer loop
      vertex 29.9064 -6 -36.4392
      vertex 29.042 6 -35.9772
      vertex 29.042 -6 -35.9772
    endloop
  endfacet
  facet normal -0.471409 -9.27151e-19 -0.881915
    outer loop
      vertex 33.7332 -6 -27.2004
      vertex 34.5977 6 -27.6625
      vertex 34.5977 -6 -27.6625
    endloop
  endfacet
  facet normal -0.471409 -9.27151e-19 -0.881915
    outer loop
      vertex 34.5977 6 -27.6625
      vertex 33.7332 -6 -27.2004
      vertex 33.7332 6 -27.2004
    endloop
  endfacet
  facet normal 0.772984 -0 0.634426
    outer loop
      vertex 27.6625 -6 -34.5977
      vertex 28.2843 6 -35.3553
      vertex 27.6625 6 -34.5977
    endloop
  endfacet
  facet normal 0.772984 0 0.634426
    outer loop
      vertex 28.2843 6 -35.3553
      vertex 27.6625 -6 -34.5977
      vertex 28.2843 -6 -35.3553
    endloop
  endfacet
  facet normal -0.772934 0 0.634487
    outer loop
      vertex 35.3553 -6 -35.3553
      vertex 35.9772 6 -34.5977
      vertex 35.3553 6 -35.3553
    endloop
  endfacet
  facet normal -0.772934 0 0.634487
    outer loop
      vertex 35.9772 6 -34.5977
      vertex 35.3553 -6 -35.3553
      vertex 35.9772 -6 -34.5977
    endloop
  endfacet
  facet normal -0.772975 0 -0.634437
    outer loop
      vertex 35.9772 -6 -29.042
      vertex 35.3553 6 -28.2843
      vertex 35.9772 6 -29.042
    endloop
  endfacet
  facet normal -0.772975 -0 -0.634437
    outer loop
      vertex 35.3553 6 -28.2843
      vertex 35.9772 -6 -29.042
      vertex 35.3553 -6 -28.2843
    endloop
  endfacet
  facet normal 0.098049 -3.17662e-19 -0.995182
    outer loop
      vertex 30.8444 -6 -26.9159
      vertex 31.8198 6 -26.8198
      vertex 31.8198 -6 -26.8198
    endloop
  endfacet
  facet normal 0.098049 -3.17662e-19 -0.995182
    outer loop
      vertex 31.8198 6 -26.8198
      vertex 30.8444 -6 -26.9159
      vertex 30.8444 6 -26.9159
    endloop
  endfacet
  facet normal 0.290248 6.99527e-19 0.956951
    outer loop
      vertex 29.9064 6 -36.4392
      vertex 30.8444 -6 -36.7237
      vertex 30.8444 6 -36.7237
    endloop
  endfacet
  facet normal 0.290248 6.99527e-19 0.956951
    outer loop
      vertex 30.8444 -6 -36.7237
      vertex 29.9064 6 -36.4392
      vertex 29.9064 -6 -36.4392
    endloop
  endfacet
  facet normal -0.634426 1.66021e-18 -0.772984
    outer loop
      vertex 34.5977 -6 -27.6625
      vertex 35.3553 6 -28.2843
      vertex 35.3553 -6 -28.2843
    endloop
  endfacet
  facet normal -0.634426 1.66021e-18 -0.772984
    outer loop
      vertex 35.3553 6 -28.2843
      vertex 34.5977 -6 -27.6625
      vertex 34.5977 6 -27.6625
    endloop
  endfacet
  facet normal -0.995182 0 -0.098049
    outer loop
      vertex 36.8198 -6 -31.8198
      vertex 36.7237 6 -30.8444
      vertex 36.8198 6 -31.8198
    endloop
  endfacet
  facet normal -0.995182 -0 -0.098049
    outer loop
      vertex 36.7237 6 -30.8444
      vertex 36.8198 -6 -31.8198
      vertex 36.7237 -6 -30.8444
    endloop
  endfacet
  facet normal 0.290248 -8.50548e-19 -0.956951
    outer loop
      vertex 29.9064 -6 -27.2004
      vertex 30.8444 6 -26.9159
      vertex 30.8444 -6 -26.9159
    endloop
  endfacet
  facet normal 0.290248 -8.50548e-19 -0.956951
    outer loop
      vertex 30.8444 6 -26.9159
      vertex 29.9064 -6 -27.2004
      vertex 29.9064 6 -27.2004
    endloop
  endfacet
  facet normal -0.956951 0 -0.290248
    outer loop
      vertex 36.7237 -6 -30.8444
      vertex 36.4392 6 -29.9064
      vertex 36.7237 6 -30.8444
    endloop
  endfacet
  facet normal -0.956951 -0 -0.290248
    outer loop
      vertex 36.4392 6 -29.9064
      vertex 36.7237 -6 -30.8444
      vertex 36.4392 -6 -29.9064
    endloop
  endfacet
  facet normal 0.956951 0 -0.290248
    outer loop
      vertex 27.2004 -6 -29.9064
      vertex 26.9159 6 -30.8444
      vertex 27.2004 6 -29.9064
    endloop
  endfacet
  facet normal 0.956951 0 -0.290248
    outer loop
      vertex 26.9159 6 -30.8444
      vertex 27.2004 -6 -29.9064
      vertex 26.9159 -6 -30.8444
    endloop
  endfacet
  facet normal -0.881935 0 -0.471372
    outer loop
      vertex 36.4392 -6 -29.9064
      vertex 35.9772 6 -29.042
      vertex 36.4392 6 -29.9064
    endloop
  endfacet
  facet normal -0.881935 -0 -0.471372
    outer loop
      vertex 35.9772 6 -29.042
      vertex 36.4392 -6 -29.9064
      vertex 35.9772 -6 -29.042
    endloop
  endfacet
  facet normal 0.995183 -0 0.098039
    outer loop
      vertex 26.8198 -6 -31.8198
      vertex 26.9159 6 -32.7953
      vertex 26.8198 6 -31.8198
    endloop
  endfacet
  facet normal 0.995183 0 0.098039
    outer loop
      vertex 26.9159 6 -32.7953
      vertex 26.8198 -6 -31.8198
      vertex 26.9159 -6 -32.7953
    endloop
  endfacet
  facet normal -0.098039 2.02362e-21 0.995183
    outer loop
      vertex 31.8198 6 -36.8198
      vertex 32.7953 -6 -36.7237
      vertex 32.7953 6 -36.7237
    endloop
  endfacet
  facet normal -0.098039 2.02362e-21 0.995183
    outer loop
      vertex 32.7953 -6 -36.7237
      vertex 31.8198 6 -36.8198
      vertex 31.8198 -6 -36.8198
    endloop
  endfacet
  facet normal 0.634437 -8.70964e-19 0.772975
    outer loop
      vertex 28.2843 6 -35.3553
      vertex 29.042 -6 -35.9772
      vertex 29.042 6 -35.9772
    endloop
  endfacet
  facet normal 0.634437 -8.70964e-19 0.772975
    outer loop
      vertex 29.042 -6 -35.9772
      vertex 28.2843 6 -35.3553
      vertex 28.2843 -6 -35.3553
    endloop
  endfacet
  facet normal -0.634487 1.42881e-18 0.772934
    outer loop
      vertex 34.5977 6 -35.9772
      vertex 35.3553 -6 -35.3553
      vertex 35.3553 6 -35.3553
    endloop
  endfacet
  facet normal -0.634487 1.42881e-18 0.772934
    outer loop
      vertex 35.3553 -6 -35.3553
      vertex 34.5977 6 -35.9772
      vertex 34.5977 -6 -35.9772
    endloop
  endfacet
  facet normal -0.098039 -2.02362e-21 -0.995183
    outer loop
      vertex 31.8198 -6 -26.8198
      vertex 32.7953 6 -26.9159
      vertex 32.7953 -6 -26.9159
    endloop
  endfacet
  facet normal -0.098039 -2.02362e-21 -0.995183
    outer loop
      vertex 32.7953 6 -26.9159
      vertex 31.8198 -6 -26.8198
      vertex 31.8198 6 -26.8198
    endloop
  endfacet
  facet normal -0.471329 2.07832e-18 0.881957
    outer loop
      vertex 33.7332 6 -36.4392
      vertex 34.5977 -6 -35.9772
      vertex 34.5977 6 -35.9772
    endloop
  endfacet
  facet normal -0.471329 2.07832e-18 0.881957
    outer loop
      vertex 34.5977 -6 -35.9772
      vertex 33.7332 6 -36.4392
      vertex 33.7332 -6 -36.4392
    endloop
  endfacet
  facet normal 0.773025 0 -0.634376
    outer loop
      vertex 28.2843 -6 -28.2843
      vertex 27.6625 6 -29.042
      vertex 28.2843 6 -28.2843
    endloop
  endfacet
  facet normal 0.773025 0 -0.634376
    outer loop
      vertex 27.6625 6 -29.042
      vertex 28.2843 -6 -28.2843
      vertex 27.6625 -6 -29.042
    endloop
  endfacet
  facet normal 0.634376 1.99769e-18 -0.773025
    outer loop
      vertex 28.2843 -6 -28.2843
      vertex 29.042 6 -27.6625
      vertex 29.042 -6 -27.6625
    endloop
  endfacet
  facet normal 0.634376 1.99769e-18 -0.773025
    outer loop
      vertex 29.042 6 -27.6625
      vertex 28.2843 -6 -28.2843
      vertex 28.2843 6 -28.2843
    endloop
  endfacet
  facet normal 0.956943 -0 0.290276
    outer loop
      vertex 26.9159 -6 -32.7953
      vertex 27.2004 6 -33.7332
      vertex 26.9159 6 -32.7953
    endloop
  endfacet
  facet normal 0.956943 0 0.290276
    outer loop
      vertex 27.2004 6 -33.7332
      vertex 26.9159 -6 -32.7953
      vertex 27.2004 -6 -33.7332
    endloop
  endfacet
  facet normal 0.881915 -0 0.471409
    outer loop
      vertex 27.2004 -6 -33.7332
      vertex 27.6625 6 -34.5977
      vertex 27.2004 6 -33.7332
    endloop
  endfacet
  facet normal 0.881915 0 0.471409
    outer loop
      vertex 27.6625 6 -34.5977
      vertex 27.2004 -6 -33.7332
      vertex 27.6625 -6 -34.5977
    endloop
  endfacet
  facet normal 0.995182 0 -0.098049
    outer loop
      vertex 26.9159 -6 -30.8444
      vertex 26.8198 6 -31.8198
      vertex 26.9159 6 -30.8444
    endloop
  endfacet
  facet normal 0.995182 0 -0.098049
    outer loop
      vertex 26.8198 6 -31.8198
      vertex 26.9159 -6 -30.8444
      vertex 26.8198 -6 -31.8198
    endloop
  endfacet
  facet normal 0.999464 0 -0.0327281
    outer loop
      vertex 60 -6 0
      vertex 59.8715 6 -3.92419
      vertex 60 6 0
    endloop
  endfacet
  facet normal 0.999464 0 -0.0327281
    outer loop
      vertex 59.8715 6 -3.92419
      vertex 60 -6 0
      vertex 59.8715 -6 -3.92419
    endloop
  endfacet
  facet normal 0.956938 -0 0.290293
    outer loop
      vertex 56.8158 -6 19.2864
      vertex 57.9556 6 15.5291
      vertex 56.8158 6 19.2864
    endloop
  endfacet
  facet normal 0.956938 0 0.290293
    outer loop
      vertex 57.9556 6 15.5291
      vertex 56.8158 -6 19.2864
      vertex 57.9556 -6 15.5291
    endloop
  endfacet
  facet normal 0.162902 1.49258e-18 0.986642
    outer loop
      vertex 7.83157 6 59.4867
      vertex 11.7054 -6 58.8471
      vertex 11.7054 6 58.8471
    endloop
  endfacet
  facet normal 0.162902 1.49258e-18 0.986642
    outer loop
      vertex 11.7054 -6 58.8471
      vertex 7.83157 6 59.4867
      vertex 7.83157 -6 59.4867
    endloop
  endfacet
  facet normal 0.290293 4.51856e-18 -0.956938
    outer loop
      vertex 15.5291 -6 -57.9556
      vertex 19.2864 6 -56.8158
      vertex 19.2864 -6 -56.8158
    endloop
  endfacet
  facet normal 0.290293 4.51856e-18 -0.956938
    outer loop
      vertex 19.2864 6 -56.8158
      vertex 15.5291 -6 -57.9556
      vertex 15.5291 6 -57.9556
    endloop
  endfacet
  facet normal -0.683589 -4.93537e-18 0.729867
    outer loop
      vertex -42.4264 6 42.4264
      vertex -39.5607 -6 45.1104
      vertex -39.5607 6 45.1104
    endloop
  endfacet
  facet normal -0.683589 -4.93537e-18 0.729867
    outer loop
      vertex -39.5607 -6 45.1104
      vertex -42.4264 6 42.4264
      vertex -42.4264 -6 42.4264
    endloop
  endfacet
  facet normal 0.582478 2.10467e-18 -0.812846
    outer loop
      vertex 33.3342 -6 -49.8882
      vertex 36.5257 6 -47.6012
      vertex 36.5257 -6 -47.6012
    endloop
  endfacet
  facet normal 0.582478 2.10467e-18 -0.812846
    outer loop
      vertex 36.5257 6 -47.6012
      vertex 33.3342 -6 -49.8882
      vertex 33.3342 6 -49.8882
    endloop
  endfacet
  facet normal 0.995186 0 -0.0980062
    outer loop
      vertex 59.8715 -6 -3.92419
      vertex 59.4867 6 -7.83157
      vertex 59.8715 6 -3.92419
    endloop
  endfacet
  facet normal 0.995186 0 -0.0980062
    outer loop
      vertex 59.4867 6 -7.83157
      vertex 59.8715 -6 -3.92419
      vertex 59.4867 -6 -7.83157
    endloop
  endfacet
  facet normal 0.290293 -4.51856e-18 0.956938
    outer loop
      vertex 15.5291 6 57.9556
      vertex 19.2864 -6 56.8158
      vertex 19.2864 6 56.8158
    endloop
  endfacet
  facet normal 0.290293 -4.51856e-18 0.956938
    outer loop
      vertex 19.2864 -6 56.8158
      vertex 15.5291 6 57.9556
      vertex 15.5291 -6 57.9556
    endloop
  endfacet
  facet normal -0.528061 -4.70979e-18 -0.849207
    outer loop
      vertex -33.3342 -6 -49.8882
      vertex -30 6 -51.9615
      vertex -30 -6 -51.9615
    endloop
  endfacet
  facet normal -0.528061 -4.70979e-18 -0.849207
    outer loop
      vertex -30 6 -51.9615
      vertex -33.3342 -6 -49.8882
      vertex -33.3342 6 -49.8882
    endloop
  endfacet
  facet normal -0.0327281 2.03008e-19 0.999464
    outer loop
      vertex -3.92419 6 59.8715
      vertex 0 -6 60
      vertex 0 6 60
    endloop
  endfacet
  facet normal -0.0327281 2.03008e-19 0.999464
    outer loop
      vertex 0 -6 60
      vertex -3.92419 6 59.8715
      vertex -3.92419 -6 59.8715
    endloop
  endfacet
  facet normal 0.0980062 -1.20764e-18 0.995186
    outer loop
      vertex 3.92419 6 59.8715
      vertex 7.83157 -6 59.4867
      vertex 7.83157 6 59.4867
    endloop
  endfacet
  facet normal 0.0980062 -1.20764e-18 0.995186
    outer loop
      vertex 7.83157 -6 59.4867
      vertex 3.92419 6 59.8715
      vertex 3.92419 -6 59.8715
    endloop
  endfacet
  facet normal 0.729867 -0 0.683589
    outer loop
      vertex 42.4264 -6 42.4264
      vertex 45.1104 6 39.5607
      vertex 42.4264 6 42.4264
    endloop
  endfacet
  facet normal 0.729867 0 0.683589
    outer loop
      vertex 45.1104 6 39.5607
      vertex 42.4264 -6 42.4264
      vertex 45.1104 -6 39.5607
    endloop
  endfacet
  facet normal -0.97388 0 -0.227061
    outer loop
      vertex -57.9556 -6 -15.5291
      vertex -58.8471 6 -11.7054
      vertex -57.9556 6 -15.5291
    endloop
  endfacet
  facet normal -0.97388 -0 -0.227061
    outer loop
      vertex -58.8471 6 -11.7054
      vertex -57.9556 -6 -15.5291
      vertex -58.8471 -6 -11.7054
    endloop
  endfacet
  facet normal 0.227061 4.0552e-18 0.97388
    outer loop
      vertex 11.7054 6 58.8471
      vertex 15.5291 -6 57.9556
      vertex 15.5291 6 57.9556
    endloop
  endfacet
  facet normal 0.227061 4.0552e-18 0.97388
    outer loop
      vertex 15.5291 -6 57.9556
      vertex 11.7054 6 58.8471
      vertex 11.7054 -6 58.8471
    endloop
  endfacet
  facet normal 0.97388 -0 0.227061
    outer loop
      vertex 57.9556 -6 15.5291
      vertex 58.8471 6 11.7054
      vertex 57.9556 6 15.5291
    endloop
  endfacet
  facet normal 0.97388 0 0.227061
    outer loop
      vertex 58.8471 6 11.7054
      vertex 57.9556 -6 15.5291
      vertex 58.8471 -6 11.7054
    endloop
  endfacet
  facet normal 0.881916 0 -0.471406
    outer loop
      vertex 53.8124 -6 -26.5373
      vertex 51.9615 6 -30
      vertex 53.8124 6 -26.5373
    endloop
  endfacet
  facet normal 0.881916 0 -0.471406
    outer loop
      vertex 51.9615 6 -30
      vertex 53.8124 -6 -26.5373
      vertex 51.9615 -6 -30
    endloop
  endfacet
  facet normal -0.97388 0 0.227061
    outer loop
      vertex -58.8471 -6 11.7054
      vertex -57.9556 6 15.5291
      vertex -58.8471 6 11.7054
    endloop
  endfacet
  facet normal -0.97388 0 0.227061
    outer loop
      vertex -57.9556 6 15.5291
      vertex -58.8471 -6 11.7054
      vertex -57.9556 -6 15.5291
    endloop
  endfacet
  facet normal -0.634399 -5.36646e-18 0.773005
    outer loop
      vertex -39.5607 6 45.1104
      vertex -36.5257 -6 47.6012
      vertex -36.5257 6 47.6012
    endloop
  endfacet
  facet normal -0.634399 -5.36646e-18 0.773005
    outer loop
      vertex -36.5257 -6 47.6012
      vertex -39.5607 6 45.1104
      vertex -39.5607 -6 45.1104
    endloop
  endfacet
  facet normal 0.582478 -2.10467e-18 0.812846
    outer loop
      vertex 33.3342 6 49.8882
      vertex 36.5257 -6 47.6012
      vertex 36.5257 6 47.6012
    endloop
  endfacet
  facet normal 0.582478 -2.10467e-18 0.812846
    outer loop
      vertex 36.5257 -6 47.6012
      vertex 33.3342 6 49.8882
      vertex 33.3342 -6 49.8882
    endloop
  endfacet
  facet normal -0.849207 0 0.528061
    outer loop
      vertex -51.9615 -6 30
      vertex -49.8882 6 33.3342
      vertex -51.9615 6 30
    endloop
  endfacet
  facet normal -0.849207 0 0.528061
    outer loop
      vertex -49.8882 6 33.3342
      vertex -51.9615 -6 30
      vertex -49.8882 -6 33.3342
    endloop
  endfacet
  facet normal -0.881916 0 -0.471406
    outer loop
      vertex -51.9615 -6 -30
      vertex -53.8124 6 -26.5373
      vertex -51.9615 6 -30
    endloop
  endfacet
  facet normal -0.881916 -0 -0.471406
    outer loop
      vertex -53.8124 6 -26.5373
      vertex -51.9615 -6 -30
      vertex -53.8124 -6 -26.5373
    endloop
  endfacet
  facet normal -0.0980062 1.20764e-18 0.995186
    outer loop
      vertex -7.83157 6 59.4867
      vertex -3.92419 -6 59.8715
      vertex -3.92419 6 59.8715
    endloop
  endfacet
  facet normal -0.0980062 1.20764e-18 0.995186
    outer loop
      vertex -3.92419 -6 59.8715
      vertex -7.83157 6 59.4867
      vertex -7.83157 -6 59.4867
    endloop
  endfacet
  facet normal -0.812846 0 -0.582478
    outer loop
      vertex -47.6012 -6 -36.5257
      vertex -49.8882 6 -33.3342
      vertex -47.6012 6 -36.5257
    endloop
  endfacet
  facet normal -0.812846 -0 -0.582478
    outer loop
      vertex -49.8882 6 -33.3342
      vertex -47.6012 -6 -36.5257
      vertex -49.8882 -6 -33.3342
    endloop
  endfacet
  facet normal -0.412707 -3.53217e-18 -0.910864
    outer loop
      vertex -26.5373 -6 -53.8124
      vertex -22.961 6 -55.4328
      vertex -22.961 -6 -55.4328
    endloop
  endfacet
  facet normal -0.412707 -3.53217e-18 -0.910864
    outer loop
      vertex -22.961 6 -55.4328
      vertex -26.5373 -6 -53.8124
      vertex -26.5373 6 -53.8124
    endloop
  endfacet
  facet normal -0.935908 0 0.352245
    outer loop
      vertex -56.8158 -6 19.2864
      vertex -55.4328 6 22.961
      vertex -56.8158 6 19.2864
    endloop
  endfacet
  facet normal -0.935908 0 0.352245
    outer loop
      vertex -55.4328 6 22.961
      vertex -56.8158 -6 19.2864
      vertex -55.4328 -6 22.961
    endloop
  endfacet
  facet normal 0.956938 0 -0.290293
    outer loop
      vertex 57.9556 -6 -15.5291
      vertex 56.8158 6 -19.2864
      vertex 57.9556 6 -15.5291
    endloop
  endfacet
  facet normal 0.956938 0 -0.290293
    outer loop
      vertex 56.8158 6 -19.2864
      vertex 57.9556 -6 -15.5291
      vertex 56.8158 -6 -19.2864
    endloop
  endfacet
  facet normal -0.352245 5.37634e-18 0.935908
    outer loop
      vertex -22.961 6 55.4328
      vertex -19.2864 -6 56.8158
      vertex -19.2864 6 56.8158
    endloop
  endfacet
  facet normal -0.352245 5.37634e-18 0.935908
    outer loop
      vertex -19.2864 -6 56.8158
      vertex -22.961 6 55.4328
      vertex -22.961 -6 55.4328
    endloop
  endfacet
  facet normal 0.162902 -1.49258e-18 -0.986642
    outer loop
      vertex 7.83157 -6 -59.4867
      vertex 11.7054 6 -58.8471
      vertex 11.7054 -6 -58.8471
    endloop
  endfacet
  facet normal 0.162902 -1.49258e-18 -0.986642
    outer loop
      vertex 11.7054 6 -58.8471
      vertex 7.83157 -6 -59.4867
      vertex 7.83157 6 -59.4867
    endloop
  endfacet
  facet normal -0.162902 -1.49258e-18 0.986642
    outer loop
      vertex -11.7054 6 58.8471
      vertex -7.83157 -6 59.4867
      vertex -7.83157 6 59.4867
    endloop
  endfacet
  facet normal -0.162902 -1.49258e-18 0.986642
    outer loop
      vertex -7.83157 -6 59.4867
      vertex -11.7054 6 58.8471
      vertex -11.7054 -6 58.8471
    endloop
  endfacet
  facet normal 0.773005 -0 0.634399
    outer loop
      vertex 45.1104 -6 39.5607
      vertex 47.6012 6 36.5257
      vertex 45.1104 6 39.5607
    endloop
  endfacet
  facet normal 0.773005 0 0.634399
    outer loop
      vertex 47.6012 6 36.5257
      vertex 45.1104 -6 39.5607
      vertex 47.6012 -6 36.5257
    endloop
  endfacet
  facet normal -0.986642 0 0.162902
    outer loop
      vertex -59.4867 -6 7.83157
      vertex -58.8471 6 11.7054
      vertex -59.4867 6 7.83157
    endloop
  endfacet
  facet normal -0.986642 0 0.162902
    outer loop
      vertex -58.8471 6 11.7054
      vertex -59.4867 -6 7.83157
      vertex -58.8471 -6 11.7054
    endloop
  endfacet
  facet normal 0.935908 -0 0.352245
    outer loop
      vertex 55.4328 -6 22.961
      vertex 56.8158 6 19.2864
      vertex 55.4328 6 22.961
    endloop
  endfacet
  facet normal 0.935908 0 0.352245
    outer loop
      vertex 56.8158 6 19.2864
      vertex 55.4328 -6 22.961
      vertex 56.8158 -6 19.2864
    endloop
  endfacet
  facet normal 0.471406 -6.1754e-18 -0.881916
    outer loop
      vertex 26.5373 -6 -53.8124
      vertex 30 6 -51.9615
      vertex 30 -6 -51.9615
    endloop
  endfacet
  facet normal 0.471406 -6.1754e-18 -0.881916
    outer loop
      vertex 30 6 -51.9615
      vertex 26.5373 -6 -53.8124
      vertex 26.5373 6 -53.8124
    endloop
  endfacet
  facet normal -0.729867 0 -0.683589
    outer loop
      vertex -42.4264 -6 -42.4264
      vertex -45.1104 6 -39.5607
      vertex -42.4264 6 -42.4264
    endloop
  endfacet
  facet normal -0.729867 -0 -0.683589
    outer loop
      vertex -45.1104 6 -39.5607
      vertex -42.4264 -6 -42.4264
      vertex -45.1104 -6 -39.5607
    endloop
  endfacet
  facet normal 0 1 -0
    outer loop
      vertex 26.9159 6 -30.8444
      vertex 9.42793 6 -17.6384
      vertex 27.2004 6 -29.9064
    endloop
  endfacet
  facet normal 0 1 0
    outer loop
      vertex 0 6 -20
      vertex -30.8444 6 -26.9159
      vertex -31.8198 6 -26.8198
    endloop
  endfacet
  facet normal 0 1 0
    outer loop
      vertex 9.42793 6 -17.6384
      vertex 26.9159 6 -30.8444
      vertex 7.65367 6 -18.4776
    endloop
  endfacet
  facet normal 0 1 0
    outer loop
      vertex 0 6 -20
      vertex -29.9064 6 -27.2004
      vertex -30.8444 6 -26.9159
    endloop
  endfacet
  facet normal 0 1 -0
    outer loop
      vertex 26.8198 6 -31.8198
      vertex 7.65367 6 -18.4776
      vertex 26.9159 6 -30.8444
    endloop
  endfacet
  facet normal 0 1 0
    outer loop
      vertex 0 6 -20
      vertex -29.042 6 -27.6625
      vertex -29.9064 6 -27.2004
    endloop
  endfacet
  facet normal 0 1 0
    outer loop
      vertex 7.65367 6 -18.4776
      vertex 26.8198 6 -31.8198
      vertex 5.80569 6 -19.1388
    endloop
  endfacet
  facet normal 0 1 0
    outer loop
      vertex 0 6 -20
      vertex -28.2843 6 -28.2843
      vertex -29.042 6 -27.6625
    endloop
  endfacet
  facet normal 0 1 0
    outer loop
      vertex 26.9159 6 -32.7953
      vertex 5.80569 6 -19.1388
      vertex 26.8198 6 -31.8198
    endloop
  endfacet
  facet normal 0 1 0
    outer loop
      vertex 0 6 -20
      vertex -27.6625 6 -29.042
      vertex -28.2843 6 -28.2843
    endloop
  endfacet
  facet normal 0 1 0
    outer loop
      vertex 5.80569 6 -19.1388
      vertex 26.9159 6 -32.7953
      vertex 3.90181 6 -19.6157
    endloop
  endfacet
  facet normal 0 1 0
    outer loop
      vertex 0 6 -20
      vertex -27.2004 6 -29.9064
      vertex -27.6625 6 -29.042
    endloop
  endfacet
  facet normal 0 1 -0
    outer loop
      vertex 11.7054 6 -58.8471
      vertex 3.90181 6 -19.6157
      vertex 26.9159 6 -32.7953
    endloop
  endfacet
  facet normal 0 1 0
    outer loop
      vertex 0 6 -20
      vertex -26.9159 6 -30.8444
      vertex -27.2004 6 -29.9064
    endloop
  endfacet
  facet normal 0 1 -0
    outer loop
      vertex 7.83157 6 -59.4867
      vertex 3.90181 6 -19.6157
      vertex 11.7054 6 -58.8471
    endloop
  endfacet
  facet normal 0 1 0
    outer loop
      vertex 0 6 -20
      vertex -26.8198 6 -31.8198
      vertex -26.9159 6 -30.8444
    endloop
  endfacet
  facet normal 0 1 0
    outer loop
      vertex 3.90181 6 -19.6157
      vertex 7.83157 6 -59.4867
      vertex 1.96034 6 -19.9037
    endloop
  endfacet
  facet normal -0 1 0
    outer loop
      vertex -3.92419 6 -59.8715
      vertex 0 6 -20
      vertex 0 6 -60
    endloop
  endfacet
  facet normal 0 1 0
    outer loop
      vertex 11.7054 6 -58.8471
      vertex 26.9159 6 -32.7953
      vertex 27.2004 6 -33.7332
    endloop
  endfacet
  facet normal -0 1 0
    outer loop
      vertex -7.83157 6 -59.4867
      vertex 0 6 -20
      vertex -3.92419 6 -59.8715
    endloop
  endfacet
  facet normal 0 1 0
    outer loop
      vertex 19.2864 6 -56.8158
      vertex 27.2004 6 -33.7332
      vertex 27.6625 6 -34.5977
    endloop
  endfacet
  facet normal 0 1 0
    outer loop
      vertex 0 6 -20
      vertex -26.9159 6 -32.7953
      vertex -26.8198 6 -31.8198
    endloop
  endfacet
  facet normal 0 1 0
    outer loop
      vertex 22.961 6 -55.4328
      vertex 27.6625 6 -34.5977
      vertex 28.2843 6 -35.3553
    endloop
  endfacet
  facet normal -0 1 0
    outer loop
      vertex -11.7054 6 -58.8471
      vertex 0 6 -20
      vertex -7.83157 6 -59.4867
    endloop
  endfacet
  facet normal 0 1 0
    outer loop
      vertex 26.5373 6 -53.8124
      vertex 28.2843 6 -35.3553
      vertex 29.042 6 -35.9772
    endloop
  endfacet
  facet normal 0 1 0
    outer loop
      vertex 0 6 -20
      vertex -11.7054 6 -58.8471
      vertex -26.9159 6 -32.7953
    endloop
  endfacet
  facet normal 0 1 0
    outer loop
      vertex 30 6 -51.9615
      vertex 29.042 6 -35.9772
      vertex 29.9064 6 -36.4392
    endloop
  endfacet
  facet normal 0 1 0
    outer loop
      vertex -26.9159 6 -32.7953
      vertex -11.7054 6 -58.8471
      vertex -27.2004 6 -33.7332
    endloop
  endfacet
  facet normal 0 1 0
    outer loop
      vertex 33.3342 6 -49.8882
      vertex 29.9064 6 -36.4392
      vertex 30.8444 6 -36.7237
    endloop
  endfacet
  facet normal -0 1 -0
    outer loop
      vertex -15.5291 6 -57.9556
      vertex -27.2004 6 -33.7332
      vertex -11.7054 6 -58.8471
    endloop
  endfacet
  facet normal 0 1 0
    outer loop
      vertex 33.3342 6 -49.8882
      vertex 30.8444 6 -36.7237
      vertex 31.8198 6 -36.8198
    endloop
  endfacet
  facet normal -0 1 -0
    outer loop
      vertex -19.2864 6 -56.8158
      vertex -27.2004 6 -33.7332
      vertex -15.5291 6 -57.9556
    endloop
  endfacet
  facet normal 0 1 0
    outer loop
      vertex -57.9556 6 -15.5291
      vertex -33.7332 6 -27.2004
      vertex -56.8158 6 -19.2864
    endloop
  endfacet
  facet normal 0 1 -0
    outer loop
      vertex -34.5977 6 -27.6625
      vertex -56.8158 6 -19.2864
      vertex -33.7332 6 -27.2004
    endloop
  endfacet
  facet normal 0 1 0
    outer loop
      vertex -56.8158 6 -19.2864
      vertex -34.5977 6 -27.6625
      vertex -55.4328 6 -22.961
    endloop
  endfacet
  facet normal 0 1 -0
    outer loop
      vertex -35.3553 6 -28.2843
      vertex -55.4328 6 -22.961
      vertex -34.5977 6 -27.6625
    endloop
  endfacet
  facet normal 0 1 0
    outer loop
      vertex -55.4328 6 -22.961
      vertex -35.3553 6 -28.2843
      vertex -53.8124 6 -26.5373
    endloop
  endfacet
  facet normal 0 1 -0
    outer loop
      vertex -35.9772 6 -29.042
      vertex -53.8124 6 -26.5373
      vertex -35.3553 6 -28.2843
    endloop
  endfacet
  facet normal 0 1 0
    outer loop
      vertex -51.9615 6 -30
      vertex -35.9772 6 -29.042
      vertex -36.4392 6 -29.9064
    endloop
  endfacet
  facet normal 0 1 0
    outer loop
      vertex -35.9772 6 -29.042
      vertex -51.9615 6 -30
      vertex -53.8124 6 -26.5373
    endloop
  endfacet
  facet normal 0 1 0
    outer loop
      vertex -49.8882 6 -33.3342
      vertex -36.4392 6 -29.9064
      vertex -36.7237 6 -30.8444
    endloop
  endfacet
  facet normal 0 1 0
    outer loop
      vertex -49.8882 6 -33.3342
      vertex -36.7237 6 -30.8444
      vertex -36.8198 6 -31.8198
    endloop
  endfacet
  facet normal 0 1 0
    outer loop
      vertex -47.6012 6 -36.5257
      vertex -36.8198 6 -31.8198
      vertex -36.7237 6 -32.7953
    endloop
  endfacet
  facet normal 0 1 0
    outer loop
      vertex -36.4392 6 -29.9064
      vertex -49.8882 6 -33.3342
      vertex -51.9615 6 -30
    endloop
  endfacet
  facet normal 0 1 0
    outer loop
      vertex -45.1104 6 -39.5607
      vertex -36.7237 6 -32.7953
      vertex -36.4392 6 -33.7332
    endloop
  endfacet
  facet normal 0 1 0
    outer loop
      vertex -45.1104 6 -39.5607
      vertex -36.4392 6 -33.7332
      vertex -35.9772 6 -34.5977
    endloop
  endfacet
  facet normal 0 1 0
    outer loop
      vertex -42.4264 6 -42.4264
      vertex -35.9772 6 -34.5977
      vertex -35.3553 6 -35.3553
    endloop
  endfacet
  facet normal 0 1 0
    outer loop
      vertex -42.4264 6 -42.4264
      vertex -35.3553 6 -35.3553
      vertex -34.5977 6 -35.9772
    endloop
  endfacet
  facet normal 0 1 0
    outer loop
      vertex -39.5607 6 -45.1104
      vertex -34.5977 6 -35.9772
      vertex -33.7332 6 -36.4392
    endloop
  endfacet
  facet normal 0 1 0
    outer loop
      vertex -36.8198 6 -31.8198
      vertex -47.6012 6 -36.5257
      vertex -49.8882 6 -33.3342
    endloop
  endfacet
  facet normal 0 1 0
    outer loop
      vertex -39.5607 6 -45.1104
      vertex -33.7332 6 -36.4392
      vertex -32.7953 6 -36.7237
    endloop
  endfacet
  facet normal 0 1 0
    outer loop
      vertex -36.5257 6 -47.6012
      vertex -32.7953 6 -36.7237
      vertex -31.8198 6 -36.8198
    endloop
  endfacet
  facet normal 0 1 -0
    outer loop
      vertex 36.5257 6 -47.6012
      vertex 32.7953 6 -36.7237
      vertex 39.5607 6 -45.1104
    endloop
  endfacet
  facet normal 0 1 0
    outer loop
      vertex -36.7237 6 -32.7953
      vertex -45.1104 6 -39.5607
      vertex -47.6012 6 -36.5257
    endloop
  endfacet
  facet normal 0 1 0
    outer loop
      vertex 32.7953 6 -36.7237
      vertex 36.5257 6 -47.6012
      vertex 31.8198 6 -36.8198
    endloop
  endfacet
  facet normal 0 1 0
    outer loop
      vertex -35.9772 6 -34.5977
      vertex -42.4264 6 -42.4264
      vertex -45.1104 6 -39.5607
    endloop
  endfacet
  facet normal 0 1 -0
    outer loop
      vertex 33.3342 6 -49.8882
      vertex 31.8198 6 -36.8198
      vertex 36.5257 6 -47.6012
    endloop
  endfacet
  facet normal 0 1 0
    outer loop
      vertex -34.5977 6 -35.9772
      vertex -39.5607 6 -45.1104
      vertex -42.4264 6 -42.4264
    endloop
  endfacet
  facet normal 0 1 0
    outer loop
      vertex 29.9064 6 -36.4392
      vertex 33.3342 6 -49.8882
      vertex 30 6 -51.9615
    endloop
  endfacet
  facet normal 0 1 0
    outer loop
      vertex -32.7953 6 -36.7237
      vertex -36.5257 6 -47.6012
      vertex -39.5607 6 -45.1104
    endloop
  endfacet
  facet normal 0 1 0
    outer loop
      vertex 29.042 6 -35.9772
      vertex 30 6 -51.9615
      vertex 26.5373 6 -53.8124
    endloop
  endfacet
  facet normal 0 1 0
    outer loop
      vertex -31.8198 6 -36.8198
      vertex -33.3342 6 -49.8882
      vertex -36.5257 6 -47.6012
    endloop
  endfacet
  facet normal 0 1 0
    outer loop
      vertex 28.2843 6 -35.3553
      vertex 26.5373 6 -53.8124
      vertex 22.961 6 -55.4328
    endloop
  endfacet
  facet normal 0 1 0
    outer loop
      vertex -30.8444 6 -36.7237
      vertex -33.3342 6 -49.8882
      vertex -31.8198 6 -36.8198
    endloop
  endfacet
  facet normal 0 1 0
    outer loop
      vertex 27.6625 6 -34.5977
      vertex 22.961 6 -55.4328
      vertex 19.2864 6 -56.8158
    endloop
  endfacet
  facet normal 0 1 0
    outer loop
      vertex -29.9064 6 -36.4392
      vertex -33.3342 6 -49.8882
      vertex -30.8444 6 -36.7237
    endloop
  endfacet
  facet normal 0 1 0
    outer loop
      vertex 27.2004 6 -33.7332
      vertex 19.2864 6 -56.8158
      vertex 15.5291 6 -57.9556
    endloop
  endfacet
  facet normal -0 1 0
    outer loop
      vertex -33.3342 6 -49.8882
      vertex -29.9064 6 -36.4392
      vertex -30 6 -51.9615
    endloop
  endfacet
  facet normal 0 1 0
    outer loop
      vertex 27.2004 6 -33.7332
      vertex 15.5291 6 -57.9556
      vertex 11.7054 6 -58.8471
    endloop
  endfacet
  facet normal 0 1 0
    outer loop
      vertex -29.042 6 -35.9772
      vertex -30 6 -51.9615
      vertex -29.9064 6 -36.4392
    endloop
  endfacet
  facet normal 0 1 -0
    outer loop
      vertex 3.92419 6 -59.8715
      vertex 1.96034 6 -19.9037
      vertex 7.83157 6 -59.4867
    endloop
  endfacet
  facet normal -0 1 0
    outer loop
      vertex -30 6 -51.9615
      vertex -29.042 6 -35.9772
      vertex -26.5373 6 -53.8124
    endloop
  endfacet
  facet normal 0 1 0
    outer loop
      vertex 1.96034 6 -19.9037
      vertex 3.92419 6 -59.8715
      vertex 0 6 -20
    endloop
  endfacet
  facet normal 0 1 0
    outer loop
      vertex -28.2843 6 -35.3553
      vertex -26.5373 6 -53.8124
      vertex -29.042 6 -35.9772
    endloop
  endfacet
  facet normal 0 1 0
    outer loop
      vertex 0 6 -20
      vertex 3.92419 6 -59.8715
      vertex 0 6 -60
    endloop
  endfacet
  facet normal -0 1 -0
    outer loop
      vertex -26.5373 6 -53.8124
      vertex -28.2843 6 -35.3553
      vertex -22.961 6 -55.4328
    endloop
  endfacet
  facet normal 0 1 0
    outer loop
      vertex -27.2004 6 -33.7332
      vertex -19.2864 6 -56.8158
      vertex -27.6625 6 -34.5977
    endloop
  endfacet
  facet normal 0 1 0
    outer loop
      vertex -27.6625 6 -34.5977
      vertex -22.961 6 -55.4328
      vertex -28.2843 6 -35.3553
    endloop
  endfacet
  facet normal -0 1 -0
    outer loop
      vertex -22.961 6 -55.4328
      vertex -27.6625 6 -34.5977
      vertex -19.2864 6 -56.8158
    endloop
  endfacet
  facet normal 0 1 0
    outer loop
      vertex 19.2864 6 56.8158
      vertex 27.2004 6 33.7332
      vertex 15.5291 6 57.9556
    endloop
  endfacet
  facet normal 0 1 0
    outer loop
      vertex 0 6 60
      vertex -30.8444 6 36.7237
      vertex -31.8198 6 36.8198
    endloop
  endfacet
  facet normal 0 1 0
    outer loop
      vertex 15.5291 6 57.9556
      vertex 27.2004 6 33.7332
      vertex 11.7054 6 58.8471
    endloop
  endfacet
  facet normal 0 1 0
    outer loop
      vertex 0 6 60
      vertex -29.9064 6 36.4392
      vertex -30.8444 6 36.7237
    endloop
  endfacet
  facet normal 0 1 0
    outer loop
      vertex 3.90181 6 19.6157
      vertex 11.7054 6 58.8471
      vertex 27.2004 6 33.7332
    endloop
  endfacet
  facet normal 0 1 0
    outer loop
      vertex 0 6 60
      vertex -29.042 6 35.9772
      vertex -29.9064 6 36.4392
    endloop
  endfacet
  facet normal 0 1 0
    outer loop
      vertex 11.7054 6 58.8471
      vertex 3.90181 6 19.6157
      vertex 7.83157 6 59.4867
    endloop
  endfacet
  facet normal 0 1 0
    outer loop
      vertex 0 6 60
      vertex -28.2843 6 35.3553
      vertex -29.042 6 35.9772
    endloop
  endfacet
  facet normal -0 1 0
    outer loop
      vertex 1.96034 6 19.9037
      vertex 7.83157 6 59.4867
      vertex 3.90181 6 19.6157
    endloop
  endfacet
  facet normal 0 1 0
    outer loop
      vertex 0 6 60
      vertex -27.6625 6 34.5977
      vertex -28.2843 6 35.3553
    endloop
  endfacet
  facet normal 0 1 0
    outer loop
      vertex 7.83157 6 59.4867
      vertex 1.96034 6 19.9037
      vertex 3.92419 6 59.8715
    endloop
  endfacet
  facet normal 0 1 0
    outer loop
      vertex -1.96034 6 19.9037
      vertex 0 6 60
      vertex 0 6 20
    endloop
  endfacet
  facet normal 0 1 0
    outer loop
      vertex 3.90181 6 19.6157
      vertex 27.2004 6 33.7332
      vertex 26.9159 6 32.7953
    endloop
  endfacet
  facet normal 0 1 0
    outer loop
      vertex -3.90181 6 19.6157
      vertex 0 6 60
      vertex -1.96034 6 19.9037
    endloop
  endfacet
  facet normal 0 1 0
    outer loop
      vertex 5.80569 6 19.1388
      vertex 26.9159 6 32.7953
      vertex 26.8198 6 31.8198
    endloop
  endfacet
  facet normal 0 1 0
    outer loop
      vertex 0 6 60
      vertex -27.2004 6 33.7332
      vertex -27.6625 6 34.5977
    endloop
  endfacet
  facet normal 0 1 0
    outer loop
      vertex 7.65367 6 18.4776
      vertex 26.8198 6 31.8198
      vertex 26.9159 6 30.8444
    endloop
  endfacet
  facet normal 0 1 0
    outer loop
      vertex 0 6 60
      vertex -3.90181 6 19.6157
      vertex -27.2004 6 33.7332
    endloop
  endfacet
  facet normal 0 1 0
    outer loop
      vertex 9.42793 6 17.6384
      vertex 26.9159 6 30.8444
      vertex 27.2004 6 29.9064
    endloop
  endfacet
  facet normal 0 1 0
    outer loop
      vertex -27.2004 6 33.7332
      vertex -3.90181 6 19.6157
      vertex -26.9159 6 32.7953
    endloop
  endfacet
  facet normal 0 1 0
    outer loop
      vertex 11.1114 6 16.6294
      vertex 27.2004 6 29.9064
      vertex 27.6625 6 29.042
    endloop
  endfacet
  facet normal 0 1 -0
    outer loop
      vertex -5.80569 6 19.1388
      vertex -26.9159 6 32.7953
      vertex -3.90181 6 19.6157
    endloop
  endfacet
  facet normal 0 1 0
    outer loop
      vertex 12.6879 6 15.4602
      vertex 27.6625 6 29.042
      vertex 28.2843 6 28.2843
    endloop
  endfacet
  facet normal 0 1 0
    outer loop
      vertex -26.9159 6 32.7953
      vertex -5.80569 6 19.1388
      vertex -26.8198 6 31.8198
    endloop
  endfacet
  facet normal 0 1 0
    outer loop
      vertex 14.1421 6 14.1421
      vertex 28.2843 6 28.2843
      vertex 29.042 6 27.6625
    endloop
  endfacet
  facet normal 0 1 -0
    outer loop
      vertex -7.65367 6 18.4776
      vertex -26.8198 6 31.8198
      vertex -5.80569 6 19.1388
    endloop
  endfacet
  facet normal 0 1 0
    outer loop
      vertex 15.4602 6 12.6879
      vertex 29.042 6 27.6625
      vertex 29.9064 6 27.2004
    endloop
  endfacet
  facet normal 0 1 0
    outer loop
      vertex -26.8198 6 31.8198
      vertex -7.65367 6 18.4776
      vertex -26.9159 6 30.8444
    endloop
  endfacet
  facet normal 0 1 0
    outer loop
      vertex 17.6384 6 9.42793
      vertex 29.9064 6 27.2004
      vertex 30.8444 6 26.9159
    endloop
  endfacet
  facet normal 0 1 -0
    outer loop
      vertex -9.42793 6 17.6384
      vertex -26.9159 6 30.8444
      vertex -7.65367 6 18.4776
    endloop
  endfacet
  facet normal 0 1 0
    outer loop
      vertex 18.4776 6 7.65367
      vertex 30.8444 6 26.9159
      vertex 31.8198 6 26.8198
    endloop
  endfacet
  facet normal 0 1 0
    outer loop
      vertex -26.9159 6 30.8444
      vertex -9.42793 6 17.6384
      vertex -27.2004 6 29.9064
    endloop
  endfacet
  facet normal 0 1 0
    outer loop
      vertex 22.961 6 55.4328
      vertex 27.6625 6 34.5977
      vertex 19.2864 6 56.8158
    endloop
  endfacet
  facet normal 0 1 -0
    outer loop
      vertex 27.6625 6 34.5977
      vertex 22.961 6 55.4328
      vertex 28.2843 6 35.3553
    endloop
  endfacet
  facet normal 0 1 -0
    outer loop
      vertex 27.2004 6 33.7332
      vertex 19.2864 6 56.8158
      vertex 27.6625 6 34.5977
    endloop
  endfacet
  facet normal 0 1 0
    outer loop
      vertex 26.5373 6 53.8124
      vertex 28.2843 6 35.3553
      vertex 22.961 6 55.4328
    endloop
  endfacet
  facet normal 0 1 0
    outer loop
      vertex 0 6 60
      vertex -31.8198 6 36.8198
      vertex -3.92419 6 59.8715
    endloop
  endfacet
  facet normal 0 1 -0
    outer loop
      vertex 28.2843 6 35.3553
      vertex 26.5373 6 53.8124
      vertex 29.042 6 35.9772
    endloop
  endfacet
  facet normal 0 1 0
    outer loop
      vertex -3.92419 6 59.8715
      vertex -31.8198 6 36.8198
      vertex -7.83157 6 59.4867
    endloop
  endfacet
  facet normal 0 1 0
    outer loop
      vertex 30 6 51.9615
      vertex 29.042 6 35.9772
      vertex 26.5373 6 53.8124
    endloop
  endfacet
  facet normal 0 1 0
    outer loop
      vertex -7.83157 6 59.4867
      vertex -31.8198 6 36.8198
      vertex -11.7054 6 58.8471
    endloop
  endfacet
  facet normal 0 1 0
    outer loop
      vertex 29.042 6 35.9772
      vertex 30 6 51.9615
      vertex 29.9064 6 36.4392
    endloop
  endfacet
  facet normal 0 1 0
    outer loop
      vertex -11.7054 6 58.8471
      vertex -31.8198 6 36.8198
      vertex -15.5291 6 57.9556
    endloop
  endfacet
  facet normal 0 1 0
    outer loop
      vertex 33.3342 6 49.8882
      vertex 29.9064 6 36.4392
      vertex 30 6 51.9615
    endloop
  endfacet
  facet normal 0 1 0
    outer loop
      vertex -15.5291 6 57.9556
      vertex -31.8198 6 36.8198
      vertex -19.2864 6 56.8158
    endloop
  endfacet
  facet normal 0 1 0
    outer loop
      vertex 29.9064 6 36.4392
      vertex 33.3342 6 49.8882
      vertex 30.8444 6 36.7237
    endloop
  endfacet
  facet normal 0 1 0
    outer loop
      vertex -19.2864 6 56.8158
      vertex -31.8198 6 36.8198
      vertex -22.961 6 55.4328
    endloop
  endfacet
  facet normal 0 1 0
    outer loop
      vertex 30.8444 6 36.7237
      vertex 33.3342 6 49.8882
      vertex 31.8198 6 36.8198
    endloop
  endfacet
  facet normal 0 1 0
    outer loop
      vertex -22.961 6 55.4328
      vertex -31.8198 6 36.8198
      vertex -26.5373 6 53.8124
    endloop
  endfacet
  facet normal 0 1 0
    outer loop
      vertex 31.8198 6 36.8198
      vertex 33.3342 6 49.8882
      vertex 36.5257 6 47.6012
    endloop
  endfacet
  facet normal 0 1 0
    outer loop
      vertex -26.5373 6 53.8124
      vertex -31.8198 6 36.8198
      vertex -30 6 51.9615
    endloop
  endfacet
  facet normal 0 1 0
    outer loop
      vertex 32.7953 6 36.7237
      vertex 36.5257 6 47.6012
      vertex 39.5607 6 45.1104
    endloop
  endfacet
  facet normal 0 1 0
    outer loop
      vertex -30 6 51.9615
      vertex -31.8198 6 36.8198
      vertex -33.3342 6 49.8882
    endloop
  endfacet
  facet normal 0 1 0
    outer loop
      vertex 34.5977 6 35.9772
      vertex 39.5607 6 45.1104
      vertex 42.4264 6 42.4264
    endloop
  endfacet
  facet normal 0 1 0
    outer loop
      vertex -33.3342 6 49.8882
      vertex -31.8198 6 36.8198
      vertex -36.5257 6 47.6012
    endloop
  endfacet
  facet normal 0 1 0
    outer loop
      vertex 35.9772 6 34.5977
      vertex 42.4264 6 42.4264
      vertex 45.1104 6 39.5607
    endloop
  endfacet
  facet normal 0 1 -0
    outer loop
      vertex -32.7953 6 36.7237
      vertex -36.5257 6 47.6012
      vertex -31.8198 6 36.8198
    endloop
  endfacet
  facet normal 0 1 0
    outer loop
      vertex -36.5257 6 47.6012
      vertex -32.7953 6 36.7237
      vertex -39.5607 6 45.1104
    endloop
  endfacet
  facet normal 0 1 0
    outer loop
      vertex 36.5257 6 47.6012
      vertex 32.7953 6 36.7237
      vertex 31.8198 6 36.8198
    endloop
  endfacet
  facet normal 0 1 0
    outer loop
      vertex 36.7237 6 32.7953
      vertex 45.1104 6 39.5607
      vertex 47.6012 6 36.5257
    endloop
  endfacet
  facet normal 0 1 0
    outer loop
      vertex 39.5607 6 45.1104
      vertex 33.7332 6 36.4392
      vertex 32.7953 6 36.7237
    endloop
  endfacet
  facet normal 0 1 0
    outer loop
      vertex 39.5607 6 45.1104
      vertex 34.5977 6 35.9772
      vertex 33.7332 6 36.4392
    endloop
  endfacet
  facet normal 0 1 0
    outer loop
      vertex 42.4264 6 42.4264
      vertex 35.3553 6 35.3553
      vertex 34.5977 6 35.9772
    endloop
  endfacet
  facet normal 0 1 0
    outer loop
      vertex 42.4264 6 42.4264
      vertex 35.9772 6 34.5977
      vertex 35.3553 6 35.3553
    endloop
  endfacet
  facet normal 0 1 0
    outer loop
      vertex 45.1104 6 39.5607
      vertex 36.4392 6 33.7332
      vertex 35.9772 6 34.5977
    endloop
  endfacet
  facet normal 0 1 0
    outer loop
      vertex 36.8198 6 31.8198
      vertex 47.6012 6 36.5257
      vertex 49.8882 6 33.3342
    endloop
  endfacet
  facet normal 0 1 0
    outer loop
      vertex 45.1104 6 39.5607
      vertex 36.7237 6 32.7953
      vertex 36.4392 6 33.7332
    endloop
  endfacet
  facet normal 0 1 0
    outer loop
      vertex 47.6012 6 36.5257
      vertex 36.8198 6 31.8198
      vertex 36.7237 6 32.7953
    endloop
  endfacet
  facet normal 0 1 0
    outer loop
      vertex 49.8882 6 33.3342
      vertex 36.7237 6 30.8444
      vertex 36.8198 6 31.8198
    endloop
  endfacet
  facet normal 0 1 0
    outer loop
      vertex 36.4392 6 29.9064
      vertex 49.8882 6 33.3342
      vertex 51.9615 6 30
    endloop
  endfacet
  facet normal 0 1 0
    outer loop
      vertex 49.8882 6 33.3342
      vertex 36.4392 6 29.9064
      vertex 36.7237 6 30.8444
    endloop
  endfacet
  facet normal 0 1 0
    outer loop
      vertex 51.9615 6 30
      vertex 35.9772 6 29.042
      vertex 36.4392 6 29.9064
    endloop
  endfacet
  facet normal 0 1 0
    outer loop
      vertex 53.8124 6 26.5373
      vertex 35.9772 6 29.042
      vertex 51.9615 6 30
    endloop
  endfacet
  facet normal 0 1 0
    outer loop
      vertex 35.9772 6 29.042
      vertex 53.8124 6 26.5373
      vertex 35.3553 6 28.2843
    endloop
  endfacet
  facet normal 0 1 0
    outer loop
      vertex 55.4328 6 22.961
      vertex 35.3553 6 28.2843
      vertex 53.8124 6 26.5373
    endloop
  endfacet
  facet normal 0 1 0
    outer loop
      vertex 35.3553 6 28.2843
      vertex 55.4328 6 22.961
      vertex 34.5977 6 27.6625
    endloop
  endfacet
  facet normal 0 1 0
    outer loop
      vertex 57.9556 6 15.5291
      vertex 33.7332 6 27.2004
      vertex 56.8158 6 19.2864
    endloop
  endfacet
  facet normal 0 1 0
    outer loop
      vertex 34.5977 6 27.6625
      vertex 56.8158 6 19.2864
      vertex 33.7332 6 27.2004
    endloop
  endfacet
  facet normal 0 1 0
    outer loop
      vertex 56.8158 6 19.2864
      vertex 34.5977 6 27.6625
      vertex 55.4328 6 22.961
    endloop
  endfacet
  facet normal 0 1 -0
    outer loop
      vertex -33.7332 6 36.4392
      vertex -39.5607 6 45.1104
      vertex -32.7953 6 36.7237
    endloop
  endfacet
  facet normal 0 1 -0
    outer loop
      vertex -34.5977 6 35.9772
      vertex -39.5607 6 45.1104
      vertex -33.7332 6 36.4392
    endloop
  endfacet
  facet normal 0 1 0
    outer loop
      vertex -39.5607 6 45.1104
      vertex -34.5977 6 35.9772
      vertex -42.4264 6 42.4264
    endloop
  endfacet
  facet normal 0 1 -0
    outer loop
      vertex -35.3553 6 35.3553
      vertex -42.4264 6 42.4264
      vertex -34.5977 6 35.9772
    endloop
  endfacet
  facet normal 0 1 -0
    outer loop
      vertex -35.9772 6 34.5977
      vertex -42.4264 6 42.4264
      vertex -35.3553 6 35.3553
    endloop
  endfacet
  facet normal 0 1 0
    outer loop
      vertex -42.4264 6 42.4264
      vertex -35.9772 6 34.5977
      vertex -45.1104 6 39.5607
    endloop
  endfacet
  facet normal 0 1 -0
    outer loop
      vertex -36.4392 6 33.7332
      vertex -45.1104 6 39.5607
      vertex -35.9772 6 34.5977
    endloop
  endfacet
  facet normal 0 1 -0
    outer loop
      vertex -36.7237 6 32.7953
      vertex -45.1104 6 39.5607
      vertex -36.4392 6 33.7332
    endloop
  endfacet
  facet normal 0 1 0
    outer loop
      vertex -45.1104 6 39.5607
      vertex -36.7237 6 32.7953
      vertex -47.6012 6 36.5257
    endloop
  endfacet
  facet normal 0 1 -0
    outer loop
      vertex -36.8198 6 31.8198
      vertex -47.6012 6 36.5257
      vertex -36.7237 6 32.7953
    endloop
  endfacet
  facet normal 0 1 0
    outer loop
      vertex -47.6012 6 36.5257
      vertex -36.8198 6 31.8198
      vertex -49.8882 6 33.3342
    endloop
  endfacet
  facet normal 0 1 0
    outer loop
      vertex -36.7237 6 30.8444
      vertex -49.8882 6 33.3342
      vertex -36.8198 6 31.8198
    endloop
  endfacet
  facet normal 0 1 0
    outer loop
      vertex -36.4392 6 29.9064
      vertex -49.8882 6 33.3342
      vertex -36.7237 6 30.8444
    endloop
  endfacet
  facet normal 0 1 0
    outer loop
      vertex -49.8882 6 33.3342
      vertex -36.4392 6 29.9064
      vertex -51.9615 6 30
    endloop
  endfacet
  facet normal 0 1 0
    outer loop
      vertex -35.9772 6 29.042
      vertex -51.9615 6 30
      vertex -36.4392 6 29.9064
    endloop
  endfacet
  facet normal 0 1 0
    outer loop
      vertex -53.8124 6 26.5373
      vertex -35.9772 6 29.042
      vertex -35.3553 6 28.2843
    endloop
  endfacet
  facet normal 0 1 0
    outer loop
      vertex -55.4328 6 22.961
      vertex -35.3553 6 28.2843
      vertex -34.5977 6 27.6625
    endloop
  endfacet
  facet normal 0 1 0
    outer loop
      vertex -56.8158 6 19.2864
      vertex -34.5977 6 27.6625
      vertex -33.7332 6 27.2004
    endloop
  endfacet
  facet normal 0 1 0
    outer loop
      vertex -58.8471 6 11.7054
      vertex -33.7332 6 27.2004
      vertex -32.7953 6 26.9159
    endloop
  endfacet
  facet normal 0 1 0
    outer loop
      vertex -35.9772 6 29.042
      vertex -53.8124 6 26.5373
      vertex -51.9615 6 30
    endloop
  endfacet
  facet normal 0 1 0
    outer loop
      vertex -19.1388 6 5.80569
      vertex -32.7953 6 26.9159
      vertex -31.8198 6 26.8198
    endloop
  endfacet
  facet normal 0 1 0
    outer loop
      vertex 3.92419 6 59.8715
      vertex 0 6 20
      vertex 0 6 60
    endloop
  endfacet
  facet normal 0 1 0
    outer loop
      vertex 58.8471 6 11.7054
      vertex 33.7332 6 27.2004
      vertex 57.9556 6 15.5291
    endloop
  endfacet
  facet normal 0 1 0
    outer loop
      vertex -27.2004 6 29.9064
      vertex -11.1114 6 16.6294
      vertex -27.6625 6 29.042
    endloop
  endfacet
  facet normal 0 1 -0
    outer loop
      vertex -12.6879 6 15.4602
      vertex -27.6625 6 29.042
      vertex -11.1114 6 16.6294
    endloop
  endfacet
  facet normal 0 1 -0
    outer loop
      vertex -11.1114 6 16.6294
      vertex -27.2004 6 29.9064
      vertex -9.42793 6 17.6384
    endloop
  endfacet
  facet normal -0 1 0
    outer loop
      vertex 0 6 20
      vertex 3.92419 6 59.8715
      vertex 1.96034 6 19.9037
    endloop
  endfacet
  facet normal 0 1 0
    outer loop
      vertex 33.7332 6 27.2004
      vertex 58.8471 6 11.7054
      vertex 32.7953 6 26.9159
    endloop
  endfacet
  facet normal 0 1 0
    outer loop
      vertex 26.9159 6 32.7953
      vertex 5.80569 6 19.1388
      vertex 3.90181 6 19.6157
    endloop
  endfacet
  facet normal 0 1 0
    outer loop
      vertex 26.8198 6 31.8198
      vertex 7.65367 6 18.4776
      vertex 5.80569 6 19.1388
    endloop
  endfacet
  facet normal 0 1 0
    outer loop
      vertex 26.9159 6 30.8444
      vertex 9.42793 6 17.6384
      vertex 7.65367 6 18.4776
    endloop
  endfacet
  facet normal 0 1 0
    outer loop
      vertex 27.2004 6 29.9064
      vertex 11.1114 6 16.6294
      vertex 9.42793 6 17.6384
    endloop
  endfacet
  facet normal 0 1 0
    outer loop
      vertex 19.6157 6 3.90181
      vertex 32.7953 6 26.9159
      vertex 58.8471 6 11.7054
    endloop
  endfacet
  facet normal 0 1 0
    outer loop
      vertex 27.6625 6 29.042
      vertex 12.6879 6 15.4602
      vertex 11.1114 6 16.6294
    endloop
  endfacet
  facet normal 0 1 0
    outer loop
      vertex 28.2843 6 28.2843
      vertex 14.1421 6 14.1421
      vertex 12.6879 6 15.4602
    endloop
  endfacet
  facet normal 0 1 0
    outer loop
      vertex 29.042 6 27.6625
      vertex 15.4602 6 12.6879
      vertex 14.1421 6 14.1421
    endloop
  endfacet
  facet normal -0 1 0
    outer loop
      vertex 19.1388 6 5.80569
      vertex 32.7953 6 26.9159
      vertex 19.6157 6 3.90181
    endloop
  endfacet
  facet normal 0 1 0
    outer loop
      vertex 29.9064 6 27.2004
      vertex 16.6294 6 11.1114
      vertex 15.4602 6 12.6879
    endloop
  endfacet
  facet normal 0 1 0
    outer loop
      vertex 29.9064 6 27.2004
      vertex 17.6384 6 9.42793
      vertex 16.6294 6 11.1114
    endloop
  endfacet
  facet normal 0 1 0
    outer loop
      vertex 19.6157 6 3.90181
      vertex 58.8471 6 11.7054
      vertex 59.4867 6 7.83157
    endloop
  endfacet
  facet normal 0 1 0
    outer loop
      vertex 30.8444 6 26.9159
      vertex 18.4776 6 7.65367
      vertex 17.6384 6 9.42793
    endloop
  endfacet
  facet normal 0 1 0
    outer loop
      vertex 31.8198 6 26.8198
      vertex 19.1388 6 5.80569
      vertex 18.4776 6 7.65367
    endloop
  endfacet
  facet normal 0 1 0
    outer loop
      vertex 19.9037 6 1.96034
      vertex 59.4867 6 7.83157
      vertex 59.8715 6 3.92419
    endloop
  endfacet
  facet normal 0 1 0
    outer loop
      vertex 32.7953 6 26.9159
      vertex 19.1388 6 5.80569
      vertex 31.8198 6 26.8198
    endloop
  endfacet
  facet normal 0 1 0
    outer loop
      vertex 59.4867 6 7.83157
      vertex 19.9037 6 1.96034
      vertex 19.6157 6 3.90181
    endloop
  endfacet
  facet normal 0 1 0
    outer loop
      vertex 20 6 0
      vertex 59.8715 6 3.92419
      vertex 60 6 0
    endloop
  endfacet
  facet normal 0 1 0
    outer loop
      vertex 59.8715 6 3.92419
      vertex 20 6 0
      vertex 19.9037 6 1.96034
    endloop
  endfacet
  facet normal 0 1 -0
    outer loop
      vertex 59.8715 6 -3.92419
      vertex 20 6 0
      vertex 60 6 0
    endloop
  endfacet
  facet normal 0 1 0
    outer loop
      vertex 20 6 0
      vertex 59.8715 6 -3.92419
      vertex 19.9037 6 -1.96034
    endloop
  endfacet
  facet normal 0 1 -0
    outer loop
      vertex 59.4867 6 -7.83157
      vertex 19.9037 6 -1.96034
      vertex 59.8715 6 -3.92419
    endloop
  endfacet
  facet normal 0 1 0
    outer loop
      vertex 19.9037 6 -1.96034
      vertex 59.4867 6 -7.83157
      vertex 19.6157 6 -3.90181
    endloop
  endfacet
  facet normal 0 1 -0
    outer loop
      vertex 58.8471 6 -11.7054
      vertex 19.6157 6 -3.90181
      vertex 59.4867 6 -7.83157
    endloop
  endfacet
  facet normal 0 1 -0
    outer loop
      vertex 32.7953 6 -26.9159
      vertex 19.6157 6 -3.90181
      vertex 58.8471 6 -11.7054
    endloop
  endfacet
  facet normal 0 1 0
    outer loop
      vertex 19.6157 6 -3.90181
      vertex 32.7953 6 -26.9159
      vertex 19.1388 6 -5.80569
    endloop
  endfacet
  facet normal -0 1 -0
    outer loop
      vertex 31.8198 6 -26.8198
      vertex 19.1388 6 -5.80569
      vertex 32.7953 6 -26.9159
    endloop
  endfacet
  facet normal 0 1 0
    outer loop
      vertex 19.1388 6 -5.80569
      vertex 31.8198 6 -26.8198
      vertex 18.4776 6 -7.65367
    endloop
  endfacet
  facet normal 0 1 -0
    outer loop
      vertex 30.8444 6 -26.9159
      vertex 18.4776 6 -7.65367
      vertex 31.8198 6 -26.8198
    endloop
  endfacet
  facet normal 0 1 0
    outer loop
      vertex 18.4776 6 -7.65367
      vertex 30.8444 6 -26.9159
      vertex 17.6384 6 -9.42793
    endloop
  endfacet
  facet normal 0 1 -0
    outer loop
      vertex 29.9064 6 -27.2004
      vertex 17.6384 6 -9.42793
      vertex 30.8444 6 -26.9159
    endloop
  endfacet
  facet normal 0 1 0
    outer loop
      vertex 33.7332 6 -27.2004
      vertex 58.8471 6 -11.7054
      vertex 57.9556 6 -15.5291
    endloop
  endfacet
  facet normal 0 1 0
    outer loop
      vertex 17.6384 6 -9.42793
      vertex 29.9064 6 -27.2004
      vertex 16.6294 6 -11.1114
    endloop
  endfacet
  facet normal 0 1 -0
    outer loop
      vertex 29.042 6 -27.6625
      vertex 15.4602 6 -12.6879
      vertex 29.9064 6 -27.2004
    endloop
  endfacet
  facet normal 0 1 0
    outer loop
      vertex 15.4602 6 -12.6879
      vertex 29.042 6 -27.6625
      vertex 14.1421 6 -14.1421
    endloop
  endfacet
  facet normal 0 1 -0
    outer loop
      vertex 28.2843 6 -28.2843
      vertex 14.1421 6 -14.1421
      vertex 29.042 6 -27.6625
    endloop
  endfacet
  facet normal 0 1 0
    outer loop
      vertex 33.7332 6 -27.2004
      vertex 57.9556 6 -15.5291
      vertex 56.8158 6 -19.2864
    endloop
  endfacet
  facet normal 0 1 0
    outer loop
      vertex 14.1421 6 -14.1421
      vertex 28.2843 6 -28.2843
      vertex 12.6879 6 -15.4602
    endloop
  endfacet
  facet normal 0 1 -0
    outer loop
      vertex 27.6625 6 -29.042
      vertex 12.6879 6 -15.4602
      vertex 28.2843 6 -28.2843
    endloop
  endfacet
  facet normal 0 1 0
    outer loop
      vertex 12.6879 6 -15.4602
      vertex 27.6625 6 -29.042
      vertex 11.1114 6 -16.6294
    endloop
  endfacet
  facet normal 0 1 0
    outer loop
      vertex 34.5977 6 -27.6625
      vertex 56.8158 6 -19.2864
      vertex 55.4328 6 -22.961
    endloop
  endfacet
  facet normal 0 1 0
    outer loop
      vertex -27.6625 6 29.042
      vertex -12.6879 6 15.4602
      vertex -28.2843 6 28.2843
    endloop
  endfacet
  facet normal 0 1 -0
    outer loop
      vertex -14.1421 6 14.1421
      vertex -28.2843 6 28.2843
      vertex -12.6879 6 15.4602
    endloop
  endfacet
  facet normal 0 1 0
    outer loop
      vertex -28.2843 6 28.2843
      vertex -14.1421 6 14.1421
      vertex -29.042 6 27.6625
    endloop
  endfacet
  facet normal 0 1 -0
    outer loop
      vertex -15.4602 6 12.6879
      vertex -29.042 6 27.6625
      vertex -14.1421 6 14.1421
    endloop
  endfacet
  facet normal 0 1 0
    outer loop
      vertex -29.042 6 27.6625
      vertex -15.4602 6 12.6879
      vertex -29.9064 6 27.2004
    endloop
  endfacet
  facet normal 0 1 -0
    outer loop
      vertex -16.6294 6 11.1114
      vertex -29.9064 6 27.2004
      vertex -15.4602 6 12.6879
    endloop
  endfacet
  facet normal 0 1 -0
    outer loop
      vertex -17.6384 6 9.42793
      vertex -29.9064 6 27.2004
      vertex -16.6294 6 11.1114
    endloop
  endfacet
  facet normal 0 1 0
    outer loop
      vertex -29.9064 6 27.2004
      vertex -17.6384 6 9.42793
      vertex -30.8444 6 26.9159
    endloop
  endfacet
  facet normal 0 1 -0
    outer loop
      vertex -18.4776 6 7.65367
      vertex -30.8444 6 26.9159
      vertex -17.6384 6 9.42793
    endloop
  endfacet
  facet normal 0 1 0
    outer loop
      vertex -30.8444 6 26.9159
      vertex -18.4776 6 7.65367
      vertex -31.8198 6 26.8198
    endloop
  endfacet
  facet normal 0 1 -0
    outer loop
      vertex -19.1388 6 5.80569
      vertex -31.8198 6 26.8198
      vertex -18.4776 6 7.65367
    endloop
  endfacet
  facet normal 0 1 0
    outer loop
      vertex -35.3553 6 28.2843
      vertex -55.4328 6 22.961
      vertex -53.8124 6 26.5373
    endloop
  endfacet
  facet normal 0 1 0
    outer loop
      vertex -34.5977 6 27.6625
      vertex -56.8158 6 19.2864
      vertex -55.4328 6 22.961
    endloop
  endfacet
  facet normal 0 1 0
    outer loop
      vertex -32.7953 6 26.9159
      vertex -19.1388 6 5.80569
      vertex -19.6157 6 3.90181
    endloop
  endfacet
  facet normal 0 1 0
    outer loop
      vertex -33.7332 6 27.2004
      vertex -57.9556 6 15.5291
      vertex -56.8158 6 19.2864
    endloop
  endfacet
  facet normal 0 1 0
    outer loop
      vertex -32.7953 6 26.9159
      vertex -19.6157 6 3.90181
      vertex -58.8471 6 11.7054
    endloop
  endfacet
  facet normal 0 1 0
    outer loop
      vertex -33.7332 6 27.2004
      vertex -58.8471 6 11.7054
      vertex -57.9556 6 15.5291
    endloop
  endfacet
  facet normal 0 1 0
    outer loop
      vertex -58.8471 6 11.7054
      vertex -19.6157 6 3.90181
      vertex -59.4867 6 7.83157
    endloop
  endfacet
  facet normal 0 1 -0
    outer loop
      vertex -19.9037 6 1.96034
      vertex -59.4867 6 7.83157
      vertex -19.6157 6 3.90181
    endloop
  endfacet
  facet normal 0 1 0
    outer loop
      vertex -59.4867 6 7.83157
      vertex -19.9037 6 1.96034
      vertex -59.8715 6 3.92419
    endloop
  endfacet
  facet normal 0 1 -0
    outer loop
      vertex -20 6 0
      vertex -59.8715 6 3.92419
      vertex -19.9037 6 1.96034
    endloop
  endfacet
  facet normal 0 1 0
    outer loop
      vertex -20 6 0
      vertex -60 6 0
      vertex -59.8715 6 3.92419
    endloop
  endfacet
  facet normal 0 1 0
    outer loop
      vertex -59.8715 6 -3.92419
      vertex -20 6 0
      vertex -19.9037 6 -1.96034
    endloop
  endfacet
  facet normal 0 1 0
    outer loop
      vertex -59.4867 6 -7.83157
      vertex -19.9037 6 -1.96034
      vertex -19.6157 6 -3.90181
    endloop
  endfacet
  facet normal 0 1 0
    outer loop
      vertex -20 6 0
      vertex -59.8715 6 -3.92419
      vertex -60 6 0
    endloop
  endfacet
  facet normal 0 1 0
    outer loop
      vertex -32.7953 6 -26.9159
      vertex -19.1388 6 -5.80569
      vertex -31.8198 6 -26.8198
    endloop
  endfacet
  facet normal 0 1 0
    outer loop
      vertex -31.8198 6 -26.8198
      vertex -19.1388 6 -5.80569
      vertex -18.4776 6 -7.65367
    endloop
  endfacet
  facet normal 0 1 0
    outer loop
      vertex -19.9037 6 -1.96034
      vertex -59.4867 6 -7.83157
      vertex -59.8715 6 -3.92419
    endloop
  endfacet
  facet normal 0 1 0
    outer loop
      vertex -31.8198 6 -26.8198
      vertex -18.4776 6 -7.65367
      vertex -17.6384 6 -9.42793
    endloop
  endfacet
  facet normal 0 1 0
    outer loop
      vertex -31.8198 6 -26.8198
      vertex -17.6384 6 -9.42793
      vertex -16.6294 6 -11.1114
    endloop
  endfacet
  facet normal 0 1 0
    outer loop
      vertex -19.6157 6 -3.90181
      vertex -58.8471 6 -11.7054
      vertex -59.4867 6 -7.83157
    endloop
  endfacet
  facet normal 0 1 0
    outer loop
      vertex -31.8198 6 -26.8198
      vertex -16.6294 6 -11.1114
      vertex -15.4602 6 -12.6879
    endloop
  endfacet
  facet normal 0 1 0
    outer loop
      vertex -31.8198 6 -26.8198
      vertex -15.4602 6 -12.6879
      vertex -14.1421 6 -14.1421
    endloop
  endfacet
  facet normal 0 1 0
    outer loop
      vertex -31.8198 6 -26.8198
      vertex -14.1421 6 -14.1421
      vertex -12.6879 6 -15.4602
    endloop
  endfacet
  facet normal 0 1 0
    outer loop
      vertex -19.1388 6 -5.80569
      vertex -32.7953 6 -26.9159
      vertex -19.6157 6 -3.90181
    endloop
  endfacet
  facet normal 0 1 0
    outer loop
      vertex -31.8198 6 -26.8198
      vertex -12.6879 6 -15.4602
      vertex -11.1114 6 -16.6294
    endloop
  endfacet
  facet normal 0 1 0
    outer loop
      vertex -31.8198 6 -26.8198
      vertex -11.1114 6 -16.6294
      vertex -9.42793 6 -17.6384
    endloop
  endfacet
  facet normal 0 1 0
    outer loop
      vertex -31.8198 6 -26.8198
      vertex -9.42793 6 -17.6384
      vertex -7.65367 6 -18.4776
    endloop
  endfacet
  facet normal 0 1 0
    outer loop
      vertex -31.8198 6 -26.8198
      vertex -7.65367 6 -18.4776
      vertex -5.80569 6 -19.1388
    endloop
  endfacet
  facet normal 0 1 0
    outer loop
      vertex -19.6157 6 -3.90181
      vertex -32.7953 6 -26.9159
      vertex -58.8471 6 -11.7054
    endloop
  endfacet
  facet normal 0 1 0
    outer loop
      vertex -31.8198 6 -26.8198
      vertex -5.80569 6 -19.1388
      vertex -3.90181 6 -19.6157
    endloop
  endfacet
  facet normal 0 1 0
    outer loop
      vertex -31.8198 6 -26.8198
      vertex -3.90181 6 -19.6157
      vertex -1.96034 6 -19.9037
    endloop
  endfacet
  facet normal 0 1 0
    outer loop
      vertex 11.1114 6 -16.6294
      vertex 27.2004 6 -29.9064
      vertex 9.42793 6 -17.6384
    endloop
  endfacet
  facet normal 0 1 -0
    outer loop
      vertex 27.2004 6 -29.9064
      vertex 11.1114 6 -16.6294
      vertex 27.6625 6 -29.042
    endloop
  endfacet
  facet normal 0 1 0
    outer loop
      vertex 0 6 -20
      vertex -31.8198 6 -26.8198
      vertex -1.96034 6 -19.9037
    endloop
  endfacet
  facet normal 0 1 0
    outer loop
      vertex 35.3553 6 -28.2843
      vertex 55.4328 6 -22.961
      vertex 53.8124 6 -26.5373
    endloop
  endfacet
  facet normal 0 1 -0
    outer loop
      vertex -33.7332 6 -27.2004
      vertex -58.8471 6 -11.7054
      vertex -32.7953 6 -26.9159
    endloop
  endfacet
  facet normal 0 1 0
    outer loop
      vertex -58.8471 6 -11.7054
      vertex -33.7332 6 -27.2004
      vertex -57.9556 6 -15.5291
    endloop
  endfacet
  facet normal 0 1 0
    outer loop
      vertex 16.6294 6 -11.1114
      vertex 29.9064 6 -27.2004
      vertex 15.4602 6 -12.6879
    endloop
  endfacet
  facet normal 0 1 0
    outer loop
      vertex 58.8471 6 -11.7054
      vertex 33.7332 6 -27.2004
      vertex 32.7953 6 -26.9159
    endloop
  endfacet
  facet normal 0 1 0
    outer loop
      vertex 56.8158 6 -19.2864
      vertex 34.5977 6 -27.6625
      vertex 33.7332 6 -27.2004
    endloop
  endfacet
  facet normal 0 1 0
    outer loop
      vertex 55.4328 6 -22.961
      vertex 35.3553 6 -28.2843
      vertex 34.5977 6 -27.6625
    endloop
  endfacet
  facet normal 0 1 0
    outer loop
      vertex 53.8124 6 -26.5373
      vertex 35.9772 6 -29.042
      vertex 35.3553 6 -28.2843
    endloop
  endfacet
  facet normal 0 1 -0
    outer loop
      vertex 51.9615 6 -30
      vertex 35.9772 6 -29.042
      vertex 53.8124 6 -26.5373
    endloop
  endfacet
  facet normal 0 1 0
    outer loop
      vertex 35.9772 6 -29.042
      vertex 51.9615 6 -30
      vertex 36.4392 6 -29.9064
    endloop
  endfacet
  facet normal 0 1 -0
    outer loop
      vertex 49.8882 6 -33.3342
      vertex 36.4392 6 -29.9064
      vertex 51.9615 6 -30
    endloop
  endfacet
  facet normal 0 1 0
    outer loop
      vertex 36.4392 6 -29.9064
      vertex 49.8882 6 -33.3342
      vertex 36.7237 6 -30.8444
    endloop
  endfacet
  facet normal 0 1 0
    outer loop
      vertex 36.7237 6 -30.8444
      vertex 49.8882 6 -33.3342
      vertex 36.8198 6 -31.8198
    endloop
  endfacet
  facet normal 0 1 -0
    outer loop
      vertex 47.6012 6 -36.5257
      vertex 36.8198 6 -31.8198
      vertex 49.8882 6 -33.3342
    endloop
  endfacet
  facet normal 0 1 0
    outer loop
      vertex 36.8198 6 -31.8198
      vertex 47.6012 6 -36.5257
      vertex 36.7237 6 -32.7953
    endloop
  endfacet
  facet normal 0 1 -0
    outer loop
      vertex 45.1104 6 -39.5607
      vertex 36.7237 6 -32.7953
      vertex 47.6012 6 -36.5257
    endloop
  endfacet
  facet normal 0 1 0
    outer loop
      vertex 36.7237 6 -32.7953
      vertex 45.1104 6 -39.5607
      vertex 36.4392 6 -33.7332
    endloop
  endfacet
  facet normal 0 1 0
    outer loop
      vertex 36.4392 6 -33.7332
      vertex 45.1104 6 -39.5607
      vertex 35.9772 6 -34.5977
    endloop
  endfacet
  facet normal 0 1 -0
    outer loop
      vertex 42.4264 6 -42.4264
      vertex 35.9772 6 -34.5977
      vertex 45.1104 6 -39.5607
    endloop
  endfacet
  facet normal 0 1 0
    outer loop
      vertex 35.9772 6 -34.5977
      vertex 42.4264 6 -42.4264
      vertex 35.3553 6 -35.3553
    endloop
  endfacet
  facet normal 0 1 0
    outer loop
      vertex 35.3553 6 -35.3553
      vertex 42.4264 6 -42.4264
      vertex 34.5977 6 -35.9772
    endloop
  endfacet
  facet normal 0 1 -0
    outer loop
      vertex 39.5607 6 -45.1104
      vertex 34.5977 6 -35.9772
      vertex 42.4264 6 -42.4264
    endloop
  endfacet
  facet normal 0 1 0
    outer loop
      vertex 33.7332 6 -36.4392
      vertex 39.5607 6 -45.1104
      vertex 32.7953 6 -36.7237
    endloop
  endfacet
  facet normal 0 1 0
    outer loop
      vertex 34.5977 6 -35.9772
      vertex 39.5607 6 -45.1104
      vertex 33.7332 6 -36.4392
    endloop
  endfacet
  facet normal -0.812846 0 0.582478
    outer loop
      vertex -49.8882 -6 33.3342
      vertex -47.6012 6 36.5257
      vertex -49.8882 6 33.3342
    endloop
  endfacet
  facet normal -0.812846 0 0.582478
    outer loop
      vertex -47.6012 6 36.5257
      vertex -49.8882 -6 33.3342
      vertex -47.6012 -6 36.5257
    endloop
  endfacet
  facet normal 0.634399 -5.36646e-18 -0.773005
    outer loop
      vertex 36.5257 -6 -47.6012
      vertex 39.5607 6 -45.1104
      vertex 39.5607 -6 -45.1104
    endloop
  endfacet
  facet normal 0.634399 -5.36646e-18 -0.773005
    outer loop
      vertex 39.5607 6 -45.1104
      vertex 36.5257 -6 -47.6012
      vertex 36.5257 6 -47.6012
    endloop
  endfacet
  facet normal -0.773005 0 0.634399
    outer loop
      vertex -47.6012 -6 36.5257
      vertex -45.1104 6 39.5607
      vertex -47.6012 6 36.5257
    endloop
  endfacet
  facet normal -0.773005 0 0.634399
    outer loop
      vertex -45.1104 6 39.5607
      vertex -47.6012 -6 36.5257
      vertex -45.1104 -6 39.5607
    endloop
  endfacet
  facet normal 0.935908 0 -0.352245
    outer loop
      vertex 56.8158 -6 -19.2864
      vertex 55.4328 6 -22.961
      vertex 56.8158 6 -19.2864
    endloop
  endfacet
  facet normal 0.935908 0 -0.352245
    outer loop
      vertex 55.4328 6 -22.961
      vertex 56.8158 -6 -19.2864
      vertex 55.4328 -6 -22.961
    endloop
  endfacet
  facet normal 0.352245 -5.37634e-18 0.935908
    outer loop
      vertex 19.2864 6 56.8158
      vertex 22.961 -6 55.4328
      vertex 22.961 6 55.4328
    endloop
  endfacet
  facet normal 0.352245 -5.37634e-18 0.935908
    outer loop
      vertex 22.961 -6 55.4328
      vertex 19.2864 6 56.8158
      vertex 19.2864 -6 56.8158
    endloop
  endfacet
  facet normal -0.162902 1.49258e-18 -0.986642
    outer loop
      vertex -11.7054 -6 -58.8471
      vertex -7.83157 6 -59.4867
      vertex -7.83157 -6 -59.4867
    endloop
  endfacet
  facet normal -0.162902 1.49258e-18 -0.986642
    outer loop
      vertex -7.83157 6 -59.4867
      vertex -11.7054 -6 -58.8471
      vertex -11.7054 6 -58.8471
    endloop
  endfacet
  facet normal 0.986642 0 -0.162902
    outer loop
      vertex 59.4867 -6 -7.83157
      vertex 58.8471 6 -11.7054
      vertex 59.4867 6 -7.83157
    endloop
  endfacet
  facet normal 0.986642 0 -0.162902
    outer loop
      vertex 58.8471 6 -11.7054
      vertex 59.4867 -6 -7.83157
      vertex 58.8471 -6 -11.7054
    endloop
  endfacet
  facet normal 0.812846 0 -0.582478
    outer loop
      vertex 49.8882 -6 -33.3342
      vertex 47.6012 6 -36.5257
      vertex 49.8882 6 -33.3342
    endloop
  endfacet
  facet normal 0.812846 0 -0.582478
    outer loop
      vertex 47.6012 6 -36.5257
      vertex 49.8882 -6 -33.3342
      vertex 47.6012 -6 -36.5257
    endloop
  endfacet
  facet normal 0.812846 -0 0.582478
    outer loop
      vertex 47.6012 -6 36.5257
      vertex 49.8882 6 33.3342
      vertex 47.6012 6 36.5257
    endloop
  endfacet
  facet normal 0.812846 0 0.582478
    outer loop
      vertex 49.8882 6 33.3342
      vertex 47.6012 -6 36.5257
      vertex 49.8882 -6 33.3342
    endloop
  endfacet
  facet normal -0.683589 4.93537e-18 -0.729867
    outer loop
      vertex -42.4264 -6 -42.4264
      vertex -39.5607 6 -45.1104
      vertex -39.5607 -6 -45.1104
    endloop
  endfacet
  facet normal -0.683589 4.93537e-18 -0.729867
    outer loop
      vertex -39.5607 6 -45.1104
      vertex -42.4264 -6 -42.4264
      vertex -42.4264 6 -42.4264
    endloop
  endfacet
  facet normal -0.999464 0 -0.0327281
    outer loop
      vertex -59.8715 -6 -3.92419
      vertex -60 6 0
      vertex -59.8715 6 -3.92419
    endloop
  endfacet
  facet normal -0.999464 -0 -0.0327281
    outer loop
      vertex -60 6 0
      vertex -59.8715 -6 -3.92419
      vertex -60 -6 0
    endloop
  endfacet
  facet normal 0.986642 -0 0.162902
    outer loop
      vertex 58.8471 -6 11.7054
      vertex 59.4867 6 7.83157
      vertex 58.8471 6 11.7054
    endloop
  endfacet
  facet normal 0.986642 0 0.162902
    outer loop
      vertex 59.4867 6 7.83157
      vertex 58.8471 -6 11.7054
      vertex 59.4867 -6 7.83157
    endloop
  endfacet
  facet normal -0.849207 0 -0.528061
    outer loop
      vertex -49.8882 -6 -33.3342
      vertex -51.9615 6 -30
      vertex -49.8882 6 -33.3342
    endloop
  endfacet
  facet normal -0.849207 -0 -0.528061
    outer loop
      vertex -51.9615 6 -30
      vertex -49.8882 -6 -33.3342
      vertex -51.9615 -6 -30
    endloop
  endfacet
  facet normal -0.227061 4.0552e-18 -0.97388
    outer loop
      vertex -15.5291 -6 -57.9556
      vertex -11.7054 6 -58.8471
      vertex -11.7054 -6 -58.8471
    endloop
  endfacet
  facet normal -0.227061 4.0552e-18 -0.97388
    outer loop
      vertex -11.7054 6 -58.8471
      vertex -15.5291 -6 -57.9556
      vertex -15.5291 6 -57.9556
    endloop
  endfacet
  facet normal 0.729867 0 -0.683589
    outer loop
      vertex 45.1104 -6 -39.5607
      vertex 42.4264 6 -42.4264
      vertex 45.1104 6 -39.5607
    endloop
  endfacet
  facet normal 0.729867 0 -0.683589
    outer loop
      vertex 42.4264 6 -42.4264
      vertex 45.1104 -6 -39.5607
      vertex 42.4264 -6 -42.4264
    endloop
  endfacet
  facet normal 0.412707 -3.53217e-18 0.910864
    outer loop
      vertex 22.961 6 55.4328
      vertex 26.5373 -6 53.8124
      vertex 26.5373 6 53.8124
    endloop
  endfacet
  facet normal 0.412707 -3.53217e-18 0.910864
    outer loop
      vertex 26.5373 -6 53.8124
      vertex 22.961 6 55.4328
      vertex 22.961 -6 55.4328
    endloop
  endfacet
  facet normal 0.528061 4.70979e-18 -0.849207
    outer loop
      vertex 30 -6 -51.9615
      vertex 33.3342 6 -49.8882
      vertex 33.3342 -6 -49.8882
    endloop
  endfacet
  facet normal 0.528061 4.70979e-18 -0.849207
    outer loop
      vertex 33.3342 6 -49.8882
      vertex 30 -6 -51.9615
      vertex 30 6 -51.9615
    endloop
  endfacet
  facet normal -0.956938 0 0.290293
    outer loop
      vertex -57.9556 -6 15.5291
      vertex -56.8158 6 19.2864
      vertex -57.9556 6 15.5291
    endloop
  endfacet
  facet normal -0.956938 0 0.290293
    outer loop
      vertex -56.8158 6 19.2864
      vertex -57.9556 -6 15.5291
      vertex -56.8158 -6 19.2864
    endloop
  endfacet
  facet normal 0.528061 -4.70979e-18 0.849207
    outer loop
      vertex 30 6 51.9615
      vertex 33.3342 -6 49.8882
      vertex 33.3342 6 49.8882
    endloop
  endfacet
  facet normal 0.528061 -4.70979e-18 0.849207
    outer loop
      vertex 33.3342 -6 49.8882
      vertex 30 6 51.9615
      vertex 30 -6 51.9615
    endloop
  endfacet
  facet normal -0.935908 0 -0.352245
    outer loop
      vertex -55.4328 -6 -22.961
      vertex -56.8158 6 -19.2864
      vertex -55.4328 6 -22.961
    endloop
  endfacet
  facet normal -0.935908 -0 -0.352245
    outer loop
      vertex -56.8158 6 -19.2864
      vertex -55.4328 -6 -22.961
      vertex -56.8158 -6 -19.2864
    endloop
  endfacet
  facet normal -0.910864 0 -0.412707
    outer loop
      vertex -53.8124 -6 -26.5373
      vertex -55.4328 6 -22.961
      vertex -53.8124 6 -26.5373
    endloop
  endfacet
  facet normal -0.910864 -0 -0.412707
    outer loop
      vertex -55.4328 6 -22.961
      vertex -53.8124 -6 -26.5373
      vertex -55.4328 -6 -22.961
    endloop
  endfacet
  facet normal 0.849207 0 -0.528061
    outer loop
      vertex 51.9615 -6 -30
      vertex 49.8882 6 -33.3342
      vertex 51.9615 6 -30
    endloop
  endfacet
  facet normal 0.849207 0 -0.528061
    outer loop
      vertex 49.8882 6 -33.3342
      vertex 51.9615 -6 -30
      vertex 49.8882 -6 -33.3342
    endloop
  endfacet
  facet normal -0.999464 0 0.0327281
    outer loop
      vertex -60 -6 0
      vertex -59.8715 6 3.92419
      vertex -60 6 0
    endloop
  endfacet
  facet normal -0.999464 0 0.0327281
    outer loop
      vertex -59.8715 6 3.92419
      vertex -60 -6 0
      vertex -59.8715 -6 3.92419
    endloop
  endfacet
  facet normal -0.582478 -2.10467e-18 -0.812846
    outer loop
      vertex -36.5257 -6 -47.6012
      vertex -33.3342 6 -49.8882
      vertex -33.3342 -6 -49.8882
    endloop
  endfacet
  facet normal -0.582478 -2.10467e-18 -0.812846
    outer loop
      vertex -33.3342 6 -49.8882
      vertex -36.5257 -6 -47.6012
      vertex -36.5257 6 -47.6012
    endloop
  endfacet
  facet normal -0.0327281 -2.03008e-19 -0.999464
    outer loop
      vertex -3.92419 -6 -59.8715
      vertex 0 6 -60
      vertex 0 -6 -60
    endloop
  endfacet
  facet normal -0.0327281 -2.03008e-19 -0.999464
    outer loop
      vertex 0 6 -60
      vertex -3.92419 -6 -59.8715
      vertex -3.92419 6 -59.8715
    endloop
  endfacet
  facet normal 0.0327281 -2.03008e-19 0.999464
    outer loop
      vertex 0 6 60
      vertex 3.92419 -6 59.8715
      vertex 3.92419 6 59.8715
    endloop
  endfacet
  facet normal 0.0327281 -2.03008e-19 0.999464
    outer loop
      vertex 3.92419 -6 59.8715
      vertex 0 6 60
      vertex 0 -6 60
    endloop
  endfacet
  facet normal 0.471406 6.1754e-18 0.881916
    outer loop
      vertex 26.5373 6 53.8124
      vertex 30 -6 51.9615
      vertex 30 6 51.9615
    endloop
  endfacet
  facet normal 0.471406 6.1754e-18 0.881916
    outer loop
      vertex 30 -6 51.9615
      vertex 26.5373 6 53.8124
      vertex 26.5373 -6 53.8124
    endloop
  endfacet
  facet normal -0.0980062 -1.20764e-18 -0.995186
    outer loop
      vertex -7.83157 -6 -59.4867
      vertex -3.92419 6 -59.8715
      vertex -3.92419 -6 -59.8715
    endloop
  endfacet
  facet normal -0.0980062 -1.20764e-18 -0.995186
    outer loop
      vertex -3.92419 6 -59.8715
      vertex -7.83157 -6 -59.4867
      vertex -7.83157 6 -59.4867
    endloop
  endfacet
  facet normal 0.683589 4.93537e-18 0.729867
    outer loop
      vertex 39.5607 6 45.1104
      vertex 42.4264 -6 42.4264
      vertex 42.4264 6 42.4264
    endloop
  endfacet
  facet normal 0.683589 4.93537e-18 0.729867
    outer loop
      vertex 42.4264 -6 42.4264
      vertex 39.5607 6 45.1104
      vertex 39.5607 -6 45.1104
    endloop
  endfacet
  facet normal -0.881916 0 0.471406
    outer loop
      vertex -53.8124 -6 26.5373
      vertex -51.9615 6 30
      vertex -53.8124 6 26.5373
    endloop
  endfacet
  facet normal -0.881916 0 0.471406
    outer loop
      vertex -51.9615 6 30
      vertex -53.8124 -6 26.5373
      vertex -51.9615 -6 30
    endloop
  endfacet
  facet normal 0.97388 0 -0.227061
    outer loop
      vertex 58.8471 -6 -11.7054
      vertex 57.9556 6 -15.5291
      vertex 58.8471 6 -11.7054
    endloop
  endfacet
  facet normal 0.97388 0 -0.227061
    outer loop
      vertex 57.9556 6 -15.5291
      vertex 58.8471 -6 -11.7054
      vertex 57.9556 -6 -15.5291
    endloop
  endfacet
  facet normal -0.634399 5.36646e-18 -0.773005
    outer loop
      vertex -39.5607 -6 -45.1104
      vertex -36.5257 6 -47.6012
      vertex -36.5257 -6 -47.6012
    endloop
  endfacet
  facet normal -0.634399 5.36646e-18 -0.773005
    outer loop
      vertex -36.5257 6 -47.6012
      vertex -39.5607 -6 -45.1104
      vertex -39.5607 6 -45.1104
    endloop
  endfacet
  facet normal -0.352245 -5.37634e-18 -0.935908
    outer loop
      vertex -22.961 -6 -55.4328
      vertex -19.2864 6 -56.8158
      vertex -19.2864 -6 -56.8158
    endloop
  endfacet
  facet normal -0.352245 -5.37634e-18 -0.935908
    outer loop
      vertex -19.2864 6 -56.8158
      vertex -22.961 -6 -55.4328
      vertex -22.961 6 -55.4328
    endloop
  endfacet
  facet normal -0.582478 2.10467e-18 0.812846
    outer loop
      vertex -36.5257 6 47.6012
      vertex -33.3342 -6 49.8882
      vertex -33.3342 6 49.8882
    endloop
  endfacet
  facet normal -0.582478 2.10467e-18 0.812846
    outer loop
      vertex -33.3342 -6 49.8882
      vertex -36.5257 6 47.6012
      vertex -36.5257 -6 47.6012
    endloop
  endfacet
  facet normal 0.849207 -0 0.528061
    outer loop
      vertex 49.8882 -6 33.3342
      vertex 51.9615 6 30
      vertex 49.8882 6 33.3342
    endloop
  endfacet
  facet normal 0.849207 0 0.528061
    outer loop
      vertex 51.9615 6 30
      vertex 49.8882 -6 33.3342
      vertex 51.9615 -6 30
    endloop
  endfacet
  facet normal 0.634399 5.36646e-18 0.773005
    outer loop
      vertex 36.5257 6 47.6012
      vertex 39.5607 -6 45.1104
      vertex 39.5607 6 45.1104
    endloop
  endfacet
  facet normal 0.634399 5.36646e-18 0.773005
    outer loop
      vertex 39.5607 -6 45.1104
      vertex 36.5257 6 47.6012
      vertex 36.5257 -6 47.6012
    endloop
  endfacet
  facet normal -0.956938 0 -0.290293
    outer loop
      vertex -56.8158 -6 -19.2864
      vertex -57.9556 6 -15.5291
      vertex -56.8158 6 -19.2864
    endloop
  endfacet
  facet normal -0.956938 -0 -0.290293
    outer loop
      vertex -57.9556 6 -15.5291
      vertex -56.8158 -6 -19.2864
      vertex -57.9556 -6 -15.5291
    endloop
  endfacet
  facet normal 0.910864 0 -0.412707
    outer loop
      vertex 55.4328 -6 -22.961
      vertex 53.8124 6 -26.5373
      vertex 55.4328 6 -22.961
    endloop
  endfacet
  facet normal 0.910864 0 -0.412707
    outer loop
      vertex 53.8124 6 -26.5373
      vertex 55.4328 -6 -22.961
      vertex 53.8124 -6 -26.5373
    endloop
  endfacet
  facet normal -0.471406 6.1754e-18 -0.881916
    outer loop
      vertex -30 -6 -51.9615
      vertex -26.5373 6 -53.8124
      vertex -26.5373 -6 -53.8124
    endloop
  endfacet
  facet normal -0.471406 6.1754e-18 -0.881916
    outer loop
      vertex -26.5373 6 -53.8124
      vertex -30 -6 -51.9615
      vertex -30 6 -51.9615
    endloop
  endfacet
  facet normal 0.0327281 2.03008e-19 -0.999464
    outer loop
      vertex 0 -6 -60
      vertex 3.92419 6 -59.8715
      vertex 3.92419 -6 -59.8715
    endloop
  endfacet
  facet normal 0.0327281 2.03008e-19 -0.999464
    outer loop
      vertex 3.92419 6 -59.8715
      vertex 0 -6 -60
      vertex 0 6 -60
    endloop
  endfacet
  facet normal 0.995186 -0 0.0980062
    outer loop
      vertex 59.4867 -6 7.83157
      vertex 59.8715 6 3.92419
      vertex 59.4867 6 7.83157
    endloop
  endfacet
  facet normal 0.995186 0 0.0980062
    outer loop
      vertex 59.8715 6 3.92419
      vertex 59.4867 -6 7.83157
      vertex 59.8715 -6 3.92419
    endloop
  endfacet
  facet normal 0.999464 -0 0.0327281
    outer loop
      vertex 59.8715 -6 3.92419
      vertex 60 6 0
      vertex 59.8715 6 3.92419
    endloop
  endfacet
  facet normal 0.999464 0 0.0327281
    outer loop
      vertex 60 6 0
      vertex 59.8715 -6 3.92419
      vertex 60 -6 0
    endloop
  endfacet
  facet normal 0.683589 -4.93537e-18 -0.729867
    outer loop
      vertex 39.5607 -6 -45.1104
      vertex 42.4264 6 -42.4264
      vertex 42.4264 -6 -42.4264
    endloop
  endfacet
  facet normal 0.683589 -4.93537e-18 -0.729867
    outer loop
      vertex 42.4264 6 -42.4264
      vertex 39.5607 -6 -45.1104
      vertex 39.5607 6 -45.1104
    endloop
  endfacet
  facet normal 0.412707 3.53217e-18 -0.910864
    outer loop
      vertex 22.961 -6 -55.4328
      vertex 26.5373 6 -53.8124
      vertex 26.5373 -6 -53.8124
    endloop
  endfacet
  facet normal 0.412707 3.53217e-18 -0.910864
    outer loop
      vertex 26.5373 6 -53.8124
      vertex 22.961 -6 -55.4328
      vertex 22.961 6 -55.4328
    endloop
  endfacet
  facet normal -0.290293 -4.51856e-18 -0.956938
    outer loop
      vertex -19.2864 -6 -56.8158
      vertex -15.5291 6 -57.9556
      vertex -15.5291 -6 -57.9556
    endloop
  endfacet
  facet normal -0.290293 -4.51856e-18 -0.956938
    outer loop
      vertex -15.5291 6 -57.9556
      vertex -19.2864 -6 -56.8158
      vertex -19.2864 6 -56.8158
    endloop
  endfacet
  facet normal -0.729867 0 0.683589
    outer loop
      vertex -45.1104 -6 39.5607
      vertex -42.4264 6 42.4264
      vertex -45.1104 6 39.5607
    endloop
  endfacet
  facet normal -0.729867 0 0.683589
    outer loop
      vertex -42.4264 6 42.4264
      vertex -45.1104 -6 39.5607
      vertex -42.4264 -6 42.4264
    endloop
  endfacet
  facet normal 0.910864 -0 0.412707
    outer loop
      vertex 53.8124 -6 26.5373
      vertex 55.4328 6 22.961
      vertex 53.8124 6 26.5373
    endloop
  endfacet
  facet normal 0.910864 0 0.412707
    outer loop
      vertex 55.4328 6 22.961
      vertex 53.8124 -6 26.5373
      vertex 55.4328 -6 22.961
    endloop
  endfacet
  facet normal -0.995186 0 0.0980062
    outer loop
      vertex -59.8715 -6 3.92419
      vertex -59.4867 6 7.83157
      vertex -59.8715 6 3.92419
    endloop
  endfacet
  facet normal -0.995186 0 0.0980062
    outer loop
      vertex -59.4867 6 7.83157
      vertex -59.8715 -6 3.92419
      vertex -59.4867 -6 7.83157
    endloop
  endfacet
  facet normal 0.773005 0 -0.634399
    outer loop
      vertex 47.6012 -6 -36.5257
      vertex 45.1104 6 -39.5607
      vertex 47.6012 6 -36.5257
    endloop
  endfacet
  facet normal 0.773005 0 -0.634399
    outer loop
      vertex 45.1104 6 -39.5607
      vertex 47.6012 -6 -36.5257
      vertex 45.1104 -6 -39.5607
    endloop
  endfacet
  facet normal -0.773005 0 -0.634399
    outer loop
      vertex -45.1104 -6 -39.5607
      vertex -47.6012 6 -36.5257
      vertex -45.1104 6 -39.5607
    endloop
  endfacet
  facet normal -0.773005 -0 -0.634399
    outer loop
      vertex -47.6012 6 -36.5257
      vertex -45.1104 -6 -39.5607
      vertex -47.6012 -6 -36.5257
    endloop
  endfacet
  facet normal 0.881916 -0 0.471406
    outer loop
      vertex 51.9615 -6 30
      vertex 53.8124 6 26.5373
      vertex 51.9615 6 30
    endloop
  endfacet
  facet normal 0.881916 0 0.471406
    outer loop
      vertex 53.8124 6 26.5373
      vertex 51.9615 -6 30
      vertex 53.8124 -6 26.5373
    endloop
  endfacet
  facet normal -0.227061 -4.0552e-18 0.97388
    outer loop
      vertex -15.5291 6 57.9556
      vertex -11.7054 -6 58.8471
      vertex -11.7054 6 58.8471
    endloop
  endfacet
  facet normal -0.227061 -4.0552e-18 0.97388
    outer loop
      vertex -11.7054 -6 58.8471
      vertex -15.5291 6 57.9556
      vertex -15.5291 -6 57.9556
    endloop
  endfacet
  facet normal -0.910864 0 0.412707
    outer loop
      vertex -55.4328 -6 22.961
      vertex -53.8124 6 26.5373
      vertex -55.4328 6 22.961
    endloop
  endfacet
  facet normal -0.910864 0 0.412707
    outer loop
      vertex -53.8124 6 26.5373
      vertex -55.4328 -6 22.961
      vertex -53.8124 -6 26.5373
    endloop
  endfacet
  facet normal 0.227061 -4.0552e-18 -0.97388
    outer loop
      vertex 11.7054 -6 -58.8471
      vertex 15.5291 6 -57.9556
      vertex 15.5291 -6 -57.9556
    endloop
  endfacet
  facet normal 0.227061 -4.0552e-18 -0.97388
    outer loop
      vertex 15.5291 6 -57.9556
      vertex 11.7054 -6 -58.8471
      vertex 11.7054 6 -58.8471
    endloop
  endfacet
  facet normal -0.986642 0 -0.162902
    outer loop
      vertex -58.8471 -6 -11.7054
      vertex -59.4867 6 -7.83157
      vertex -58.8471 6 -11.7054
    endloop
  endfacet
  facet normal -0.986642 -0 -0.162902
    outer loop
      vertex -59.4867 6 -7.83157
      vertex -58.8471 -6 -11.7054
      vertex -59.4867 -6 -7.83157
    endloop
  endfacet
  facet normal -0.995186 0 -0.0980062
    outer loop
      vertex -59.4867 -6 -7.83157
      vertex -59.8715 6 -3.92419
      vertex -59.4867 6 -7.83157
    endloop
  endfacet
  facet normal -0.995186 -0 -0.0980062
    outer loop
      vertex -59.8715 6 -3.92419
      vertex -59.4867 -6 -7.83157
      vertex -59.8715 -6 -3.92419
    endloop
  endfacet
  facet normal 0.352245 5.37634e-18 -0.935908
    outer loop
      vertex 19.2864 -6 -56.8158
      vertex 22.961 6 -55.4328
      vertex 22.961 -6 -55.4328
    endloop
  endfacet
  facet normal 0.352245 5.37634e-18 -0.935908
    outer loop
      vertex 22.961 6 -55.4328
      vertex 19.2864 -6 -56.8158
      vertex 19.2864 6 -56.8158
    endloop
  endfacet
  facet normal 0 -1 0
    outer loop
      vertex 12.6879 -6 15.4602
      vertex 27.6625 -6 29.042
      vertex 11.1114 -6 16.6294
    endloop
  endfacet
  facet normal 0 -1 -0
    outer loop
      vertex 27.6625 -6 29.042
      vertex 12.6879 -6 15.4602
      vertex 28.2843 -6 28.2843
    endloop
  endfacet
  facet normal 0 -1 0
    outer loop
      vertex 14.1421 -6 14.1421
      vertex 28.2843 -6 28.2843
      vertex 12.6879 -6 15.4602
    endloop
  endfacet
  facet normal 0 -1 -0
    outer loop
      vertex 28.2843 -6 28.2843
      vertex 14.1421 -6 14.1421
      vertex 29.042 -6 27.6625
    endloop
  endfacet
  facet normal 0 -1 0
    outer loop
      vertex 15.4602 -6 12.6879
      vertex 29.042 -6 27.6625
      vertex 14.1421 -6 14.1421
    endloop
  endfacet
  facet normal 0 -1 -0
    outer loop
      vertex 29.042 -6 27.6625
      vertex 15.4602 -6 12.6879
      vertex 29.9064 -6 27.2004
    endloop
  endfacet
  facet normal 0 -1 0
    outer loop
      vertex 16.6294 -6 11.1114
      vertex 29.9064 -6 27.2004
      vertex 15.4602 -6 12.6879
    endloop
  endfacet
  facet normal 0 -1 0
    outer loop
      vertex 17.6384 -6 9.42793
      vertex 29.9064 -6 27.2004
      vertex 16.6294 -6 11.1114
    endloop
  endfacet
  facet normal 0 -1 -0
    outer loop
      vertex 29.9064 -6 27.2004
      vertex 17.6384 -6 9.42793
      vertex 30.8444 -6 26.9159
    endloop
  endfacet
  facet normal 0 -1 0
    outer loop
      vertex 18.4776 -6 7.65367
      vertex 30.8444 -6 26.9159
      vertex 17.6384 -6 9.42793
    endloop
  endfacet
  facet normal 0 -1 -0
    outer loop
      vertex 30.8444 -6 26.9159
      vertex 18.4776 -6 7.65367
      vertex 31.8198 -6 26.8198
    endloop
  endfacet
  facet normal 0 -1 0
    outer loop
      vertex 19.1388 -6 5.80569
      vertex 31.8198 -6 26.8198
      vertex 18.4776 -6 7.65367
    endloop
  endfacet
  facet normal 0 -1 0
    outer loop
      vertex 31.8198 -6 26.8198
      vertex 56.8158 -6 19.2864
      vertex 55.4328 -6 22.961
    endloop
  endfacet
  facet normal 0 -1 0
    outer loop
      vertex 19.6157 -6 3.90181
      vertex 31.8198 -6 26.8198
      vertex 19.1388 -6 5.80569
    endloop
  endfacet
  facet normal 0 -1 0
    outer loop
      vertex 31.8198 -6 26.8198
      vertex 57.9556 -6 15.5291
      vertex 56.8158 -6 19.2864
    endloop
  endfacet
  facet normal -0 -1 0
    outer loop
      vertex 58.8471 -6 11.7054
      vertex 31.8198 -6 26.8198
      vertex 19.6157 -6 3.90181
    endloop
  endfacet
  facet normal 0 -1 0
    outer loop
      vertex 31.8198 -6 26.8198
      vertex 58.8471 -6 11.7054
      vertex 57.9556 -6 15.5291
    endloop
  endfacet
  facet normal 0 -1 -0
    outer loop
      vertex 58.8471 -6 11.7054
      vertex 19.6157 -6 3.90181
      vertex 59.4867 -6 7.83157
    endloop
  endfacet
  facet normal 0 -1 0
    outer loop
      vertex 19.9037 -6 1.96034
      vertex 59.4867 -6 7.83157
      vertex 19.6157 -6 3.90181
    endloop
  endfacet
  facet normal 0 -1 -0
    outer loop
      vertex 59.4867 -6 7.83157
      vertex 19.9037 -6 1.96034
      vertex 59.8715 -6 3.92419
    endloop
  endfacet
  facet normal 0 -1 0
    outer loop
      vertex 20 -6 0
      vertex 59.8715 -6 3.92419
      vertex 19.9037 -6 1.96034
    endloop
  endfacet
  facet normal 0 -1 0
    outer loop
      vertex 20 -6 0
      vertex 60 -6 0
      vertex 59.8715 -6 3.92419
    endloop
  endfacet
  facet normal 0 -1 0
    outer loop
      vertex 59.8715 -6 -3.92419
      vertex 20 -6 0
      vertex 19.9037 -6 -1.96034
    endloop
  endfacet
  facet normal 0 -1 0
    outer loop
      vertex 59.4867 -6 -7.83157
      vertex 19.9037 -6 -1.96034
      vertex 19.6157 -6 -3.90181
    endloop
  endfacet
  facet normal 0 -1 0
    outer loop
      vertex 20 -6 0
      vertex 59.8715 -6 -3.92419
      vertex 60 -6 0
    endloop
  endfacet
  facet normal 0 -1 0
    outer loop
      vertex 32.7953 -6 -26.9159
      vertex 19.6157 -6 -3.90181
      vertex 19.1388 -6 -5.80569
    endloop
  endfacet
  facet normal 0 -1 0
    outer loop
      vertex 31.8198 -6 -26.8198
      vertex 19.1388 -6 -5.80569
      vertex 18.4776 -6 -7.65367
    endloop
  endfacet
  facet normal 0 -1 0
    outer loop
      vertex 19.9037 -6 -1.96034
      vertex 59.4867 -6 -7.83157
      vertex 59.8715 -6 -3.92419
    endloop
  endfacet
  facet normal 0 -1 0
    outer loop
      vertex 30.8444 -6 -26.9159
      vertex 18.4776 -6 -7.65367
      vertex 17.6384 -6 -9.42793
    endloop
  endfacet
  facet normal 0 -1 0
    outer loop
      vertex 29.9064 -6 -27.2004
      vertex 17.6384 -6 -9.42793
      vertex 16.6294 -6 -11.1114
    endloop
  endfacet
  facet normal 0 -1 0
    outer loop
      vertex 19.6157 -6 -3.90181
      vertex 32.7953 -6 -26.9159
      vertex 58.8471 -6 -11.7054
    endloop
  endfacet
  facet normal 0 -1 0
    outer loop
      vertex 29.9064 -6 -27.2004
      vertex 16.6294 -6 -11.1114
      vertex 15.4602 -6 -12.6879
    endloop
  endfacet
  facet normal 0 -1 0
    outer loop
      vertex 29.042 -6 -27.6625
      vertex 15.4602 -6 -12.6879
      vertex 14.1421 -6 -14.1421
    endloop
  endfacet
  facet normal 0 -1 0
    outer loop
      vertex 28.2843 -6 -28.2843
      vertex 14.1421 -6 -14.1421
      vertex 12.6879 -6 -15.4602
    endloop
  endfacet
  facet normal 0 -1 0
    outer loop
      vertex 19.6157 -6 -3.90181
      vertex 58.8471 -6 -11.7054
      vertex 59.4867 -6 -7.83157
    endloop
  endfacet
  facet normal 0 -1 0
    outer loop
      vertex 27.6625 -6 -29.042
      vertex 12.6879 -6 -15.4602
      vertex 11.1114 -6 -16.6294
    endloop
  endfacet
  facet normal 0 -1 0
    outer loop
      vertex 27.2004 -6 -29.9064
      vertex 11.1114 -6 -16.6294
      vertex 9.42793 -6 -17.6384
    endloop
  endfacet
  facet normal 0 -1 0
    outer loop
      vertex 26.9159 -6 -30.8444
      vertex 9.42793 -6 -17.6384
      vertex 7.65367 -6 -18.4776
    endloop
  endfacet
  facet normal 0 -1 0
    outer loop
      vertex 26.8198 -6 -31.8198
      vertex 7.65367 -6 -18.4776
      vertex 5.80569 -6 -19.1388
    endloop
  endfacet
  facet normal 0 -1 0
    outer loop
      vertex 19.1388 -6 -5.80569
      vertex 31.8198 -6 -26.8198
      vertex 32.7953 -6 -26.9159
    endloop
  endfacet
  facet normal 0 -1 0
    outer loop
      vertex 26.9159 -6 -32.7953
      vertex 5.80569 -6 -19.1388
      vertex 3.90181 -6 -19.6157
    endloop
  endfacet
  facet normal 0 -1 0
    outer loop
      vertex 7.83157 -6 -59.4867
      vertex 3.90181 -6 -19.6157
      vertex 1.96034 -6 -19.9037
    endloop
  endfacet
  facet normal 0 -1 0
    outer loop
      vertex 3.92419 -6 -59.8715
      vertex 1.96034 -6 -19.9037
      vertex 0 -6 -20
    endloop
  endfacet
  facet normal 0 -1 0
    outer loop
      vertex -27.2004 -6 -29.9064
      vertex -11.1114 -6 -16.6294
      vertex -27.6625 -6 -29.042
    endloop
  endfacet
  facet normal 0 -1 0
    outer loop
      vertex -26.9159 -6 -30.8444
      vertex -9.42793 -6 -17.6384
      vertex -27.2004 -6 -29.9064
    endloop
  endfacet
  facet normal 0 -1 0
    outer loop
      vertex -35.3553 -6 -28.2843
      vertex -55.4328 -6 -22.961
      vertex -53.8124 -6 -26.5373
    endloop
  endfacet
  facet normal 0 -1 -0
    outer loop
      vertex -11.1114 -6 -16.6294
      vertex -27.2004 -6 -29.9064
      vertex -9.42793 -6 -17.6384
    endloop
  endfacet
  facet normal 0 -1 0
    outer loop
      vertex 18.4776 -6 -7.65367
      vertex 30.8444 -6 -26.9159
      vertex 31.8198 -6 -26.8198
    endloop
  endfacet
  facet normal 0 -1 0
    outer loop
      vertex -55.4328 -6 -22.961
      vertex -32.7953 -6 -26.9159
      vertex -31.8198 -6 -26.8198
    endloop
  endfacet
  facet normal 0 -1 0
    outer loop
      vertex -55.4328 -6 -22.961
      vertex -33.7332 -6 -27.2004
      vertex -32.7953 -6 -26.9159
    endloop
  endfacet
  facet normal 0 -1 0
    outer loop
      vertex -55.4328 -6 -22.961
      vertex -34.5977 -6 -27.6625
      vertex -33.7332 -6 -27.2004
    endloop
  endfacet
  facet normal 0 -1 0
    outer loop
      vertex -55.4328 -6 -22.961
      vertex -35.3553 -6 -28.2843
      vertex -34.5977 -6 -27.6625
    endloop
  endfacet
  facet normal 0 -1 0
    outer loop
      vertex -53.8124 -6 -26.5373
      vertex -35.9772 -6 -29.042
      vertex -35.3553 -6 -28.2843
    endloop
  endfacet
  facet normal 0 -1 0
    outer loop
      vertex -51.9615 -6 -30
      vertex -35.9772 -6 -29.042
      vertex -53.8124 -6 -26.5373
    endloop
  endfacet
  facet normal 0 -1 0
    outer loop
      vertex -35.9772 -6 -29.042
      vertex -51.9615 -6 -30
      vertex -36.4392 -6 -29.9064
    endloop
  endfacet
  facet normal 0 -1 0
    outer loop
      vertex -49.8882 -6 -33.3342
      vertex -36.4392 -6 -29.9064
      vertex -51.9615 -6 -30
    endloop
  endfacet
  facet normal 0 -1 0
    outer loop
      vertex -36.4392 -6 -29.9064
      vertex -49.8882 -6 -33.3342
      vertex -36.7237 -6 -30.8444
    endloop
  endfacet
  facet normal 0 -1 0
    outer loop
      vertex -36.7237 -6 -30.8444
      vertex -49.8882 -6 -33.3342
      vertex -36.8198 -6 -31.8198
    endloop
  endfacet
  facet normal 0 -1 0
    outer loop
      vertex -47.6012 -6 -36.5257
      vertex -36.8198 -6 -31.8198
      vertex -49.8882 -6 -33.3342
    endloop
  endfacet
  facet normal 0 -1 -0
    outer loop
      vertex -36.8198 -6 -31.8198
      vertex -47.6012 -6 -36.5257
      vertex -36.7237 -6 -32.7953
    endloop
  endfacet
  facet normal 0 -1 0
    outer loop
      vertex -45.1104 -6 -39.5607
      vertex -36.7237 -6 -32.7953
      vertex -47.6012 -6 -36.5257
    endloop
  endfacet
  facet normal 0 -1 -0
    outer loop
      vertex -36.7237 -6 -32.7953
      vertex -45.1104 -6 -39.5607
      vertex -36.4392 -6 -33.7332
    endloop
  endfacet
  facet normal 0 -1 -0
    outer loop
      vertex -36.4392 -6 -33.7332
      vertex -45.1104 -6 -39.5607
      vertex -35.9772 -6 -34.5977
    endloop
  endfacet
  facet normal 0 -1 0
    outer loop
      vertex -42.4264 -6 -42.4264
      vertex -35.9772 -6 -34.5977
      vertex -45.1104 -6 -39.5607
    endloop
  endfacet
  facet normal 0 -1 -0
    outer loop
      vertex -35.9772 -6 -34.5977
      vertex -42.4264 -6 -42.4264
      vertex -35.3553 -6 -35.3553
    endloop
  endfacet
  facet normal 0 -1 -0
    outer loop
      vertex -35.3553 -6 -35.3553
      vertex -42.4264 -6 -42.4264
      vertex -34.5977 -6 -35.9772
    endloop
  endfacet
  facet normal 0 -1 0
    outer loop
      vertex -39.5607 -6 -45.1104
      vertex -34.5977 -6 -35.9772
      vertex -42.4264 -6 -42.4264
    endloop
  endfacet
  facet normal 0 -1 0
    outer loop
      vertex -19.2864 -6 -56.8158
      vertex -27.6625 -6 -34.5977
      vertex -22.961 -6 -55.4328
    endloop
  endfacet
  facet normal 0 -1 -0
    outer loop
      vertex -34.5977 -6 -35.9772
      vertex -39.5607 -6 -45.1104
      vertex -33.7332 -6 -36.4392
    endloop
  endfacet
  facet normal 0 -1 0
    outer loop
      vertex 33.7332 -6 -27.2004
      vertex 58.8471 -6 -11.7054
      vertex 32.7953 -6 -26.9159
    endloop
  endfacet
  facet normal 0 -1 0
    outer loop
      vertex 58.8471 -6 -11.7054
      vertex 33.7332 -6 -27.2004
      vertex 57.9556 -6 -15.5291
    endloop
  endfacet
  facet normal 0 -1 -0
    outer loop
      vertex -9.42793 -6 -17.6384
      vertex -26.9159 -6 -30.8444
      vertex -7.65367 -6 -18.4776
    endloop
  endfacet
  facet normal 0 -1 0
    outer loop
      vertex 17.6384 -6 -9.42793
      vertex 29.9064 -6 -27.2004
      vertex 30.8444 -6 -26.9159
    endloop
  endfacet
  facet normal 0 -1 0
    outer loop
      vertex -26.8198 -6 -31.8198
      vertex -7.65367 -6 -18.4776
      vertex -26.9159 -6 -30.8444
    endloop
  endfacet
  facet normal 0 -1 0
    outer loop
      vertex 15.4602 -6 -12.6879
      vertex 29.042 -6 -27.6625
      vertex 29.9064 -6 -27.2004
    endloop
  endfacet
  facet normal 0 -1 -0
    outer loop
      vertex -7.65367 -6 -18.4776
      vertex -26.8198 -6 -31.8198
      vertex -5.80569 -6 -19.1388
    endloop
  endfacet
  facet normal 0 -1 0
    outer loop
      vertex 14.1421 -6 -14.1421
      vertex 28.2843 -6 -28.2843
      vertex 29.042 -6 -27.6625
    endloop
  endfacet
  facet normal 0 -1 0
    outer loop
      vertex -26.9159 -6 -32.7953
      vertex -5.80569 -6 -19.1388
      vertex -26.8198 -6 -31.8198
    endloop
  endfacet
  facet normal 0 -1 0
    outer loop
      vertex 12.6879 -6 -15.4602
      vertex 27.6625 -6 -29.042
      vertex 28.2843 -6 -28.2843
    endloop
  endfacet
  facet normal 0 -1 -0
    outer loop
      vertex -5.80569 -6 -19.1388
      vertex -26.9159 -6 -32.7953
      vertex -3.90181 -6 -19.6157
    endloop
  endfacet
  facet normal 0 -1 0
    outer loop
      vertex 11.1114 -6 -16.6294
      vertex 27.2004 -6 -29.9064
      vertex 27.6625 -6 -29.042
    endloop
  endfacet
  facet normal 0 -1 0
    outer loop
      vertex -11.7054 -6 -58.8471
      vertex -3.90181 -6 -19.6157
      vertex -26.9159 -6 -32.7953
    endloop
  endfacet
  facet normal 0 -1 0
    outer loop
      vertex 9.42793 -6 -17.6384
      vertex 26.9159 -6 -30.8444
      vertex 27.2004 -6 -29.9064
    endloop
  endfacet
  facet normal 0 -1 0
    outer loop
      vertex -7.83157 -6 -59.4867
      vertex -3.90181 -6 -19.6157
      vertex -11.7054 -6 -58.8471
    endloop
  endfacet
  facet normal 0 -1 0
    outer loop
      vertex 7.65367 -6 -18.4776
      vertex 26.8198 -6 -31.8198
      vertex 26.9159 -6 -30.8444
    endloop
  endfacet
  facet normal 0 -1 0
    outer loop
      vertex -11.7054 -6 -58.8471
      vertex -26.9159 -6 -32.7953
      vertex -27.2004 -6 -33.7332
    endloop
  endfacet
  facet normal 0 -1 0
    outer loop
      vertex 5.80569 -6 -19.1388
      vertex 26.9159 -6 -32.7953
      vertex 26.8198 -6 -31.8198
    endloop
  endfacet
  facet normal 0 -1 -0
    outer loop
      vertex -3.90181 -6 -19.6157
      vertex -7.83157 -6 -59.4867
      vertex -1.96034 -6 -19.9037
    endloop
  endfacet
  facet normal 0 -1 0
    outer loop
      vertex 3.90181 -6 -19.6157
      vertex 27.2004 -6 -33.7332
      vertex 26.9159 -6 -32.7953
    endloop
  endfacet
  facet normal 0 -1 0
    outer loop
      vertex -22.961 -6 -55.4328
      vertex -28.2843 -6 -35.3553
      vertex -26.5373 -6 -53.8124
    endloop
  endfacet
  facet normal 0 -1 0
    outer loop
      vertex -28.2843 -6 -35.3553
      vertex -22.961 -6 -55.4328
      vertex -27.6625 -6 -34.5977
    endloop
  endfacet
  facet normal 0 -1 0
    outer loop
      vertex -26.5373 -6 -53.8124
      vertex -29.042 -6 -35.9772
      vertex -30 -6 -51.9615
    endloop
  endfacet
  facet normal 0 -1 0
    outer loop
      vertex -29.042 -6 -35.9772
      vertex -26.5373 -6 -53.8124
      vertex -28.2843 -6 -35.3553
    endloop
  endfacet
  facet normal 0 -1 0
    outer loop
      vertex -30 -6 -51.9615
      vertex -29.9064 -6 -36.4392
      vertex -33.3342 -6 -49.8882
    endloop
  endfacet
  facet normal 0 -1 -0
    outer loop
      vertex -29.9064 -6 -36.4392
      vertex -30 -6 -51.9615
      vertex -29.042 -6 -35.9772
    endloop
  endfacet
  facet normal 0 -1 -0
    outer loop
      vertex -31.8198 -6 -36.8198
      vertex -33.3342 -6 -49.8882
      vertex -30.8444 -6 -36.7237
    endloop
  endfacet
  facet normal 0 -1 -0
    outer loop
      vertex -30.8444 -6 -36.7237
      vertex -33.3342 -6 -49.8882
      vertex -29.9064 -6 -36.4392
    endloop
  endfacet
  facet normal 0 -1 -0
    outer loop
      vertex -32.7953 -6 -36.7237
      vertex -36.5257 -6 -47.6012
      vertex -31.8198 -6 -36.8198
    endloop
  endfacet
  facet normal 0 -1 0
    outer loop
      vertex -33.3342 -6 -49.8882
      vertex -31.8198 -6 -36.8198
      vertex -36.5257 -6 -47.6012
    endloop
  endfacet
  facet normal 0 -1 -0
    outer loop
      vertex -33.7332 -6 -36.4392
      vertex -39.5607 -6 -45.1104
      vertex -32.7953 -6 -36.7237
    endloop
  endfacet
  facet normal 0 -1 0
    outer loop
      vertex -36.5257 -6 -47.6012
      vertex -32.7953 -6 -36.7237
      vertex -39.5607 -6 -45.1104
    endloop
  endfacet
  facet normal 0 -1 0
    outer loop
      vertex 57.9556 -6 -15.5291
      vertex 33.7332 -6 -27.2004
      vertex 56.8158 -6 -19.2864
    endloop
  endfacet
  facet normal 0 -1 0
    outer loop
      vertex 34.5977 -6 -27.6625
      vertex 56.8158 -6 -19.2864
      vertex 33.7332 -6 -27.2004
    endloop
  endfacet
  facet normal 0 -1 0
    outer loop
      vertex 56.8158 -6 -19.2864
      vertex 34.5977 -6 -27.6625
      vertex 55.4328 -6 -22.961
    endloop
  endfacet
  facet normal 0 -1 0
    outer loop
      vertex 35.3553 -6 -28.2843
      vertex 55.4328 -6 -22.961
      vertex 34.5977 -6 -27.6625
    endloop
  endfacet
  facet normal 0 -1 0
    outer loop
      vertex 55.4328 -6 -22.961
      vertex 35.3553 -6 -28.2843
      vertex 53.8124 -6 -26.5373
    endloop
  endfacet
  facet normal 0 -1 0
    outer loop
      vertex 35.9772 -6 -29.042
      vertex 53.8124 -6 -26.5373
      vertex 35.3553 -6 -28.2843
    endloop
  endfacet
  facet normal 0 -1 0
    outer loop
      vertex 51.9615 -6 -30
      vertex 35.9772 -6 -29.042
      vertex 36.4392 -6 -29.9064
    endloop
  endfacet
  facet normal 0 -1 0
    outer loop
      vertex 35.9772 -6 -29.042
      vertex 51.9615 -6 -30
      vertex 53.8124 -6 -26.5373
    endloop
  endfacet
  facet normal 0 -1 0
    outer loop
      vertex 49.8882 -6 -33.3342
      vertex 36.4392 -6 -29.9064
      vertex 36.7237 -6 -30.8444
    endloop
  endfacet
  facet normal 0 -1 0
    outer loop
      vertex 49.8882 -6 -33.3342
      vertex 36.7237 -6 -30.8444
      vertex 36.8198 -6 -31.8198
    endloop
  endfacet
  facet normal 0 -1 0
    outer loop
      vertex 47.6012 -6 -36.5257
      vertex 36.8198 -6 -31.8198
      vertex 36.7237 -6 -32.7953
    endloop
  endfacet
  facet normal 0 -1 0
    outer loop
      vertex 36.4392 -6 -29.9064
      vertex 49.8882 -6 -33.3342
      vertex 51.9615 -6 -30
    endloop
  endfacet
  facet normal 0 -1 0
    outer loop
      vertex 45.1104 -6 -39.5607
      vertex 36.7237 -6 -32.7953
      vertex 36.4392 -6 -33.7332
    endloop
  endfacet
  facet normal 0 -1 0
    outer loop
      vertex 45.1104 -6 -39.5607
      vertex 36.4392 -6 -33.7332
      vertex 35.9772 -6 -34.5977
    endloop
  endfacet
  facet normal 0 -1 0
    outer loop
      vertex 42.4264 -6 -42.4264
      vertex 35.9772 -6 -34.5977
      vertex 35.3553 -6 -35.3553
    endloop
  endfacet
  facet normal 0 -1 0
    outer loop
      vertex 42.4264 -6 -42.4264
      vertex 35.3553 -6 -35.3553
      vertex 34.5977 -6 -35.9772
    endloop
  endfacet
  facet normal 0 -1 0
    outer loop
      vertex 39.5607 -6 -45.1104
      vertex 34.5977 -6 -35.9772
      vertex 33.7332 -6 -36.4392
    endloop
  endfacet
  facet normal 0 -1 0
    outer loop
      vertex 36.8198 -6 -31.8198
      vertex 47.6012 -6 -36.5257
      vertex 49.8882 -6 -33.3342
    endloop
  endfacet
  facet normal 0 -1 0
    outer loop
      vertex 39.5607 -6 -45.1104
      vertex 33.7332 -6 -36.4392
      vertex 32.7953 -6 -36.7237
    endloop
  endfacet
  facet normal 0 -1 0
    outer loop
      vertex 36.5257 -6 -47.6012
      vertex 32.7953 -6 -36.7237
      vertex 31.8198 -6 -36.8198
    endloop
  endfacet
  facet normal 0 -1 0
    outer loop
      vertex -27.6625 -6 -34.5977
      vertex -19.2864 -6 -56.8158
      vertex -27.2004 -6 -33.7332
    endloop
  endfacet
  facet normal 0 -1 0
    outer loop
      vertex 36.7237 -6 -32.7953
      vertex 45.1104 -6 -39.5607
      vertex 47.6012 -6 -36.5257
    endloop
  endfacet
  facet normal 0 -1 0
    outer loop
      vertex -15.5291 -6 -57.9556
      vertex -27.2004 -6 -33.7332
      vertex -19.2864 -6 -56.8158
    endloop
  endfacet
  facet normal 0 -1 0
    outer loop
      vertex 35.9772 -6 -34.5977
      vertex 42.4264 -6 -42.4264
      vertex 45.1104 -6 -39.5607
    endloop
  endfacet
  facet normal 0 -1 0
    outer loop
      vertex -11.7054 -6 -58.8471
      vertex -27.2004 -6 -33.7332
      vertex -15.5291 -6 -57.9556
    endloop
  endfacet
  facet normal 0 -1 0
    outer loop
      vertex 34.5977 -6 -35.9772
      vertex 39.5607 -6 -45.1104
      vertex 42.4264 -6 -42.4264
    endloop
  endfacet
  facet normal 0 -1 0
    outer loop
      vertex -3.92419 -6 -59.8715
      vertex -1.96034 -6 -19.9037
      vertex -7.83157 -6 -59.4867
    endloop
  endfacet
  facet normal 0 -1 0
    outer loop
      vertex 32.7953 -6 -36.7237
      vertex 36.5257 -6 -47.6012
      vertex 39.5607 -6 -45.1104
    endloop
  endfacet
  facet normal 0 -1 -0
    outer loop
      vertex -1.96034 -6 -19.9037
      vertex -3.92419 -6 -59.8715
      vertex 0 -6 -20
    endloop
  endfacet
  facet normal 0 -1 0
    outer loop
      vertex 31.8198 -6 -36.8198
      vertex 33.3342 -6 -49.8882
      vertex 36.5257 -6 -47.6012
    endloop
  endfacet
  facet normal 0 -1 -0
    outer loop
      vertex 0 -6 -20
      vertex -3.92419 -6 -59.8715
      vertex 0 -6 -60
    endloop
  endfacet
  facet normal 0 -1 0
    outer loop
      vertex 30.8444 -6 -36.7237
      vertex 33.3342 -6 -49.8882
      vertex 31.8198 -6 -36.8198
    endloop
  endfacet
  facet normal -0 -1 0
    outer loop
      vertex 3.92419 -6 -59.8715
      vertex 0 -6 -20
      vertex 0 -6 -60
    endloop
  endfacet
  facet normal 0 -1 0
    outer loop
      vertex 29.9064 -6 -36.4392
      vertex 33.3342 -6 -49.8882
      vertex 30.8444 -6 -36.7237
    endloop
  endfacet
  facet normal 0 -1 0
    outer loop
      vertex 1.96034 -6 -19.9037
      vertex 3.92419 -6 -59.8715
      vertex 7.83157 -6 -59.4867
    endloop
  endfacet
  facet normal -0 -1 0
    outer loop
      vertex 33.3342 -6 -49.8882
      vertex 29.9064 -6 -36.4392
      vertex 30 -6 -51.9615
    endloop
  endfacet
  facet normal 0 -1 0
    outer loop
      vertex 3.90181 -6 -19.6157
      vertex 7.83157 -6 -59.4867
      vertex 11.7054 -6 -58.8471
    endloop
  endfacet
  facet normal 0 -1 0
    outer loop
      vertex 29.042 -6 -35.9772
      vertex 30 -6 -51.9615
      vertex 29.9064 -6 -36.4392
    endloop
  endfacet
  facet normal 0 -1 0
    outer loop
      vertex 3.90181 -6 -19.6157
      vertex 11.7054 -6 -58.8471
      vertex 27.2004 -6 -33.7332
    endloop
  endfacet
  facet normal -0 -1 0
    outer loop
      vertex 30 -6 -51.9615
      vertex 29.042 -6 -35.9772
      vertex 26.5373 -6 -53.8124
    endloop
  endfacet
  facet normal -0 -1 0
    outer loop
      vertex 15.5291 -6 -57.9556
      vertex 27.2004 -6 -33.7332
      vertex 11.7054 -6 -58.8471
    endloop
  endfacet
  facet normal 0 -1 -0
    outer loop
      vertex 28.2843 -6 -35.3553
      vertex 26.5373 -6 -53.8124
      vertex 29.042 -6 -35.9772
    endloop
  endfacet
  facet normal -0 -1 0
    outer loop
      vertex 19.2864 -6 -56.8158
      vertex 27.2004 -6 -33.7332
      vertex 15.5291 -6 -57.9556
    endloop
  endfacet
  facet normal -0 -1 0
    outer loop
      vertex 26.5373 -6 -53.8124
      vertex 28.2843 -6 -35.3553
      vertex 22.961 -6 -55.4328
    endloop
  endfacet
  facet normal 0 -1 -0
    outer loop
      vertex 27.2004 -6 -33.7332
      vertex 19.2864 -6 -56.8158
      vertex 27.6625 -6 -34.5977
    endloop
  endfacet
  facet normal 0 -1 -0
    outer loop
      vertex 27.6625 -6 -34.5977
      vertex 22.961 -6 -55.4328
      vertex 28.2843 -6 -35.3553
    endloop
  endfacet
  facet normal -0 -1 0
    outer loop
      vertex 22.961 -6 -55.4328
      vertex 27.6625 -6 -34.5977
      vertex 19.2864 -6 -56.8158
    endloop
  endfacet
  facet normal 0 -1 -0
    outer loop
      vertex -19.2864 -6 56.8158
      vertex -27.2004 -6 33.7332
      vertex -15.5291 -6 57.9556
    endloop
  endfacet
  facet normal 0 -1 0
    outer loop
      vertex 0 -6 60
      vertex 30.8444 -6 36.7237
      vertex 31.8198 -6 36.8198
    endloop
  endfacet
  facet normal 0 -1 -0
    outer loop
      vertex -15.5291 -6 57.9556
      vertex -27.2004 -6 33.7332
      vertex -11.7054 -6 58.8471
    endloop
  endfacet
  facet normal 0 -1 0
    outer loop
      vertex 0 -6 60
      vertex 29.9064 -6 36.4392
      vertex 30.8444 -6 36.7237
    endloop
  endfacet
  facet normal 0 -1 0
    outer loop
      vertex -3.90181 -6 19.6157
      vertex -11.7054 -6 58.8471
      vertex -27.2004 -6 33.7332
    endloop
  endfacet
  facet normal 0 -1 0
    outer loop
      vertex 0 -6 60
      vertex 29.042 -6 35.9772
      vertex 29.9064 -6 36.4392
    endloop
  endfacet
  facet normal 0 -1 0
    outer loop
      vertex -11.7054 -6 58.8471
      vertex -3.90181 -6 19.6157
      vertex -7.83157 -6 59.4867
    endloop
  endfacet
  facet normal 0 -1 0
    outer loop
      vertex 0 -6 60
      vertex 28.2843 -6 35.3553
      vertex 29.042 -6 35.9772
    endloop
  endfacet
  facet normal -0 -1 0
    outer loop
      vertex -1.96034 -6 19.9037
      vertex -7.83157 -6 59.4867
      vertex -3.90181 -6 19.6157
    endloop
  endfacet
  facet normal 0 -1 0
    outer loop
      vertex 0 -6 60
      vertex 27.6625 -6 34.5977
      vertex 28.2843 -6 35.3553
    endloop
  endfacet
  facet normal 0 -1 0
    outer loop
      vertex -7.83157 -6 59.4867
      vertex -1.96034 -6 19.9037
      vertex -3.92419 -6 59.8715
    endloop
  endfacet
  facet normal 0 -1 0
    outer loop
      vertex 1.96034 -6 19.9037
      vertex 0 -6 60
      vertex 0 -6 20
    endloop
  endfacet
  facet normal 0 -1 0
    outer loop
      vertex -3.90181 -6 19.6157
      vertex -27.2004 -6 33.7332
      vertex -26.9159 -6 32.7953
    endloop
  endfacet
  facet normal 0 -1 0
    outer loop
      vertex 0 -6 60
      vertex 27.2004 -6 33.7332
      vertex 27.6625 -6 34.5977
    endloop
  endfacet
  facet normal 0 -1 0
    outer loop
      vertex -5.80569 -6 19.1388
      vertex -26.9159 -6 32.7953
      vertex -26.8198 -6 31.8198
    endloop
  endfacet
  facet normal 0 -1 0
    outer loop
      vertex 3.90181 -6 19.6157
      vertex 0 -6 60
      vertex 1.96034 -6 19.9037
    endloop
  endfacet
  facet normal 0 -1 0
    outer loop
      vertex -7.65367 -6 18.4776
      vertex -26.8198 -6 31.8198
      vertex -26.9159 -6 30.8444
    endloop
  endfacet
  facet normal 0 -1 0
    outer loop
      vertex 0 -6 60
      vertex 3.90181 -6 19.6157
      vertex 27.2004 -6 33.7332
    endloop
  endfacet
  facet normal 0 -1 0
    outer loop
      vertex -9.42793 -6 17.6384
      vertex -26.9159 -6 30.8444
      vertex -27.2004 -6 29.9064
    endloop
  endfacet
  facet normal 0 -1 0
    outer loop
      vertex 27.2004 -6 33.7332
      vertex 3.90181 -6 19.6157
      vertex 26.9159 -6 32.7953
    endloop
  endfacet
  facet normal 0 -1 0
    outer loop
      vertex -11.1114 -6 16.6294
      vertex -27.2004 -6 29.9064
      vertex -27.6625 -6 29.042
    endloop
  endfacet
  facet normal 0 -1 0
    outer loop
      vertex 5.80569 -6 19.1388
      vertex 26.9159 -6 32.7953
      vertex 3.90181 -6 19.6157
    endloop
  endfacet
  facet normal 0 -1 0
    outer loop
      vertex -12.6879 -6 15.4602
      vertex -27.6625 -6 29.042
      vertex -28.2843 -6 28.2843
    endloop
  endfacet
  facet normal 0 -1 0
    outer loop
      vertex 26.9159 -6 32.7953
      vertex 5.80569 -6 19.1388
      vertex 26.8198 -6 31.8198
    endloop
  endfacet
  facet normal 0 -1 0
    outer loop
      vertex -14.1421 -6 14.1421
      vertex -28.2843 -6 28.2843
      vertex -29.042 -6 27.6625
    endloop
  endfacet
  facet normal 0 -1 0
    outer loop
      vertex 7.65367 -6 18.4776
      vertex 26.8198 -6 31.8198
      vertex 5.80569 -6 19.1388
    endloop
  endfacet
  facet normal 0 -1 0
    outer loop
      vertex -15.4602 -6 12.6879
      vertex -29.042 -6 27.6625
      vertex -29.9064 -6 27.2004
    endloop
  endfacet
  facet normal 0 -1 -0
    outer loop
      vertex 26.8198 -6 31.8198
      vertex 7.65367 -6 18.4776
      vertex 26.9159 -6 30.8444
    endloop
  endfacet
  facet normal 0 -1 0
    outer loop
      vertex -17.6384 -6 9.42793
      vertex -29.9064 -6 27.2004
      vertex -30.8444 -6 26.9159
    endloop
  endfacet
  facet normal 0 -1 0
    outer loop
      vertex 9.42793 -6 17.6384
      vertex 26.9159 -6 30.8444
      vertex 7.65367 -6 18.4776
    endloop
  endfacet
  facet normal 0 -1 0
    outer loop
      vertex -18.4776 -6 7.65367
      vertex -30.8444 -6 26.9159
      vertex -31.8198 -6 26.8198
    endloop
  endfacet
  facet normal 0 -1 -0
    outer loop
      vertex 26.9159 -6 30.8444
      vertex 9.42793 -6 17.6384
      vertex 27.2004 -6 29.9064
    endloop
  endfacet
  facet normal 0 -1 -0
    outer loop
      vertex -22.961 -6 55.4328
      vertex -27.6625 -6 34.5977
      vertex -19.2864 -6 56.8158
    endloop
  endfacet
  facet normal 0 -1 0
    outer loop
      vertex -27.6625 -6 34.5977
      vertex -22.961 -6 55.4328
      vertex -28.2843 -6 35.3553
    endloop
  endfacet
  facet normal 0 -1 0
    outer loop
      vertex -27.2004 -6 33.7332
      vertex -19.2864 -6 56.8158
      vertex -27.6625 -6 34.5977
    endloop
  endfacet
  facet normal 0 -1 -0
    outer loop
      vertex -26.5373 -6 53.8124
      vertex -28.2843 -6 35.3553
      vertex -22.961 -6 55.4328
    endloop
  endfacet
  facet normal 0 -1 0
    outer loop
      vertex 0 -6 60
      vertex 31.8198 -6 36.8198
      vertex 3.92419 -6 59.8715
    endloop
  endfacet
  facet normal 0 -1 0
    outer loop
      vertex -28.2843 -6 35.3553
      vertex -26.5373 -6 53.8124
      vertex -29.042 -6 35.9772
    endloop
  endfacet
  facet normal 0 -1 0
    outer loop
      vertex 3.92419 -6 59.8715
      vertex 31.8198 -6 36.8198
      vertex 7.83157 -6 59.4867
    endloop
  endfacet
  facet normal 0 -1 0
    outer loop
      vertex -30 -6 51.9615
      vertex -29.042 -6 35.9772
      vertex -26.5373 -6 53.8124
    endloop
  endfacet
  facet normal 0 -1 0
    outer loop
      vertex 7.83157 -6 59.4867
      vertex 31.8198 -6 36.8198
      vertex 11.7054 -6 58.8471
    endloop
  endfacet
  facet normal 0 -1 0
    outer loop
      vertex -29.042 -6 35.9772
      vertex -30 -6 51.9615
      vertex -29.9064 -6 36.4392
    endloop
  endfacet
  facet normal 0 -1 0
    outer loop
      vertex 11.7054 -6 58.8471
      vertex 31.8198 -6 36.8198
      vertex 15.5291 -6 57.9556
    endloop
  endfacet
  facet normal 0 -1 0
    outer loop
      vertex -33.3342 -6 49.8882
      vertex -29.9064 -6 36.4392
      vertex -30 -6 51.9615
    endloop
  endfacet
  facet normal 0 -1 0
    outer loop
      vertex 15.5291 -6 57.9556
      vertex 31.8198 -6 36.8198
      vertex 19.2864 -6 56.8158
    endloop
  endfacet
  facet normal 0 -1 0
    outer loop
      vertex -29.9064 -6 36.4392
      vertex -33.3342 -6 49.8882
      vertex -30.8444 -6 36.7237
    endloop
  endfacet
  facet normal 0 -1 0
    outer loop
      vertex 19.2864 -6 56.8158
      vertex 31.8198 -6 36.8198
      vertex 22.961 -6 55.4328
    endloop
  endfacet
  facet normal 0 -1 0
    outer loop
      vertex -30.8444 -6 36.7237
      vertex -33.3342 -6 49.8882
      vertex -31.8198 -6 36.8198
    endloop
  endfacet
  facet normal 0 -1 0
    outer loop
      vertex 22.961 -6 55.4328
      vertex 31.8198 -6 36.8198
      vertex 26.5373 -6 53.8124
    endloop
  endfacet
  facet normal 0 -1 0
    outer loop
      vertex -31.8198 -6 36.8198
      vertex -33.3342 -6 49.8882
      vertex -36.5257 -6 47.6012
    endloop
  endfacet
  facet normal 0 -1 0
    outer loop
      vertex 26.5373 -6 53.8124
      vertex 31.8198 -6 36.8198
      vertex 30 -6 51.9615
    endloop
  endfacet
  facet normal 0 -1 0
    outer loop
      vertex -32.7953 -6 36.7237
      vertex -36.5257 -6 47.6012
      vertex -39.5607 -6 45.1104
    endloop
  endfacet
  facet normal 0 -1 0
    outer loop
      vertex 30 -6 51.9615
      vertex 31.8198 -6 36.8198
      vertex 33.3342 -6 49.8882
    endloop
  endfacet
  facet normal 0 -1 0
    outer loop
      vertex -34.5977 -6 35.9772
      vertex -39.5607 -6 45.1104
      vertex -42.4264 -6 42.4264
    endloop
  endfacet
  facet normal 0 -1 -0
    outer loop
      vertex 33.3342 -6 49.8882
      vertex 31.8198 -6 36.8198
      vertex 36.5257 -6 47.6012
    endloop
  endfacet
  facet normal 0 -1 0
    outer loop
      vertex -35.9772 -6 34.5977
      vertex -42.4264 -6 42.4264
      vertex -45.1104 -6 39.5607
    endloop
  endfacet
  facet normal 0 -1 0
    outer loop
      vertex 32.7953 -6 36.7237
      vertex 36.5257 -6 47.6012
      vertex 31.8198 -6 36.8198
    endloop
  endfacet
  facet normal 0 -1 -0
    outer loop
      vertex 36.5257 -6 47.6012
      vertex 32.7953 -6 36.7237
      vertex 39.5607 -6 45.1104
    endloop
  endfacet
  facet normal 0 -1 0
    outer loop
      vertex -36.5257 -6 47.6012
      vertex -32.7953 -6 36.7237
      vertex -31.8198 -6 36.8198
    endloop
  endfacet
  facet normal 0 -1 0
    outer loop
      vertex -36.7237 -6 32.7953
      vertex -45.1104 -6 39.5607
      vertex -47.6012 -6 36.5257
    endloop
  endfacet
  facet normal 0 -1 0
    outer loop
      vertex -39.5607 -6 45.1104
      vertex -33.7332 -6 36.4392
      vertex -32.7953 -6 36.7237
    endloop
  endfacet
  facet normal 0 -1 0
    outer loop
      vertex -39.5607 -6 45.1104
      vertex -34.5977 -6 35.9772
      vertex -33.7332 -6 36.4392
    endloop
  endfacet
  facet normal 0 -1 0
    outer loop
      vertex -42.4264 -6 42.4264
      vertex -35.3553 -6 35.3553
      vertex -34.5977 -6 35.9772
    endloop
  endfacet
  facet normal 0 -1 0
    outer loop
      vertex -42.4264 -6 42.4264
      vertex -35.9772 -6 34.5977
      vertex -35.3553 -6 35.3553
    endloop
  endfacet
  facet normal 0 -1 0
    outer loop
      vertex -45.1104 -6 39.5607
      vertex -36.4392 -6 33.7332
      vertex -35.9772 -6 34.5977
    endloop
  endfacet
  facet normal 0 -1 0
    outer loop
      vertex -36.8198 -6 31.8198
      vertex -47.6012 -6 36.5257
      vertex -49.8882 -6 33.3342
    endloop
  endfacet
  facet normal 0 -1 0
    outer loop
      vertex -45.1104 -6 39.5607
      vertex -36.7237 -6 32.7953
      vertex -36.4392 -6 33.7332
    endloop
  endfacet
  facet normal 0 -1 0
    outer loop
      vertex -47.6012 -6 36.5257
      vertex -36.8198 -6 31.8198
      vertex -36.7237 -6 32.7953
    endloop
  endfacet
  facet normal 0 -1 0
    outer loop
      vertex -49.8882 -6 33.3342
      vertex -36.7237 -6 30.8444
      vertex -36.8198 -6 31.8198
    endloop
  endfacet
  facet normal 0 -1 0
    outer loop
      vertex -36.4392 -6 29.9064
      vertex -49.8882 -6 33.3342
      vertex -51.9615 -6 30
    endloop
  endfacet
  facet normal 0 -1 0
    outer loop
      vertex -49.8882 -6 33.3342
      vertex -36.4392 -6 29.9064
      vertex -36.7237 -6 30.8444
    endloop
  endfacet
  facet normal 0 -1 0
    outer loop
      vertex -51.9615 -6 30
      vertex -35.9772 -6 29.042
      vertex -36.4392 -6 29.9064
    endloop
  endfacet
  facet normal 0 -1 0
    outer loop
      vertex -53.8124 -6 26.5373
      vertex -35.9772 -6 29.042
      vertex -51.9615 -6 30
    endloop
  endfacet
  facet normal 0 -1 -0
    outer loop
      vertex -35.9772 -6 29.042
      vertex -53.8124 -6 26.5373
      vertex -35.3553 -6 28.2843
    endloop
  endfacet
  facet normal 0 -1 0
    outer loop
      vertex -55.4328 -6 22.961
      vertex -35.3553 -6 28.2843
      vertex -53.8124 -6 26.5373
    endloop
  endfacet
  facet normal 0 -1 -0
    outer loop
      vertex -35.3553 -6 28.2843
      vertex -55.4328 -6 22.961
      vertex -34.5977 -6 27.6625
    endloop
  endfacet
  facet normal 0 -1 0
    outer loop
      vertex -57.9556 -6 15.5291
      vertex -33.7332 -6 27.2004
      vertex -56.8158 -6 19.2864
    endloop
  endfacet
  facet normal 0 -1 -0
    outer loop
      vertex -34.5977 -6 27.6625
      vertex -56.8158 -6 19.2864
      vertex -33.7332 -6 27.2004
    endloop
  endfacet
  facet normal 0 -1 0
    outer loop
      vertex -56.8158 -6 19.2864
      vertex -34.5977 -6 27.6625
      vertex -55.4328 -6 22.961
    endloop
  endfacet
  facet normal 0 -1 0
    outer loop
      vertex 33.7332 -6 36.4392
      vertex 39.5607 -6 45.1104
      vertex 32.7953 -6 36.7237
    endloop
  endfacet
  facet normal 0 -1 0
    outer loop
      vertex 34.5977 -6 35.9772
      vertex 39.5607 -6 45.1104
      vertex 33.7332 -6 36.4392
    endloop
  endfacet
  facet normal 0 -1 -0
    outer loop
      vertex 39.5607 -6 45.1104
      vertex 34.5977 -6 35.9772
      vertex 42.4264 -6 42.4264
    endloop
  endfacet
  facet normal 0 -1 0
    outer loop
      vertex 35.3553 -6 35.3553
      vertex 42.4264 -6 42.4264
      vertex 34.5977 -6 35.9772
    endloop
  endfacet
  facet normal 0 -1 0
    outer loop
      vertex 35.9772 -6 34.5977
      vertex 42.4264 -6 42.4264
      vertex 35.3553 -6 35.3553
    endloop
  endfacet
  facet normal 0 -1 -0
    outer loop
      vertex 42.4264 -6 42.4264
      vertex 35.9772 -6 34.5977
      vertex 45.1104 -6 39.5607
    endloop
  endfacet
  facet normal 0 -1 0
    outer loop
      vertex 36.4392 -6 33.7332
      vertex 45.1104 -6 39.5607
      vertex 35.9772 -6 34.5977
    endloop
  endfacet
  facet normal 0 -1 0
    outer loop
      vertex 36.7237 -6 32.7953
      vertex 45.1104 -6 39.5607
      vertex 36.4392 -6 33.7332
    endloop
  endfacet
  facet normal 0 -1 -0
    outer loop
      vertex 45.1104 -6 39.5607
      vertex 36.7237 -6 32.7953
      vertex 47.6012 -6 36.5257
    endloop
  endfacet
  facet normal 0 -1 0
    outer loop
      vertex 36.8198 -6 31.8198
      vertex 47.6012 -6 36.5257
      vertex 36.7237 -6 32.7953
    endloop
  endfacet
  facet normal 0 -1 -0
    outer loop
      vertex 47.6012 -6 36.5257
      vertex 36.8198 -6 31.8198
      vertex 49.8882 -6 33.3342
    endloop
  endfacet
  facet normal 0 -1 0
    outer loop
      vertex 36.7237 -6 30.8444
      vertex 49.8882 -6 33.3342
      vertex 36.8198 -6 31.8198
    endloop
  endfacet
  facet normal 0 -1 0
    outer loop
      vertex 36.4392 -6 29.9064
      vertex 49.8882 -6 33.3342
      vertex 36.7237 -6 30.8444
    endloop
  endfacet
  facet normal 0 -1 -0
    outer loop
      vertex 49.8882 -6 33.3342
      vertex 36.4392 -6 29.9064
      vertex 51.9615 -6 30
    endloop
  endfacet
  facet normal 0 -1 0
    outer loop
      vertex 35.9772 -6 29.042
      vertex 51.9615 -6 30
      vertex 36.4392 -6 29.9064
    endloop
  endfacet
  facet normal 0 -1 0
    outer loop
      vertex 53.8124 -6 26.5373
      vertex 35.9772 -6 29.042
      vertex 35.3553 -6 28.2843
    endloop
  endfacet
  facet normal 0 -1 0
    outer loop
      vertex 55.4328 -6 22.961
      vertex 35.3553 -6 28.2843
      vertex 34.5977 -6 27.6625
    endloop
  endfacet
  facet normal 0 -1 0
    outer loop
      vertex 55.4328 -6 22.961
      vertex 34.5977 -6 27.6625
      vertex 33.7332 -6 27.2004
    endloop
  endfacet
  facet normal 0 -1 0
    outer loop
      vertex 55.4328 -6 22.961
      vertex 33.7332 -6 27.2004
      vertex 32.7953 -6 26.9159
    endloop
  endfacet
  facet normal 0 -1 0
    outer loop
      vertex 35.9772 -6 29.042
      vertex 53.8124 -6 26.5373
      vertex 51.9615 -6 30
    endloop
  endfacet
  facet normal 0 -1 0
    outer loop
      vertex 55.4328 -6 22.961
      vertex 32.7953 -6 26.9159
      vertex 31.8198 -6 26.8198
    endloop
  endfacet
  facet normal 0 -1 0
    outer loop
      vertex -3.92419 -6 59.8715
      vertex 0 -6 20
      vertex 0 -6 60
    endloop
  endfacet
  facet normal 0 -1 0
    outer loop
      vertex -58.8471 -6 11.7054
      vertex -33.7332 -6 27.2004
      vertex -57.9556 -6 15.5291
    endloop
  endfacet
  facet normal 0 -1 -0
    outer loop
      vertex 27.2004 -6 29.9064
      vertex 11.1114 -6 16.6294
      vertex 27.6625 -6 29.042
    endloop
  endfacet
  facet normal 0 -1 0
    outer loop
      vertex 35.3553 -6 28.2843
      vertex 55.4328 -6 22.961
      vertex 53.8124 -6 26.5373
    endloop
  endfacet
  facet normal 0 -1 0
    outer loop
      vertex 11.1114 -6 16.6294
      vertex 27.2004 -6 29.9064
      vertex 9.42793 -6 17.6384
    endloop
  endfacet
  facet normal -0 -1 0
    outer loop
      vertex 0 -6 20
      vertex -3.92419 -6 59.8715
      vertex -1.96034 -6 19.9037
    endloop
  endfacet
  facet normal 0 -1 -0
    outer loop
      vertex -33.7332 -6 27.2004
      vertex -58.8471 -6 11.7054
      vertex -32.7953 -6 26.9159
    endloop
  endfacet
  facet normal 0 -1 0
    outer loop
      vertex -26.9159 -6 32.7953
      vertex -5.80569 -6 19.1388
      vertex -3.90181 -6 19.6157
    endloop
  endfacet
  facet normal 0 -1 0
    outer loop
      vertex -26.8198 -6 31.8198
      vertex -7.65367 -6 18.4776
      vertex -5.80569 -6 19.1388
    endloop
  endfacet
  facet normal 0 -1 0
    outer loop
      vertex -26.9159 -6 30.8444
      vertex -9.42793 -6 17.6384
      vertex -7.65367 -6 18.4776
    endloop
  endfacet
  facet normal 0 -1 0
    outer loop
      vertex -27.2004 -6 29.9064
      vertex -11.1114 -6 16.6294
      vertex -9.42793 -6 17.6384
    endloop
  endfacet
  facet normal 0 -1 0
    outer loop
      vertex -19.6157 -6 3.90181
      vertex -32.7953 -6 26.9159
      vertex -58.8471 -6 11.7054
    endloop
  endfacet
  facet normal 0 -1 0
    outer loop
      vertex -27.6625 -6 29.042
      vertex -12.6879 -6 15.4602
      vertex -11.1114 -6 16.6294
    endloop
  endfacet
  facet normal 0 -1 0
    outer loop
      vertex -28.2843 -6 28.2843
      vertex -14.1421 -6 14.1421
      vertex -12.6879 -6 15.4602
    endloop
  endfacet
  facet normal 0 -1 0
    outer loop
      vertex -29.042 -6 27.6625
      vertex -15.4602 -6 12.6879
      vertex -14.1421 -6 14.1421
    endloop
  endfacet
  facet normal -0 -1 0
    outer loop
      vertex -19.1388 -6 5.80569
      vertex -32.7953 -6 26.9159
      vertex -19.6157 -6 3.90181
    endloop
  endfacet
  facet normal 0 -1 0
    outer loop
      vertex -29.9064 -6 27.2004
      vertex -16.6294 -6 11.1114
      vertex -15.4602 -6 12.6879
    endloop
  endfacet
  facet normal 0 -1 0
    outer loop
      vertex -29.9064 -6 27.2004
      vertex -17.6384 -6 9.42793
      vertex -16.6294 -6 11.1114
    endloop
  endfacet
  facet normal 0 -1 0
    outer loop
      vertex -19.6157 -6 3.90181
      vertex -58.8471 -6 11.7054
      vertex -59.4867 -6 7.83157
    endloop
  endfacet
  facet normal 0 -1 0
    outer loop
      vertex -30.8444 -6 26.9159
      vertex -18.4776 -6 7.65367
      vertex -17.6384 -6 9.42793
    endloop
  endfacet
  facet normal 0 -1 0
    outer loop
      vertex -31.8198 -6 26.8198
      vertex -19.1388 -6 5.80569
      vertex -18.4776 -6 7.65367
    endloop
  endfacet
  facet normal 0 -1 0
    outer loop
      vertex -19.9037 -6 1.96034
      vertex -59.4867 -6 7.83157
      vertex -59.8715 -6 3.92419
    endloop
  endfacet
  facet normal 0 -1 0
    outer loop
      vertex -32.7953 -6 26.9159
      vertex -19.1388 -6 5.80569
      vertex -31.8198 -6 26.8198
    endloop
  endfacet
  facet normal 0 -1 0
    outer loop
      vertex -59.4867 -6 7.83157
      vertex -19.9037 -6 1.96034
      vertex -19.6157 -6 3.90181
    endloop
  endfacet
  facet normal 0 -1 0
    outer loop
      vertex -20 -6 0
      vertex -59.8715 -6 3.92419
      vertex -60 -6 0
    endloop
  endfacet
  facet normal 0 -1 0
    outer loop
      vertex -59.8715 -6 3.92419
      vertex -20 -6 0
      vertex -19.9037 -6 1.96034
    endloop
  endfacet
  facet normal 0 -1 0
    outer loop
      vertex -59.8715 -6 -3.92419
      vertex -20 -6 0
      vertex -60 -6 0
    endloop
  endfacet
  facet normal 0 -1 -0
    outer loop
      vertex -20 -6 0
      vertex -59.8715 -6 -3.92419
      vertex -19.9037 -6 -1.96034
    endloop
  endfacet
  facet normal 0 -1 0
    outer loop
      vertex -59.4867 -6 -7.83157
      vertex -19.9037 -6 -1.96034
      vertex -59.8715 -6 -3.92419
    endloop
  endfacet
  facet normal 0 -1 -0
    outer loop
      vertex -19.9037 -6 -1.96034
      vertex -59.4867 -6 -7.83157
      vertex -19.6157 -6 -3.90181
    endloop
  endfacet
  facet normal 0 -1 0
    outer loop
      vertex -58.8471 -6 -11.7054
      vertex -19.6157 -6 -3.90181
      vertex -59.4867 -6 -7.83157
    endloop
  endfacet
  facet normal 0 -1 0
    outer loop
      vertex -31.8198 -6 -26.8198
      vertex -58.8471 -6 -11.7054
      vertex -57.9556 -6 -15.5291
    endloop
  endfacet
  facet normal 0 -1 0
    outer loop
      vertex -58.8471 -6 -11.7054
      vertex -31.8198 -6 -26.8198
      vertex -19.6157 -6 -3.90181
    endloop
  endfacet
  facet normal 0 -1 0
    outer loop
      vertex -31.8198 -6 -26.8198
      vertex -57.9556 -6 -15.5291
      vertex -56.8158 -6 -19.2864
    endloop
  endfacet
  facet normal 0 -1 -0
    outer loop
      vertex -19.6157 -6 -3.90181
      vertex -31.8198 -6 -26.8198
      vertex -19.1388 -6 -5.80569
    endloop
  endfacet
  facet normal 0 -1 0
    outer loop
      vertex -31.8198 -6 -26.8198
      vertex -56.8158 -6 -19.2864
      vertex -55.4328 -6 -22.961
    endloop
  endfacet
  facet normal 0 -1 -0
    outer loop
      vertex -19.1388 -6 -5.80569
      vertex -31.8198 -6 -26.8198
      vertex -18.4776 -6 -7.65367
    endloop
  endfacet
  facet normal 0 -1 0
    outer loop
      vertex -30.8444 -6 -26.9159
      vertex -18.4776 -6 -7.65367
      vertex -31.8198 -6 -26.8198
    endloop
  endfacet
  facet normal 0 -1 -0
    outer loop
      vertex -18.4776 -6 -7.65367
      vertex -30.8444 -6 -26.9159
      vertex -17.6384 -6 -9.42793
    endloop
  endfacet
  facet normal 0 -1 0
    outer loop
      vertex -29.9064 -6 -27.2004
      vertex -17.6384 -6 -9.42793
      vertex -30.8444 -6 -26.9159
    endloop
  endfacet
  facet normal 0 -1 -0
    outer loop
      vertex -17.6384 -6 -9.42793
      vertex -29.9064 -6 -27.2004
      vertex -16.6294 -6 -11.1114
    endloop
  endfacet
  facet normal 0 -1 -0
    outer loop
      vertex -16.6294 -6 -11.1114
      vertex -29.9064 -6 -27.2004
      vertex -15.4602 -6 -12.6879
    endloop
  endfacet
  facet normal 0 -1 0
    outer loop
      vertex -29.042 -6 -27.6625
      vertex -15.4602 -6 -12.6879
      vertex -29.9064 -6 -27.2004
    endloop
  endfacet
  facet normal 0 -1 -0
    outer loop
      vertex -15.4602 -6 -12.6879
      vertex -29.042 -6 -27.6625
      vertex -14.1421 -6 -14.1421
    endloop
  endfacet
  facet normal 0 -1 0
    outer loop
      vertex -28.2843 -6 -28.2843
      vertex -14.1421 -6 -14.1421
      vertex -29.042 -6 -27.6625
    endloop
  endfacet
  facet normal 0 -1 -0
    outer loop
      vertex -14.1421 -6 -14.1421
      vertex -28.2843 -6 -28.2843
      vertex -12.6879 -6 -15.4602
    endloop
  endfacet
  facet normal 0 -1 0
    outer loop
      vertex -27.6625 -6 -29.042
      vertex -12.6879 -6 -15.4602
      vertex -28.2843 -6 -28.2843
    endloop
  endfacet
  facet normal 0 -1 -0
    outer loop
      vertex -12.6879 -6 -15.4602
      vertex -27.6625 -6 -29.042
      vertex -11.1114 -6 -16.6294
    endloop
  endfacet
  facet normal 0.0980062 1.20764e-18 -0.995186
    outer loop
      vertex 3.92419 -6 -59.8715
      vertex 7.83157 6 -59.4867
      vertex 7.83157 -6 -59.4867
    endloop
  endfacet
  facet normal 0.0980062 1.20764e-18 -0.995186
    outer loop
      vertex 7.83157 6 -59.4867
      vertex 3.92419 -6 -59.8715
      vertex 3.92419 6 -59.8715
    endloop
  endfacet
  facet normal -0.528061 4.70979e-18 0.849207
    outer loop
      vertex -33.3342 6 49.8882
      vertex -30 -6 51.9615
      vertex -30 6 51.9615
    endloop
  endfacet
  facet normal -0.528061 4.70979e-18 0.849207
    outer loop
      vertex -30 -6 51.9615
      vertex -33.3342 6 49.8882
      vertex -33.3342 -6 49.8882
    endloop
  endfacet
  facet normal -0.290293 4.51856e-18 0.956938
    outer loop
      vertex -19.2864 6 56.8158
      vertex -15.5291 -6 57.9556
      vertex -15.5291 6 57.9556
    endloop
  endfacet
  facet normal -0.290293 4.51856e-18 0.956938
    outer loop
      vertex -15.5291 -6 57.9556
      vertex -19.2864 6 56.8158
      vertex -19.2864 -6 56.8158
    endloop
  endfacet
  facet normal -0.412707 3.53217e-18 0.910864
    outer loop
      vertex -26.5373 6 53.8124
      vertex -22.961 -6 55.4328
      vertex -22.961 6 55.4328
    endloop
  endfacet
  facet normal -0.412707 3.53217e-18 0.910864
    outer loop
      vertex -22.961 -6 55.4328
      vertex -26.5373 6 53.8124
      vertex -26.5373 -6 53.8124
    endloop
  endfacet
  facet normal -0.471406 -6.1754e-18 0.881916
    outer loop
      vertex -30 6 51.9615
      vertex -26.5373 -6 53.8124
      vertex -26.5373 6 53.8124
    endloop
  endfacet
  facet normal -0.471406 -6.1754e-18 0.881916
    outer loop
      vertex -26.5373 -6 53.8124
      vertex -30 6 51.9615
      vertex -30 -6 51.9615
    endloop
  endfacet
  facet normal 0.671584 2.21755e-18 -0.740928
    outer loop
      vertex -14.1421 -6 14.1421
      vertex -12.6879 6 15.4602
      vertex -12.6879 -6 15.4602
    endloop
  endfacet
  facet normal 0.671584 2.21755e-18 -0.740928
    outer loop
      vertex -12.6879 6 15.4602
      vertex -14.1421 -6 14.1421
      vertex -14.1421 6 14.1421
    endloop
  endfacet
  facet normal 0.941547 -0 0.336882
    outer loop
      vertex -19.1388 -6 -5.80569
      vertex -18.4776 6 -7.65367
      vertex -19.1388 6 -5.80569
    endloop
  endfacet
  facet normal 0.941547 0 0.336882
    outer loop
      vertex -18.4776 6 -7.65367
      vertex -19.1388 -6 -5.80569
      vertex -18.4776 -6 -7.65367
    endloop
  endfacet
  facet normal -0.989176 0 0.146736
    outer loop
      vertex 19.6157 -6 -3.90181
      vertex 19.9037 6 -1.96034
      vertex 19.6157 6 -3.90181
    endloop
  endfacet
  facet normal -0.989176 0 0.146736
    outer loop
      vertex 19.9037 6 -1.96034
      vertex 19.6157 -6 -3.90181
      vertex 19.9037 -6 -1.96034
    endloop
  endfacet
  facet normal -0.998796 0 0.049065
    outer loop
      vertex 19.9037 -6 -1.96034
      vertex 20 6 0
      vertex 19.9037 6 -1.96034
    endloop
  endfacet
  facet normal -0.998796 0 0.049065
    outer loop
      vertex 20 6 0
      vertex 19.9037 -6 -1.96034
      vertex 20 -6 0
    endloop
  endfacet
  facet normal 0.51409 2.43056e-18 -0.857736
    outer loop
      vertex -11.1114 -6 16.6294
      vertex -9.42793 6 17.6384
      vertex -9.42793 -6 17.6384
    endloop
  endfacet
  facet normal 0.51409 2.43056e-18 -0.857736
    outer loop
      vertex -9.42793 6 17.6384
      vertex -11.1114 -6 16.6294
      vertex -11.1114 6 16.6294
    endloop
  endfacet
  facet normal -0.671584 2.21755e-18 0.740928
    outer loop
      vertex 12.6879 6 -15.4602
      vertex 14.1421 -6 -14.1421
      vertex 14.1421 6 -14.1421
    endloop
  endfacet
  facet normal -0.671584 2.21755e-18 0.740928
    outer loop
      vertex 14.1421 -6 -14.1421
      vertex 12.6879 6 -15.4602
      vertex 12.6879 -6 -15.4602
    endloop
  endfacet
  facet normal 0.146736 7.97326e-19 -0.989176
    outer loop
      vertex -3.90181 -6 19.6157
      vertex -1.96034 6 19.9037
      vertex -1.96034 -6 19.9037
    endloop
  endfacet
  facet normal 0.146736 7.97326e-19 -0.989176
    outer loop
      vertex -1.96034 6 19.9037
      vertex -3.90181 -6 19.6157
      vertex -3.90181 6 19.6157
    endloop
  endfacet
  facet normal -0.740928 0 0.671584
    outer loop
      vertex 14.1421 -6 -14.1421
      vertex 15.4602 6 -12.6879
      vertex 14.1421 6 -14.1421
    endloop
  endfacet
  facet normal -0.740928 0 0.671584
    outer loop
      vertex 15.4602 6 -12.6879
      vertex 14.1421 -6 -14.1421
      vertex 15.4602 -6 -12.6879
    endloop
  endfacet
  facet normal -0.427571 -4.5854e-18 0.903982
    outer loop
      vertex 7.65367 6 -18.4776
      vertex 9.42793 -6 -17.6384
      vertex 9.42793 6 -17.6384
    endloop
  endfacet
  facet normal -0.427571 -4.5854e-18 0.903982
    outer loop
      vertex 9.42793 -6 -17.6384
      vertex 7.65367 6 -18.4776
      vertex 7.65367 -6 -18.4776
    endloop
  endfacet
  facet normal -0.049065 -5.79349e-19 -0.998796
    outer loop
      vertex 0 -6 20
      vertex 1.96034 6 19.9037
      vertex 1.96034 -6 19.9037
    endloop
  endfacet
  facet normal -0.049065 -5.79349e-19 -0.998796
    outer loop
      vertex 1.96034 6 19.9037
      vertex 0 -6 20
      vertex 0 6 20
    endloop
  endfacet
  facet normal 0.740928 -0 0.671584
    outer loop
      vertex -15.4602 -6 -12.6879
      vertex -14.1421 6 -14.1421
      vertex -15.4602 6 -12.6879
    endloop
  endfacet
  facet normal 0.740928 0 0.671584
    outer loop
      vertex -14.1421 6 -14.1421
      vertex -15.4602 -6 -12.6879
      vertex -14.1421 -6 -14.1421
    endloop
  endfacet
  facet normal -0.989176 0 -0.146736
    outer loop
      vertex 19.9037 -6 1.96034
      vertex 19.6157 6 3.90181
      vertex 19.9037 6 1.96034
    endloop
  endfacet
  facet normal -0.989176 -0 -0.146736
    outer loop
      vertex 19.6157 6 3.90181
      vertex 19.9037 -6 1.96034
      vertex 19.6157 -6 3.90181
    endloop
  endfacet
  facet normal -0.903982 0 0.427571
    outer loop
      vertex 17.6384 -6 -9.42793
      vertex 18.4776 6 -7.65367
      vertex 17.6384 6 -9.42793
    endloop
  endfacet
  facet normal -0.903982 0 0.427571
    outer loop
      vertex 18.4776 6 -7.65367
      vertex 17.6384 -6 -9.42793
      vertex 18.4776 -6 -7.65367
    endloop
  endfacet
  facet normal 0.242982 -9.31224e-19 0.970031
    outer loop
      vertex -5.80569 6 -19.1388
      vertex -3.90181 -6 -19.6157
      vertex -3.90181 6 -19.6157
    endloop
  endfacet
  facet normal 0.242982 -9.31224e-19 0.970031
    outer loop
      vertex -3.90181 -6 -19.6157
      vertex -5.80569 6 -19.1388
      vertex -5.80569 -6 -19.1388
    endloop
  endfacet
  facet normal 0.80321 -0 0.595695
    outer loop
      vertex -16.6294 -6 -11.1114
      vertex -15.4602 6 -12.6879
      vertex -16.6294 6 -11.1114
    endloop
  endfacet
  facet normal 0.80321 0 0.595695
    outer loop
      vertex -15.4602 6 -12.6879
      vertex -16.6294 -6 -11.1114
      vertex -15.4602 -6 -12.6879
    endloop
  endfacet
  facet normal -0.242982 9.31224e-19 0.970031
    outer loop
      vertex 3.90181 6 -19.6157
      vertex 5.80569 -6 -19.1388
      vertex 5.80569 6 -19.1388
    endloop
  endfacet
  facet normal -0.242982 9.31224e-19 0.970031
    outer loop
      vertex 5.80569 -6 -19.1388
      vertex 3.90181 6 -19.6157
      vertex 3.90181 -6 -19.6157
    endloop
  endfacet
  facet normal -0.336882 -2.74996e-18 0.941547
    outer loop
      vertex 5.80569 6 -19.1388
      vertex 7.65367 -6 -18.4776
      vertex 7.65367 6 -18.4776
    endloop
  endfacet
  facet normal -0.336882 -2.74996e-18 0.941547
    outer loop
      vertex 7.65367 -6 -18.4776
      vertex 5.80569 6 -19.1388
      vertex 5.80569 -6 -19.1388
    endloop
  endfacet
  facet normal -0.941547 0 0.336882
    outer loop
      vertex 18.4776 -6 -7.65367
      vertex 19.1388 6 -5.80569
      vertex 18.4776 6 -7.65367
    endloop
  endfacet
  facet normal -0.941547 0 0.336882
    outer loop
      vertex 19.1388 6 -5.80569
      vertex 18.4776 -6 -7.65367
      vertex 19.1388 -6 -5.80569
    endloop
  endfacet
  facet normal -0.595695 8.24668e-19 0.80321
    outer loop
      vertex 11.1114 6 -16.6294
      vertex 12.6879 -6 -15.4602
      vertex 12.6879 6 -15.4602
    endloop
  endfacet
  facet normal -0.595695 8.24668e-19 0.80321
    outer loop
      vertex 12.6879 -6 -15.4602
      vertex 11.1114 6 -16.6294
      vertex 11.1114 -6 -16.6294
    endloop
  endfacet
  facet normal 0.857736 0 -0.51409
    outer loop
      vertex -16.6294 -6 11.1114
      vertex -17.6384 6 9.42793
      vertex -16.6294 6 11.1114
    endloop
  endfacet
  facet normal 0.857736 0 -0.51409
    outer loop
      vertex -17.6384 6 9.42793
      vertex -16.6294 -6 11.1114
      vertex -17.6384 -6 9.42793
    endloop
  endfacet
  facet normal -0.51409 2.43056e-18 0.857736
    outer loop
      vertex 9.42793 6 -17.6384
      vertex 11.1114 -6 -16.6294
      vertex 11.1114 6 -16.6294
    endloop
  endfacet
  facet normal -0.51409 2.43056e-18 0.857736
    outer loop
      vertex 11.1114 -6 -16.6294
      vertex 9.42793 6 -17.6384
      vertex 9.42793 -6 -17.6384
    endloop
  endfacet
  facet normal -0.941547 0 -0.336882
    outer loop
      vertex 19.1388 -6 5.80569
      vertex 18.4776 6 7.65367
      vertex 19.1388 6 5.80569
    endloop
  endfacet
  facet normal -0.941547 -0 -0.336882
    outer loop
      vertex 18.4776 6 7.65367
      vertex 19.1388 -6 5.80569
      vertex 18.4776 -6 7.65367
    endloop
  endfacet
  facet normal 0.857736 -0 0.51409
    outer loop
      vertex -17.6384 -6 -9.42793
      vertex -16.6294 6 -11.1114
      vertex -17.6384 6 -9.42793
    endloop
  endfacet
  facet normal 0.857736 0 0.51409
    outer loop
      vertex -16.6294 6 -11.1114
      vertex -17.6384 -6 -9.42793
      vertex -16.6294 -6 -11.1114
    endloop
  endfacet
  facet normal 0.970031 0 -0.242982
    outer loop
      vertex -19.1388 -6 5.80569
      vertex -19.6157 6 3.90181
      vertex -19.1388 6 5.80569
    endloop
  endfacet
  facet normal 0.970031 0 -0.242982
    outer loop
      vertex -19.6157 6 3.90181
      vertex -19.1388 -6 5.80569
      vertex -19.6157 -6 3.90181
    endloop
  endfacet
  facet normal -0.049065 5.79349e-19 0.998796
    outer loop
      vertex 0 6 -20
      vertex 1.96034 -6 -19.9037
      vertex 1.96034 6 -19.9037
    endloop
  endfacet
  facet normal -0.049065 5.79349e-19 0.998796
    outer loop
      vertex 1.96034 -6 -19.9037
      vertex 0 6 -20
      vertex 0 -6 -20
    endloop
  endfacet
  facet normal -0.857736 0 0.51409
    outer loop
      vertex 16.6294 -6 -11.1114
      vertex 17.6384 6 -9.42793
      vertex 16.6294 6 -11.1114
    endloop
  endfacet
  facet normal -0.857736 0 0.51409
    outer loop
      vertex 17.6384 6 -9.42793
      vertex 16.6294 -6 -11.1114
      vertex 17.6384 -6 -9.42793
    endloop
  endfacet
  facet normal 0.941547 0 -0.336882
    outer loop
      vertex -18.4776 -6 7.65367
      vertex -19.1388 6 5.80569
      vertex -18.4776 6 7.65367
    endloop
  endfacet
  facet normal 0.941547 0 -0.336882
    outer loop
      vertex -19.1388 6 5.80569
      vertex -18.4776 -6 7.65367
      vertex -19.1388 -6 5.80569
    endloop
  endfacet
  facet normal 0.671584 -2.21755e-18 0.740928
    outer loop
      vertex -14.1421 6 -14.1421
      vertex -12.6879 -6 -15.4602
      vertex -12.6879 6 -15.4602
    endloop
  endfacet
  facet normal 0.671584 -2.21755e-18 0.740928
    outer loop
      vertex -12.6879 -6 -15.4602
      vertex -14.1421 6 -14.1421
      vertex -14.1421 -6 -14.1421
    endloop
  endfacet
  facet normal -0.970031 0 -0.242982
    outer loop
      vertex 19.6157 -6 3.90181
      vertex 19.1388 6 5.80569
      vertex 19.6157 6 3.90181
    endloop
  endfacet
  facet normal -0.970031 -0 -0.242982
    outer loop
      vertex 19.1388 6 5.80569
      vertex 19.6157 -6 3.90181
      vertex 19.1388 -6 5.80569
    endloop
  endfacet
  facet normal 0.51409 -2.43056e-18 0.857736
    outer loop
      vertex -11.1114 6 -16.6294
      vertex -9.42793 -6 -17.6384
      vertex -9.42793 6 -17.6384
    endloop
  endfacet
  facet normal 0.51409 -2.43056e-18 0.857736
    outer loop
      vertex -9.42793 -6 -17.6384
      vertex -11.1114 6 -16.6294
      vertex -11.1114 -6 -16.6294
    endloop
  endfacet
  facet normal 0.998796 0 -0.049065
    outer loop
      vertex -19.9037 -6 1.96034
      vertex -20 6 0
      vertex -19.9037 6 1.96034
    endloop
  endfacet
  facet normal 0.998796 0 -0.049065
    outer loop
      vertex -20 6 0
      vertex -19.9037 -6 1.96034
      vertex -20 -6 0
    endloop
  endfacet
  facet normal 0.970031 -0 0.242982
    outer loop
      vertex -19.6157 -6 -3.90181
      vertex -19.1388 6 -5.80569
      vertex -19.6157 6 -3.90181
    endloop
  endfacet
  facet normal 0.970031 0 0.242982
    outer loop
      vertex -19.1388 6 -5.80569
      vertex -19.6157 -6 -3.90181
      vertex -19.1388 -6 -5.80569
    endloop
  endfacet
  facet normal -0.427571 4.5854e-18 -0.903982
    outer loop
      vertex 7.65367 -6 18.4776
      vertex 9.42793 6 17.6384
      vertex 9.42793 -6 17.6384
    endloop
  endfacet
  facet normal -0.427571 4.5854e-18 -0.903982
    outer loop
      vertex 9.42793 6 17.6384
      vertex 7.65367 -6 18.4776
      vertex 7.65367 6 18.4776
    endloop
  endfacet
  facet normal 0.336882 2.74996e-18 0.941547
    outer loop
      vertex -7.65367 6 -18.4776
      vertex -5.80569 -6 -19.1388
      vertex -5.80569 6 -19.1388
    endloop
  endfacet
  facet normal 0.336882 2.74996e-18 0.941547
    outer loop
      vertex -5.80569 -6 -19.1388
      vertex -7.65367 6 -18.4776
      vertex -7.65367 -6 -18.4776
    endloop
  endfacet
  facet normal -0.51409 -2.43056e-18 -0.857736
    outer loop
      vertex 9.42793 -6 17.6384
      vertex 11.1114 6 16.6294
      vertex 11.1114 -6 16.6294
    endloop
  endfacet
  facet normal -0.51409 -2.43056e-18 -0.857736
    outer loop
      vertex 11.1114 6 16.6294
      vertex 9.42793 -6 17.6384
      vertex 9.42793 6 17.6384
    endloop
  endfacet
  facet normal -0.146736 -7.97326e-19 -0.989176
    outer loop
      vertex 1.96034 -6 19.9037
      vertex 3.90181 6 19.6157
      vertex 3.90181 -6 19.6157
    endloop
  endfacet
  facet normal -0.146736 -7.97326e-19 -0.989176
    outer loop
      vertex 3.90181 6 19.6157
      vertex 1.96034 -6 19.9037
      vertex 1.96034 6 19.9037
    endloop
  endfacet
  facet normal -0.740928 0 -0.671584
    outer loop
      vertex 15.4602 -6 12.6879
      vertex 14.1421 6 14.1421
      vertex 15.4602 6 12.6879
    endloop
  endfacet
  facet normal -0.740928 -0 -0.671584
    outer loop
      vertex 14.1421 6 14.1421
      vertex 15.4602 -6 12.6879
      vertex 14.1421 -6 14.1421
    endloop
  endfacet
  facet normal -0.80321 0 -0.595695
    outer loop
      vertex 16.6294 -6 11.1114
      vertex 15.4602 6 12.6879
      vertex 16.6294 6 11.1114
    endloop
  endfacet
  facet normal -0.80321 -0 -0.595695
    outer loop
      vertex 15.4602 6 12.6879
      vertex 16.6294 -6 11.1114
      vertex 15.4602 -6 12.6879
    endloop
  endfacet
  facet normal 0.049065 -5.79349e-19 0.998796
    outer loop
      vertex -1.96034 6 -19.9037
      vertex 0 -6 -20
      vertex 0 6 -20
    endloop
  endfacet
  facet normal 0.049065 -5.79349e-19 0.998796
    outer loop
      vertex 0 -6 -20
      vertex -1.96034 6 -19.9037
      vertex -1.96034 -6 -19.9037
    endloop
  endfacet
  facet normal 0.427571 4.5854e-18 0.903982
    outer loop
      vertex -9.42793 6 -17.6384
      vertex -7.65367 -6 -18.4776
      vertex -7.65367 6 -18.4776
    endloop
  endfacet
  facet normal 0.427571 4.5854e-18 0.903982
    outer loop
      vertex -7.65367 -6 -18.4776
      vertex -9.42793 6 -17.6384
      vertex -9.42793 -6 -17.6384
    endloop
  endfacet
  facet normal 0.595695 -8.24668e-19 0.80321
    outer loop
      vertex -12.6879 6 -15.4602
      vertex -11.1114 -6 -16.6294
      vertex -11.1114 6 -16.6294
    endloop
  endfacet
  facet normal 0.595695 -8.24668e-19 0.80321
    outer loop
      vertex -11.1114 -6 -16.6294
      vertex -12.6879 6 -15.4602
      vertex -12.6879 -6 -15.4602
    endloop
  endfacet
  facet normal 0.989176 -0 0.146736
    outer loop
      vertex -19.9037 -6 -1.96034
      vertex -19.6157 6 -3.90181
      vertex -19.9037 6 -1.96034
    endloop
  endfacet
  facet normal 0.989176 0 0.146736
    outer loop
      vertex -19.6157 6 -3.90181
      vertex -19.9037 -6 -1.96034
      vertex -19.6157 -6 -3.90181
    endloop
  endfacet
  facet normal 0.242982 9.31224e-19 -0.970031
    outer loop
      vertex -5.80569 -6 19.1388
      vertex -3.90181 6 19.6157
      vertex -3.90181 -6 19.6157
    endloop
  endfacet
  facet normal 0.242982 9.31224e-19 -0.970031
    outer loop
      vertex -3.90181 6 19.6157
      vertex -5.80569 -6 19.1388
      vertex -5.80569 6 19.1388
    endloop
  endfacet
  facet normal -0.970031 0 0.242982
    outer loop
      vertex 19.1388 -6 -5.80569
      vertex 19.6157 6 -3.90181
      vertex 19.1388 6 -5.80569
    endloop
  endfacet
  facet normal -0.970031 0 0.242982
    outer loop
      vertex 19.6157 6 -3.90181
      vertex 19.1388 -6 -5.80569
      vertex 19.6157 -6 -3.90181
    endloop
  endfacet
  facet normal -0.80321 0 0.595695
    outer loop
      vertex 15.4602 -6 -12.6879
      vertex 16.6294 6 -11.1114
      vertex 15.4602 6 -12.6879
    endloop
  endfacet
  facet normal -0.80321 0 0.595695
    outer loop
      vertex 16.6294 6 -11.1114
      vertex 15.4602 -6 -12.6879
      vertex 16.6294 -6 -11.1114
    endloop
  endfacet
  facet normal 0.80321 0 -0.595695
    outer loop
      vertex -15.4602 -6 12.6879
      vertex -16.6294 6 11.1114
      vertex -15.4602 6 12.6879
    endloop
  endfacet
  facet normal 0.80321 0 -0.595695
    outer loop
      vertex -16.6294 6 11.1114
      vertex -15.4602 -6 12.6879
      vertex -16.6294 -6 11.1114
    endloop
  endfacet
  facet normal 0.903982 0 -0.427571
    outer loop
      vertex -17.6384 -6 9.42793
      vertex -18.4776 6 7.65367
      vertex -17.6384 6 9.42793
    endloop
  endfacet
  facet normal 0.903982 0 -0.427571
    outer loop
      vertex -18.4776 6 7.65367
      vertex -17.6384 -6 9.42793
      vertex -18.4776 -6 7.65367
    endloop
  endfacet
  facet normal -0.146736 7.97326e-19 0.989176
    outer loop
      vertex 1.96034 6 -19.9037
      vertex 3.90181 -6 -19.6157
      vertex 3.90181 6 -19.6157
    endloop
  endfacet
  facet normal -0.146736 7.97326e-19 0.989176
    outer loop
      vertex 3.90181 -6 -19.6157
      vertex 1.96034 6 -19.9037
      vertex 1.96034 -6 -19.9037
    endloop
  endfacet
  facet normal 0.427571 -4.5854e-18 -0.903982
    outer loop
      vertex -9.42793 -6 17.6384
      vertex -7.65367 6 18.4776
      vertex -7.65367 -6 18.4776
    endloop
  endfacet
  facet normal 0.427571 -4.5854e-18 -0.903982
    outer loop
      vertex -7.65367 6 18.4776
      vertex -9.42793 -6 17.6384
      vertex -9.42793 6 17.6384
    endloop
  endfacet
  facet normal -0.595695 -8.24668e-19 -0.80321
    outer loop
      vertex 11.1114 -6 16.6294
      vertex 12.6879 6 15.4602
      vertex 12.6879 -6 15.4602
    endloop
  endfacet
  facet normal -0.595695 -8.24668e-19 -0.80321
    outer loop
      vertex 12.6879 6 15.4602
      vertex 11.1114 -6 16.6294
      vertex 11.1114 6 16.6294
    endloop
  endfacet
  facet normal -0.998796 0 -0.049065
    outer loop
      vertex 20 -6 0
      vertex 19.9037 6 1.96034
      vertex 20 6 0
    endloop
  endfacet
  facet normal -0.998796 -0 -0.049065
    outer loop
      vertex 19.9037 6 1.96034
      vertex 20 -6 0
      vertex 19.9037 -6 1.96034
    endloop
  endfacet
  facet normal 0.146736 -7.97326e-19 0.989176
    outer loop
      vertex -3.90181 6 -19.6157
      vertex -1.96034 -6 -19.9037
      vertex -1.96034 6 -19.9037
    endloop
  endfacet
  facet normal 0.146736 -7.97326e-19 0.989176
    outer loop
      vertex -1.96034 -6 -19.9037
      vertex -3.90181 6 -19.6157
      vertex -3.90181 -6 -19.6157
    endloop
  endfacet
  facet normal 0.989176 0 -0.146736
    outer loop
      vertex -19.6157 -6 3.90181
      vertex -19.9037 6 1.96034
      vertex -19.6157 6 3.90181
    endloop
  endfacet
  facet normal 0.989176 0 -0.146736
    outer loop
      vertex -19.9037 6 1.96034
      vertex -19.6157 -6 3.90181
      vertex -19.9037 -6 1.96034
    endloop
  endfacet
  facet normal -0.336882 2.74996e-18 -0.941547
    outer loop
      vertex 5.80569 -6 19.1388
      vertex 7.65367 6 18.4776
      vertex 7.65367 -6 18.4776
    endloop
  endfacet
  facet normal -0.336882 2.74996e-18 -0.941547
    outer loop
      vertex 7.65367 6 18.4776
      vertex 5.80569 -6 19.1388
      vertex 5.80569 6 19.1388
    endloop
  endfacet
  facet normal -0.242982 -9.31224e-19 -0.970031
    outer loop
      vertex 3.90181 -6 19.6157
      vertex 5.80569 6 19.1388
      vertex 5.80569 -6 19.1388
    endloop
  endfacet
  facet normal -0.242982 -9.31224e-19 -0.970031
    outer loop
      vertex 5.80569 6 19.1388
      vertex 3.90181 -6 19.6157
      vertex 3.90181 6 19.6157
    endloop
  endfacet
  facet normal 0.740928 0 -0.671584
    outer loop
      vertex -14.1421 -6 14.1421
      vertex -15.4602 6 12.6879
      vertex -14.1421 6 14.1421
    endloop
  endfacet
  facet normal 0.740928 0 -0.671584
    outer loop
      vertex -15.4602 6 12.6879
      vertex -14.1421 -6 14.1421
      vertex -15.4602 -6 12.6879
    endloop
  endfacet
  facet normal 0.903982 -0 0.427571
    outer loop
      vertex -18.4776 -6 -7.65367
      vertex -17.6384 6 -9.42793
      vertex -18.4776 6 -7.65367
    endloop
  endfacet
  facet normal 0.903982 0 0.427571
    outer loop
      vertex -17.6384 6 -9.42793
      vertex -18.4776 -6 -7.65367
      vertex -17.6384 -6 -9.42793
    endloop
  endfacet
  facet normal 0.595695 8.24668e-19 -0.80321
    outer loop
      vertex -12.6879 -6 15.4602
      vertex -11.1114 6 16.6294
      vertex -11.1114 -6 16.6294
    endloop
  endfacet
  facet normal 0.595695 8.24668e-19 -0.80321
    outer loop
      vertex -11.1114 6 16.6294
      vertex -12.6879 -6 15.4602
      vertex -12.6879 6 15.4602
    endloop
  endfacet
  facet normal -0.903982 0 -0.427571
    outer loop
      vertex 18.4776 -6 7.65367
      vertex 17.6384 6 9.42793
      vertex 18.4776 6 7.65367
    endloop
  endfacet
  facet normal -0.903982 -0 -0.427571
    outer loop
      vertex 17.6384 6 9.42793
      vertex 18.4776 -6 7.65367
      vertex 17.6384 -6 9.42793
    endloop
  endfacet
  facet normal -0.857736 0 -0.51409
    outer loop
      vertex 17.6384 -6 9.42793
      vertex 16.6294 6 11.1114
      vertex 17.6384 6 9.42793
    endloop
  endfacet
  facet normal -0.857736 -0 -0.51409
    outer loop
      vertex 16.6294 6 11.1114
      vertex 17.6384 -6 9.42793
      vertex 16.6294 -6 11.1114
    endloop
  endfacet
  facet normal 0.049065 5.79349e-19 -0.998796
    outer loop
      vertex -1.96034 -6 19.9037
      vertex 0 6 20
      vertex 0 -6 20
    endloop
  endfacet
  facet normal 0.049065 5.79349e-19 -0.998796
    outer loop
      vertex 0 6 20
      vertex -1.96034 -6 19.9037
      vertex -1.96034 6 19.9037
    endloop
  endfacet
  facet normal 0.998796 -0 0.049065
    outer loop
      vertex -20 -6 0
      vertex -19.9037 6 -1.96034
      vertex -20 6 0
    endloop
  endfacet
  facet normal 0.998796 0 0.049065
    outer loop
      vertex -19.9037 6 -1.96034
      vertex -20 -6 0
      vertex -19.9037 -6 -1.96034
    endloop
  endfacet
  facet normal 0.336882 -2.74996e-18 -0.941547
    outer loop
      vertex -7.65367 -6 18.4776
      vertex -5.80569 6 19.1388
      vertex -5.80569 -6 19.1388
    endloop
  endfacet
  facet normal 0.336882 -2.74996e-18 -0.941547
    outer loop
      vertex -5.80569 6 19.1388
      vertex -7.65367 -6 18.4776
      vertex -7.65367 6 18.4776
    endloop
  endfacet
  facet normal -0.671584 -2.21755e-18 -0.740928
    outer loop
      vertex 12.6879 -6 15.4602
      vertex 14.1421 6 14.1421
      vertex 14.1421 -6 14.1421
    endloop
  endfacet
  facet normal -0.671584 -2.21755e-18 -0.740928
    outer loop
      vertex 14.1421 6 14.1421
      vertex 12.6879 -6 15.4602
      vertex 12.6879 6 15.4602
    endloop
  endfacet
endsolid OpenSCAD_Model
