solid OpenSCAD_Model
  facet normal 0 -0.996198 -0.0871162
    outer loop
      vertex -19.7666 25 36.0465
      vertex -15.1155 25 36.0465
      vertex -19.7666 24.9382 36.7532
    endloop
  endfacet
  facet normal 0 -0.996198 -0.0871162
    outer loop
      vertex -19.7666 24.9382 36.7532
      vertex -15.1155 25 36.0465
      vertex -15.1155 24.9382 36.7532
    endloop
  endfacet
  facet normal 0 -0.965925 -0.258821
    outer loop
      vertex -19.7666 24.9382 36.7532
      vertex -15.1155 24.9382 36.7532
      vertex -19.7666 24.7546 37.4384
    endloop
  endfacet
  facet normal 0 -0.965925 -0.258821
    outer loop
      vertex -19.7666 24.7546 37.4384
      vertex -15.1155 24.9382 36.7532
      vertex -15.1155 24.7546 37.4384
    endloop
  endfacet
  facet normal 0 -0.906327 -0.422577
    outer loop
      vertex -19.7666 24.7546 37.4384
      vertex -15.1155 24.7546 37.4384
      vertex -19.7666 24.4548 38.0814
    endloop
  endfacet
  facet normal 0 -0.906327 -0.422577
    outer loop
      vertex -19.7666 24.4548 38.0814
      vertex -15.1155 24.7546 37.4384
      vertex -15.1155 24.4548 38.0814
    endloop
  endfacet
  facet normal 0 -0.819146 -0.573585
    outer loop
      vertex -19.7666 24.4548 38.0814
      vertex -15.1155 24.4548 38.0814
      vertex -19.7666 24.0479 38.6625
    endloop
  endfacet
  facet normal 0 -0.819146 -0.573585
    outer loop
      vertex -19.7666 24.0479 38.6625
      vertex -15.1155 24.4548 38.0814
      vertex -15.1155 24.0479 38.6625
    endloop
  endfacet
  facet normal 0 -0.707036 -0.707177
    outer loop
      vertex -19.7666 24.0479 38.6625
      vertex -15.1155 24.0479 38.6625
      vertex -19.7666 23.5462 39.1641
    endloop
  endfacet
  facet normal 0 -0.707036 -0.707177
    outer loop
      vertex -19.7666 23.5462 39.1641
      vertex -15.1155 24.0479 38.6625
      vertex -15.1155 23.5462 39.1641
    endloop
  endfacet
  facet normal 0 -0.573585 -0.819146
    outer loop
      vertex -19.7666 23.5462 39.1641
      vertex -15.1155 23.5462 39.1641
      vertex -19.7666 22.9651 39.571
    endloop
  endfacet
  facet normal 0 -0.573585 -0.819146
    outer loop
      vertex -19.7666 22.9651 39.571
      vertex -15.1155 23.5462 39.1641
      vertex -15.1155 22.9651 39.571
    endloop
  endfacet
  facet normal 0 -0.422631 -0.906302
    outer loop
      vertex -19.7666 22.9651 39.571
      vertex -15.1155 22.9651 39.571
      vertex -19.7666 22.3222 39.8708
    endloop
  endfacet
  facet normal 0 -0.422631 -0.906302
    outer loop
      vertex -19.7666 22.3222 39.8708
      vertex -15.1155 22.9651 39.571
      vertex -15.1155 22.3222 39.8708
    endloop
  endfacet
  facet normal 0 -0.258785 -0.965935
    outer loop
      vertex -19.7666 22.3222 39.8708
      vertex -15.1155 22.3222 39.8708
      vertex -19.7666 21.6369 40.0544
    endloop
  endfacet
  facet normal 0 -0.258785 -0.965935
    outer loop
      vertex -19.7666 21.6369 40.0544
      vertex -15.1155 22.3222 39.8708
      vertex -15.1155 21.6369 40.0544
    endloop
  endfacet
  facet normal 0 -0.0872561 -0.996186
    outer loop
      vertex -19.7666 21.6369 40.0544
      vertex -15.1155 21.6369 40.0544
      vertex -19.7666 20.9302 40.1163
    endloop
  endfacet
  facet normal 0 -0.0872561 -0.996186
    outer loop
      vertex -19.7666 20.9302 40.1163
      vertex -15.1155 21.6369 40.0544
      vertex -15.1155 20.9302 40.1163
    endloop
  endfacet
  facet normal 0 0.0872561 -0.996186
    outer loop
      vertex -19.7666 20.9302 40.1163
      vertex -15.1155 20.9302 40.1163
      vertex -19.7666 20.2235 40.0544
    endloop
  endfacet
  facet normal 0 0.0872561 -0.996186
    outer loop
      vertex -19.7666 20.2235 40.0544
      vertex -15.1155 20.9302 40.1163
      vertex -15.1155 20.2235 40.0544
    endloop
  endfacet
  facet normal 0 0.258821 -0.965925
    outer loop
      vertex -19.7666 20.2235 40.0544
      vertex -15.1155 20.2235 40.0544
      vertex -19.7666 19.5383 39.8708
    endloop
  endfacet
  facet normal 0 0.258821 -0.965925
    outer loop
      vertex -19.7666 19.5383 39.8708
      vertex -15.1155 20.2235 40.0544
      vertex -15.1155 19.5383 39.8708
    endloop
  endfacet
  facet normal 0 0.422577 -0.906327
    outer loop
      vertex -19.7666 19.5383 39.8708
      vertex -15.1155 19.5383 39.8708
      vertex -19.7666 18.8953 39.571
    endloop
  endfacet
  facet normal 0 0.422577 -0.906327
    outer loop
      vertex -19.7666 18.8953 39.571
      vertex -15.1155 19.5383 39.8708
      vertex -15.1155 18.8953 39.571
    endloop
  endfacet
  facet normal 0 0.573585 -0.819146
    outer loop
      vertex -19.7666 18.8953 39.571
      vertex -15.1155 18.8953 39.571
      vertex -19.7666 18.3142 39.1641
    endloop
  endfacet
  facet normal 0 0.573585 -0.819146
    outer loop
      vertex -19.7666 18.3142 39.1641
      vertex -15.1155 18.8953 39.571
      vertex -15.1155 18.3142 39.1641
    endloop
  endfacet
  facet normal 0 0.707107 -0.707107
    outer loop
      vertex -19.7666 18.3142 39.1641
      vertex -15.1155 18.3142 39.1641
      vertex -19.7666 17.8126 38.6625
    endloop
  endfacet
  facet normal 0 0.707107 -0.707107
    outer loop
      vertex -19.7666 17.8126 38.6625
      vertex -15.1155 18.3142 39.1641
      vertex -15.1155 17.8126 38.6625
    endloop
  endfacet
  facet normal 0 0.819146 -0.573585
    outer loop
      vertex -19.7666 17.8126 38.6625
      vertex -15.1155 17.8126 38.6625
      vertex -19.7666 17.4057 38.0814
    endloop
  endfacet
  facet normal 0 0.819146 -0.573585
    outer loop
      vertex -19.7666 17.4057 38.0814
      vertex -15.1155 17.8126 38.6625
      vertex -15.1155 17.4057 38.0814
    endloop
  endfacet
  facet normal 0 0.906327 -0.422577
    outer loop
      vertex -19.7666 17.4057 38.0814
      vertex -15.1155 17.4057 38.0814
      vertex -19.7666 17.1059 37.4384
    endloop
  endfacet
  facet normal 0 0.906327 -0.422577
    outer loop
      vertex -19.7666 17.1059 37.4384
      vertex -15.1155 17.4057 38.0814
      vertex -15.1155 17.1059 37.4384
    endloop
  endfacet
  facet normal 0 0.965925 -0.258821
    outer loop
      vertex -19.7666 17.1059 37.4384
      vertex -15.1155 17.1059 37.4384
      vertex -19.7666 16.9223 36.7532
    endloop
  endfacet
  facet normal 0 0.965925 -0.258821
    outer loop
      vertex -19.7666 16.9223 36.7532
      vertex -15.1155 17.1059 37.4384
      vertex -15.1155 16.9223 36.7532
    endloop
  endfacet
  facet normal 0 0.996198 -0.0871162
    outer loop
      vertex -19.7666 16.9223 36.7532
      vertex -15.1155 16.9223 36.7532
      vertex -19.7666 16.8605 36.0465
    endloop
  endfacet
  facet normal 0 0.996198 -0.0871162
    outer loop
      vertex -19.7666 16.8605 36.0465
      vertex -15.1155 16.9223 36.7532
      vertex -15.1155 16.8605 36.0465
    endloop
  endfacet
  facet normal -0 0.996198 0.0871162
    outer loop
      vertex -19.7666 16.8605 36.0465
      vertex -15.1155 16.8605 36.0465
      vertex -19.7666 16.9223 35.3398
    endloop
  endfacet
  facet normal -0 0.996198 0.0871162
    outer loop
      vertex -19.7666 16.9223 35.3398
      vertex -15.1155 16.8605 36.0465
      vertex -15.1155 16.9223 35.3398
    endloop
  endfacet
  facet normal -0 0.965925 0.258821
    outer loop
      vertex -19.7666 16.9223 35.3398
      vertex -15.1155 16.9223 35.3398
      vertex -19.7666 17.1059 34.6546
    endloop
  endfacet
  facet normal -0 0.965925 0.258821
    outer loop
      vertex -19.7666 17.1059 34.6546
      vertex -15.1155 16.9223 35.3398
      vertex -15.1155 17.1059 34.6546
    endloop
  endfacet
  facet normal -0 0.906327 0.422577
    outer loop
      vertex -19.7666 17.1059 34.6546
      vertex -15.1155 17.1059 34.6546
      vertex -19.7666 17.4057 34.0116
    endloop
  endfacet
  facet normal -0 0.906327 0.422577
    outer loop
      vertex -19.7666 17.4057 34.0116
      vertex -15.1155 17.1059 34.6546
      vertex -15.1155 17.4057 34.0116
    endloop
  endfacet
  facet normal -0 0.819146 0.573585
    outer loop
      vertex -19.7666 17.4057 34.0116
      vertex -15.1155 17.4057 34.0116
      vertex -19.7666 17.8126 33.4305
    endloop
  endfacet
  facet normal -0 0.819146 0.573585
    outer loop
      vertex -19.7666 17.8126 33.4305
      vertex -15.1155 17.4057 34.0116
      vertex -15.1155 17.8126 33.4305
    endloop
  endfacet
  facet normal -0 0.707107 0.707107
    outer loop
      vertex -19.7666 17.8126 33.4305
      vertex -15.1155 17.8126 33.4305
      vertex -19.7666 18.3142 32.9289
    endloop
  endfacet
  facet normal -0 0.707107 0.707107
    outer loop
      vertex -19.7666 18.3142 32.9289
      vertex -15.1155 17.8126 33.4305
      vertex -15.1155 18.3142 32.9289
    endloop
  endfacet
  facet normal -0 0.573585 0.819146
    outer loop
      vertex -19.7666 18.3142 32.9289
      vertex -15.1155 18.3142 32.9289
      vertex -19.7666 18.8953 32.522
    endloop
  endfacet
  facet normal -0 0.573585 0.819146
    outer loop
      vertex -19.7666 18.8953 32.522
      vertex -15.1155 18.3142 32.9289
      vertex -15.1155 18.8953 32.522
    endloop
  endfacet
  facet normal -0 0.422577 0.906327
    outer loop
      vertex -19.7666 18.8953 32.522
      vertex -15.1155 18.8953 32.522
      vertex -19.7666 19.5383 32.2222
    endloop
  endfacet
  facet normal -0 0.422577 0.906327
    outer loop
      vertex -19.7666 19.5383 32.2222
      vertex -15.1155 18.8953 32.522
      vertex -15.1155 19.5383 32.2222
    endloop
  endfacet
  facet normal -0 0.258821 0.965925
    outer loop
      vertex -19.7666 19.5383 32.2222
      vertex -15.1155 19.5383 32.2222
      vertex -19.7666 20.2235 32.0386
    endloop
  endfacet
  facet normal -0 0.258821 0.965925
    outer loop
      vertex -19.7666 20.2235 32.0386
      vertex -15.1155 19.5383 32.2222
      vertex -15.1155 20.2235 32.0386
    endloop
  endfacet
  facet normal -0 0.0872561 0.996186
    outer loop
      vertex -19.7666 20.2235 32.0386
      vertex -15.1155 20.2235 32.0386
      vertex -19.7666 20.9302 31.9767
    endloop
  endfacet
  facet normal -0 0.0872561 0.996186
    outer loop
      vertex -19.7666 20.9302 31.9767
      vertex -15.1155 20.2235 32.0386
      vertex -15.1155 20.9302 31.9767
    endloop
  endfacet
  facet normal 0 -0.0872561 0.996186
    outer loop
      vertex -19.7666 20.9302 31.9767
      vertex -15.1155 20.9302 31.9767
      vertex -19.7666 21.6369 32.0386
    endloop
  endfacet
  facet normal 0 -0.0872561 0.996186
    outer loop
      vertex -19.7666 21.6369 32.0386
      vertex -15.1155 20.9302 31.9767
      vertex -15.1155 21.6369 32.0386
    endloop
  endfacet
  facet normal 0 -0.258785 0.965935
    outer loop
      vertex -19.7666 21.6369 32.0386
      vertex -15.1155 21.6369 32.0386
      vertex -19.7666 22.3222 32.2222
    endloop
  endfacet
  facet normal 0 -0.258785 0.965935
    outer loop
      vertex -19.7666 22.3222 32.2222
      vertex -15.1155 21.6369 32.0386
      vertex -15.1155 22.3222 32.2222
    endloop
  endfacet
  facet normal 0 -0.422631 0.906302
    outer loop
      vertex -19.7666 22.3222 32.2222
      vertex -15.1155 22.3222 32.2222
      vertex -19.7666 22.9651 32.522
    endloop
  endfacet
  facet normal 0 -0.422631 0.906302
    outer loop
      vertex -19.7666 22.9651 32.522
      vertex -15.1155 22.3222 32.2222
      vertex -15.1155 22.9651 32.522
    endloop
  endfacet
  facet normal 0 -0.573585 0.819146
    outer loop
      vertex -19.7666 22.9651 32.522
      vertex -15.1155 22.9651 32.522
      vertex -19.7666 23.5462 32.9289
    endloop
  endfacet
  facet normal 0 -0.573585 0.819146
    outer loop
      vertex -19.7666 23.5462 32.9289
      vertex -15.1155 22.9651 32.522
      vertex -15.1155 23.5462 32.9289
    endloop
  endfacet
  facet normal 0 -0.707036 0.707177
    outer loop
      vertex -19.7666 23.5462 32.9289
      vertex -15.1155 23.5462 32.9289
      vertex -19.7666 24.0479 33.4305
    endloop
  endfacet
  facet normal 0 -0.707036 0.707177
    outer loop
      vertex -19.7666 24.0479 33.4305
      vertex -15.1155 23.5462 32.9289
      vertex -15.1155 24.0479 33.4305
    endloop
  endfacet
  facet normal 0 -0.819146 0.573585
    outer loop
      vertex -19.7666 24.0479 33.4305
      vertex -15.1155 24.0479 33.4305
      vertex -19.7666 24.4548 34.0116
    endloop
  endfacet
  facet normal 0 -0.819146 0.573585
    outer loop
      vertex -19.7666 24.4548 34.0116
      vertex -15.1155 24.0479 33.4305
      vertex -15.1155 24.4548 34.0116
    endloop
  endfacet
  facet normal 0 -0.906327 0.422577
    outer loop
      vertex -19.7666 24.4548 34.0116
      vertex -15.1155 24.4548 34.0116
      vertex -19.7666 24.7546 34.6546
    endloop
  endfacet
  facet normal 0 -0.906327 0.422577
    outer loop
      vertex -19.7666 24.7546 34.6546
      vertex -15.1155 24.4548 34.0116
      vertex -15.1155 24.7546 34.6546
    endloop
  endfacet
  facet normal 0 -0.965925 0.258821
    outer loop
      vertex -19.7666 24.7546 34.6546
      vertex -15.1155 24.7546 34.6546
      vertex -19.7666 24.9382 35.3398
    endloop
  endfacet
  facet normal 0 -0.965925 0.258821
    outer loop
      vertex -19.7666 24.9382 35.3398
      vertex -15.1155 24.7546 34.6546
      vertex -15.1155 24.9382 35.3398
    endloop
  endfacet
  facet normal 0 -0.996198 0.0871162
    outer loop
      vertex -19.7666 24.9382 35.3398
      vertex -15.1155 24.9382 35.3398
      vertex -19.7666 25 36.0465
    endloop
  endfacet
  facet normal 0 -0.996198 0.0871162
    outer loop
      vertex -19.7666 25 36.0465
      vertex -15.1155 24.9382 35.3398
      vertex -15.1155 25 36.0465
    endloop
  endfacet
  facet normal 0 -0.996198 -0.0871162
    outer loop
      vertex -19.7666 -16.8605 36.0465
      vertex -15.1155 -16.8605 36.0465
      vertex -19.7666 -16.9223 36.7532
    endloop
  endfacet
  facet normal 0 -0.996198 -0.0871162
    outer loop
      vertex -19.7666 -16.9223 36.7532
      vertex -15.1155 -16.8605 36.0465
      vertex -15.1155 -16.9223 36.7532
    endloop
  endfacet
  facet normal 0 -0.965925 -0.258821
    outer loop
      vertex -19.7666 -16.9223 36.7532
      vertex -15.1155 -16.9223 36.7532
      vertex -19.7666 -17.1059 37.4384
    endloop
  endfacet
  facet normal 0 -0.965925 -0.258821
    outer loop
      vertex -19.7666 -17.1059 37.4384
      vertex -15.1155 -16.9223 36.7532
      vertex -15.1155 -17.1059 37.4384
    endloop
  endfacet
  facet normal 0 -0.906327 -0.422577
    outer loop
      vertex -19.7666 -17.1059 37.4384
      vertex -15.1155 -17.1059 37.4384
      vertex -19.7666 -17.4057 38.0814
    endloop
  endfacet
  facet normal 0 -0.906327 -0.422577
    outer loop
      vertex -19.7666 -17.4057 38.0814
      vertex -15.1155 -17.1059 37.4384
      vertex -15.1155 -17.4057 38.0814
    endloop
  endfacet
  facet normal 0 -0.819146 -0.573585
    outer loop
      vertex -19.7666 -17.4057 38.0814
      vertex -15.1155 -17.4057 38.0814
      vertex -19.7666 -17.8126 38.6625
    endloop
  endfacet
  facet normal 0 -0.819146 -0.573585
    outer loop
      vertex -19.7666 -17.8126 38.6625
      vertex -15.1155 -17.4057 38.0814
      vertex -15.1155 -17.8126 38.6625
    endloop
  endfacet
  facet normal 0 -0.707107 -0.707107
    outer loop
      vertex -19.7666 -17.8126 38.6625
      vertex -15.1155 -17.8126 38.6625
      vertex -19.7666 -18.3142 39.1641
    endloop
  endfacet
  facet normal 0 -0.707107 -0.707107
    outer loop
      vertex -19.7666 -18.3142 39.1641
      vertex -15.1155 -17.8126 38.6625
      vertex -15.1155 -18.3142 39.1641
    endloop
  endfacet
  facet normal 0 -0.573585 -0.819146
    outer loop
      vertex -19.7666 -18.3142 39.1641
      vertex -15.1155 -18.3142 39.1641
      vertex -19.7666 -18.8953 39.571
    endloop
  endfacet
  facet normal 0 -0.573585 -0.819146
    outer loop
      vertex -19.7666 -18.8953 39.571
      vertex -15.1155 -18.3142 39.1641
      vertex -15.1155 -18.8953 39.571
    endloop
  endfacet
  facet normal 0 -0.422577 -0.906327
    outer loop
      vertex -19.7666 -18.8953 39.571
      vertex -15.1155 -18.8953 39.571
      vertex -19.7666 -19.5383 39.8708
    endloop
  endfacet
  facet normal 0 -0.422577 -0.906327
    outer loop
      vertex -19.7666 -19.5383 39.8708
      vertex -15.1155 -18.8953 39.571
      vertex -15.1155 -19.5383 39.8708
    endloop
  endfacet
  facet normal 0 -0.258821 -0.965925
    outer loop
      vertex -19.7666 -19.5383 39.8708
      vertex -15.1155 -19.5383 39.8708
      vertex -19.7666 -20.2235 40.0544
    endloop
  endfacet
  facet normal 0 -0.258821 -0.965925
    outer loop
      vertex -19.7666 -20.2235 40.0544
      vertex -15.1155 -19.5383 39.8708
      vertex -15.1155 -20.2235 40.0544
    endloop
  endfacet
  facet normal 0 -0.0872561 -0.996186
    outer loop
      vertex -19.7666 -20.2235 40.0544
      vertex -15.1155 -20.2235 40.0544
      vertex -19.7666 -20.9302 40.1163
    endloop
  endfacet
  facet normal 0 -0.0872561 -0.996186
    outer loop
      vertex -19.7666 -20.9302 40.1163
      vertex -15.1155 -20.2235 40.0544
      vertex -15.1155 -20.9302 40.1163
    endloop
  endfacet
  facet normal 0 0.0872561 -0.996186
    outer loop
      vertex -19.7666 -20.9302 40.1163
      vertex -15.1155 -20.9302 40.1163
      vertex -19.7666 -21.6369 40.0544
    endloop
  endfacet
  facet normal 0 0.0872561 -0.996186
    outer loop
      vertex -19.7666 -21.6369 40.0544
      vertex -15.1155 -20.9302 40.1163
      vertex -15.1155 -21.6369 40.0544
    endloop
  endfacet
  facet normal 0 0.258785 -0.965935
    outer loop
      vertex -19.7666 -21.6369 40.0544
      vertex -15.1155 -21.6369 40.0544
      vertex -19.7666 -22.3222 39.8708
    endloop
  endfacet
  facet normal 0 0.258785 -0.965935
    outer loop
      vertex -19.7666 -22.3222 39.8708
      vertex -15.1155 -21.6369 40.0544
      vertex -15.1155 -22.3222 39.8708
    endloop
  endfacet
  facet normal 0 0.422631 -0.906302
    outer loop
      vertex -19.7666 -22.3222 39.8708
      vertex -15.1155 -22.3222 39.8708
      vertex -19.7666 -22.9651 39.571
    endloop
  endfacet
  facet normal 0 0.422631 -0.906302
    outer loop
      vertex -19.7666 -22.9651 39.571
      vertex -15.1155 -22.3222 39.8708
      vertex -15.1155 -22.9651 39.571
    endloop
  endfacet
  facet normal 0 0.573585 -0.819146
    outer loop
      vertex -19.7666 -22.9651 39.571
      vertex -15.1155 -22.9651 39.571
      vertex -19.7666 -23.5462 39.1641
    endloop
  endfacet
  facet normal 0 0.573585 -0.819146
    outer loop
      vertex -19.7666 -23.5462 39.1641
      vertex -15.1155 -22.9651 39.571
      vertex -15.1155 -23.5462 39.1641
    endloop
  endfacet
  facet normal 0 0.707107 -0.707107
    outer loop
      vertex -19.7666 -23.5462 39.1641
      vertex -15.1155 -23.5462 39.1641
      vertex -19.7666 -24.0478 38.6625
    endloop
  endfacet
  facet normal 0 0.707107 -0.707107
    outer loop
      vertex -19.7666 -24.0478 38.6625
      vertex -15.1155 -23.5462 39.1641
      vertex -15.1155 -24.0478 38.6625
    endloop
  endfacet
  facet normal 0 0.819146 -0.573585
    outer loop
      vertex -19.7666 -24.0478 38.6625
      vertex -15.1155 -24.0478 38.6625
      vertex -19.7666 -24.4547 38.0814
    endloop
  endfacet
  facet normal 0 0.819146 -0.573585
    outer loop
      vertex -19.7666 -24.4547 38.0814
      vertex -15.1155 -24.0478 38.6625
      vertex -15.1155 -24.4547 38.0814
    endloop
  endfacet
  facet normal 0 0.906273 -0.422693
    outer loop
      vertex -19.7666 -24.4547 38.0814
      vertex -15.1155 -24.4547 38.0814
      vertex -19.7666 -24.7546 37.4384
    endloop
  endfacet
  facet normal 0 0.906273 -0.422693
    outer loop
      vertex -19.7666 -24.7546 37.4384
      vertex -15.1155 -24.4547 38.0814
      vertex -15.1155 -24.7546 37.4384
    endloop
  endfacet
  facet normal 0 0.965925 -0.258821
    outer loop
      vertex -19.7666 -24.7546 37.4384
      vertex -15.1155 -24.7546 37.4384
      vertex -19.7666 -24.9382 36.7532
    endloop
  endfacet
  facet normal 0 0.965925 -0.258821
    outer loop
      vertex -19.7666 -24.9382 36.7532
      vertex -15.1155 -24.7546 37.4384
      vertex -15.1155 -24.9382 36.7532
    endloop
  endfacet
  facet normal 0 0.996198 -0.0871162
    outer loop
      vertex -19.7666 -24.9382 36.7532
      vertex -15.1155 -24.9382 36.7532
      vertex -19.7666 -25 36.0465
    endloop
  endfacet
  facet normal 0 0.996198 -0.0871162
    outer loop
      vertex -19.7666 -25 36.0465
      vertex -15.1155 -24.9382 36.7532
      vertex -15.1155 -25 36.0465
    endloop
  endfacet
  facet normal -0 0.996198 0.0871162
    outer loop
      vertex -19.7666 -25 36.0465
      vertex -15.1155 -25 36.0465
      vertex -19.7666 -24.9382 35.3398
    endloop
  endfacet
  facet normal -0 0.996198 0.0871162
    outer loop
      vertex -19.7666 -24.9382 35.3398
      vertex -15.1155 -25 36.0465
      vertex -15.1155 -24.9382 35.3398
    endloop
  endfacet
  facet normal -0 0.965925 0.258821
    outer loop
      vertex -19.7666 -24.9382 35.3398
      vertex -15.1155 -24.9382 35.3398
      vertex -19.7666 -24.7546 34.6546
    endloop
  endfacet
  facet normal -0 0.965925 0.258821
    outer loop
      vertex -19.7666 -24.7546 34.6546
      vertex -15.1155 -24.9382 35.3398
      vertex -15.1155 -24.7546 34.6546
    endloop
  endfacet
  facet normal -0 0.906273 0.422693
    outer loop
      vertex -19.7666 -24.7546 34.6546
      vertex -15.1155 -24.7546 34.6546
      vertex -19.7666 -24.4547 34.0116
    endloop
  endfacet
  facet normal -0 0.906273 0.422693
    outer loop
      vertex -19.7666 -24.4547 34.0116
      vertex -15.1155 -24.7546 34.6546
      vertex -15.1155 -24.4547 34.0116
    endloop
  endfacet
  facet normal -0 0.819146 0.573585
    outer loop
      vertex -19.7666 -24.4547 34.0116
      vertex -15.1155 -24.4547 34.0116
      vertex -19.7666 -24.0478 33.4305
    endloop
  endfacet
  facet normal -0 0.819146 0.573585
    outer loop
      vertex -19.7666 -24.0478 33.4305
      vertex -15.1155 -24.4547 34.0116
      vertex -15.1155 -24.0478 33.4305
    endloop
  endfacet
  facet normal -0 0.707107 0.707107
    outer loop
      vertex -19.7666 -24.0478 33.4305
      vertex -15.1155 -24.0478 33.4305
      vertex -19.7666 -23.5462 32.9289
    endloop
  endfacet
  facet normal -0 0.707107 0.707107
    outer loop
      vertex -19.7666 -23.5462 32.9289
      vertex -15.1155 -24.0478 33.4305
      vertex -15.1155 -23.5462 32.9289
    endloop
  endfacet
  facet normal -0 0.573585 0.819146
    outer loop
      vertex -19.7666 -23.5462 32.9289
      vertex -15.1155 -23.5462 32.9289
      vertex -19.7666 -22.9651 32.522
    endloop
  endfacet
  facet normal -0 0.573585 0.819146
    outer loop
      vertex -19.7666 -22.9651 32.522
      vertex -15.1155 -23.5462 32.9289
      vertex -15.1155 -22.9651 32.522
    endloop
  endfacet
  facet normal -0 0.422631 0.906302
    outer loop
      vertex -19.7666 -22.9651 32.522
      vertex -15.1155 -22.9651 32.522
      vertex -19.7666 -22.3222 32.2222
    endloop
  endfacet
  facet normal -0 0.422631 0.906302
    outer loop
      vertex -19.7666 -22.3222 32.2222
      vertex -15.1155 -22.9651 32.522
      vertex -15.1155 -22.3222 32.2222
    endloop
  endfacet
  facet normal -0 0.258785 0.965935
    outer loop
      vertex -19.7666 -22.3222 32.2222
      vertex -15.1155 -22.3222 32.2222
      vertex -19.7666 -21.6369 32.0386
    endloop
  endfacet
  facet normal -0 0.258785 0.965935
    outer loop
      vertex -19.7666 -21.6369 32.0386
      vertex -15.1155 -22.3222 32.2222
      vertex -15.1155 -21.6369 32.0386
    endloop
  endfacet
  facet normal -0 0.0872561 0.996186
    outer loop
      vertex -19.7666 -21.6369 32.0386
      vertex -15.1155 -21.6369 32.0386
      vertex -19.7666 -20.9302 31.9767
    endloop
  endfacet
  facet normal -0 0.0872561 0.996186
    outer loop
      vertex -19.7666 -20.9302 31.9767
      vertex -15.1155 -21.6369 32.0386
      vertex -15.1155 -20.9302 31.9767
    endloop
  endfacet
  facet normal 0 -0.0872561 0.996186
    outer loop
      vertex -19.7666 -20.9302 31.9767
      vertex -15.1155 -20.9302 31.9767
      vertex -19.7666 -20.2235 32.0386
    endloop
  endfacet
  facet normal 0 -0.0872561 0.996186
    outer loop
      vertex -19.7666 -20.2235 32.0386
      vertex -15.1155 -20.9302 31.9767
      vertex -15.1155 -20.2235 32.0386
    endloop
  endfacet
  facet normal 0 -0.258821 0.965925
    outer loop
      vertex -19.7666 -20.2235 32.0386
      vertex -15.1155 -20.2235 32.0386
      vertex -19.7666 -19.5383 32.2222
    endloop
  endfacet
  facet normal 0 -0.258821 0.965925
    outer loop
      vertex -19.7666 -19.5383 32.2222
      vertex -15.1155 -20.2235 32.0386
      vertex -15.1155 -19.5383 32.2222
    endloop
  endfacet
  facet normal 0 -0.422577 0.906327
    outer loop
      vertex -19.7666 -19.5383 32.2222
      vertex -15.1155 -19.5383 32.2222
      vertex -19.7666 -18.8953 32.522
    endloop
  endfacet
  facet normal 0 -0.422577 0.906327
    outer loop
      vertex -19.7666 -18.8953 32.522
      vertex -15.1155 -19.5383 32.2222
      vertex -15.1155 -18.8953 32.522
    endloop
  endfacet
  facet normal 0 -0.573585 0.819146
    outer loop
      vertex -19.7666 -18.8953 32.522
      vertex -15.1155 -18.8953 32.522
      vertex -19.7666 -18.3142 32.9289
    endloop
  endfacet
  facet normal 0 -0.573585 0.819146
    outer loop
      vertex -19.7666 -18.3142 32.9289
      vertex -15.1155 -18.8953 32.522
      vertex -15.1155 -18.3142 32.9289
    endloop
  endfacet
  facet normal 0 -0.707107 0.707107
    outer loop
      vertex -19.7666 -18.3142 32.9289
      vertex -15.1155 -18.3142 32.9289
      vertex -19.7666 -17.8126 33.4305
    endloop
  endfacet
  facet normal 0 -0.707107 0.707107
    outer loop
      vertex -19.7666 -17.8126 33.4305
      vertex -15.1155 -18.3142 32.9289
      vertex -15.1155 -17.8126 33.4305
    endloop
  endfacet
  facet normal 0 -0.819146 0.573585
    outer loop
      vertex -19.7666 -17.8126 33.4305
      vertex -15.1155 -17.8126 33.4305
      vertex -19.7666 -17.4057 34.0116
    endloop
  endfacet
  facet normal 0 -0.819146 0.573585
    outer loop
      vertex -19.7666 -17.4057 34.0116
      vertex -15.1155 -17.8126 33.4305
      vertex -15.1155 -17.4057 34.0116
    endloop
  endfacet
  facet normal 0 -0.906327 0.422577
    outer loop
      vertex -19.7666 -17.4057 34.0116
      vertex -15.1155 -17.4057 34.0116
      vertex -19.7666 -17.1059 34.6546
    endloop
  endfacet
  facet normal 0 -0.906327 0.422577
    outer loop
      vertex -19.7666 -17.1059 34.6546
      vertex -15.1155 -17.4057 34.0116
      vertex -15.1155 -17.1059 34.6546
    endloop
  endfacet
  facet normal 0 -0.965925 0.258821
    outer loop
      vertex -19.7666 -17.1059 34.6546
      vertex -15.1155 -17.1059 34.6546
      vertex -19.7666 -16.9223 35.3398
    endloop
  endfacet
  facet normal 0 -0.965925 0.258821
    outer loop
      vertex -19.7666 -16.9223 35.3398
      vertex -15.1155 -17.1059 34.6546
      vertex -15.1155 -16.9223 35.3398
    endloop
  endfacet
  facet normal 0 -0.996198 0.0871162
    outer loop
      vertex -19.7666 -16.9223 35.3398
      vertex -15.1155 -16.9223 35.3398
      vertex -19.7666 -16.8605 36.0465
    endloop
  endfacet
  facet normal 0 -0.996198 0.0871162
    outer loop
      vertex -19.7666 -16.8605 36.0465
      vertex -15.1155 -16.9223 35.3398
      vertex -15.1155 -16.8605 36.0465
    endloop
  endfacet
  facet normal -0 0.087134 0.996197
    outer loop
      vertex -19.7666 20.9302 43.6046
      vertex -15.1155 20.9302 43.6046
      vertex -15.1155 22.2427 43.4898
    endloop
  endfacet
  facet normal 0 0.087134 0.996197
    outer loop
      vertex -19.7666 20.9302 43.6046
      vertex -15.1155 22.2427 43.4898
      vertex -19.7666 22.2427 43.4898
    endloop
  endfacet
  facet normal -0 0.258825 0.965924
    outer loop
      vertex -19.7666 22.2427 43.4898
      vertex -15.1155 22.2427 43.4898
      vertex -15.1155 23.5153 43.1488
    endloop
  endfacet
  facet normal -9.39459e-19 0.258825 0.965924
    outer loop
      vertex -19.7666 22.2427 43.4898
      vertex -15.1155 23.5153 43.1488
      vertex -19.7666 23.5153 43.1488
    endloop
  endfacet
  facet normal -0 0.422636 0.906299
    outer loop
      vertex -19.7666 23.5153 43.1488
      vertex -15.1155 23.5153 43.1488
      vertex -15.1155 24.7093 42.592
    endloop
  endfacet
  facet normal -8.7247e-19 0.422636 0.906299
    outer loop
      vertex -19.7666 23.5153 43.1488
      vertex -15.1155 24.7093 42.592
      vertex -19.7666 24.7093 42.592
    endloop
  endfacet
  facet normal -0 0.573544 0.819175
    outer loop
      vertex -19.7666 24.7093 42.592
      vertex -15.1155 24.7093 42.592
      vertex -15.1155 25.7885 41.8364
    endloop
  endfacet
  facet normal 7.97176e-18 0.573544 0.819175
    outer loop
      vertex -19.7666 24.7093 42.592
      vertex -15.1155 25.7885 41.8364
      vertex -19.7666 25.7885 41.8364
    endloop
  endfacet
  facet normal -0 0.707107 0.707107
    outer loop
      vertex -19.7666 25.7885 41.8364
      vertex -15.1155 25.7885 41.8364
      vertex -15.1155 26.7201 40.9048
    endloop
  endfacet
  facet normal 4.13691e-18 0.707107 0.707107
    outer loop
      vertex -19.7666 25.7885 41.8364
      vertex -15.1155 26.7201 40.9048
      vertex -19.7666 26.7201 40.9048
    endloop
  endfacet
  facet normal -0 0.819139 0.573595
    outer loop
      vertex -19.7666 26.7201 40.9048
      vertex -15.1155 26.7201 40.9048
      vertex -15.1155 27.4758 39.8256
    endloop
  endfacet
  facet normal 1.04049e-18 0.819139 0.573595
    outer loop
      vertex -19.7666 26.7201 40.9048
      vertex -15.1155 27.4758 39.8256
      vertex -19.7666 27.4758 39.8256
    endloop
  endfacet
  facet normal -0 0.906313 0.422607
    outer loop
      vertex -19.7666 27.4758 39.8256
      vertex -15.1155 27.4758 39.8256
      vertex -15.1155 28.0326 38.6315
    endloop
  endfacet
  facet normal 6.36062e-18 0.906313 0.422607
    outer loop
      vertex -19.7666 27.4758 39.8256
      vertex -15.1155 28.0326 38.6315
      vertex -19.7666 28.0326 38.6315
    endloop
  endfacet
  facet normal -0 0.965938 0.258773
    outer loop
      vertex -19.7666 28.0326 38.6315
      vertex -15.1155 28.0326 38.6315
      vertex -15.1155 28.3735 37.359
    endloop
  endfacet
  facet normal 3.966e-19 0.965938 0.258773
    outer loop
      vertex -19.7666 28.0326 38.6315
      vertex -15.1155 28.3735 37.359
      vertex -19.7666 28.3735 37.359
    endloop
  endfacet
  facet normal -0 0.99619 0.0872093
    outer loop
      vertex -19.7666 28.3735 37.359
      vertex -15.1155 28.3735 37.359
      vertex -15.1155 28.4884 36.0465
    endloop
  endfacet
  facet normal 0 0.99619 0.0872093
    outer loop
      vertex -19.7666 28.3735 37.359
      vertex -15.1155 28.4884 36.0465
      vertex -19.7666 28.4884 36.0465
    endloop
  endfacet
  facet normal 0 0.99619 -0.0872093
    outer loop
      vertex -19.7666 28.4884 36.0465
      vertex -15.1155 28.4884 36.0465
      vertex -15.1155 28.3735 34.734
    endloop
  endfacet
  facet normal 0 0.99619 -0.0872093
    outer loop
      vertex -19.7666 28.4884 36.0465
      vertex -15.1155 28.3735 34.734
      vertex -19.7666 28.3735 34.734
    endloop
  endfacet
  facet normal 0 0.965938 -0.258773
    outer loop
      vertex -19.7666 28.3735 34.734
      vertex -15.1155 28.3735 34.734
      vertex -15.1155 28.0326 33.4615
    endloop
  endfacet
  facet normal -3.966e-19 0.965938 -0.258773
    outer loop
      vertex -19.7666 28.3735 34.734
      vertex -15.1155 28.0326 33.4615
      vertex -19.7666 28.0326 33.4615
    endloop
  endfacet
  facet normal 0 0.906313 -0.422607
    outer loop
      vertex -19.7666 28.0326 33.4615
      vertex -15.1155 28.0326 33.4615
      vertex -15.1155 27.4758 32.2674
    endloop
  endfacet
  facet normal -6.36062e-18 0.906313 -0.422607
    outer loop
      vertex -19.7666 28.0326 33.4615
      vertex -15.1155 27.4758 32.2674
      vertex -19.7666 27.4758 32.2674
    endloop
  endfacet
  facet normal 0 0.819139 -0.573595
    outer loop
      vertex -19.7666 27.4758 32.2674
      vertex -15.1155 27.4758 32.2674
      vertex -15.1155 26.7201 31.1882
    endloop
  endfacet
  facet normal 2.26423e-18 0.819139 -0.573595
    outer loop
      vertex -19.7666 27.4758 32.2674
      vertex -15.1155 26.7201 31.1882
      vertex -19.7666 26.7201 31.1882
    endloop
  endfacet
  facet normal 0 0.707107 -0.707107
    outer loop
      vertex -19.7666 26.7201 31.1882
      vertex -15.1155 26.7201 31.1882
      vertex -15.1155 25.7885 30.2566
    endloop
  endfacet
  facet normal -7.55759e-18 0.707107 -0.707107
    outer loop
      vertex -19.7666 26.7201 31.1882
      vertex -15.1155 25.7885 30.2566
      vertex -19.7666 25.7885 30.2566
    endloop
  endfacet
  facet normal 0 0.573544 -0.819175
    outer loop
      vertex -19.7666 25.7885 30.2566
      vertex -15.1155 25.7885 30.2566
      vertex -15.1155 24.7093 29.501
    endloop
  endfacet
  facet normal 4.64351e-19 0.573544 -0.819175
    outer loop
      vertex -19.7666 25.7885 30.2566
      vertex -15.1155 24.7093 29.501
      vertex -19.7666 24.7093 29.501
    endloop
  endfacet
  facet normal 0 0.422636 -0.906299
    outer loop
      vertex -19.7666 24.7093 29.501
      vertex -15.1155 24.7093 29.501
      vertex -15.1155 23.5153 28.9442
    endloop
  endfacet
  facet normal 8.7247e-19 0.422636 -0.906299
    outer loop
      vertex -19.7666 24.7093 29.501
      vertex -15.1155 23.5153 28.9442
      vertex -19.7666 23.5153 28.9442
    endloop
  endfacet
  facet normal 0 0.258825 -0.965924
    outer loop
      vertex -19.7666 23.5153 28.9442
      vertex -15.1155 23.5153 28.9442
      vertex -15.1155 22.2427 28.6032
    endloop
  endfacet
  facet normal -3.10444e-18 0.258825 -0.965924
    outer loop
      vertex -19.7666 23.5153 28.9442
      vertex -15.1155 22.2427 28.6032
      vertex -19.7666 22.2427 28.6032
    endloop
  endfacet
  facet normal 0 0.087134 -0.996197
    outer loop
      vertex -19.7666 22.2427 28.6032
      vertex -15.1155 22.2427 28.6032
      vertex -15.1155 20.9302 28.4884
    endloop
  endfacet
  facet normal 0 0.087134 -0.996197
    outer loop
      vertex -19.7666 22.2427 28.6032
      vertex -15.1155 20.9302 28.4884
      vertex -19.7666 20.9302 28.4884
    endloop
  endfacet
  facet normal 0 -0.087134 -0.996197
    outer loop
      vertex -19.7666 -20.9302 28.4884
      vertex -15.1155 -20.9302 28.4884
      vertex -15.1155 -22.2427 28.6032
    endloop
  endfacet
  facet normal 0 -0.087134 -0.996197
    outer loop
      vertex -19.7666 -20.9302 28.4884
      vertex -15.1155 -22.2427 28.6032
      vertex -19.7666 -22.2427 28.6032
    endloop
  endfacet
  facet normal 0 -0.258825 -0.965924
    outer loop
      vertex -19.7666 -22.2427 28.6032
      vertex -15.1155 -22.2427 28.6032
      vertex -15.1155 -23.5153 28.9442
    endloop
  endfacet
  facet normal 3.10444e-18 -0.258825 -0.965924
    outer loop
      vertex -19.7666 -22.2427 28.6032
      vertex -15.1155 -23.5153 28.9442
      vertex -19.7666 -23.5153 28.9442
    endloop
  endfacet
  facet normal 0 -0.422636 -0.906299
    outer loop
      vertex -19.7666 -23.5153 28.9442
      vertex -15.1155 -23.5153 28.9442
      vertex -15.1155 -24.7093 29.501
    endloop
  endfacet
  facet normal -8.7247e-19 -0.422636 -0.906299
    outer loop
      vertex -19.7666 -23.5153 28.9442
      vertex -15.1155 -24.7093 29.501
      vertex -19.7666 -24.7093 29.501
    endloop
  endfacet
  facet normal 0 -0.573544 -0.819175
    outer loop
      vertex -19.7666 -24.7093 29.501
      vertex -15.1155 -24.7093 29.501
      vertex -15.1155 -25.7885 30.2566
    endloop
  endfacet
  facet normal -4.64351e-19 -0.573544 -0.819175
    outer loop
      vertex -19.7666 -24.7093 29.501
      vertex -15.1155 -25.7885 30.2566
      vertex -19.7666 -25.7885 30.2566
    endloop
  endfacet
  facet normal 0 -0.707107 -0.707107
    outer loop
      vertex -19.7666 -25.7885 30.2566
      vertex -15.1155 -25.7885 30.2566
      vertex -15.1155 -26.7201 31.1882
    endloop
  endfacet
  facet normal 7.55759e-18 -0.707107 -0.707107
    outer loop
      vertex -19.7666 -25.7885 30.2566
      vertex -15.1155 -26.7201 31.1882
      vertex -19.7666 -26.7201 31.1882
    endloop
  endfacet
  facet normal 0 -0.819139 -0.573595
    outer loop
      vertex -19.7666 -26.7201 31.1882
      vertex -15.1155 -26.7201 31.1882
      vertex -15.1155 -27.4758 32.2674
    endloop
  endfacet
  facet normal -2.26423e-18 -0.819139 -0.573595
    outer loop
      vertex -19.7666 -26.7201 31.1882
      vertex -15.1155 -27.4758 32.2674
      vertex -19.7666 -27.4758 32.2674
    endloop
  endfacet
  facet normal 0 -0.906342 -0.422545
    outer loop
      vertex -19.7666 -27.4758 32.2674
      vertex -15.1155 -27.4758 32.2674
      vertex -15.1155 -28.0325 33.4615
    endloop
  endfacet
  facet normal 8.42889e-18 -0.906342 -0.422545
    outer loop
      vertex -19.7666 -27.4758 32.2674
      vertex -15.1155 -28.0325 33.4615
      vertex -19.7666 -28.0325 33.4615
    endloop
  endfacet
  facet normal 0 -0.965919 -0.258844
    outer loop
      vertex -19.7666 -28.0325 33.4615
      vertex -15.1155 -28.0325 33.4615
      vertex -15.1155 -28.3735 34.734
    endloop
  endfacet
  facet normal -1.79162e-18 -0.965919 -0.258844
    outer loop
      vertex -19.7666 -28.0325 33.4615
      vertex -15.1155 -28.3735 34.734
      vertex -19.7666 -28.3735 34.734
    endloop
  endfacet
  facet normal 0 -0.99619 -0.0872093
    outer loop
      vertex -19.7666 -28.3735 34.734
      vertex -15.1155 -28.3735 34.734
      vertex -15.1155 -28.4884 36.0465
    endloop
  endfacet
  facet normal 0 -0.99619 -0.0872093
    outer loop
      vertex -19.7666 -28.3735 34.734
      vertex -15.1155 -28.4884 36.0465
      vertex -19.7666 -28.4884 36.0465
    endloop
  endfacet
  facet normal 0 -0.99619 0.0872093
    outer loop
      vertex -19.7666 -28.4884 36.0465
      vertex -15.1155 -28.4884 36.0465
      vertex -15.1155 -28.3735 37.359
    endloop
  endfacet
  facet normal 0 -0.99619 0.0872093
    outer loop
      vertex -19.7666 -28.4884 36.0465
      vertex -15.1155 -28.3735 37.359
      vertex -19.7666 -28.3735 37.359
    endloop
  endfacet
  facet normal 0 -0.965919 0.258844
    outer loop
      vertex -19.7666 -28.3735 37.359
      vertex -15.1155 -28.3735 37.359
      vertex -15.1155 -28.0325 38.6315
    endloop
  endfacet
  facet normal 1.79162e-18 -0.965919 0.258844
    outer loop
      vertex -19.7666 -28.3735 37.359
      vertex -15.1155 -28.0325 38.6315
      vertex -19.7666 -28.0325 38.6315
    endloop
  endfacet
  facet normal 0 -0.906342 0.422545
    outer loop
      vertex -19.7666 -28.0325 38.6315
      vertex -15.1155 -28.0325 38.6315
      vertex -15.1155 -27.4758 39.8256
    endloop
  endfacet
  facet normal -8.42889e-18 -0.906342 0.422545
    outer loop
      vertex -19.7666 -28.0325 38.6315
      vertex -15.1155 -27.4758 39.8256
      vertex -19.7666 -27.4758 39.8256
    endloop
  endfacet
  facet normal 0 -0.819139 0.573595
    outer loop
      vertex -19.7666 -27.4758 39.8256
      vertex -15.1155 -27.4758 39.8256
      vertex -15.1155 -26.7201 40.9048
    endloop
  endfacet
  facet normal -1.04049e-18 -0.819139 0.573595
    outer loop
      vertex -19.7666 -27.4758 39.8256
      vertex -15.1155 -26.7201 40.9048
      vertex -19.7666 -26.7201 40.9048
    endloop
  endfacet
  facet normal 0 -0.707107 0.707107
    outer loop
      vertex -19.7666 -26.7201 40.9048
      vertex -15.1155 -26.7201 40.9048
      vertex -15.1155 -25.7885 41.8364
    endloop
  endfacet
  facet normal -4.13691e-18 -0.707107 0.707107
    outer loop
      vertex -19.7666 -26.7201 40.9048
      vertex -15.1155 -25.7885 41.8364
      vertex -19.7666 -25.7885 41.8364
    endloop
  endfacet
  facet normal 0 -0.573544 0.819175
    outer loop
      vertex -19.7666 -25.7885 41.8364
      vertex -15.1155 -25.7885 41.8364
      vertex -15.1155 -24.7093 42.592
    endloop
  endfacet
  facet normal -7.97176e-18 -0.573544 0.819175
    outer loop
      vertex -19.7666 -25.7885 41.8364
      vertex -15.1155 -24.7093 42.592
      vertex -19.7666 -24.7093 42.592
    endloop
  endfacet
  facet normal 0 -0.422636 0.906299
    outer loop
      vertex -19.7666 -24.7093 42.592
      vertex -15.1155 -24.7093 42.592
      vertex -15.1155 -23.5153 43.1488
    endloop
  endfacet
  facet normal 8.7247e-19 -0.422636 0.906299
    outer loop
      vertex -19.7666 -24.7093 42.592
      vertex -15.1155 -23.5153 43.1488
      vertex -19.7666 -23.5153 43.1488
    endloop
  endfacet
  facet normal 0 -0.258825 0.965924
    outer loop
      vertex -19.7666 -23.5153 43.1488
      vertex -15.1155 -23.5153 43.1488
      vertex -15.1155 -22.2427 43.4898
    endloop
  endfacet
  facet normal 9.39459e-19 -0.258825 0.965924
    outer loop
      vertex -19.7666 -23.5153 43.1488
      vertex -15.1155 -22.2427 43.4898
      vertex -19.7666 -22.2427 43.4898
    endloop
  endfacet
  facet normal 0 -0.087134 0.996197
    outer loop
      vertex -19.7666 -22.2427 43.4898
      vertex -15.1155 -22.2427 43.4898
      vertex -15.1155 -20.9302 43.6046
    endloop
  endfacet
  facet normal 0 -0.087134 0.996197
    outer loop
      vertex -19.7666 -22.2427 43.4898
      vertex -15.1155 -20.9302 43.6046
      vertex -19.7666 -20.9302 43.6046
    endloop
  endfacet
  facet normal 0 0 -1
    outer loop
      vertex -15.1155 -6.97674 28.4884
      vertex -19.7666 -6.97674 28.4884
      vertex -15.1155 6.97674 28.4884
    endloop
  endfacet
  facet normal -0 0 -1
    outer loop
      vertex -15.1155 6.97674 28.4884
      vertex -19.7666 -6.97674 28.4884
      vertex -19.7666 6.97674 28.4884
    endloop
  endfacet
  facet normal 0 0 -1
    outer loop
      vertex -15.1155 12.7907 28.4884
      vertex -19.7666 12.7907 28.4884
      vertex -15.1155 20.9302 28.4884
    endloop
  endfacet
  facet normal -0 0 -1
    outer loop
      vertex -15.1155 20.9302 28.4884
      vertex -19.7666 12.7907 28.4884
      vertex -19.7666 20.9302 28.4884
    endloop
  endfacet
  facet normal 0 0 -1
    outer loop
      vertex -15.1155 -20.9302 28.4884
      vertex -19.7666 -20.9302 28.4884
      vertex -15.1155 -12.7907 28.4884
    endloop
  endfacet
  facet normal -0 0 -1
    outer loop
      vertex -15.1155 -12.7907 28.4884
      vertex -19.7666 -20.9302 28.4884
      vertex -19.7666 -12.7907 28.4884
    endloop
  endfacet
  facet normal 0 0 1
    outer loop
      vertex -2.32476 -28.4421 4.65116
      vertex 2.98006 -23.5462 4.65116
      vertex 2.57316 -22.9651 4.65116
    endloop
  endfacet
  facet normal 0 0 1
    outer loop
      vertex 15.9093 -23.2449 4.65116
      vertex 10.1056 -21.6369 4.65116
      vertex 14.981 -24.89 4.65116
    endloop
  endfacet
  facet normal 0 0 1
    outer loop
      vertex 14.981 -24.89 4.65116
      vertex 10.1056 -21.6369 4.65116
      vertex 9.922 -22.3222 4.65116
    endloop
  endfacet
  facet normal 0 0 1
    outer loop
      vertex 14.981 -24.89 4.65116
      vertex 9.922 -22.3222 4.65116
      vertex 13.7986 -26.3631 4.65116
    endloop
  endfacet
  facet normal 0 -0 1
    outer loop
      vertex -2.32476 -28.4421 4.65116
      vertex 2.57316 -22.9651 4.65116
      vertex -19.7666 -18.3721 4.65116
    endloop
  endfacet
  facet normal 0 0 1
    outer loop
      vertex -19.7666 -18.3721 4.65116
      vertex 2.57316 -22.9651 4.65116
      vertex 2.27335 -22.3222 4.65116
    endloop
  endfacet
  facet normal 0 0 1
    outer loop
      vertex -19.7666 -18.3721 4.65116
      vertex 2.27335 -22.3222 4.65116
      vertex 2.08974 -21.6369 4.65116
    endloop
  endfacet
  facet normal 0 -0 1
    outer loop
      vertex 2.57316 -18.8953 4.65116
      vertex 2.98006 -18.3142 4.65116
      vertex -19.7666 -12.7907 4.65116
    endloop
  endfacet
  facet normal 0 0 1
    outer loop
      vertex 2.98006 -23.5462 4.65116
      vertex -2.32476 -28.4421 4.65116
      vertex 3.48168 -24.0478 4.65116
    endloop
  endfacet
  facet normal 0 0 1
    outer loop
      vertex 3.48168 -24.0478 4.65116
      vertex -2.32476 -28.4421 4.65116
      vertex -0.960624 -29.1149 4.65116
    endloop
  endfacet
  facet normal 0 0 1
    outer loop
      vertex 3.48168 -24.0478 4.65116
      vertex -0.960624 -29.1149 4.65116
      vertex 4.0628 -24.4547 4.65116
    endloop
  endfacet
  facet normal 0 0 1
    outer loop
      vertex 2.08974 -21.6369 4.65116
      vertex 2.02792 -20.9302 4.65116
      vertex -19.7666 -18.3721 4.65116
    endloop
  endfacet
  facet normal 0 0 1
    outer loop
      vertex -19.7666 -18.3721 4.65116
      vertex 2.02792 -20.9302 4.65116
      vertex 2.08974 -20.2235 4.65116
    endloop
  endfacet
  facet normal -0 0 1
    outer loop
      vertex -19.7666 -18.3721 4.65116
      vertex 2.08974 -20.2235 4.65116
      vertex -19.7666 -12.7907 4.65116
    endloop
  endfacet
  facet normal 0 0 1
    outer loop
      vertex -19.7666 -12.7907 4.65116
      vertex 2.08974 -20.2235 4.65116
      vertex 2.27335 -19.5383 4.65116
    endloop
  endfacet
  facet normal 0 0 1
    outer loop
      vertex -19.7666 -12.7907 4.65116
      vertex 2.27335 -19.5383 4.65116
      vertex 2.57316 -18.8953 4.65116
    endloop
  endfacet
  facet normal 0 0 1
    outer loop
      vertex 19.7683 -14.8837 4.65116
      vertex 10.1056 -20.2235 4.65116
      vertex 15.9093 -23.2449 4.65116
    endloop
  endfacet
  facet normal 0 0 1
    outer loop
      vertex 15.9093 -23.2449 4.65116
      vertex 10.1056 -20.2235 4.65116
      vertex 10.1674 -20.9302 4.65116
    endloop
  endfacet
  facet normal 0 0 1
    outer loop
      vertex 15.9093 -23.2449 4.65116
      vertex 10.1674 -20.9302 4.65116
      vertex 10.1056 -21.6369 4.65116
    endloop
  endfacet
  facet normal 0 0 1
    outer loop
      vertex 9.922 -22.3222 4.65116
      vertex 9.6222 -22.9651 4.65116
      vertex 13.7986 -26.3631 4.65116
    endloop
  endfacet
  facet normal 0 0 1
    outer loop
      vertex 13.7986 -26.3631 4.65116
      vertex 9.6222 -22.9651 4.65116
      vertex 9.2153 -23.5462 4.65116
    endloop
  endfacet
  facet normal 0 0 1
    outer loop
      vertex 13.7986 -26.3631 4.65116
      vertex 9.2153 -23.5462 4.65116
      vertex 12.3934 -27.6253 4.65116
    endloop
  endfacet
  facet normal 0 0 1
    outer loop
      vertex 12.3934 -27.6253 4.65116
      vertex 9.2153 -23.5462 4.65116
      vertex 8.71368 -24.0478 4.65116
    endloop
  endfacet
  facet normal 0 0 1
    outer loop
      vertex 12.3934 -27.6253 4.65116
      vertex 8.71368 -24.0478 4.65116
      vertex 10.8022 -28.6433 4.65116
    endloop
  endfacet
  facet normal 0 0 1
    outer loop
      vertex 10.8022 -28.6433 4.65116
      vertex 8.71368 -24.0478 4.65116
      vertex 8.13257 -24.4547 4.65116
    endloop
  endfacet
  facet normal 0 0 1
    outer loop
      vertex 10.8022 -28.6433 4.65116
      vertex 8.13257 -24.4547 4.65116
      vertex 9.06729 -29.3903 4.65116
    endloop
  endfacet
  facet normal 0 0 1
    outer loop
      vertex 9.06729 -29.3903 4.65116
      vertex 8.13257 -24.4547 4.65116
      vertex 7.48963 -24.7546 4.65116
    endloop
  endfacet
  facet normal 0 0 1
    outer loop
      vertex 9.06729 -29.3903 4.65116
      vertex 7.48963 -24.7546 4.65116
      vertex 7.23428 -29.8466 4.65116
    endloop
  endfacet
  facet normal 0 -0 1
    outer loop
      vertex 7.23428 -29.8466 4.65116
      vertex 7.48963 -24.7546 4.65116
      vertex 6.80439 -24.9382 4.65116
    endloop
  endfacet
  facet normal 0 0 1
    outer loop
      vertex 7.23428 -29.8466 4.65116
      vertex 6.80439 -24.9382 4.65116
      vertex 5.3516 -30 4.65116
    endloop
  endfacet
  facet normal 0 0 1
    outer loop
      vertex 6.80439 -24.9382 4.65116
      vertex 6.09768 -25 4.65116
      vertex 5.3516 -30 4.65116
    endloop
  endfacet
  facet normal 0 0 1
    outer loop
      vertex 5.3516 -30 4.65116
      vertex 6.09768 -25 4.65116
      vertex 5.39097 -24.9382 4.65116
    endloop
  endfacet
  facet normal 0 -0 1
    outer loop
      vertex 5.3516 -30 4.65116
      vertex 5.39097 -24.9382 4.65116
      vertex 3.48918 -30 4.65116
    endloop
  endfacet
  facet normal 0 0 1
    outer loop
      vertex 3.48918 -30 4.65116
      vertex 5.39097 -24.9382 4.65116
      vertex 4.70573 -24.7546 4.65116
    endloop
  endfacet
  facet normal 0 -0 1
    outer loop
      vertex 3.48918 -30 4.65116
      vertex 4.70573 -24.7546 4.65116
      vertex 1.97144 -29.9005 4.65116
    endloop
  endfacet
  facet normal 0 0 1
    outer loop
      vertex 1.97144 -29.9005 4.65116
      vertex 4.70573 -24.7546 4.65116
      vertex 4.0628 -24.4547 4.65116
    endloop
  endfacet
  facet normal 0 -0 1
    outer loop
      vertex 1.97144 -29.9005 4.65116
      vertex 4.0628 -24.4547 4.65116
      vertex 0.479663 -29.6038 4.65116
    endloop
  endfacet
  facet normal 0 -0 1
    outer loop
      vertex 0.479663 -29.6038 4.65116
      vertex 4.0628 -24.4547 4.65116
      vertex -0.960624 -29.1149 4.65116
    endloop
  endfacet
  facet normal 0 0 1
    outer loop
      vertex 19.7683 -12.7907 4.65116
      vertex 9.6222 -18.8953 4.65116
      vertex 19.7683 -14.8837 4.65116
    endloop
  endfacet
  facet normal 0 0 1
    outer loop
      vertex 19.7683 -14.8837 4.65116
      vertex 9.6222 -18.8953 4.65116
      vertex 9.922 -19.5383 4.65116
    endloop
  endfacet
  facet normal 0 0 1
    outer loop
      vertex 19.7683 -14.8837 4.65116
      vertex 9.922 -19.5383 4.65116
      vertex 10.1056 -20.2235 4.65116
    endloop
  endfacet
  facet normal 0 -0 1
    outer loop
      vertex 2.98006 -18.3142 4.65116
      vertex 3.48168 -17.8126 4.65116
      vertex -19.7666 -12.7907 4.65116
    endloop
  endfacet
  facet normal 0 0 1
    outer loop
      vertex -19.7666 -12.7907 4.65116
      vertex 3.48168 -17.8126 4.65116
      vertex 4.0628 -17.4057 4.65116
    endloop
  endfacet
  facet normal 0 0 1
    outer loop
      vertex -19.7666 -12.7907 4.65116
      vertex 4.0628 -17.4057 4.65116
      vertex 4.70573 -17.1059 4.65116
    endloop
  endfacet
  facet normal -0 0 1
    outer loop
      vertex 7.48963 -17.1059 4.65116
      vertex 8.13257 -17.4057 4.65116
      vertex 19.7683 -12.7907 4.65116
    endloop
  endfacet
  facet normal 0 -0 1
    outer loop
      vertex 4.70573 -17.1059 4.65116
      vertex 5.39097 -16.9223 4.65116
      vertex -19.7666 -12.7907 4.65116
    endloop
  endfacet
  facet normal 0 0 1
    outer loop
      vertex -19.7666 -12.7907 4.65116
      vertex 5.39097 -16.9223 4.65116
      vertex 6.09768 -16.8605 4.65116
    endloop
  endfacet
  facet normal -0 0 1
    outer loop
      vertex -19.7666 -12.7907 4.65116
      vertex 6.09768 -16.8605 4.65116
      vertex 19.7683 -12.7907 4.65116
    endloop
  endfacet
  facet normal 0 0 1
    outer loop
      vertex 19.7683 -12.7907 4.65116
      vertex 6.09768 -16.8605 4.65116
      vertex 6.80439 -16.9223 4.65116
    endloop
  endfacet
  facet normal 0 0 1
    outer loop
      vertex 19.7683 -12.7907 4.65116
      vertex 6.80439 -16.9223 4.65116
      vertex 7.48963 -17.1059 4.65116
    endloop
  endfacet
  facet normal -0 0 1
    outer loop
      vertex 8.13257 -17.4057 4.65116
      vertex 8.71368 -17.8126 4.65116
      vertex 19.7683 -12.7907 4.65116
    endloop
  endfacet
  facet normal 0 0 1
    outer loop
      vertex 19.7683 -12.7907 4.65116
      vertex 8.71368 -17.8126 4.65116
      vertex 9.2153 -18.3142 4.65116
    endloop
  endfacet
  facet normal 0 0 1
    outer loop
      vertex 19.7683 -12.7907 4.65116
      vertex 9.2153 -18.3142 4.65116
      vertex 9.6222 -18.8953 4.65116
    endloop
  endfacet
  facet normal 0 -0 1
    outer loop
      vertex 19.7683 -6.97674 4.65116
      vertex 19.7683 6.97674 4.65116
      vertex -5.81314 -6.97674 4.65116
    endloop
  endfacet
  facet normal 0 0 1
    outer loop
      vertex -5.81314 -6.97674 4.65116
      vertex 19.7683 6.97674 4.65116
      vertex -5.81314 6.97674 4.65116
    endloop
  endfacet
  facet normal 0.894426 0 0.447216
    outer loop
      vertex 9.02864 12.7907 37.1769
      vertex 9.02864 6.97674 37.1769
      vertex 18.5407 12.7907 18.1529
    endloop
  endfacet
  facet normal 0.894426 0 0.447216
    outer loop
      vertex 18.5407 12.7907 18.1529
      vertex 9.02864 6.97674 37.1769
      vertex 18.5407 6.97674 18.1529
    endloop
  endfacet
  facet normal 0.0789785 0 0.996876
    outer loop
      vertex -1.37168 12.7907 43.6046
      vertex -1.37168 6.97674 43.6046
      vertex 0.459791 6.97674 43.4595
    endloop
  endfacet
  facet normal 0.0789785 1.07549e-18 0.996876
    outer loop
      vertex -1.37168 12.7907 43.6046
      vertex 0.459791 6.97674 43.4595
      vertex 0.459791 12.7907 43.4595
    endloop
  endfacet
  facet normal 0.235031 0 0.971988
    outer loop
      vertex 0.459791 12.7907 43.4595
      vertex 0.459791 6.97674 43.4595
      vertex 2.24553 6.97674 43.0277
    endloop
  endfacet
  facet normal 0.235031 2.73893e-18 0.971988
    outer loop
      vertex 0.459791 12.7907 43.4595
      vertex 2.24553 6.97674 43.0277
      vertex 2.24553 12.7907 43.0277
    endloop
  endfacet
  facet normal 0.385203 0 0.922832
    outer loop
      vertex 2.24553 12.7907 43.0277
      vertex 2.24553 6.97674 43.0277
      vertex 3.94097 6.97674 42.32
    endloop
  endfacet
  facet normal 0.385203 6.76585e-18 0.922832
    outer loop
      vertex 2.24553 12.7907 43.0277
      vertex 3.94097 6.97674 42.32
      vertex 3.94097 12.7907 42.32
    endloop
  endfacet
  facet normal 0.525704 0 0.850668
    outer loop
      vertex 3.94097 12.7907 42.32
      vertex 3.94097 6.97674 42.32
      vertex 5.50378 6.97674 41.3542
    endloop
  endfacet
  facet normal 0.525704 7.28929e-18 0.850668
    outer loop
      vertex 3.94097 12.7907 42.32
      vertex 5.50378 6.97674 41.3542
      vertex 5.50378 12.7907 41.3542
    endloop
  endfacet
  facet normal 0.653163 0 0.757217
    outer loop
      vertex 5.50378 12.7907 41.3542
      vertex 5.50378 6.97674 41.3542
      vertex 6.89495 6.97674 40.1542
    endloop
  endfacet
  facet normal 0.653163 6.45386e-18 0.757217
    outer loop
      vertex 5.50378 12.7907 41.3542
      vertex 6.89495 6.97674 40.1542
      vertex 6.89495 12.7907 40.1542
    endloop
  endfacet
  facet normal 0.764262 0 0.644906
    outer loop
      vertex 6.89495 12.7907 40.1542
      vertex 6.89495 6.97674 40.1542
      vertex 8.07977 6.97674 38.7501
    endloop
  endfacet
  facet normal 0.764262 7.05457e-18 0.644906
    outer loop
      vertex 6.89495 12.7907 40.1542
      vertex 8.07977 6.97674 38.7501
      vertex 8.07977 12.7907 38.7501
    endloop
  endfacet
  facet normal 0.856302 0 0.516475
    outer loop
      vertex 8.07977 12.7907 38.7501
      vertex 8.07977 6.97674 38.7501
      vertex 9.02864 6.97674 37.1769
    endloop
  endfacet
  facet normal 0.856302 -4.91649e-18 0.516475
    outer loop
      vertex 8.07977 12.7907 38.7501
      vertex 9.02864 6.97674 37.1769
      vertex 9.02864 12.7907 37.1769
    endloop
  endfacet
  facet normal 1 0 -0
    outer loop
      vertex 19.7683 -6.97674 4.65116
      vertex 19.7683 -6.97674 12.9527
      vertex 19.7683 -12.7907 12.9527
    endloop
  endfacet
  facet normal 1 -0 0
    outer loop
      vertex 19.7683 -14.8837 4.65116
      vertex 19.7683 -14.8837 -1.77428e-06
      vertex 19.7683 -12.7907 4.65116
    endloop
  endfacet
  facet normal 1 0 0
    outer loop
      vertex 19.7683 -12.7907 4.65116
      vertex 19.7683 -14.8837 -1.77428e-06
      vertex 19.7683 14.8837 -1.77428e-06
    endloop
  endfacet
  facet normal 1 0 -0
    outer loop
      vertex 19.7683 14.8837 -1.77428e-06
      vertex 19.7683 14.8837 4.65116
      vertex 19.7683 12.7907 4.65116
    endloop
  endfacet
  facet normal 1 0 0
    outer loop
      vertex 19.7683 12.7907 12.9527
      vertex 19.7683 6.97674 12.9527
      vertex 19.7683 12.7907 4.65116
    endloop
  endfacet
  facet normal 1 0 0
    outer loop
      vertex 19.7683 12.7907 4.65116
      vertex 19.7683 6.97674 12.9527
      vertex 19.7683 6.97674 4.65116
    endloop
  endfacet
  facet normal 1 0 0
    outer loop
      vertex 19.7683 12.7907 4.65116
      vertex 19.7683 6.97674 4.65116
      vertex 19.7683 14.8837 -1.77428e-06
    endloop
  endfacet
  facet normal 1 0 0
    outer loop
      vertex 19.7683 14.8837 -1.77428e-06
      vertex 19.7683 6.97674 4.65116
      vertex 19.7683 -6.97674 4.65116
    endloop
  endfacet
  facet normal 1 0 0
    outer loop
      vertex 19.7683 14.8837 -1.77428e-06
      vertex 19.7683 -6.97674 4.65116
      vertex 19.7683 -12.7907 4.65116
    endloop
  endfacet
  facet normal 1 0 0
    outer loop
      vertex 19.7683 -12.7907 4.65116
      vertex 19.7683 -6.97674 4.65116
      vertex 19.7683 -12.7907 12.9527
    endloop
  endfacet
  facet normal 0 -0 1
    outer loop
      vertex -15.1155 12.7907 43.6046
      vertex -15.1155 20.9302 43.6046
      vertex -19.7666 20.9302 43.6046
    endloop
  endfacet
  facet normal 0 0 1
    outer loop
      vertex -19.7666 20.9302 43.6046
      vertex -19.7666 -20.9302 43.6046
      vertex -15.1155 -12.7907 43.6046
    endloop
  endfacet
  facet normal 0 0 1
    outer loop
      vertex -15.1155 -12.7907 43.6046
      vertex -19.7666 -20.9302 43.6046
      vertex -15.1155 -20.9302 43.6046
    endloop
  endfacet
  facet normal 0 0 1
    outer loop
      vertex -15.1155 6.97674 43.6046
      vertex -1.37168 6.97674 43.6046
      vertex -1.37168 12.7907 43.6046
    endloop
  endfacet
  facet normal 0 -0 1
    outer loop
      vertex -1.37168 -12.7907 43.6046
      vertex -1.37168 -6.97674 43.6046
      vertex -15.1155 -12.7907 43.6046
    endloop
  endfacet
  facet normal 0 0 1
    outer loop
      vertex -15.1155 -12.7907 43.6046
      vertex -1.37168 -6.97674 43.6046
      vertex -15.1155 -6.97674 43.6046
    endloop
  endfacet
  facet normal 0 -0 1
    outer loop
      vertex -15.1155 -12.7907 43.6046
      vertex -15.1155 -6.97674 43.6046
      vertex -19.7666 20.9302 43.6046
    endloop
  endfacet
  facet normal 0 0 1
    outer loop
      vertex -19.7666 20.9302 43.6046
      vertex -15.1155 -6.97674 43.6046
      vertex -15.1155 6.97674 43.6046
    endloop
  endfacet
  facet normal 0 0 1
    outer loop
      vertex -19.7666 20.9302 43.6046
      vertex -15.1155 6.97674 43.6046
      vertex -15.1155 12.7907 43.6046
    endloop
  endfacet
  facet normal -0 0 1
    outer loop
      vertex -15.1155 12.7907 43.6046
      vertex -15.1155 6.97674 43.6046
      vertex -1.37168 12.7907 43.6046
    endloop
  endfacet
  facet normal 0.0789785 0 0.996876
    outer loop
      vertex -1.37168 -6.97674 43.6046
      vertex -1.37168 -12.7907 43.6046
      vertex 0.459791 -12.7907 43.4595
    endloop
  endfacet
  facet normal 0.0789785 1.07549e-18 0.996876
    outer loop
      vertex -1.37168 -6.97674 43.6046
      vertex 0.459791 -12.7907 43.4595
      vertex 0.459791 -6.97674 43.4595
    endloop
  endfacet
  facet normal 0.235031 0 0.971988
    outer loop
      vertex 0.459791 -6.97674 43.4595
      vertex 0.459791 -12.7907 43.4595
      vertex 2.24553 -12.7907 43.0277
    endloop
  endfacet
  facet normal 0.235031 2.73893e-18 0.971988
    outer loop
      vertex 0.459791 -6.97674 43.4595
      vertex 2.24553 -12.7907 43.0277
      vertex 2.24553 -6.97674 43.0277
    endloop
  endfacet
  facet normal 0.385203 0 0.922832
    outer loop
      vertex 2.24553 -6.97674 43.0277
      vertex 2.24553 -12.7907 43.0277
      vertex 3.94097 -12.7907 42.32
    endloop
  endfacet
  facet normal 0.385203 6.76585e-18 0.922832
    outer loop
      vertex 2.24553 -6.97674 43.0277
      vertex 3.94097 -12.7907 42.32
      vertex 3.94097 -6.97674 42.32
    endloop
  endfacet
  facet normal 0.525704 0 0.850668
    outer loop
      vertex 3.94097 -6.97674 42.32
      vertex 3.94097 -12.7907 42.32
      vertex 5.50378 -12.7907 41.3542
    endloop
  endfacet
  facet normal 0.525704 7.28929e-18 0.850668
    outer loop
      vertex 3.94097 -6.97674 42.32
      vertex 5.50378 -12.7907 41.3542
      vertex 5.50378 -6.97674 41.3542
    endloop
  endfacet
  facet normal 0.653163 0 0.757217
    outer loop
      vertex 5.50378 -6.97674 41.3542
      vertex 5.50378 -12.7907 41.3542
      vertex 6.89495 -12.7907 40.1542
    endloop
  endfacet
  facet normal 0.653163 6.45386e-18 0.757217
    outer loop
      vertex 5.50378 -6.97674 41.3542
      vertex 6.89495 -12.7907 40.1542
      vertex 6.89495 -6.97674 40.1542
    endloop
  endfacet
  facet normal 0.764262 0 0.644906
    outer loop
      vertex 6.89495 -6.97674 40.1542
      vertex 6.89495 -12.7907 40.1542
      vertex 8.07977 -12.7907 38.7501
    endloop
  endfacet
  facet normal 0.764262 7.05457e-18 0.644906
    outer loop
      vertex 6.89495 -6.97674 40.1542
      vertex 8.07977 -12.7907 38.7501
      vertex 8.07977 -6.97674 38.7501
    endloop
  endfacet
  facet normal 0.856302 0 0.516475
    outer loop
      vertex 8.07977 -6.97674 38.7501
      vertex 8.07977 -12.7907 38.7501
      vertex 9.02864 -12.7907 37.1769
    endloop
  endfacet
  facet normal 0.856302 -4.91649e-18 0.516475
    outer loop
      vertex 8.07977 -6.97674 38.7501
      vertex 9.02864 -12.7907 37.1769
      vertex 9.02864 -6.97674 37.1769
    endloop
  endfacet
  facet normal 0.894426 0 0.447216
    outer loop
      vertex 9.02864 -6.97674 37.1769
      vertex 9.02864 -12.7907 37.1769
      vertex 18.5407 -6.97674 18.1529
    endloop
  endfacet
  facet normal 0.894426 0 0.447216
    outer loop
      vertex 18.5407 -6.97674 18.1529
      vertex 9.02864 -12.7907 37.1769
      vertex 18.5407 -12.7907 18.1529
    endloop
  endfacet
  facet normal 0.997015 -0 0.0772034
    outer loop
      vertex 19.7683 -12.7907 12.9527
      vertex 19.7683 -6.97674 12.9527
      vertex 19.6297 -6.97674 14.7426
    endloop
  endfacet
  facet normal 0.997015 7.86048e-19 0.0772034
    outer loop
      vertex 19.7683 -12.7907 12.9527
      vertex 19.6297 -6.97674 14.7426
      vertex 19.6297 -12.7907 14.7426
    endloop
  endfacet
  facet normal 0.973247 -0 0.229763
    outer loop
      vertex 19.6297 -12.7907 14.7426
      vertex 19.6297 -6.97674 14.7426
      vertex 19.2172 -6.97674 16.4899
    endloop
  endfacet
  facet normal 0.973247 -1.75968e-18 0.229763
    outer loop
      vertex 19.6297 -12.7907 14.7426
      vertex 19.2172 -6.97674 16.4899
      vertex 19.2172 -12.7907 16.4899
    endloop
  endfacet
  facet normal 0.92629 -0 0.37681
    outer loop
      vertex 19.2172 -12.7907 16.4899
      vertex 19.2172 -6.97674 16.4899
      vertex 18.5407 -6.97674 18.1529
    endloop
  endfacet
  facet normal 0.92629 7.58739e-18 0.37681
    outer loop
      vertex 19.2172 -12.7907 16.4899
      vertex 18.5407 -6.97674 18.1529
      vertex 18.5407 -12.7907 18.1529
    endloop
  endfacet
  facet normal 0 -1 0
    outer loop
      vertex -19.7666 -12.7907 28.4884
      vertex -19.7666 -12.7907 4.65116
      vertex -15.1155 -12.7907 28.4884
    endloop
  endfacet
  facet normal 0 -1 -0
    outer loop
      vertex -15.1155 -12.7907 28.4884
      vertex -19.7666 -12.7907 4.65116
      vertex 19.7683 -12.7907 4.65116
    endloop
  endfacet
  facet normal 0 -1 0
    outer loop
      vertex -15.1155 -12.7907 28.4884
      vertex 19.7683 -12.7907 4.65116
      vertex 19.7683 -12.7907 12.9527
    endloop
  endfacet
  facet normal 0 -1 0
    outer loop
      vertex 19.7683 -12.7907 12.9527
      vertex 19.6297 -12.7907 14.7426
      vertex -15.1155 -12.7907 28.4884
    endloop
  endfacet
  facet normal 0 -1 0
    outer loop
      vertex -15.1155 -12.7907 28.4884
      vertex 19.6297 -12.7907 14.7426
      vertex 19.2172 -12.7907 16.4899
    endloop
  endfacet
  facet normal 0 -1 0
    outer loop
      vertex -15.1155 -12.7907 28.4884
      vertex 19.2172 -12.7907 16.4899
      vertex 18.5407 -12.7907 18.1529
    endloop
  endfacet
  facet normal 0 -1 0
    outer loop
      vertex 18.5407 -12.7907 18.1529
      vertex 9.02864 -12.7907 37.1769
      vertex -15.1155 -12.7907 28.4884
    endloop
  endfacet
  facet normal 0 -1 0
    outer loop
      vertex -15.1155 -12.7907 28.4884
      vertex 9.02864 -12.7907 37.1769
      vertex 8.07977 -12.7907 38.7501
    endloop
  endfacet
  facet normal 0 -1 0
    outer loop
      vertex -15.1155 -12.7907 28.4884
      vertex 8.07977 -12.7907 38.7501
      vertex 6.89495 -12.7907 40.1542
    endloop
  endfacet
  facet normal -0 -1 0
    outer loop
      vertex 6.89495 -12.7907 40.1542
      vertex 5.50378 -12.7907 41.3542
      vertex -15.1155 -12.7907 28.4884
    endloop
  endfacet
  facet normal 0 -1 0
    outer loop
      vertex -15.1155 -12.7907 28.4884
      vertex 5.50378 -12.7907 41.3542
      vertex 3.94097 -12.7907 42.32
    endloop
  endfacet
  facet normal 0 -1 0
    outer loop
      vertex -15.1155 -12.7907 28.4884
      vertex 3.94097 -12.7907 42.32
      vertex 2.24553 -12.7907 43.0277
    endloop
  endfacet
  facet normal -0 -1 0
    outer loop
      vertex 2.24553 -12.7907 43.0277
      vertex 0.459791 -12.7907 43.4595
      vertex -15.1155 -12.7907 28.4884
    endloop
  endfacet
  facet normal 0 -1 0
    outer loop
      vertex -15.1155 -12.7907 28.4884
      vertex 0.459791 -12.7907 43.4595
      vertex -1.37168 -12.7907 43.6046
    endloop
  endfacet
  facet normal 0 -1 0
    outer loop
      vertex -15.1155 -12.7907 28.4884
      vertex -1.37168 -12.7907 43.6046
      vertex -15.1155 -12.7907 43.6046
    endloop
  endfacet
  facet normal 0.997015 -0 0.0772034
    outer loop
      vertex 19.7683 6.97674 12.9527
      vertex 19.7683 12.7907 12.9527
      vertex 19.6297 12.7907 14.7426
    endloop
  endfacet
  facet normal 0.997015 7.86048e-19 0.0772034
    outer loop
      vertex 19.7683 6.97674 12.9527
      vertex 19.6297 12.7907 14.7426
      vertex 19.6297 6.97674 14.7426
    endloop
  endfacet
  facet normal 0.973247 -0 0.229763
    outer loop
      vertex 19.6297 6.97674 14.7426
      vertex 19.6297 12.7907 14.7426
      vertex 19.2172 12.7907 16.4899
    endloop
  endfacet
  facet normal 0.973247 -1.75968e-18 0.229763
    outer loop
      vertex 19.6297 6.97674 14.7426
      vertex 19.2172 12.7907 16.4899
      vertex 19.2172 6.97674 16.4899
    endloop
  endfacet
  facet normal 0.92629 -0 0.37681
    outer loop
      vertex 19.2172 6.97674 16.4899
      vertex 19.2172 12.7907 16.4899
      vertex 18.5407 12.7907 18.1529
    endloop
  endfacet
  facet normal 0.92629 7.58739e-18 0.37681
    outer loop
      vertex 19.2172 6.97674 16.4899
      vertex 18.5407 12.7907 18.1529
      vertex 18.5407 6.97674 18.1529
    endloop
  endfacet
  facet normal 0 1 0
    outer loop
      vertex -19.7666 12.7907 4.65116
      vertex -19.7666 12.7907 28.4884
      vertex 19.7683 12.7907 4.65116
    endloop
  endfacet
  facet normal 0 1 0
    outer loop
      vertex 19.7683 12.7907 4.65116
      vertex -19.7666 12.7907 28.4884
      vertex -15.1155 12.7907 28.4884
    endloop
  endfacet
  facet normal 0 1 0
    outer loop
      vertex -15.1155 12.7907 28.4884
      vertex 18.5407 12.7907 18.1529
      vertex 19.2172 12.7907 16.4899
    endloop
  endfacet
  facet normal 0 1 0
    outer loop
      vertex 19.2172 12.7907 16.4899
      vertex 19.6297 12.7907 14.7426
      vertex -15.1155 12.7907 28.4884
    endloop
  endfacet
  facet normal 0 1 0
    outer loop
      vertex -15.1155 12.7907 28.4884
      vertex 19.6297 12.7907 14.7426
      vertex 19.7683 12.7907 12.9527
    endloop
  endfacet
  facet normal 0 1 0
    outer loop
      vertex -15.1155 12.7907 28.4884
      vertex 19.7683 12.7907 12.9527
      vertex 19.7683 12.7907 4.65116
    endloop
  endfacet
  facet normal 0 1 0
    outer loop
      vertex 6.89495 12.7907 40.1542
      vertex 8.07977 12.7907 38.7501
      vertex -15.1155 12.7907 28.4884
    endloop
  endfacet
  facet normal 0 1 0
    outer loop
      vertex -15.1155 12.7907 28.4884
      vertex 8.07977 12.7907 38.7501
      vertex 9.02864 12.7907 37.1769
    endloop
  endfacet
  facet normal -0 1 0
    outer loop
      vertex -15.1155 12.7907 28.4884
      vertex 9.02864 12.7907 37.1769
      vertex 18.5407 12.7907 18.1529
    endloop
  endfacet
  facet normal -0 1 0
    outer loop
      vertex -15.1155 12.7907 43.6046
      vertex -1.37168 12.7907 43.6046
      vertex -15.1155 12.7907 28.4884
    endloop
  endfacet
  facet normal 0 1 0
    outer loop
      vertex -15.1155 12.7907 28.4884
      vertex -1.37168 12.7907 43.6046
      vertex 0.459791 12.7907 43.4595
    endloop
  endfacet
  facet normal 0 1 0
    outer loop
      vertex -15.1155 12.7907 28.4884
      vertex 0.459791 12.7907 43.4595
      vertex 2.24553 12.7907 43.0277
    endloop
  endfacet
  facet normal 0 1 0
    outer loop
      vertex 2.24553 12.7907 43.0277
      vertex 3.94097 12.7907 42.32
      vertex -15.1155 12.7907 28.4884
    endloop
  endfacet
  facet normal 0 1 0
    outer loop
      vertex -15.1155 12.7907 28.4884
      vertex 3.94097 12.7907 42.32
      vertex 5.50378 12.7907 41.3542
    endloop
  endfacet
  facet normal 0 1 0
    outer loop
      vertex -15.1155 12.7907 28.4884
      vertex 5.50378 12.7907 41.3542
      vertex 6.89495 12.7907 40.1542
    endloop
  endfacet
  facet normal 0 -1 0
    outer loop
      vertex -19.7666 6.97674 -1.77428e-06
      vertex -5.81314 6.97674 -1.77428e-06
      vertex -19.7666 6.97674 28.4884
    endloop
  endfacet
  facet normal 0 -1 0
    outer loop
      vertex -19.7666 6.97674 28.4884
      vertex -5.81314 6.97674 -1.77428e-06
      vertex -5.81314 6.97674 4.65116
    endloop
  endfacet
  facet normal 0 -1 0
    outer loop
      vertex -19.7666 6.97674 28.4884
      vertex -5.81314 6.97674 4.65116
      vertex -15.1155 6.97674 28.4884
    endloop
  endfacet
  facet normal 0 -1 0
    outer loop
      vertex -15.1155 6.97674 28.4884
      vertex -5.81314 6.97674 4.65116
      vertex 19.7683 6.97674 4.65116
    endloop
  endfacet
  facet normal 0 -1 0
    outer loop
      vertex -15.1155 6.97674 28.4884
      vertex 19.7683 6.97674 4.65116
      vertex 19.7683 6.97674 12.9527
    endloop
  endfacet
  facet normal 0 -1 0
    outer loop
      vertex 19.7683 6.97674 12.9527
      vertex 19.6297 6.97674 14.7426
      vertex -15.1155 6.97674 28.4884
    endloop
  endfacet
  facet normal 0 -1 0
    outer loop
      vertex -15.1155 6.97674 28.4884
      vertex 19.6297 6.97674 14.7426
      vertex 19.2172 6.97674 16.4899
    endloop
  endfacet
  facet normal 0 -1 0
    outer loop
      vertex -15.1155 6.97674 28.4884
      vertex 19.2172 6.97674 16.4899
      vertex 18.5407 6.97674 18.1529
    endloop
  endfacet
  facet normal 0 -1 0
    outer loop
      vertex 18.5407 6.97674 18.1529
      vertex 9.02864 6.97674 37.1769
      vertex -15.1155 6.97674 28.4884
    endloop
  endfacet
  facet normal 0 -1 0
    outer loop
      vertex -15.1155 6.97674 28.4884
      vertex 9.02864 6.97674 37.1769
      vertex 8.07977 6.97674 38.7501
    endloop
  endfacet
  facet normal 0 -1 0
    outer loop
      vertex -15.1155 6.97674 28.4884
      vertex 8.07977 6.97674 38.7501
      vertex 6.89495 6.97674 40.1542
    endloop
  endfacet
  facet normal -0 -1 0
    outer loop
      vertex 6.89495 6.97674 40.1542
      vertex 5.50378 6.97674 41.3542
      vertex -15.1155 6.97674 28.4884
    endloop
  endfacet
  facet normal 0 -1 0
    outer loop
      vertex -15.1155 6.97674 28.4884
      vertex 5.50378 6.97674 41.3542
      vertex 3.94097 6.97674 42.32
    endloop
  endfacet
  facet normal 0 -1 0
    outer loop
      vertex -15.1155 6.97674 28.4884
      vertex 3.94097 6.97674 42.32
      vertex 2.24553 6.97674 43.0277
    endloop
  endfacet
  facet normal -0 -1 0
    outer loop
      vertex 2.24553 6.97674 43.0277
      vertex 0.459791 6.97674 43.4595
      vertex -15.1155 6.97674 28.4884
    endloop
  endfacet
  facet normal 0 -1 0
    outer loop
      vertex -15.1155 6.97674 28.4884
      vertex 0.459791 6.97674 43.4595
      vertex -1.37168 6.97674 43.6046
    endloop
  endfacet
  facet normal 0 -1 0
    outer loop
      vertex -15.1155 6.97674 28.4884
      vertex -1.37168 6.97674 43.6046
      vertex -15.1155 6.97674 43.6046
    endloop
  endfacet
  facet normal 0 1 -0
    outer loop
      vertex -5.81314 -6.97674 -1.77428e-06
      vertex -19.7666 -6.97674 -1.77428e-06
      vertex -5.81314 -6.97674 4.65116
    endloop
  endfacet
  facet normal 0 1 0
    outer loop
      vertex -5.81314 -6.97674 4.65116
      vertex -19.7666 -6.97674 -1.77428e-06
      vertex -19.7666 -6.97674 28.4884
    endloop
  endfacet
  facet normal 0 1 -0
    outer loop
      vertex -5.81314 -6.97674 4.65116
      vertex -19.7666 -6.97674 28.4884
      vertex 19.7683 -6.97674 4.65116
    endloop
  endfacet
  facet normal 0 1 0
    outer loop
      vertex 19.7683 -6.97674 4.65116
      vertex -19.7666 -6.97674 28.4884
      vertex -15.1155 -6.97674 28.4884
    endloop
  endfacet
  facet normal 0 1 0
    outer loop
      vertex -15.1155 -6.97674 28.4884
      vertex 18.5407 -6.97674 18.1529
      vertex 19.2172 -6.97674 16.4899
    endloop
  endfacet
  facet normal 0 1 0
    outer loop
      vertex 19.2172 -6.97674 16.4899
      vertex 19.6297 -6.97674 14.7426
      vertex -15.1155 -6.97674 28.4884
    endloop
  endfacet
  facet normal 0 1 0
    outer loop
      vertex -15.1155 -6.97674 28.4884
      vertex 19.6297 -6.97674 14.7426
      vertex 19.7683 -6.97674 12.9527
    endloop
  endfacet
  facet normal 0 1 0
    outer loop
      vertex -15.1155 -6.97674 28.4884
      vertex 19.7683 -6.97674 12.9527
      vertex 19.7683 -6.97674 4.65116
    endloop
  endfacet
  facet normal 0 1 0
    outer loop
      vertex 6.89495 -6.97674 40.1542
      vertex 8.07977 -6.97674 38.7501
      vertex -15.1155 -6.97674 28.4884
    endloop
  endfacet
  facet normal 0 1 0
    outer loop
      vertex -15.1155 -6.97674 28.4884
      vertex 8.07977 -6.97674 38.7501
      vertex 9.02864 -6.97674 37.1769
    endloop
  endfacet
  facet normal -0 1 0
    outer loop
      vertex -15.1155 -6.97674 28.4884
      vertex 9.02864 -6.97674 37.1769
      vertex 18.5407 -6.97674 18.1529
    endloop
  endfacet
  facet normal -0 1 0
    outer loop
      vertex -15.1155 -6.97674 43.6046
      vertex -1.37168 -6.97674 43.6046
      vertex -15.1155 -6.97674 28.4884
    endloop
  endfacet
  facet normal 0 1 0
    outer loop
      vertex -15.1155 -6.97674 28.4884
      vertex -1.37168 -6.97674 43.6046
      vertex 0.459791 -6.97674 43.4595
    endloop
  endfacet
  facet normal 0 1 0
    outer loop
      vertex -15.1155 -6.97674 28.4884
      vertex 0.459791 -6.97674 43.4595
      vertex 2.24553 -6.97674 43.0277
    endloop
  endfacet
  facet normal 0 1 0
    outer loop
      vertex 2.24553 -6.97674 43.0277
      vertex 3.94097 -6.97674 42.32
      vertex -15.1155 -6.97674 28.4884
    endloop
  endfacet
  facet normal 0 1 0
    outer loop
      vertex -15.1155 -6.97674 28.4884
      vertex 3.94097 -6.97674 42.32
      vertex 5.50378 -6.97674 41.3542
    endloop
  endfacet
  facet normal 0 1 0
    outer loop
      vertex -15.1155 -6.97674 28.4884
      vertex 5.50378 -6.97674 41.3542
      vertex 6.89495 -6.97674 40.1542
    endloop
  endfacet
  facet normal 0 0 1
    outer loop
      vertex 19.7683 14.8837 4.65116
      vertex 15.9093 23.2449 4.65116
      vertex 10.1674 20.9302 4.65116
    endloop
  endfacet
  facet normal 0 0 1
    outer loop
      vertex 10.1674 20.9302 4.65116
      vertex 10.1056 20.2235 4.65116
      vertex 19.7683 14.8837 4.65116
    endloop
  endfacet
  facet normal 0 0 1
    outer loop
      vertex 19.7683 14.8837 4.65116
      vertex 10.1056 20.2235 4.65116
      vertex 9.922 19.5383 4.65116
    endloop
  endfacet
  facet normal 0 0 1
    outer loop
      vertex 19.7683 14.8837 4.65116
      vertex 9.922 19.5383 4.65116
      vertex 19.7683 12.7907 4.65116
    endloop
  endfacet
  facet normal 0 0 1
    outer loop
      vertex 19.7683 12.7907 4.65116
      vertex 9.922 19.5383 4.65116
      vertex 9.6222 18.8953 4.65116
    endloop
  endfacet
  facet normal 0 0 1
    outer loop
      vertex 19.7683 12.7907 4.65116
      vertex 9.6222 18.8953 4.65116
      vertex 9.2153 18.3142 4.65116
    endloop
  endfacet
  facet normal 0 0 1
    outer loop
      vertex 9.2153 18.3142 4.65116
      vertex 8.71368 17.8126 4.65116
      vertex 19.7683 12.7907 4.65116
    endloop
  endfacet
  facet normal 0 0 1
    outer loop
      vertex 19.7683 12.7907 4.65116
      vertex 8.71368 17.8126 4.65116
      vertex 8.13257 17.4057 4.65116
    endloop
  endfacet
  facet normal 0 0 1
    outer loop
      vertex 19.7683 12.7907 4.65116
      vertex 8.13257 17.4057 4.65116
      vertex 7.48963 17.1059 4.65116
    endloop
  endfacet
  facet normal 0 0 1
    outer loop
      vertex 5.39097 16.9223 4.65116
      vertex -19.7666 12.7907 4.65116
      vertex 6.09768 16.8605 4.65116
    endloop
  endfacet
  facet normal 0 0 1
    outer loop
      vertex 6.09768 16.8605 4.65116
      vertex -19.7666 12.7907 4.65116
      vertex 19.7683 12.7907 4.65116
    endloop
  endfacet
  facet normal -0 0 1
    outer loop
      vertex 6.09768 16.8605 4.65116
      vertex 19.7683 12.7907 4.65116
      vertex 6.80439 16.9223 4.65116
    endloop
  endfacet
  facet normal -0 0 1
    outer loop
      vertex 6.80439 16.9223 4.65116
      vertex 19.7683 12.7907 4.65116
      vertex 7.48963 17.1059 4.65116
    endloop
  endfacet
  facet normal 0 0 1
    outer loop
      vertex 5.39097 16.9223 4.65116
      vertex 4.70573 17.1059 4.65116
      vertex -19.7666 12.7907 4.65116
    endloop
  endfacet
  facet normal 0 0 1
    outer loop
      vertex -19.7666 12.7907 4.65116
      vertex 4.70573 17.1059 4.65116
      vertex 4.0628 17.4057 4.65116
    endloop
  endfacet
  facet normal 0 0 1
    outer loop
      vertex -19.7666 12.7907 4.65116
      vertex 4.0628 17.4057 4.65116
      vertex 3.48168 17.8126 4.65116
    endloop
  endfacet
  facet normal 0 0 1
    outer loop
      vertex -19.7666 12.7907 4.65116
      vertex 2.27335 19.5383 4.65116
      vertex -19.7666 18.3721 4.65116
    endloop
  endfacet
  facet normal 0 0 1
    outer loop
      vertex -19.7666 18.3721 4.65116
      vertex 2.27335 19.5383 4.65116
      vertex 2.08974 20.2235 4.65116
    endloop
  endfacet
  facet normal 0 0 1
    outer loop
      vertex -19.7666 18.3721 4.65116
      vertex 2.08974 20.2235 4.65116
      vertex 2.02792 20.9302 4.65116
    endloop
  endfacet
  facet normal 0 0 1
    outer loop
      vertex 13.7986 26.3631 4.65116
      vertex 9.6222 22.9651 4.65116
      vertex 14.981 24.89 4.65116
    endloop
  endfacet
  facet normal 0 0 1
    outer loop
      vertex 14.981 24.89 4.65116
      vertex 9.6222 22.9651 4.65116
      vertex 9.922 22.3222 4.65116
    endloop
  endfacet
  facet normal 0 0 1
    outer loop
      vertex 14.981 24.89 4.65116
      vertex 9.922 22.3222 4.65116
      vertex 15.9093 23.2449 4.65116
    endloop
  endfacet
  facet normal 0 0 1
    outer loop
      vertex 15.9093 23.2449 4.65116
      vertex 9.922 22.3222 4.65116
      vertex 10.1056 21.6369 4.65116
    endloop
  endfacet
  facet normal 0 0 1
    outer loop
      vertex 15.9093 23.2449 4.65116
      vertex 10.1056 21.6369 4.65116
      vertex 10.1674 20.9302 4.65116
    endloop
  endfacet
  facet normal 0 0 1
    outer loop
      vertex 3.48168 17.8126 4.65116
      vertex 2.98006 18.3142 4.65116
      vertex -19.7666 12.7907 4.65116
    endloop
  endfacet
  facet normal 0 0 1
    outer loop
      vertex -19.7666 12.7907 4.65116
      vertex 2.98006 18.3142 4.65116
      vertex 2.57316 18.8953 4.65116
    endloop
  endfacet
  facet normal 0 0 1
    outer loop
      vertex -19.7666 12.7907 4.65116
      vertex 2.57316 18.8953 4.65116
      vertex 2.27335 19.5383 4.65116
    endloop
  endfacet
  facet normal 0 -0 1
    outer loop
      vertex 2.02792 20.9302 4.65116
      vertex 2.08974 21.6369 4.65116
      vertex -19.7666 18.3721 4.65116
    endloop
  endfacet
  facet normal 0 0 1
    outer loop
      vertex -19.7666 18.3721 4.65116
      vertex 2.08974 21.6369 4.65116
      vertex 2.27335 22.3222 4.65116
    endloop
  endfacet
  facet normal 0 0 1
    outer loop
      vertex -19.7666 18.3721 4.65116
      vertex 2.27335 22.3222 4.65116
      vertex -2.32476 28.4422 4.65116
    endloop
  endfacet
  facet normal 0 -0 1
    outer loop
      vertex 2.27335 22.3222 4.65116
      vertex 2.57316 22.9651 4.65116
      vertex -2.32476 28.4422 4.65116
    endloop
  endfacet
  facet normal 0 0 1
    outer loop
      vertex -2.32476 28.4422 4.65116
      vertex 2.57316 22.9651 4.65116
      vertex 2.98006 23.5462 4.65116
    endloop
  endfacet
  facet normal -0 0 1
    outer loop
      vertex -2.32476 28.4422 4.65116
      vertex 2.98006 23.5462 4.65116
      vertex -0.960624 29.1149 4.65116
    endloop
  endfacet
  facet normal 0 0 1
    outer loop
      vertex -0.960624 29.1149 4.65116
      vertex 2.98006 23.5462 4.65116
      vertex 3.48168 24.0479 4.65116
    endloop
  endfacet
  facet normal -0 0 1
    outer loop
      vertex -0.960624 29.1149 4.65116
      vertex 3.48168 24.0479 4.65116
      vertex 0.479663 29.6038 4.65116
    endloop
  endfacet
  facet normal 0 0 1
    outer loop
      vertex 0.479663 29.6038 4.65116
      vertex 3.48168 24.0479 4.65116
      vertex 4.0628 24.4548 4.65116
    endloop
  endfacet
  facet normal -0 0 1
    outer loop
      vertex 0.479663 29.6038 4.65116
      vertex 4.0628 24.4548 4.65116
      vertex 1.97144 29.9005 4.65116
    endloop
  endfacet
  facet normal 0 0 1
    outer loop
      vertex 1.97144 29.9005 4.65116
      vertex 4.0628 24.4548 4.65116
      vertex 4.70573 24.7546 4.65116
    endloop
  endfacet
  facet normal -0 0 1
    outer loop
      vertex 1.97144 29.9005 4.65116
      vertex 4.70573 24.7546 4.65116
      vertex 3.48918 30 4.65116
    endloop
  endfacet
  facet normal -0 0 1
    outer loop
      vertex 3.48918 30 4.65116
      vertex 4.70573 24.7546 4.65116
      vertex 5.3516 30 4.65116
    endloop
  endfacet
  facet normal 0 0 1
    outer loop
      vertex 4.70573 24.7546 4.65116
      vertex 5.39097 24.9382 4.65116
      vertex 5.3516 30 4.65116
    endloop
  endfacet
  facet normal 0 0 1
    outer loop
      vertex 5.3516 30 4.65116
      vertex 5.39097 24.9382 4.65116
      vertex 6.09768 25 4.65116
    endloop
  endfacet
  facet normal 0 0 1
    outer loop
      vertex 5.3516 30 4.65116
      vertex 6.09768 25 4.65116
      vertex 7.23428 29.8466 4.65116
    endloop
  endfacet
  facet normal 0 0 1
    outer loop
      vertex 7.23428 29.8466 4.65116
      vertex 6.09768 25 4.65116
      vertex 6.80439 24.9382 4.65116
    endloop
  endfacet
  facet normal 0 0 1
    outer loop
      vertex 7.23428 29.8466 4.65116
      vertex 6.80439 24.9382 4.65116
      vertex 9.06729 29.3903 4.65116
    endloop
  endfacet
  facet normal 0 0 1
    outer loop
      vertex 9.06729 29.3903 4.65116
      vertex 6.80439 24.9382 4.65116
      vertex 7.48963 24.7546 4.65116
    endloop
  endfacet
  facet normal 0 0 1
    outer loop
      vertex 9.06729 29.3903 4.65116
      vertex 7.48963 24.7546 4.65116
      vertex 10.8022 28.6433 4.65116
    endloop
  endfacet
  facet normal 0 0 1
    outer loop
      vertex 10.8022 28.6433 4.65116
      vertex 7.48963 24.7546 4.65116
      vertex 8.13257 24.4548 4.65116
    endloop
  endfacet
  facet normal 0 0 1
    outer loop
      vertex 10.8022 28.6433 4.65116
      vertex 8.13257 24.4548 4.65116
      vertex 12.3934 27.6253 4.65116
    endloop
  endfacet
  facet normal 0 0 1
    outer loop
      vertex 12.3934 27.6253 4.65116
      vertex 8.13257 24.4548 4.65116
      vertex 8.71368 24.0479 4.65116
    endloop
  endfacet
  facet normal 0 0 1
    outer loop
      vertex 12.3934 27.6253 4.65116
      vertex 8.71368 24.0479 4.65116
      vertex 13.7986 26.3631 4.65116
    endloop
  endfacet
  facet normal 0 0 1
    outer loop
      vertex 13.7986 26.3631 4.65116
      vertex 8.71368 24.0479 4.65116
      vertex 9.2153 23.5462 4.65116
    endloop
  endfacet
  facet normal 0 0 1
    outer loop
      vertex 13.7986 26.3631 4.65116
      vertex 9.2153 23.5462 4.65116
      vertex 9.6222 22.9651 4.65116
    endloop
  endfacet
  facet normal 0.0812105 0.996697 -0
    outer loop
      vertex 5.3516 30 -1.77428e-06
      vertex 5.3516 30 4.65116
      vertex 7.23428 29.8466 4.65116
    endloop
  endfacet
  facet normal 0.0812105 0.996697 -9.86082e-19
    outer loop
      vertex 5.3516 30 -1.77428e-06
      vertex 7.23428 29.8466 4.65116
      vertex 7.23428 29.8466 -1.77428e-06
    endloop
  endfacet
  facet normal 0.241563 0.970385 -0
    outer loop
      vertex 7.23428 29.8466 -1.77428e-06
      vertex 7.23428 29.8466 4.65116
      vertex 9.06729 29.3903 4.65116
    endloop
  endfacet
  facet normal 0.241563 0.970385 2.29509e-18
    outer loop
      vertex 7.23428 29.8466 -1.77428e-06
      vertex 9.06729 29.3903 4.65116
      vertex 9.06729 29.3903 -1.77428e-06
    endloop
  endfacet
  facet normal 0.395469 0.918479 -0
    outer loop
      vertex 9.06729 29.3903 -1.77428e-06
      vertex 9.06729 29.3903 4.65116
      vertex 10.8022 28.6433 4.65116
    endloop
  endfacet
  facet normal 0.395469 0.918479 -2.01498e-18
    outer loop
      vertex 9.06729 29.3903 -1.77428e-06
      vertex 10.8022 28.6433 4.65116
      vertex 10.8022 28.6433 -1.77428e-06
    endloop
  endfacet
  facet normal 0.538915 0.84236 -0
    outer loop
      vertex 10.8022 28.6433 -1.77428e-06
      vertex 10.8022 28.6433 4.65116
      vertex 12.3934 27.6253 4.65116
    endloop
  endfacet
  facet normal 0.538915 0.84236 6.66779e-18
    outer loop
      vertex 10.8022 28.6433 -1.77428e-06
      vertex 12.3934 27.6253 4.65116
      vertex 12.3934 27.6253 -1.77428e-06
    endloop
  endfacet
  facet normal 0.668239 0.743947 -0
    outer loop
      vertex 12.3934 27.6253 -1.77428e-06
      vertex 12.3934 27.6253 4.65116
      vertex 13.7986 26.3631 4.65116
    endloop
  endfacet
  facet normal 0.668239 0.743947 -1.06369e-17
    outer loop
      vertex 12.3934 27.6253 -1.77428e-06
      vertex 13.7986 26.3631 4.65116
      vertex 13.7986 26.3631 -1.77428e-06
    endloop
  endfacet
  facet normal 0.779855 0.62596 -0
    outer loop
      vertex 13.7986 26.3631 -1.77428e-06
      vertex 13.7986 26.3631 4.65116
      vertex 14.981 24.89 4.65116
    endloop
  endfacet
  facet normal 0.779855 0.62596 -1.356e-18
    outer loop
      vertex 13.7986 26.3631 -1.77428e-06
      vertex 14.981 24.89 4.65116
      vertex 14.981 24.89 -1.77428e-06
    endloop
  endfacet
  facet normal 0.870912 0.49144 -0
    outer loop
      vertex 14.981 24.89 -1.77428e-06
      vertex 14.981 24.89 4.65116
      vertex 15.9093 23.2449 4.65116
    endloop
  endfacet
  facet normal 0.870912 0.49144 7.92264e-18
    outer loop
      vertex 14.981 24.89 -1.77428e-06
      vertex 15.9093 23.2449 4.65116
      vertex 15.9093 23.2449 -1.77428e-06
    endloop
  endfacet
  facet normal 0.90796 0.419057 0
    outer loop
      vertex 19.7683 14.8837 4.65116
      vertex 19.7683 14.8837 -1.77428e-06
      vertex 15.9093 23.2449 4.65116
    endloop
  endfacet
  facet normal 0.90796 0.419057 0
    outer loop
      vertex 15.9093 23.2449 4.65116
      vertex 19.7683 14.8837 -1.77428e-06
      vertex 15.9093 23.2449 -1.77428e-06
    endloop
  endfacet
  facet normal 0 0 -1
    outer loop
      vertex -19.7666 -6.97674 -1.77428e-06
      vertex 2.27335 -19.5383 -1.77428e-06
      vertex -19.7666 -18.3721 -1.77428e-06
    endloop
  endfacet
  facet normal 0 0 -1
    outer loop
      vertex -19.7666 -18.3721 -1.77428e-06
      vertex 2.27335 -19.5383 -1.77428e-06
      vertex 2.08974 -20.2235 -1.77428e-06
    endloop
  endfacet
  facet normal 0 0 -1
    outer loop
      vertex -19.7666 -18.3721 -1.77428e-06
      vertex 2.08974 -20.2235 -1.77428e-06
      vertex 2.02792 -20.9302 -1.77428e-06
    endloop
  endfacet
  facet normal -0 -0 -1
    outer loop
      vertex 2.02792 -20.9302 -1.77428e-06
      vertex 2.08974 -21.6369 -1.77428e-06
      vertex -19.7666 -18.3721 -1.77428e-06
    endloop
  endfacet
  facet normal 0 0 -1
    outer loop
      vertex -19.7666 -18.3721 -1.77428e-06
      vertex 2.08974 -21.6369 -1.77428e-06
      vertex 2.27335 -22.3222 -1.77428e-06
    endloop
  endfacet
  facet normal 0 0 -1
    outer loop
      vertex -19.7666 -18.3721 -1.77428e-06
      vertex 2.27335 -22.3222 -1.77428e-06
      vertex -2.32476 -28.4421 -1.77428e-06
    endloop
  endfacet
  facet normal 0 0 -1
    outer loop
      vertex 2.08974 21.6369 -1.77428e-06
      vertex 2.02792 20.9302 -1.77428e-06
      vertex -19.7666 18.3721 -1.77428e-06
    endloop
  endfacet
  facet normal 0 0 -1
    outer loop
      vertex -19.7666 18.3721 -1.77428e-06
      vertex 2.02792 20.9302 -1.77428e-06
      vertex 2.08974 20.2235 -1.77428e-06
    endloop
  endfacet
  facet normal 0 0 -1
    outer loop
      vertex -19.7666 18.3721 -1.77428e-06
      vertex 2.08974 20.2235 -1.77428e-06
      vertex -19.7666 6.97674 -1.77428e-06
    endloop
  endfacet
  facet normal 0 0 -1
    outer loop
      vertex -5.81314 -6.97674 -1.77428e-06
      vertex 8.71368 -17.8126 -1.77428e-06
      vertex 8.13257 -17.4057 -1.77428e-06
    endloop
  endfacet
  facet normal 0 0 -1
    outer loop
      vertex 8.13257 -17.4057 -1.77428e-06
      vertex 7.48963 -17.1059 -1.77428e-06
      vertex -5.81314 -6.97674 -1.77428e-06
    endloop
  endfacet
  facet normal 0 0 -1
    outer loop
      vertex -5.81314 -6.97674 -1.77428e-06
      vertex 7.48963 -17.1059 -1.77428e-06
      vertex 6.80439 -16.9223 -1.77428e-06
    endloop
  endfacet
  facet normal 0 0 -1
    outer loop
      vertex -5.81314 -6.97674 -1.77428e-06
      vertex 6.80439 -16.9223 -1.77428e-06
      vertex 6.09768 -16.8605 -1.77428e-06
    endloop
  endfacet
  facet normal 0 -0 -1
    outer loop
      vertex 2.08974 20.2235 -1.77428e-06
      vertex 2.27335 19.5383 -1.77428e-06
      vertex -19.7666 6.97674 -1.77428e-06
    endloop
  endfacet
  facet normal 0 0 -1
    outer loop
      vertex -19.7666 6.97674 -1.77428e-06
      vertex 2.27335 19.5383 -1.77428e-06
      vertex 2.57316 18.8953 -1.77428e-06
    endloop
  endfacet
  facet normal 0 0 -1
    outer loop
      vertex -19.7666 6.97674 -1.77428e-06
      vertex 2.57316 18.8953 -1.77428e-06
      vertex -5.81314 6.97674 -1.77428e-06
    endloop
  endfacet
  facet normal 0 0 -1
    outer loop
      vertex -5.81314 6.97674 -1.77428e-06
      vertex 2.57316 18.8953 -1.77428e-06
      vertex 2.98006 18.3142 -1.77428e-06
    endloop
  endfacet
  facet normal 0 0 -1
    outer loop
      vertex -5.81314 6.97674 -1.77428e-06
      vertex 2.98006 18.3142 -1.77428e-06
      vertex 3.48168 17.8126 -1.77428e-06
    endloop
  endfacet
  facet normal -0 0 -1
    outer loop
      vertex 6.09768 -16.8605 -1.77428e-06
      vertex 5.39097 -16.9223 -1.77428e-06
      vertex -5.81314 -6.97674 -1.77428e-06
    endloop
  endfacet
  facet normal 0 0 -1
    outer loop
      vertex -5.81314 -6.97674 -1.77428e-06
      vertex 5.39097 -16.9223 -1.77428e-06
      vertex 4.70573 -17.1059 -1.77428e-06
    endloop
  endfacet
  facet normal 0 0 -1
    outer loop
      vertex -5.81314 -6.97674 -1.77428e-06
      vertex 4.70573 -17.1059 -1.77428e-06
      vertex 4.0628 -17.4057 -1.77428e-06
    endloop
  endfacet
  facet normal -0 0 -1
    outer loop
      vertex 4.0628 -17.4057 -1.77428e-06
      vertex 3.48168 -17.8126 -1.77428e-06
      vertex -5.81314 -6.97674 -1.77428e-06
    endloop
  endfacet
  facet normal 0 0 -1
    outer loop
      vertex -5.81314 -6.97674 -1.77428e-06
      vertex 3.48168 -17.8126 -1.77428e-06
      vertex 2.98006 -18.3142 -1.77428e-06
    endloop
  endfacet
  facet normal -0 -0 -1
    outer loop
      vertex -5.81314 -6.97674 -1.77428e-06
      vertex 2.98006 -18.3142 -1.77428e-06
      vertex -19.7666 -6.97674 -1.77428e-06
    endloop
  endfacet
  facet normal 0 0 -1
    outer loop
      vertex -19.7666 -6.97674 -1.77428e-06
      vertex 2.98006 -18.3142 -1.77428e-06
      vertex 2.57316 -18.8953 -1.77428e-06
    endloop
  endfacet
  facet normal 0 0 -1
    outer loop
      vertex -19.7666 -6.97674 -1.77428e-06
      vertex 2.57316 -18.8953 -1.77428e-06
      vertex 2.27335 -19.5383 -1.77428e-06
    endloop
  endfacet
  facet normal 0 -0 -1
    outer loop
      vertex 2.27335 -22.3222 -1.77428e-06
      vertex 2.57316 -22.9651 -1.77428e-06
      vertex -2.32476 -28.4421 -1.77428e-06
    endloop
  endfacet
  facet normal 0 0 -1
    outer loop
      vertex -2.32476 -28.4421 -1.77428e-06
      vertex 2.57316 -22.9651 -1.77428e-06
      vertex 2.98006 -23.5462 -1.77428e-06
    endloop
  endfacet
  facet normal 0 0 -1
    outer loop
      vertex -2.32476 -28.4421 -1.77428e-06
      vertex 2.98006 -23.5462 -1.77428e-06
      vertex -0.960624 -29.1149 -1.77428e-06
    endloop
  endfacet
  facet normal 0 0 -1
    outer loop
      vertex -0.960624 -29.1149 -1.77428e-06
      vertex 2.98006 -23.5462 -1.77428e-06
      vertex 3.48168 -24.0478 -1.77428e-06
    endloop
  endfacet
  facet normal 0 0 -1
    outer loop
      vertex -0.960624 -29.1149 -1.77428e-06
      vertex 3.48168 -24.0478 -1.77428e-06
      vertex 0.479663 -29.6038 -1.77428e-06
    endloop
  endfacet
  facet normal 0 0 -1
    outer loop
      vertex 0.479663 -29.6038 -1.77428e-06
      vertex 3.48168 -24.0478 -1.77428e-06
      vertex 4.0628 -24.4547 -1.77428e-06
    endloop
  endfacet
  facet normal 0 0 -1
    outer loop
      vertex 0.479663 -29.6038 -1.77428e-06
      vertex 4.0628 -24.4547 -1.77428e-06
      vertex 1.97144 -29.9005 -1.77428e-06
    endloop
  endfacet
  facet normal 0 0 -1
    outer loop
      vertex 1.97144 -29.9005 -1.77428e-06
      vertex 4.0628 -24.4547 -1.77428e-06
      vertex 4.70573 -24.7546 -1.77428e-06
    endloop
  endfacet
  facet normal 0 0 -1
    outer loop
      vertex 1.97144 -29.9005 -1.77428e-06
      vertex 4.70573 -24.7546 -1.77428e-06
      vertex 3.48918 -30 -1.77428e-06
    endloop
  endfacet
  facet normal 0 0 -1
    outer loop
      vertex 3.48918 -30 -1.77428e-06
      vertex 4.70573 -24.7546 -1.77428e-06
      vertex 5.3516 -30 -1.77428e-06
    endloop
  endfacet
  facet normal 0 0 -1
    outer loop
      vertex 4.70573 -24.7546 -1.77428e-06
      vertex 5.39097 -24.9382 -1.77428e-06
      vertex 5.3516 -30 -1.77428e-06
    endloop
  endfacet
  facet normal 0 0 -1
    outer loop
      vertex 5.3516 -30 -1.77428e-06
      vertex 5.39097 -24.9382 -1.77428e-06
      vertex 6.09768 -25 -1.77428e-06
    endloop
  endfacet
  facet normal 0 0 -1
    outer loop
      vertex 5.3516 -30 -1.77428e-06
      vertex 6.09768 -25 -1.77428e-06
      vertex 7.23428 -29.8466 -1.77428e-06
    endloop
  endfacet
  facet normal 0 0 -1
    outer loop
      vertex 7.23428 -29.8466 -1.77428e-06
      vertex 6.09768 -25 -1.77428e-06
      vertex 6.80439 -24.9382 -1.77428e-06
    endloop
  endfacet
  facet normal 0 0 -1
    outer loop
      vertex 7.23428 -29.8466 -1.77428e-06
      vertex 6.80439 -24.9382 -1.77428e-06
      vertex 9.06729 -29.3903 -1.77428e-06
    endloop
  endfacet
  facet normal 0 0 -1
    outer loop
      vertex 9.06729 -29.3903 -1.77428e-06
      vertex 6.80439 -24.9382 -1.77428e-06
      vertex 7.48963 -24.7546 -1.77428e-06
    endloop
  endfacet
  facet normal 0 0 -1
    outer loop
      vertex 9.06729 -29.3903 -1.77428e-06
      vertex 7.48963 -24.7546 -1.77428e-06
      vertex 10.8022 -28.6433 -1.77428e-06
    endloop
  endfacet
  facet normal 0 0 -1
    outer loop
      vertex 10.8022 -28.6433 -1.77428e-06
      vertex 7.48963 -24.7546 -1.77428e-06
      vertex 8.13257 -24.4547 -1.77428e-06
    endloop
  endfacet
  facet normal 0 0 -1
    outer loop
      vertex 10.8022 -28.6433 -1.77428e-06
      vertex 8.13257 -24.4547 -1.77428e-06
      vertex 12.3934 -27.6253 -1.77428e-06
    endloop
  endfacet
  facet normal 0 0 -1
    outer loop
      vertex 12.3934 -27.6253 -1.77428e-06
      vertex 8.13257 -24.4547 -1.77428e-06
      vertex 8.71368 -24.0478 -1.77428e-06
    endloop
  endfacet
  facet normal 0 0 -1
    outer loop
      vertex 12.3934 -27.6253 -1.77428e-06
      vertex 8.71368 -24.0478 -1.77428e-06
      vertex 13.7986 -26.3631 -1.77428e-06
    endloop
  endfacet
  facet normal 0 0 -1
    outer loop
      vertex 8.71368 -24.0478 -1.77428e-06
      vertex 9.2153 -23.5462 -1.77428e-06
      vertex 13.7986 -26.3631 -1.77428e-06
    endloop
  endfacet
  facet normal 0 0 -1
    outer loop
      vertex 13.7986 -26.3631 -1.77428e-06
      vertex 9.2153 -23.5462 -1.77428e-06
      vertex 9.6222 -22.9651 -1.77428e-06
    endloop
  endfacet
  facet normal 0 0 -1
    outer loop
      vertex 13.7986 -26.3631 -1.77428e-06
      vertex 9.6222 -22.9651 -1.77428e-06
      vertex 14.981 -24.89 -1.77428e-06
    endloop
  endfacet
  facet normal 0 0 -1
    outer loop
      vertex 14.981 -24.89 -1.77428e-06
      vertex 9.6222 -22.9651 -1.77428e-06
      vertex 9.922 -22.3222 -1.77428e-06
    endloop
  endfacet
  facet normal 0 0 -1
    outer loop
      vertex 14.981 -24.89 -1.77428e-06
      vertex 9.922 -22.3222 -1.77428e-06
      vertex 15.9093 -23.2449 -1.77428e-06
    endloop
  endfacet
  facet normal 0 0 -1
    outer loop
      vertex 9.2153 -18.3142 -1.77428e-06
      vertex 19.7683 -14.8837 -1.77428e-06
      vertex 9.6222 -18.8953 -1.77428e-06
    endloop
  endfacet
  facet normal 0 0 -1
    outer loop
      vertex 9.6222 -18.8953 -1.77428e-06
      vertex 19.7683 -14.8837 -1.77428e-06
      vertex 9.922 -19.5383 -1.77428e-06
    endloop
  endfacet
  facet normal -0 0 -1
    outer loop
      vertex 2.98006 23.5462 -1.77428e-06
      vertex 2.57316 22.9651 -1.77428e-06
      vertex -2.32476 28.4422 -1.77428e-06
    endloop
  endfacet
  facet normal 0 0 -1
    outer loop
      vertex 9.922 -22.3222 -1.77428e-06
      vertex 10.1056 -21.6369 -1.77428e-06
      vertex 15.9093 -23.2449 -1.77428e-06
    endloop
  endfacet
  facet normal 0 0 -1
    outer loop
      vertex 15.9093 -23.2449 -1.77428e-06
      vertex 10.1056 -21.6369 -1.77428e-06
      vertex 10.1674 -20.9302 -1.77428e-06
    endloop
  endfacet
  facet normal 0 0 -1
    outer loop
      vertex 15.9093 -23.2449 -1.77428e-06
      vertex 10.1674 -20.9302 -1.77428e-06
      vertex 19.7683 -14.8837 -1.77428e-06
    endloop
  endfacet
  facet normal 0 0 -1
    outer loop
      vertex 19.7683 -14.8837 -1.77428e-06
      vertex 10.1674 -20.9302 -1.77428e-06
      vertex 10.1056 -20.2235 -1.77428e-06
    endloop
  endfacet
  facet normal 0 0 -1
    outer loop
      vertex 19.7683 -14.8837 -1.77428e-06
      vertex 10.1056 -20.2235 -1.77428e-06
      vertex 9.922 -19.5383 -1.77428e-06
    endloop
  endfacet
  facet normal 0 0 -1
    outer loop
      vertex 9.6222 18.8953 -1.77428e-06
      vertex 9.922 19.5383 -1.77428e-06
      vertex 19.7683 14.8837 -1.77428e-06
    endloop
  endfacet
  facet normal 0 0 -1
    outer loop
      vertex 19.7683 14.8837 -1.77428e-06
      vertex 9.922 19.5383 -1.77428e-06
      vertex 10.1056 20.2235 -1.77428e-06
    endloop
  endfacet
  facet normal 0 0 -1
    outer loop
      vertex 19.7683 14.8837 -1.77428e-06
      vertex 10.1056 20.2235 -1.77428e-06
      vertex 15.9093 23.2449 -1.77428e-06
    endloop
  endfacet
  facet normal 0 -0 -1
    outer loop
      vertex -2.32476 28.4422 -1.77428e-06
      vertex 2.57316 22.9651 -1.77428e-06
      vertex -19.7666 18.3721 -1.77428e-06
    endloop
  endfacet
  facet normal 0 0 -1
    outer loop
      vertex -19.7666 18.3721 -1.77428e-06
      vertex 2.57316 22.9651 -1.77428e-06
      vertex 2.27335 22.3222 -1.77428e-06
    endloop
  endfacet
  facet normal 0 0 -1
    outer loop
      vertex -19.7666 18.3721 -1.77428e-06
      vertex 2.27335 22.3222 -1.77428e-06
      vertex 2.08974 21.6369 -1.77428e-06
    endloop
  endfacet
  facet normal 0 -0 -1
    outer loop
      vertex 7.48963 17.1059 -1.77428e-06
      vertex 19.7683 -14.8837 -1.77428e-06
      vertex 6.80439 16.9223 -1.77428e-06
    endloop
  endfacet
  facet normal 0 0 -1
    outer loop
      vertex 6.80439 16.9223 -1.77428e-06
      vertex 19.7683 -14.8837 -1.77428e-06
      vertex 9.2153 -18.3142 -1.77428e-06
    endloop
  endfacet
  facet normal 0 -0 -1
    outer loop
      vertex 6.80439 16.9223 -1.77428e-06
      vertex 9.2153 -18.3142 -1.77428e-06
      vertex 6.09768 16.8605 -1.77428e-06
    endloop
  endfacet
  facet normal 0 0 -1
    outer loop
      vertex 6.09768 16.8605 -1.77428e-06
      vertex 9.2153 -18.3142 -1.77428e-06
      vertex 8.71368 -17.8126 -1.77428e-06
    endloop
  endfacet
  facet normal -0 -0 -1
    outer loop
      vertex 6.09768 16.8605 -1.77428e-06
      vertex 8.71368 -17.8126 -1.77428e-06
      vertex 5.39097 16.9223 -1.77428e-06
    endloop
  endfacet
  facet normal 0 -0 -1
    outer loop
      vertex 5.39097 16.9223 -1.77428e-06
      vertex 8.71368 -17.8126 -1.77428e-06
      vertex -5.81314 -6.97674 -1.77428e-06
    endloop
  endfacet
  facet normal -0 0 -1
    outer loop
      vertex 5.39097 16.9223 -1.77428e-06
      vertex -5.81314 -6.97674 -1.77428e-06
      vertex 4.70573 17.1059 -1.77428e-06
    endloop
  endfacet
  facet normal 0 0 -1
    outer loop
      vertex 4.70573 17.1059 -1.77428e-06
      vertex -5.81314 -6.97674 -1.77428e-06
      vertex -5.81314 6.97674 -1.77428e-06
    endloop
  endfacet
  facet normal -0 0 -1
    outer loop
      vertex 4.70573 17.1059 -1.77428e-06
      vertex -5.81314 6.97674 -1.77428e-06
      vertex 4.0628 17.4057 -1.77428e-06
    endloop
  endfacet
  facet normal -0 0 -1
    outer loop
      vertex 4.0628 17.4057 -1.77428e-06
      vertex -5.81314 6.97674 -1.77428e-06
      vertex 3.48168 17.8126 -1.77428e-06
    endloop
  endfacet
  facet normal 0 0 -1
    outer loop
      vertex 7.48963 17.1059 -1.77428e-06
      vertex 8.13257 17.4057 -1.77428e-06
      vertex 19.7683 -14.8837 -1.77428e-06
    endloop
  endfacet
  facet normal 0 0 -1
    outer loop
      vertex 19.7683 -14.8837 -1.77428e-06
      vertex 8.13257 17.4057 -1.77428e-06
      vertex 8.71368 17.8126 -1.77428e-06
    endloop
  endfacet
  facet normal 0 0 -1
    outer loop
      vertex 19.7683 -14.8837 -1.77428e-06
      vertex 8.71368 17.8126 -1.77428e-06
      vertex 19.7683 14.8837 -1.77428e-06
    endloop
  endfacet
  facet normal 0 0 -1
    outer loop
      vertex 19.7683 14.8837 -1.77428e-06
      vertex 8.71368 17.8126 -1.77428e-06
      vertex 9.2153 18.3142 -1.77428e-06
    endloop
  endfacet
  facet normal 0 0 -1
    outer loop
      vertex 19.7683 14.8837 -1.77428e-06
      vertex 9.2153 18.3142 -1.77428e-06
      vertex 9.6222 18.8953 -1.77428e-06
    endloop
  endfacet
  facet normal 0 0 -1
    outer loop
      vertex 10.1056 20.2235 -1.77428e-06
      vertex 10.1674 20.9302 -1.77428e-06
      vertex 15.9093 23.2449 -1.77428e-06
    endloop
  endfacet
  facet normal 0 0 -1
    outer loop
      vertex 15.9093 23.2449 -1.77428e-06
      vertex 10.1674 20.9302 -1.77428e-06
      vertex 10.1056 21.6369 -1.77428e-06
    endloop
  endfacet
  facet normal -0 0 -1
    outer loop
      vertex 15.9093 23.2449 -1.77428e-06
      vertex 10.1056 21.6369 -1.77428e-06
      vertex 14.981 24.89 -1.77428e-06
    endloop
  endfacet
  facet normal 0 0 -1
    outer loop
      vertex 14.981 24.89 -1.77428e-06
      vertex 10.1056 21.6369 -1.77428e-06
      vertex 9.922 22.3222 -1.77428e-06
    endloop
  endfacet
  facet normal -0 0 -1
    outer loop
      vertex 14.981 24.89 -1.77428e-06
      vertex 9.922 22.3222 -1.77428e-06
      vertex 13.7986 26.3631 -1.77428e-06
    endloop
  endfacet
  facet normal 0 0 -1
    outer loop
      vertex 2.98006 23.5462 -1.77428e-06
      vertex -2.32476 28.4422 -1.77428e-06
      vertex 3.48168 24.0479 -1.77428e-06
    endloop
  endfacet
  facet normal 0 0 -1
    outer loop
      vertex 3.48168 24.0479 -1.77428e-06
      vertex -2.32476 28.4422 -1.77428e-06
      vertex -0.960624 29.1149 -1.77428e-06
    endloop
  endfacet
  facet normal 0 0 -1
    outer loop
      vertex 3.48168 24.0479 -1.77428e-06
      vertex -0.960624 29.1149 -1.77428e-06
      vertex 4.0628 24.4548 -1.77428e-06
    endloop
  endfacet
  facet normal 0 0 -1
    outer loop
      vertex 9.922 22.3222 -1.77428e-06
      vertex 9.6222 22.9651 -1.77428e-06
      vertex 13.7986 26.3631 -1.77428e-06
    endloop
  endfacet
  facet normal 0 0 -1
    outer loop
      vertex 13.7986 26.3631 -1.77428e-06
      vertex 9.6222 22.9651 -1.77428e-06
      vertex 9.2153 23.5462 -1.77428e-06
    endloop
  endfacet
  facet normal -0 0 -1
    outer loop
      vertex 13.7986 26.3631 -1.77428e-06
      vertex 9.2153 23.5462 -1.77428e-06
      vertex 12.3934 27.6253 -1.77428e-06
    endloop
  endfacet
  facet normal 0 0 -1
    outer loop
      vertex 12.3934 27.6253 -1.77428e-06
      vertex 9.2153 23.5462 -1.77428e-06
      vertex 8.71368 24.0479 -1.77428e-06
    endloop
  endfacet
  facet normal -0 0 -1
    outer loop
      vertex 12.3934 27.6253 -1.77428e-06
      vertex 8.71368 24.0479 -1.77428e-06
      vertex 10.8022 28.6433 -1.77428e-06
    endloop
  endfacet
  facet normal 0 0 -1
    outer loop
      vertex 10.8022 28.6433 -1.77428e-06
      vertex 8.71368 24.0479 -1.77428e-06
      vertex 8.13257 24.4548 -1.77428e-06
    endloop
  endfacet
  facet normal -0 0 -1
    outer loop
      vertex 10.8022 28.6433 -1.77428e-06
      vertex 8.13257 24.4548 -1.77428e-06
      vertex 9.06729 29.3903 -1.77428e-06
    endloop
  endfacet
  facet normal 0 0 -1
    outer loop
      vertex 9.06729 29.3903 -1.77428e-06
      vertex 8.13257 24.4548 -1.77428e-06
      vertex 7.48963 24.7546 -1.77428e-06
    endloop
  endfacet
  facet normal -0 0 -1
    outer loop
      vertex 9.06729 29.3903 -1.77428e-06
      vertex 7.48963 24.7546 -1.77428e-06
      vertex 7.23428 29.8466 -1.77428e-06
    endloop
  endfacet
  facet normal 0 -0 -1
    outer loop
      vertex 7.23428 29.8466 -1.77428e-06
      vertex 7.48963 24.7546 -1.77428e-06
      vertex 6.80439 24.9382 -1.77428e-06
    endloop
  endfacet
  facet normal -0 0 -1
    outer loop
      vertex 7.23428 29.8466 -1.77428e-06
      vertex 6.80439 24.9382 -1.77428e-06
      vertex 5.3516 30 -1.77428e-06
    endloop
  endfacet
  facet normal 0 0 -1
    outer loop
      vertex 6.80439 24.9382 -1.77428e-06
      vertex 6.09768 25 -1.77428e-06
      vertex 5.3516 30 -1.77428e-06
    endloop
  endfacet
  facet normal 0 0 -1
    outer loop
      vertex 5.3516 30 -1.77428e-06
      vertex 6.09768 25 -1.77428e-06
      vertex 5.39097 24.9382 -1.77428e-06
    endloop
  endfacet
  facet normal -0 -0 -1
    outer loop
      vertex 5.3516 30 -1.77428e-06
      vertex 5.39097 24.9382 -1.77428e-06
      vertex 3.48918 30 -1.77428e-06
    endloop
  endfacet
  facet normal 0 0 -1
    outer loop
      vertex 3.48918 30 -1.77428e-06
      vertex 5.39097 24.9382 -1.77428e-06
      vertex 4.70573 24.7546 -1.77428e-06
    endloop
  endfacet
  facet normal 0 -0 -1
    outer loop
      vertex 3.48918 30 -1.77428e-06
      vertex 4.70573 24.7546 -1.77428e-06
      vertex 1.97144 29.9005 -1.77428e-06
    endloop
  endfacet
  facet normal 0 0 -1
    outer loop
      vertex 1.97144 29.9005 -1.77428e-06
      vertex 4.70573 24.7546 -1.77428e-06
      vertex 4.0628 24.4548 -1.77428e-06
    endloop
  endfacet
  facet normal 0 -0 -1
    outer loop
      vertex 1.97144 29.9005 -1.77428e-06
      vertex 4.0628 24.4548 -1.77428e-06
      vertex 0.479663 29.6038 -1.77428e-06
    endloop
  endfacet
  facet normal 0 -0 -1
    outer loop
      vertex 0.479663 29.6038 -1.77428e-06
      vertex 4.0628 24.4548 -1.77428e-06
      vertex -0.960624 29.1149 -1.77428e-06
    endloop
  endfacet
  facet normal 0.996196 -0.0871442 0
    outer loop
      vertex 2.02792 -20.9302 4.65116
      vertex 2.02792 -20.9302 -1.77428e-06
      vertex 2.08974 -20.2235 4.65116
    endloop
  endfacet
  facet normal 0.996196 -0.0871442 0
    outer loop
      vertex 2.08974 -20.2235 4.65116
      vertex 2.02792 -20.9302 -1.77428e-06
      vertex 2.08974 -20.2235 -1.77428e-06
    endloop
  endfacet
  facet normal 0.965922 -0.258834 0
    outer loop
      vertex 2.08974 -20.2235 4.65116
      vertex 2.08974 -20.2235 -1.77428e-06
      vertex 2.27335 -19.5383 4.65116
    endloop
  endfacet
  facet normal 0.965922 -0.258834 0
    outer loop
      vertex 2.27335 -19.5383 4.65116
      vertex 2.08974 -20.2235 -1.77428e-06
      vertex 2.27335 -19.5383 -1.77428e-06
    endloop
  endfacet
  facet normal 0.906322 -0.422588 0
    outer loop
      vertex 2.27335 -19.5383 4.65116
      vertex 2.27335 -19.5383 -1.77428e-06
      vertex 2.57316 -18.8953 4.65116
    endloop
  endfacet
  facet normal 0.906322 -0.422588 0
    outer loop
      vertex 2.57316 -18.8953 4.65116
      vertex 2.27335 -19.5383 -1.77428e-06
      vertex 2.57316 -18.8953 -1.77428e-06
    endloop
  endfacet
  facet normal 0.819146 -0.573585 0
    outer loop
      vertex 2.57316 -18.8953 4.65116
      vertex 2.57316 -18.8953 -1.77428e-06
      vertex 2.98006 -18.3142 4.65116
    endloop
  endfacet
  facet normal 0.819146 -0.573585 0
    outer loop
      vertex 2.98006 -18.3142 4.65116
      vertex 2.57316 -18.8953 -1.77428e-06
      vertex 2.98006 -18.3142 -1.77428e-06
    endloop
  endfacet
  facet normal 0.707093 -0.707121 0
    outer loop
      vertex 2.98006 -18.3142 4.65116
      vertex 2.98006 -18.3142 -1.77428e-06
      vertex 3.48168 -17.8126 4.65116
    endloop
  endfacet
  facet normal 0.707093 -0.707121 0
    outer loop
      vertex 3.48168 -17.8126 4.65116
      vertex 2.98006 -18.3142 -1.77428e-06
      vertex 3.48168 -17.8126 -1.77428e-06
    endloop
  endfacet
  facet normal 0.573572 -0.819155 0
    outer loop
      vertex 3.48168 -17.8126 4.65116
      vertex 3.48168 -17.8126 -1.77428e-06
      vertex 4.0628 -17.4057 4.65116
    endloop
  endfacet
  facet normal 0.573572 -0.819155 0
    outer loop
      vertex 4.0628 -17.4057 4.65116
      vertex 3.48168 -17.8126 -1.77428e-06
      vertex 4.0628 -17.4057 -1.77428e-06
    endloop
  endfacet
  facet normal 0.422615 -0.90631 0
    outer loop
      vertex 4.0628 -17.4057 4.65116
      vertex 4.0628 -17.4057 -1.77428e-06
      vertex 4.70573 -17.1059 4.65116
    endloop
  endfacet
  facet normal 0.422615 -0.90631 0
    outer loop
      vertex 4.70573 -17.1059 4.65116
      vertex 4.0628 -17.4057 -1.77428e-06
      vertex 4.70573 -17.1059 -1.77428e-06
    endloop
  endfacet
  facet normal 0.258807 -0.965929 0
    outer loop
      vertex 4.70573 -17.1059 4.65116
      vertex 4.70573 -17.1059 -1.77428e-06
      vertex 5.39097 -16.9223 4.65116
    endloop
  endfacet
  facet normal 0.258807 -0.965929 0
    outer loop
      vertex 5.39097 -16.9223 4.65116
      vertex 4.70573 -17.1059 -1.77428e-06
      vertex 5.39097 -16.9223 -1.77428e-06
    endloop
  endfacet
  facet normal 0.087115 -0.996198 0
    outer loop
      vertex 5.39097 -16.9223 4.65116
      vertex 5.39097 -16.9223 -1.77428e-06
      vertex 6.09768 -16.8605 4.65116
    endloop
  endfacet
  facet normal 0.087115 -0.996198 0
    outer loop
      vertex 6.09768 -16.8605 4.65116
      vertex 5.39097 -16.9223 -1.77428e-06
      vertex 6.09768 -16.8605 -1.77428e-06
    endloop
  endfacet
  facet normal -0.087115 -0.996198 -0
    outer loop
      vertex 6.09768 -16.8605 4.65116
      vertex 6.09768 -16.8605 -1.77428e-06
      vertex 6.80439 -16.9223 4.65116
    endloop
  endfacet
  facet normal -0.087115 -0.996198 -0
    outer loop
      vertex 6.80439 -16.9223 4.65116
      vertex 6.09768 -16.8605 -1.77428e-06
      vertex 6.80439 -16.9223 -1.77428e-06
    endloop
  endfacet
  facet normal -0.258807 -0.965929 -0
    outer loop
      vertex 6.80439 -16.9223 4.65116
      vertex 6.80439 -16.9223 -1.77428e-06
      vertex 7.48963 -17.1059 4.65116
    endloop
  endfacet
  facet normal -0.258807 -0.965929 -0
    outer loop
      vertex 7.48963 -17.1059 4.65116
      vertex 6.80439 -16.9223 -1.77428e-06
      vertex 7.48963 -17.1059 -1.77428e-06
    endloop
  endfacet
  facet normal -0.422609 -0.906312 -0
    outer loop
      vertex 7.48963 -17.1059 4.65116
      vertex 7.48963 -17.1059 -1.77428e-06
      vertex 8.13257 -17.4057 4.65116
    endloop
  endfacet
  facet normal -0.422609 -0.906312 -0
    outer loop
      vertex 8.13257 -17.4057 4.65116
      vertex 7.48963 -17.1059 -1.77428e-06
      vertex 8.13257 -17.4057 -1.77428e-06
    endloop
  endfacet
  facet normal -0.573579 -0.81915 -0
    outer loop
      vertex 8.13257 -17.4057 4.65116
      vertex 8.13257 -17.4057 -1.77428e-06
      vertex 8.71368 -17.8126 4.65116
    endloop
  endfacet
  facet normal -0.573579 -0.81915 -0
    outer loop
      vertex 8.71368 -17.8126 4.65116
      vertex 8.13257 -17.4057 -1.77428e-06
      vertex 8.71368 -17.8126 -1.77428e-06
    endloop
  endfacet
  facet normal -0.707093 -0.707121 -0
    outer loop
      vertex 8.71368 -17.8126 4.65116
      vertex 8.71368 -17.8126 -1.77428e-06
      vertex 9.2153 -18.3142 4.65116
    endloop
  endfacet
  facet normal -0.707093 -0.707121 -0
    outer loop
      vertex 9.2153 -18.3142 4.65116
      vertex 8.71368 -17.8126 -1.77428e-06
      vertex 9.2153 -18.3142 -1.77428e-06
    endloop
  endfacet
  facet normal -0.819146 -0.573585 -0
    outer loop
      vertex 9.2153 -18.3142 4.65116
      vertex 9.2153 -18.3142 -1.77428e-06
      vertex 9.6222 -18.8953 4.65116
    endloop
  endfacet
  facet normal -0.819146 -0.573585 -0
    outer loop
      vertex 9.6222 -18.8953 4.65116
      vertex 9.2153 -18.3142 -1.77428e-06
      vertex 9.6222 -18.8953 -1.77428e-06
    endloop
  endfacet
  facet normal -0.906327 -0.422577 -0
    outer loop
      vertex 9.6222 -18.8953 4.65116
      vertex 9.6222 -18.8953 -1.77428e-06
      vertex 9.922 -19.5383 4.65116
    endloop
  endfacet
  facet normal -0.906327 -0.422577 -0
    outer loop
      vertex 9.922 -19.5383 4.65116
      vertex 9.6222 -18.8953 -1.77428e-06
      vertex 9.922 -19.5383 -1.77428e-06
    endloop
  endfacet
  facet normal -0.965925 -0.258821 -0
    outer loop
      vertex 9.922 -19.5383 4.65116
      vertex 9.922 -19.5383 -1.77428e-06
      vertex 10.1056 -20.2235 4.65116
    endloop
  endfacet
  facet normal -0.965925 -0.258821 -0
    outer loop
      vertex 10.1056 -20.2235 4.65116
      vertex 9.922 -19.5383 -1.77428e-06
      vertex 10.1056 -20.2235 -1.77428e-06
    endloop
  endfacet
  facet normal -0.996198 -0.0871162 -0
    outer loop
      vertex 10.1056 -20.2235 4.65116
      vertex 10.1056 -20.2235 -1.77428e-06
      vertex 10.1674 -20.9302 4.65116
    endloop
  endfacet
  facet normal -0.996198 -0.0871162 -0
    outer loop
      vertex 10.1674 -20.9302 4.65116
      vertex 10.1056 -20.2235 -1.77428e-06
      vertex 10.1674 -20.9302 -1.77428e-06
    endloop
  endfacet
  facet normal -0.996198 0.0871162 0
    outer loop
      vertex 10.1674 -20.9302 4.65116
      vertex 10.1674 -20.9302 -1.77428e-06
      vertex 10.1056 -21.6369 4.65116
    endloop
  endfacet
  facet normal -0.996198 0.0871162 0
    outer loop
      vertex 10.1056 -21.6369 4.65116
      vertex 10.1674 -20.9302 -1.77428e-06
      vertex 10.1056 -21.6369 -1.77428e-06
    endloop
  endfacet
  facet normal -0.965935 0.258785 0
    outer loop
      vertex 10.1056 -21.6369 4.65116
      vertex 10.1056 -21.6369 -1.77428e-06
      vertex 9.922 -22.3222 4.65116
    endloop
  endfacet
  facet normal -0.965935 0.258785 0
    outer loop
      vertex 9.922 -22.3222 4.65116
      vertex 10.1056 -21.6369 -1.77428e-06
      vertex 9.922 -22.3222 -1.77428e-06
    endloop
  endfacet
  facet normal -0.906302 0.422631 0
    outer loop
      vertex 9.922 -22.3222 4.65116
      vertex 9.922 -22.3222 -1.77428e-06
      vertex 9.6222 -22.9651 4.65116
    endloop
  endfacet
  facet normal -0.906302 0.422631 0
    outer loop
      vertex 9.6222 -22.9651 4.65116
      vertex 9.922 -22.3222 -1.77428e-06
      vertex 9.6222 -22.9651 -1.77428e-06
    endloop
  endfacet
  facet normal -0.819146 0.573585 0
    outer loop
      vertex 9.6222 -22.9651 4.65116
      vertex 9.6222 -22.9651 -1.77428e-06
      vertex 9.2153 -23.5462 4.65116
    endloop
  endfacet
  facet normal -0.819146 0.573585 0
    outer loop
      vertex 9.2153 -23.5462 4.65116
      vertex 9.6222 -22.9651 -1.77428e-06
      vertex 9.2153 -23.5462 -1.77428e-06
    endloop
  endfacet
  facet normal -0.707093 0.707121 0
    outer loop
      vertex 9.2153 -23.5462 4.65116
      vertex 9.2153 -23.5462 -1.77428e-06
      vertex 8.71368 -24.0478 4.65116
    endloop
  endfacet
  facet normal -0.707093 0.707121 0
    outer loop
      vertex 8.71368 -24.0478 4.65116
      vertex 9.2153 -23.5462 -1.77428e-06
      vertex 8.71368 -24.0478 -1.77428e-06
    endloop
  endfacet
  facet normal -0.573579 0.81915 0
    outer loop
      vertex 8.71368 -24.0478 4.65116
      vertex 8.71368 -24.0478 -1.77428e-06
      vertex 8.13257 -24.4547 4.65116
    endloop
  endfacet
  facet normal -0.573579 0.81915 0
    outer loop
      vertex 8.13257 -24.4547 4.65116
      vertex 8.71368 -24.0478 -1.77428e-06
      vertex 8.13257 -24.4547 -1.77428e-06
    endloop
  endfacet
  facet normal -0.422725 0.906258 0
    outer loop
      vertex 8.13257 -24.4547 4.65116
      vertex 8.13257 -24.4547 -1.77428e-06
      vertex 7.48963 -24.7546 4.65116
    endloop
  endfacet
  facet normal -0.422725 0.906258 0
    outer loop
      vertex 7.48963 -24.7546 4.65116
      vertex 8.13257 -24.4547 -1.77428e-06
      vertex 7.48963 -24.7546 -1.77428e-06
    endloop
  endfacet
  facet normal -0.258807 0.965929 0
    outer loop
      vertex 7.48963 -24.7546 4.65116
      vertex 7.48963 -24.7546 -1.77428e-06
      vertex 6.80439 -24.9382 4.65116
    endloop
  endfacet
  facet normal -0.258807 0.965929 0
    outer loop
      vertex 6.80439 -24.9382 4.65116
      vertex 7.48963 -24.7546 -1.77428e-06
      vertex 6.80439 -24.9382 -1.77428e-06
    endloop
  endfacet
  facet normal -0.087115 0.996198 0
    outer loop
      vertex 6.80439 -24.9382 4.65116
      vertex 6.80439 -24.9382 -1.77428e-06
      vertex 6.09768 -25 4.65116
    endloop
  endfacet
  facet normal -0.087115 0.996198 0
    outer loop
      vertex 6.09768 -25 4.65116
      vertex 6.80439 -24.9382 -1.77428e-06
      vertex 6.09768 -25 -1.77428e-06
    endloop
  endfacet
  facet normal 0.087115 0.996198 0
    outer loop
      vertex 6.09768 -25 4.65116
      vertex 6.09768 -25 -1.77428e-06
      vertex 5.39097 -24.9382 4.65116
    endloop
  endfacet
  facet normal 0.087115 0.996198 0
    outer loop
      vertex 5.39097 -24.9382 4.65116
      vertex 6.09768 -25 -1.77428e-06
      vertex 5.39097 -24.9382 -1.77428e-06
    endloop
  endfacet
  facet normal 0.258807 0.965929 0
    outer loop
      vertex 5.39097 -24.9382 4.65116
      vertex 5.39097 -24.9382 -1.77428e-06
      vertex 4.70573 -24.7546 4.65116
    endloop
  endfacet
  facet normal 0.258807 0.965929 0
    outer loop
      vertex 4.70573 -24.7546 4.65116
      vertex 5.39097 -24.9382 -1.77428e-06
      vertex 4.70573 -24.7546 -1.77428e-06
    endloop
  endfacet
  facet normal 0.42273 0.906256 0
    outer loop
      vertex 4.70573 -24.7546 4.65116
      vertex 4.70573 -24.7546 -1.77428e-06
      vertex 4.0628 -24.4547 4.65116
    endloop
  endfacet
  facet normal 0.42273 0.906256 0
    outer loop
      vertex 4.0628 -24.4547 4.65116
      vertex 4.70573 -24.7546 -1.77428e-06
      vertex 4.0628 -24.4547 -1.77428e-06
    endloop
  endfacet
  facet normal 0.573572 0.819155 0
    outer loop
      vertex 4.0628 -24.4547 4.65116
      vertex 4.0628 -24.4547 -1.77428e-06
      vertex 3.48168 -24.0478 4.65116
    endloop
  endfacet
  facet normal 0.573572 0.819155 0
    outer loop
      vertex 3.48168 -24.0478 4.65116
      vertex 4.0628 -24.4547 -1.77428e-06
      vertex 3.48168 -24.0478 -1.77428e-06
    endloop
  endfacet
  facet normal 0.707093 0.707121 0
    outer loop
      vertex 3.48168 -24.0478 4.65116
      vertex 3.48168 -24.0478 -1.77428e-06
      vertex 2.98006 -23.5462 4.65116
    endloop
  endfacet
  facet normal 0.707093 0.707121 0
    outer loop
      vertex 2.98006 -23.5462 4.65116
      vertex 3.48168 -24.0478 -1.77428e-06
      vertex 2.98006 -23.5462 -1.77428e-06
    endloop
  endfacet
  facet normal 0.819146 0.573585 0
    outer loop
      vertex 2.98006 -23.5462 4.65116
      vertex 2.98006 -23.5462 -1.77428e-06
      vertex 2.57316 -22.9651 4.65116
    endloop
  endfacet
  facet normal 0.819146 0.573585 0
    outer loop
      vertex 2.57316 -22.9651 4.65116
      vertex 2.98006 -23.5462 -1.77428e-06
      vertex 2.57316 -22.9651 -1.77428e-06
    endloop
  endfacet
  facet normal 0.906297 0.422642 0
    outer loop
      vertex 2.57316 -22.9651 4.65116
      vertex 2.57316 -22.9651 -1.77428e-06
      vertex 2.27335 -22.3222 4.65116
    endloop
  endfacet
  facet normal 0.906297 0.422642 0
    outer loop
      vertex 2.27335 -22.3222 4.65116
      vertex 2.57316 -22.9651 -1.77428e-06
      vertex 2.27335 -22.3222 -1.77428e-06
    endloop
  endfacet
  facet normal 0.965931 0.258799 0
    outer loop
      vertex 2.27335 -22.3222 4.65116
      vertex 2.27335 -22.3222 -1.77428e-06
      vertex 2.08974 -21.6369 4.65116
    endloop
  endfacet
  facet normal 0.965931 0.258799 0
    outer loop
      vertex 2.08974 -21.6369 4.65116
      vertex 2.27335 -22.3222 -1.77428e-06
      vertex 2.08974 -21.6369 -1.77428e-06
    endloop
  endfacet
  facet normal 0.996196 0.0871442 0
    outer loop
      vertex 2.08974 -21.6369 4.65116
      vertex 2.08974 -21.6369 -1.77428e-06
      vertex 2.02792 -20.9302 4.65116
    endloop
  endfacet
  facet normal 0.996196 0.0871442 0
    outer loop
      vertex 2.02792 -20.9302 4.65116
      vertex 2.08974 -21.6369 -1.77428e-06
      vertex 2.02792 -20.9302 -1.77428e-06
    endloop
  endfacet
  facet normal 0.0812105 -0.996697 0
    outer loop
      vertex 5.3516 -30 4.65116
      vertex 5.3516 -30 -1.77428e-06
      vertex 7.23428 -29.8466 -1.77428e-06
    endloop
  endfacet
  facet normal 0.0812105 -0.996697 9.86082e-19
    outer loop
      vertex 5.3516 -30 4.65116
      vertex 7.23428 -29.8466 -1.77428e-06
      vertex 7.23428 -29.8466 4.65116
    endloop
  endfacet
  facet normal 0.241563 -0.970385 0
    outer loop
      vertex 7.23428 -29.8466 4.65116
      vertex 7.23428 -29.8466 -1.77428e-06
      vertex 9.06729 -29.3903 -1.77428e-06
    endloop
  endfacet
  facet normal 0.241563 -0.970385 -2.29509e-18
    outer loop
      vertex 7.23428 -29.8466 4.65116
      vertex 9.06729 -29.3903 -1.77428e-06
      vertex 9.06729 -29.3903 4.65116
    endloop
  endfacet
  facet normal 0.395469 -0.918479 0
    outer loop
      vertex 9.06729 -29.3903 4.65116
      vertex 9.06729 -29.3903 -1.77428e-06
      vertex 10.8022 -28.6433 -1.77428e-06
    endloop
  endfacet
  facet normal 0.395469 -0.918479 2.01498e-18
    outer loop
      vertex 9.06729 -29.3903 4.65116
      vertex 10.8022 -28.6433 -1.77428e-06
      vertex 10.8022 -28.6433 4.65116
    endloop
  endfacet
  facet normal 0.538915 -0.84236 0
    outer loop
      vertex 10.8022 -28.6433 4.65116
      vertex 10.8022 -28.6433 -1.77428e-06
      vertex 12.3934 -27.6253 -1.77428e-06
    endloop
  endfacet
  facet normal 0.538915 -0.84236 -6.66779e-18
    outer loop
      vertex 10.8022 -28.6433 4.65116
      vertex 12.3934 -27.6253 -1.77428e-06
      vertex 12.3934 -27.6253 4.65116
    endloop
  endfacet
  facet normal 0.668239 -0.743947 0
    outer loop
      vertex 12.3934 -27.6253 4.65116
      vertex 12.3934 -27.6253 -1.77428e-06
      vertex 13.7986 -26.3631 -1.77428e-06
    endloop
  endfacet
  facet normal 0.668239 -0.743947 1.06369e-17
    outer loop
      vertex 12.3934 -27.6253 4.65116
      vertex 13.7986 -26.3631 -1.77428e-06
      vertex 13.7986 -26.3631 4.65116
    endloop
  endfacet
  facet normal 0.779855 -0.62596 0
    outer loop
      vertex 13.7986 -26.3631 4.65116
      vertex 13.7986 -26.3631 -1.77428e-06
      vertex 14.981 -24.89 -1.77428e-06
    endloop
  endfacet
  facet normal 0.779855 -0.62596 1.356e-18
    outer loop
      vertex 13.7986 -26.3631 4.65116
      vertex 14.981 -24.89 -1.77428e-06
      vertex 14.981 -24.89 4.65116
    endloop
  endfacet
  facet normal 0.870912 -0.49144 0
    outer loop
      vertex 14.981 -24.89 4.65116
      vertex 14.981 -24.89 -1.77428e-06
      vertex 15.9093 -23.2449 -1.77428e-06
    endloop
  endfacet
  facet normal 0.870912 -0.49144 -7.92264e-18
    outer loop
      vertex 14.981 -24.89 4.65116
      vertex 15.9093 -23.2449 -1.77428e-06
      vertex 15.9093 -23.2449 4.65116
    endloop
  endfacet
  facet normal 0 -1 0
    outer loop
      vertex 3.48918 -30 -1.77428e-06
      vertex 5.3516 -30 -1.77428e-06
      vertex 3.48918 -30 4.65116
    endloop
  endfacet
  facet normal 0 -1 0
    outer loop
      vertex 3.48918 -30 4.65116
      vertex 5.3516 -30 -1.77428e-06
      vertex 5.3516 -30 4.65116
    endloop
  endfacet
  facet normal 0.90796 -0.419057 0
    outer loop
      vertex 19.7683 -14.8837 -1.77428e-06
      vertex 19.7683 -14.8837 4.65116
      vertex 15.9093 -23.2449 -1.77428e-06
    endloop
  endfacet
  facet normal 0.90796 -0.419057 0
    outer loop
      vertex 15.9093 -23.2449 -1.77428e-06
      vertex 19.7683 -14.8837 4.65116
      vertex 15.9093 -23.2449 4.65116
    endloop
  endfacet
  facet normal 0.996196 -0.0871442 0
    outer loop
      vertex 2.02792 20.9302 4.65116
      vertex 2.02792 20.9302 -1.77428e-06
      vertex 2.08974 21.6369 4.65116
    endloop
  endfacet
  facet normal 0.996196 -0.0871442 0
    outer loop
      vertex 2.08974 21.6369 4.65116
      vertex 2.02792 20.9302 -1.77428e-06
      vertex 2.08974 21.6369 -1.77428e-06
    endloop
  endfacet
  facet normal 0.965931 -0.258799 0
    outer loop
      vertex 2.08974 21.6369 4.65116
      vertex 2.08974 21.6369 -1.77428e-06
      vertex 2.27335 22.3222 4.65116
    endloop
  endfacet
  facet normal 0.965931 -0.258799 0
    outer loop
      vertex 2.27335 22.3222 4.65116
      vertex 2.08974 21.6369 -1.77428e-06
      vertex 2.27335 22.3222 -1.77428e-06
    endloop
  endfacet
  facet normal 0.906297 -0.422642 0
    outer loop
      vertex 2.27335 22.3222 4.65116
      vertex 2.27335 22.3222 -1.77428e-06
      vertex 2.57316 22.9651 4.65116
    endloop
  endfacet
  facet normal 0.906297 -0.422642 0
    outer loop
      vertex 2.57316 22.9651 4.65116
      vertex 2.27335 22.3222 -1.77428e-06
      vertex 2.57316 22.9651 -1.77428e-06
    endloop
  endfacet
  facet normal 0.819146 -0.573585 0
    outer loop
      vertex 2.57316 22.9651 4.65116
      vertex 2.57316 22.9651 -1.77428e-06
      vertex 2.98006 23.5462 4.65116
    endloop
  endfacet
  facet normal 0.819146 -0.573585 0
    outer loop
      vertex 2.98006 23.5462 4.65116
      vertex 2.57316 22.9651 -1.77428e-06
      vertex 2.98006 23.5462 -1.77428e-06
    endloop
  endfacet
  facet normal 0.707163 -0.70705 0
    outer loop
      vertex 2.98006 23.5462 4.65116
      vertex 2.98006 23.5462 -1.77428e-06
      vertex 3.48168 24.0479 4.65116
    endloop
  endfacet
  facet normal 0.707163 -0.70705 0
    outer loop
      vertex 3.48168 24.0479 4.65116
      vertex 2.98006 23.5462 -1.77428e-06
      vertex 3.48168 24.0479 -1.77428e-06
    endloop
  endfacet
  facet normal 0.573572 -0.819155 0
    outer loop
      vertex 3.48168 24.0479 4.65116
      vertex 3.48168 24.0479 -1.77428e-06
      vertex 4.0628 24.4548 4.65116
    endloop
  endfacet
  facet normal 0.573572 -0.819155 0
    outer loop
      vertex 4.0628 24.4548 4.65116
      vertex 3.48168 24.0479 -1.77428e-06
      vertex 4.0628 24.4548 -1.77428e-06
    endloop
  endfacet
  facet normal 0.422615 -0.90631 0
    outer loop
      vertex 4.0628 24.4548 4.65116
      vertex 4.0628 24.4548 -1.77428e-06
      vertex 4.70573 24.7546 4.65116
    endloop
  endfacet
  facet normal 0.422615 -0.90631 0
    outer loop
      vertex 4.70573 24.7546 4.65116
      vertex 4.0628 24.4548 -1.77428e-06
      vertex 4.70573 24.7546 -1.77428e-06
    endloop
  endfacet
  facet normal 0.258807 -0.965929 0
    outer loop
      vertex 4.70573 24.7546 4.65116
      vertex 4.70573 24.7546 -1.77428e-06
      vertex 5.39097 24.9382 4.65116
    endloop
  endfacet
  facet normal 0.258807 -0.965929 0
    outer loop
      vertex 5.39097 24.9382 4.65116
      vertex 4.70573 24.7546 -1.77428e-06
      vertex 5.39097 24.9382 -1.77428e-06
    endloop
  endfacet
  facet normal 0.087115 -0.996198 0
    outer loop
      vertex 5.39097 24.9382 4.65116
      vertex 5.39097 24.9382 -1.77428e-06
      vertex 6.09768 25 4.65116
    endloop
  endfacet
  facet normal 0.087115 -0.996198 0
    outer loop
      vertex 6.09768 25 4.65116
      vertex 5.39097 24.9382 -1.77428e-06
      vertex 6.09768 25 -1.77428e-06
    endloop
  endfacet
  facet normal -0.087115 -0.996198 -0
    outer loop
      vertex 6.09768 25 4.65116
      vertex 6.09768 25 -1.77428e-06
      vertex 6.80439 24.9382 4.65116
    endloop
  endfacet
  facet normal -0.087115 -0.996198 -0
    outer loop
      vertex 6.80439 24.9382 4.65116
      vertex 6.09768 25 -1.77428e-06
      vertex 6.80439 24.9382 -1.77428e-06
    endloop
  endfacet
  facet normal -0.258807 -0.965929 -0
    outer loop
      vertex 6.80439 24.9382 4.65116
      vertex 6.80439 24.9382 -1.77428e-06
      vertex 7.48963 24.7546 4.65116
    endloop
  endfacet
  facet normal -0.258807 -0.965929 -0
    outer loop
      vertex 7.48963 24.7546 4.65116
      vertex 6.80439 24.9382 -1.77428e-06
      vertex 7.48963 24.7546 -1.77428e-06
    endloop
  endfacet
  facet normal -0.422609 -0.906312 -0
    outer loop
      vertex 7.48963 24.7546 4.65116
      vertex 7.48963 24.7546 -1.77428e-06
      vertex 8.13257 24.4548 4.65116
    endloop
  endfacet
  facet normal -0.422609 -0.906312 -0
    outer loop
      vertex 8.13257 24.4548 4.65116
      vertex 7.48963 24.7546 -1.77428e-06
      vertex 8.13257 24.4548 -1.77428e-06
    endloop
  endfacet
  facet normal -0.573579 -0.81915 -0
    outer loop
      vertex 8.13257 24.4548 4.65116
      vertex 8.13257 24.4548 -1.77428e-06
      vertex 8.71368 24.0479 4.65116
    endloop
  endfacet
  facet normal -0.573579 -0.81915 -0
    outer loop
      vertex 8.71368 24.0479 4.65116
      vertex 8.13257 24.4548 -1.77428e-06
      vertex 8.71368 24.0479 -1.77428e-06
    endloop
  endfacet
  facet normal -0.707163 -0.70705 -0
    outer loop
      vertex 8.71368 24.0479 4.65116
      vertex 8.71368 24.0479 -1.77428e-06
      vertex 9.2153 23.5462 4.65116
    endloop
  endfacet
  facet normal -0.707163 -0.70705 -0
    outer loop
      vertex 9.2153 23.5462 4.65116
      vertex 8.71368 24.0479 -1.77428e-06
      vertex 9.2153 23.5462 -1.77428e-06
    endloop
  endfacet
  facet normal -0.819146 -0.573585 -0
    outer loop
      vertex 9.2153 23.5462 4.65116
      vertex 9.2153 23.5462 -1.77428e-06
      vertex 9.6222 22.9651 4.65116
    endloop
  endfacet
  facet normal -0.819146 -0.573585 -0
    outer loop
      vertex 9.6222 22.9651 4.65116
      vertex 9.2153 23.5462 -1.77428e-06
      vertex 9.6222 22.9651 -1.77428e-06
    endloop
  endfacet
  facet normal -0.906302 -0.422631 -0
    outer loop
      vertex 9.6222 22.9651 4.65116
      vertex 9.6222 22.9651 -1.77428e-06
      vertex 9.922 22.3222 4.65116
    endloop
  endfacet
  facet normal -0.906302 -0.422631 -0
    outer loop
      vertex 9.922 22.3222 4.65116
      vertex 9.6222 22.9651 -1.77428e-06
      vertex 9.922 22.3222 -1.77428e-06
    endloop
  endfacet
  facet normal -0.965935 -0.258785 -0
    outer loop
      vertex 9.922 22.3222 4.65116
      vertex 9.922 22.3222 -1.77428e-06
      vertex 10.1056 21.6369 4.65116
    endloop
  endfacet
  facet normal -0.965935 -0.258785 -0
    outer loop
      vertex 10.1056 21.6369 4.65116
      vertex 9.922 22.3222 -1.77428e-06
      vertex 10.1056 21.6369 -1.77428e-06
    endloop
  endfacet
  facet normal -0.996198 -0.0871162 -0
    outer loop
      vertex 10.1056 21.6369 4.65116
      vertex 10.1056 21.6369 -1.77428e-06
      vertex 10.1674 20.9302 4.65116
    endloop
  endfacet
  facet normal -0.996198 -0.0871162 -0
    outer loop
      vertex 10.1674 20.9302 4.65116
      vertex 10.1056 21.6369 -1.77428e-06
      vertex 10.1674 20.9302 -1.77428e-06
    endloop
  endfacet
  facet normal -0.996198 0.0871162 0
    outer loop
      vertex 10.1674 20.9302 4.65116
      vertex 10.1674 20.9302 -1.77428e-06
      vertex 10.1056 20.2235 4.65116
    endloop
  endfacet
  facet normal -0.996198 0.0871162 0
    outer loop
      vertex 10.1056 20.2235 4.65116
      vertex 10.1674 20.9302 -1.77428e-06
      vertex 10.1056 20.2235 -1.77428e-06
    endloop
  endfacet
  facet normal -0.965925 0.258821 0
    outer loop
      vertex 10.1056 20.2235 4.65116
      vertex 10.1056 20.2235 -1.77428e-06
      vertex 9.922 19.5383 4.65116
    endloop
  endfacet
  facet normal -0.965925 0.258821 0
    outer loop
      vertex 9.922 19.5383 4.65116
      vertex 10.1056 20.2235 -1.77428e-06
      vertex 9.922 19.5383 -1.77428e-06
    endloop
  endfacet
  facet normal -0.906327 0.422577 0
    outer loop
      vertex 9.922 19.5383 4.65116
      vertex 9.922 19.5383 -1.77428e-06
      vertex 9.6222 18.8953 4.65116
    endloop
  endfacet
  facet normal -0.906327 0.422577 0
    outer loop
      vertex 9.6222 18.8953 4.65116
      vertex 9.922 19.5383 -1.77428e-06
      vertex 9.6222 18.8953 -1.77428e-06
    endloop
  endfacet
  facet normal -0.819146 0.573585 0
    outer loop
      vertex 9.6222 18.8953 4.65116
      vertex 9.6222 18.8953 -1.77428e-06
      vertex 9.2153 18.3142 4.65116
    endloop
  endfacet
  facet normal -0.819146 0.573585 0
    outer loop
      vertex 9.2153 18.3142 4.65116
      vertex 9.6222 18.8953 -1.77428e-06
      vertex 9.2153 18.3142 -1.77428e-06
    endloop
  endfacet
  facet normal -0.707093 0.707121 0
    outer loop
      vertex 9.2153 18.3142 4.65116
      vertex 9.2153 18.3142 -1.77428e-06
      vertex 8.71368 17.8126 4.65116
    endloop
  endfacet
  facet normal -0.707093 0.707121 0
    outer loop
      vertex 8.71368 17.8126 4.65116
      vertex 9.2153 18.3142 -1.77428e-06
      vertex 8.71368 17.8126 -1.77428e-06
    endloop
  endfacet
  facet normal -0.573579 0.81915 0
    outer loop
      vertex 8.71368 17.8126 4.65116
      vertex 8.71368 17.8126 -1.77428e-06
      vertex 8.13257 17.4057 4.65116
    endloop
  endfacet
  facet normal -0.573579 0.81915 0
    outer loop
      vertex 8.13257 17.4057 4.65116
      vertex 8.71368 17.8126 -1.77428e-06
      vertex 8.13257 17.4057 -1.77428e-06
    endloop
  endfacet
  facet normal -0.422609 0.906312 0
    outer loop
      vertex 8.13257 17.4057 4.65116
      vertex 8.13257 17.4057 -1.77428e-06
      vertex 7.48963 17.1059 4.65116
    endloop
  endfacet
  facet normal -0.422609 0.906312 0
    outer loop
      vertex 7.48963 17.1059 4.65116
      vertex 8.13257 17.4057 -1.77428e-06
      vertex 7.48963 17.1059 -1.77428e-06
    endloop
  endfacet
  facet normal -0.258807 0.965929 0
    outer loop
      vertex 7.48963 17.1059 4.65116
      vertex 7.48963 17.1059 -1.77428e-06
      vertex 6.80439 16.9223 4.65116
    endloop
  endfacet
  facet normal -0.258807 0.965929 0
    outer loop
      vertex 6.80439 16.9223 4.65116
      vertex 7.48963 17.1059 -1.77428e-06
      vertex 6.80439 16.9223 -1.77428e-06
    endloop
  endfacet
  facet normal -0.087115 0.996198 0
    outer loop
      vertex 6.80439 16.9223 4.65116
      vertex 6.80439 16.9223 -1.77428e-06
      vertex 6.09768 16.8605 4.65116
    endloop
  endfacet
  facet normal -0.087115 0.996198 0
    outer loop
      vertex 6.09768 16.8605 4.65116
      vertex 6.80439 16.9223 -1.77428e-06
      vertex 6.09768 16.8605 -1.77428e-06
    endloop
  endfacet
  facet normal 0.087115 0.996198 0
    outer loop
      vertex 6.09768 16.8605 4.65116
      vertex 6.09768 16.8605 -1.77428e-06
      vertex 5.39097 16.9223 4.65116
    endloop
  endfacet
  facet normal 0.087115 0.996198 0
    outer loop
      vertex 5.39097 16.9223 4.65116
      vertex 6.09768 16.8605 -1.77428e-06
      vertex 5.39097 16.9223 -1.77428e-06
    endloop
  endfacet
  facet normal 0.258807 0.965929 0
    outer loop
      vertex 5.39097 16.9223 4.65116
      vertex 5.39097 16.9223 -1.77428e-06
      vertex 4.70573 17.1059 4.65116
    endloop
  endfacet
  facet normal 0.258807 0.965929 0
    outer loop
      vertex 4.70573 17.1059 4.65116
      vertex 5.39097 16.9223 -1.77428e-06
      vertex 4.70573 17.1059 -1.77428e-06
    endloop
  endfacet
  facet normal 0.422615 0.90631 0
    outer loop
      vertex 4.70573 17.1059 4.65116
      vertex 4.70573 17.1059 -1.77428e-06
      vertex 4.0628 17.4057 4.65116
    endloop
  endfacet
  facet normal 0.422615 0.90631 0
    outer loop
      vertex 4.0628 17.4057 4.65116
      vertex 4.70573 17.1059 -1.77428e-06
      vertex 4.0628 17.4057 -1.77428e-06
    endloop
  endfacet
  facet normal 0.573572 0.819155 0
    outer loop
      vertex 4.0628 17.4057 4.65116
      vertex 4.0628 17.4057 -1.77428e-06
      vertex 3.48168 17.8126 4.65116
    endloop
  endfacet
  facet normal 0.573572 0.819155 0
    outer loop
      vertex 3.48168 17.8126 4.65116
      vertex 4.0628 17.4057 -1.77428e-06
      vertex 3.48168 17.8126 -1.77428e-06
    endloop
  endfacet
  facet normal 0.707093 0.707121 0
    outer loop
      vertex 3.48168 17.8126 4.65116
      vertex 3.48168 17.8126 -1.77428e-06
      vertex 2.98006 18.3142 4.65116
    endloop
  endfacet
  facet normal 0.707093 0.707121 0
    outer loop
      vertex 2.98006 18.3142 4.65116
      vertex 3.48168 17.8126 -1.77428e-06
      vertex 2.98006 18.3142 -1.77428e-06
    endloop
  endfacet
  facet normal 0.819146 0.573585 0
    outer loop
      vertex 2.98006 18.3142 4.65116
      vertex 2.98006 18.3142 -1.77428e-06
      vertex 2.57316 18.8953 4.65116
    endloop
  endfacet
  facet normal 0.819146 0.573585 0
    outer loop
      vertex 2.57316 18.8953 4.65116
      vertex 2.98006 18.3142 -1.77428e-06
      vertex 2.57316 18.8953 -1.77428e-06
    endloop
  endfacet
  facet normal 0.906322 0.422588 0
    outer loop
      vertex 2.57316 18.8953 4.65116
      vertex 2.57316 18.8953 -1.77428e-06
      vertex 2.27335 19.5383 4.65116
    endloop
  endfacet
  facet normal 0.906322 0.422588 0
    outer loop
      vertex 2.27335 19.5383 4.65116
      vertex 2.57316 18.8953 -1.77428e-06
      vertex 2.27335 19.5383 -1.77428e-06
    endloop
  endfacet
  facet normal 0.965922 0.258834 0
    outer loop
      vertex 2.27335 19.5383 4.65116
      vertex 2.27335 19.5383 -1.77428e-06
      vertex 2.08974 20.2235 4.65116
    endloop
  endfacet
  facet normal 0.965922 0.258834 0
    outer loop
      vertex 2.08974 20.2235 4.65116
      vertex 2.27335 19.5383 -1.77428e-06
      vertex 2.08974 20.2235 -1.77428e-06
    endloop
  endfacet
  facet normal 0.996196 0.0871442 0
    outer loop
      vertex 2.08974 20.2235 4.65116
      vertex 2.08974 20.2235 -1.77428e-06
      vertex 2.02792 20.9302 4.65116
    endloop
  endfacet
  facet normal 0.996196 0.0871442 0
    outer loop
      vertex 2.02792 20.9302 4.65116
      vertex 2.08974 20.2235 -1.77428e-06
      vertex 2.02792 20.9302 -1.77428e-06
    endloop
  endfacet
  facet normal -0 1 0
    outer loop
      vertex 3.48918 30 4.65116
      vertex 5.3516 30 4.65116
      vertex 3.48918 30 -1.77428e-06
    endloop
  endfacet
  facet normal 0 1 0
    outer loop
      vertex 3.48918 30 -1.77428e-06
      vertex 5.3516 30 4.65116
      vertex 5.3516 30 -1.77428e-06
    endloop
  endfacet
  facet normal -1 -0 -0
    outer loop
      vertex -5.81314 6.97674 4.65116
      vertex -5.81314 6.97674 -1.77428e-06
      vertex -5.81314 -6.97674 4.65116
    endloop
  endfacet
  facet normal -1 0 0
    outer loop
      vertex -5.81314 -6.97674 4.65116
      vertex -5.81314 6.97674 -1.77428e-06
      vertex -5.81314 -6.97674 -1.77428e-06
    endloop
  endfacet
  facet normal -1 0 0
    outer loop
      vertex -19.7666 -18.3142 32.9289
      vertex -19.7666 -17.8126 33.4305
      vertex -19.7666 -12.7907 28.4884
    endloop
  endfacet
  facet normal -1 0 0
    outer loop
      vertex -19.7666 -12.7907 28.4884
      vertex -19.7666 -6.97674 28.4884
      vertex -19.7666 -12.7907 4.65116
    endloop
  endfacet
  facet normal -1 0 0
    outer loop
      vertex -19.7666 -12.7907 4.65116
      vertex -19.7666 -6.97674 28.4884
      vertex -19.7666 -6.97674 -1.77428e-06
    endloop
  endfacet
  facet normal -1 -0 -0
    outer loop
      vertex -19.7666 -12.7907 4.65116
      vertex -19.7666 -6.97674 -1.77428e-06
      vertex -19.7666 -18.3721 4.65116
    endloop
  endfacet
  facet normal -1 0 0
    outer loop
      vertex -19.7666 -18.3721 4.65116
      vertex -19.7666 -6.97674 -1.77428e-06
      vertex -19.7666 -18.3721 -1.77428e-06
    endloop
  endfacet
  facet normal -1 0 0
    outer loop
      vertex -19.7666 -17.4057 34.0116
      vertex -19.7666 -17.1059 34.6546
      vertex -19.7666 20.9302 43.6046
    endloop
  endfacet
  facet normal -1 -0 0
    outer loop
      vertex -19.7666 20.2235 40.0544
      vertex -19.7666 19.5383 39.8708
      vertex -19.7666 20.9302 43.6046
    endloop
  endfacet
  facet normal -1 0 0
    outer loop
      vertex -19.7666 20.9302 43.6046
      vertex -19.7666 19.5383 39.8708
      vertex -19.7666 18.8953 39.571
    endloop
  endfacet
  facet normal -1 0 0
    outer loop
      vertex -19.7666 20.9302 43.6046
      vertex -19.7666 18.8953 39.571
      vertex -19.7666 18.3142 39.1641
    endloop
  endfacet
  facet normal -1 0 0
    outer loop
      vertex -19.7666 17.4057 38.0814
      vertex -19.7666 17.1059 37.4384
      vertex -19.7666 6.97674 28.4884
    endloop
  endfacet
  facet normal -1 0 0
    outer loop
      vertex -19.7666 6.97674 28.4884
      vertex -19.7666 17.1059 37.4384
      vertex -19.7666 16.9223 36.7532
    endloop
  endfacet
  facet normal -1 0 0
    outer loop
      vertex -19.7666 16.9223 36.7532
      vertex -19.7666 16.8605 36.0465
      vertex -19.7666 6.97674 28.4884
    endloop
  endfacet
  facet normal -1 0 0
    outer loop
      vertex -19.7666 6.97674 28.4884
      vertex -19.7666 16.8605 36.0465
      vertex -19.7666 16.9223 35.3398
    endloop
  endfacet
  facet normal -1 0 0
    outer loop
      vertex -19.7666 6.97674 28.4884
      vertex -19.7666 16.9223 35.3398
      vertex -19.7666 17.1059 34.6546
    endloop
  endfacet
  facet normal -1 0 0
    outer loop
      vertex -19.7666 -17.1059 34.6546
      vertex -19.7666 -16.9223 35.3398
      vertex -19.7666 20.9302 43.6046
    endloop
  endfacet
  facet normal -1 0 0
    outer loop
      vertex -19.7666 20.9302 43.6046
      vertex -19.7666 -16.9223 35.3398
      vertex -19.7666 -16.8605 36.0465
    endloop
  endfacet
  facet normal -1 0 0
    outer loop
      vertex -19.7666 20.9302 43.6046
      vertex -19.7666 -16.8605 36.0465
      vertex -19.7666 -16.9223 36.7532
    endloop
  endfacet
  facet normal -1 0 0
    outer loop
      vertex -19.7666 -16.9223 36.7532
      vertex -19.7666 -17.1059 37.4384
      vertex -19.7666 20.9302 43.6046
    endloop
  endfacet
  facet normal -1 0 0
    outer loop
      vertex -19.7666 20.9302 43.6046
      vertex -19.7666 -17.1059 37.4384
      vertex -19.7666 -17.4057 38.0814
    endloop
  endfacet
  facet normal -1 0 0
    outer loop
      vertex -19.7666 20.9302 43.6046
      vertex -19.7666 -17.4057 38.0814
      vertex -19.7666 -17.8126 38.6625
    endloop
  endfacet
  facet normal -1 0 -0
    outer loop
      vertex -19.7666 17.4057 34.0116
      vertex -19.7666 17.8126 33.4305
      vertex -19.7666 12.7907 28.4884
    endloop
  endfacet
  facet normal -1 0 0
    outer loop
      vertex -19.7666 -17.8126 33.4305
      vertex -19.7666 -17.4057 34.0116
      vertex -19.7666 -12.7907 28.4884
    endloop
  endfacet
  facet normal -1 0 0
    outer loop
      vertex -19.7666 -12.7907 28.4884
      vertex -19.7666 -17.4057 34.0116
      vertex -19.7666 20.9302 43.6046
    endloop
  endfacet
  facet normal -1 0 0
    outer loop
      vertex -19.7666 -12.7907 28.4884
      vertex -19.7666 20.9302 43.6046
      vertex -19.7666 -6.97674 28.4884
    endloop
  endfacet
  facet normal -1 0 0
    outer loop
      vertex -19.7666 -6.97674 28.4884
      vertex -19.7666 20.9302 43.6046
      vertex -19.7666 18.3142 39.1641
    endloop
  endfacet
  facet normal -1 0 0
    outer loop
      vertex -19.7666 -6.97674 28.4884
      vertex -19.7666 18.3142 39.1641
      vertex -19.7666 6.97674 28.4884
    endloop
  endfacet
  facet normal -1 0 0
    outer loop
      vertex -19.7666 6.97674 28.4884
      vertex -19.7666 18.3142 39.1641
      vertex -19.7666 17.8126 38.6625
    endloop
  endfacet
  facet normal -1 0 0
    outer loop
      vertex -19.7666 6.97674 28.4884
      vertex -19.7666 17.8126 38.6625
      vertex -19.7666 17.4057 38.0814
    endloop
  endfacet
  facet normal -1 0 0
    outer loop
      vertex -19.7666 -17.8126 38.6625
      vertex -19.7666 -18.3142 39.1641
      vertex -19.7666 20.9302 43.6046
    endloop
  endfacet
  facet normal -1 0 0
    outer loop
      vertex -19.7666 20.9302 43.6046
      vertex -19.7666 -18.3142 39.1641
      vertex -19.7666 -18.8953 39.571
    endloop
  endfacet
  facet normal -1 -0 0
    outer loop
      vertex -19.7666 20.9302 43.6046
      vertex -19.7666 -18.8953 39.571
      vertex -19.7666 -20.9302 43.6046
    endloop
  endfacet
  facet normal -1 0 0
    outer loop
      vertex -19.7666 -20.9302 43.6046
      vertex -19.7666 -18.8953 39.571
      vertex -19.7666 -19.5383 39.8708
    endloop
  endfacet
  facet normal -1 -0 -0
    outer loop
      vertex -19.7666 -20.9302 31.9767
      vertex -19.7666 -20.9302 28.4884
      vertex -19.7666 -21.6369 32.0386
    endloop
  endfacet
  facet normal -1 0 -0
    outer loop
      vertex -19.7666 -21.6369 32.0386
      vertex -19.7666 -20.9302 28.4884
      vertex -19.7666 -22.2427 28.6032
    endloop
  endfacet
  facet normal -1 -0 0
    outer loop
      vertex -19.7666 -21.6369 32.0386
      vertex -19.7666 -22.2427 28.6032
      vertex -19.7666 -22.3222 32.2222
    endloop
  endfacet
  facet normal -1 0 -0
    outer loop
      vertex -19.7666 -22.3222 32.2222
      vertex -19.7666 -22.2427 28.6032
      vertex -19.7666 -23.5153 28.9442
    endloop
  endfacet
  facet normal -1 -0 0
    outer loop
      vertex -19.7666 -22.3222 32.2222
      vertex -19.7666 -23.5153 28.9442
      vertex -19.7666 -22.9651 32.522
    endloop
  endfacet
  facet normal -1 0 0
    outer loop
      vertex -19.7666 -22.9651 32.522
      vertex -19.7666 -23.5153 28.9442
      vertex -19.7666 -24.7093 29.501
    endloop
  endfacet
  facet normal -1 -0 0
    outer loop
      vertex -19.7666 -22.9651 32.522
      vertex -19.7666 -24.7093 29.501
      vertex -19.7666 -23.5462 32.9289
    endloop
  endfacet
  facet normal -1 0 0
    outer loop
      vertex -19.7666 -23.5462 32.9289
      vertex -19.7666 -24.7093 29.501
      vertex -19.7666 -25.7885 30.2566
    endloop
  endfacet
  facet normal -1 -0 0
    outer loop
      vertex -19.7666 -23.5462 32.9289
      vertex -19.7666 -25.7885 30.2566
      vertex -19.7666 -24.0478 33.4305
    endloop
  endfacet
  facet normal -1 0 0
    outer loop
      vertex -19.7666 -24.0478 33.4305
      vertex -19.7666 -25.7885 30.2566
      vertex -19.7666 -26.7201 31.1882
    endloop
  endfacet
  facet normal -1 -0 0
    outer loop
      vertex -19.7666 -24.0478 33.4305
      vertex -19.7666 -26.7201 31.1882
      vertex -19.7666 -24.4547 34.0116
    endloop
  endfacet
  facet normal -1 0 0
    outer loop
      vertex -19.7666 -24.4547 34.0116
      vertex -19.7666 -26.7201 31.1882
      vertex -19.7666 -27.4758 32.2674
    endloop
  endfacet
  facet normal -1 -0 0
    outer loop
      vertex -19.7666 -24.4547 34.0116
      vertex -19.7666 -27.4758 32.2674
      vertex -19.7666 -24.7546 34.6546
    endloop
  endfacet
  facet normal -1 0 0
    outer loop
      vertex -19.7666 -24.7546 34.6546
      vertex -19.7666 -27.4758 32.2674
      vertex -19.7666 -28.0325 33.4615
    endloop
  endfacet
  facet normal -1 -0 0
    outer loop
      vertex -19.7666 -24.7546 34.6546
      vertex -19.7666 -28.0325 33.4615
      vertex -19.7666 -24.9382 35.3398
    endloop
  endfacet
  facet normal -1 0 0
    outer loop
      vertex -19.7666 -24.9382 35.3398
      vertex -19.7666 -28.0325 33.4615
      vertex -19.7666 -28.3735 34.734
    endloop
  endfacet
  facet normal -1 -0 0
    outer loop
      vertex -19.7666 -24.9382 35.3398
      vertex -19.7666 -28.3735 34.734
      vertex -19.7666 -25 36.0465
    endloop
  endfacet
  facet normal -1 -0 0
    outer loop
      vertex -19.7666 -25 36.0465
      vertex -19.7666 -28.3735 34.734
      vertex -19.7666 -28.4884 36.0465
    endloop
  endfacet
  facet normal -1 0 0
    outer loop
      vertex -19.7666 -25 36.0465
      vertex -19.7666 -28.4884 36.0465
      vertex -19.7666 -24.9382 36.7532
    endloop
  endfacet
  facet normal -1 -0 0
    outer loop
      vertex -19.7666 -24.9382 36.7532
      vertex -19.7666 -28.4884 36.0465
      vertex -19.7666 -28.3735 37.359
    endloop
  endfacet
  facet normal -1 0 0
    outer loop
      vertex -19.7666 -24.9382 36.7532
      vertex -19.7666 -28.3735 37.359
      vertex -19.7666 -24.7546 37.4384
    endloop
  endfacet
  facet normal -1 -0 0
    outer loop
      vertex -19.7666 -24.7546 37.4384
      vertex -19.7666 -28.3735 37.359
      vertex -19.7666 -28.0325 38.6315
    endloop
  endfacet
  facet normal -1 0 0
    outer loop
      vertex -19.7666 -24.7546 37.4384
      vertex -19.7666 -28.0325 38.6315
      vertex -19.7666 -24.4547 38.0814
    endloop
  endfacet
  facet normal -1 0 0
    outer loop
      vertex -19.7666 -24.4547 38.0814
      vertex -19.7666 -28.0325 38.6315
      vertex -19.7666 -27.4758 39.8256
    endloop
  endfacet
  facet normal -1 0 0
    outer loop
      vertex -19.7666 -24.4547 38.0814
      vertex -19.7666 -27.4758 39.8256
      vertex -19.7666 -24.0478 38.6625
    endloop
  endfacet
  facet normal -1 0 0
    outer loop
      vertex -19.7666 -24.0478 38.6625
      vertex -19.7666 -27.4758 39.8256
      vertex -19.7666 -26.7201 40.9048
    endloop
  endfacet
  facet normal -1 0 0
    outer loop
      vertex -19.7666 -24.0478 38.6625
      vertex -19.7666 -26.7201 40.9048
      vertex -19.7666 -23.5462 39.1641
    endloop
  endfacet
  facet normal -1 0 0
    outer loop
      vertex -19.7666 -23.5462 39.1641
      vertex -19.7666 -26.7201 40.9048
      vertex -19.7666 -25.7885 41.8364
    endloop
  endfacet
  facet normal -1 0 0
    outer loop
      vertex -19.7666 -23.5462 39.1641
      vertex -19.7666 -25.7885 41.8364
      vertex -19.7666 -22.9651 39.571
    endloop
  endfacet
  facet normal -1 0 0
    outer loop
      vertex -19.7666 -22.9651 39.571
      vertex -19.7666 -25.7885 41.8364
      vertex -19.7666 -24.7093 42.592
    endloop
  endfacet
  facet normal -1 0 0
    outer loop
      vertex -19.7666 -22.9651 39.571
      vertex -19.7666 -24.7093 42.592
      vertex -19.7666 -22.3222 39.8708
    endloop
  endfacet
  facet normal -1 0 0
    outer loop
      vertex -19.7666 -22.3222 39.8708
      vertex -19.7666 -24.7093 42.592
      vertex -19.7666 -23.5153 43.1488
    endloop
  endfacet
  facet normal -1 0 0
    outer loop
      vertex -19.7666 -22.3222 39.8708
      vertex -19.7666 -23.5153 43.1488
      vertex -19.7666 -21.6369 40.0544
    endloop
  endfacet
  facet normal -1 0 0
    outer loop
      vertex -19.7666 -21.6369 40.0544
      vertex -19.7666 -23.5153 43.1488
      vertex -19.7666 -22.2427 43.4898
    endloop
  endfacet
  facet normal -1 0 0
    outer loop
      vertex -19.7666 -21.6369 40.0544
      vertex -19.7666 -22.2427 43.4898
      vertex -19.7666 -20.9302 40.1163
    endloop
  endfacet
  facet normal -1 0 0
    outer loop
      vertex -19.7666 -20.9302 40.1163
      vertex -19.7666 -22.2427 43.4898
      vertex -19.7666 -20.9302 43.6046
    endloop
  endfacet
  facet normal -1 0 0
    outer loop
      vertex -19.7666 -20.9302 40.1163
      vertex -19.7666 -20.9302 43.6046
      vertex -19.7666 -20.2235 40.0544
    endloop
  endfacet
  facet normal -1 0 0
    outer loop
      vertex -19.7666 -20.2235 40.0544
      vertex -19.7666 -20.9302 43.6046
      vertex -19.7666 -19.5383 39.8708
    endloop
  endfacet
  facet normal -1 0 0
    outer loop
      vertex -19.7666 -20.9302 31.9767
      vertex -19.7666 -20.2235 32.0386
      vertex -19.7666 -20.9302 28.4884
    endloop
  endfacet
  facet normal -1 0 0
    outer loop
      vertex -19.7666 -20.9302 28.4884
      vertex -19.7666 -20.2235 32.0386
      vertex -19.7666 -19.5383 32.2222
    endloop
  endfacet
  facet normal -1 0 0
    outer loop
      vertex -19.7666 -20.9302 28.4884
      vertex -19.7666 -19.5383 32.2222
      vertex -19.7666 -12.7907 28.4884
    endloop
  endfacet
  facet normal -1 0 0
    outer loop
      vertex -19.7666 -12.7907 28.4884
      vertex -19.7666 -19.5383 32.2222
      vertex -19.7666 -18.8953 32.522
    endloop
  endfacet
  facet normal -1 0 0
    outer loop
      vertex -19.7666 -12.7907 28.4884
      vertex -19.7666 -18.8953 32.522
      vertex -19.7666 -18.3142 32.9289
    endloop
  endfacet
  facet normal -1 0 -0
    outer loop
      vertex -19.7666 17.1059 34.6546
      vertex -19.7666 17.4057 34.0116
      vertex -19.7666 6.97674 28.4884
    endloop
  endfacet
  facet normal -1 0 0
    outer loop
      vertex -19.7666 6.97674 28.4884
      vertex -19.7666 17.4057 34.0116
      vertex -19.7666 12.7907 28.4884
    endloop
  endfacet
  facet normal -1 0 0
    outer loop
      vertex -19.7666 6.97674 28.4884
      vertex -19.7666 12.7907 28.4884
      vertex -19.7666 6.97674 -1.77428e-06
    endloop
  endfacet
  facet normal -1 0 0
    outer loop
      vertex -19.7666 6.97674 -1.77428e-06
      vertex -19.7666 12.7907 28.4884
      vertex -19.7666 12.7907 4.65116
    endloop
  endfacet
  facet normal -1 0 0
    outer loop
      vertex -19.7666 6.97674 -1.77428e-06
      vertex -19.7666 12.7907 4.65116
      vertex -19.7666 18.3721 -1.77428e-06
    endloop
  endfacet
  facet normal -1 0 0
    outer loop
      vertex -19.7666 18.3721 -1.77428e-06
      vertex -19.7666 12.7907 4.65116
      vertex -19.7666 18.3721 4.65116
    endloop
  endfacet
  facet normal -1 -0 -0
    outer loop
      vertex -19.7666 19.5383 32.2222
      vertex -19.7666 20.9302 28.4884
      vertex -19.7666 18.8953 32.522
    endloop
  endfacet
  facet normal -1 0 -0
    outer loop
      vertex -19.7666 18.8953 32.522
      vertex -19.7666 20.9302 28.4884
      vertex -19.7666 12.7907 28.4884
    endloop
  endfacet
  facet normal -1 -0 0
    outer loop
      vertex -19.7666 18.8953 32.522
      vertex -19.7666 12.7907 28.4884
      vertex -19.7666 18.3142 32.9289
    endloop
  endfacet
  facet normal -1 -0 0
    outer loop
      vertex -19.7666 18.3142 32.9289
      vertex -19.7666 12.7907 28.4884
      vertex -19.7666 17.8126 33.4305
    endloop
  endfacet
  facet normal -1 0 0
    outer loop
      vertex -19.7666 19.5383 32.2222
      vertex -19.7666 20.2235 32.0386
      vertex -19.7666 20.9302 28.4884
    endloop
  endfacet
  facet normal -1 0 0
    outer loop
      vertex -19.7666 20.9302 28.4884
      vertex -19.7666 20.2235 32.0386
      vertex -19.7666 20.9302 31.9767
    endloop
  endfacet
  facet normal -1 0 0
    outer loop
      vertex -19.7666 20.9302 28.4884
      vertex -19.7666 20.9302 31.9767
      vertex -19.7666 22.2427 28.6032
    endloop
  endfacet
  facet normal -1 0 0
    outer loop
      vertex -19.7666 22.2427 28.6032
      vertex -19.7666 20.9302 31.9767
      vertex -19.7666 21.6369 32.0386
    endloop
  endfacet
  facet normal -1 0 0
    outer loop
      vertex -19.7666 22.2427 28.6032
      vertex -19.7666 21.6369 32.0386
      vertex -19.7666 23.5153 28.9442
    endloop
  endfacet
  facet normal -1 0 0
    outer loop
      vertex -19.7666 23.5153 28.9442
      vertex -19.7666 21.6369 32.0386
      vertex -19.7666 22.3222 32.2222
    endloop
  endfacet
  facet normal -1 0 0
    outer loop
      vertex -19.7666 23.5153 28.9442
      vertex -19.7666 22.3222 32.2222
      vertex -19.7666 24.7093 29.501
    endloop
  endfacet
  facet normal -1 0 0
    outer loop
      vertex -19.7666 24.7093 29.501
      vertex -19.7666 22.3222 32.2222
      vertex -19.7666 22.9651 32.522
    endloop
  endfacet
  facet normal -1 0 0
    outer loop
      vertex -19.7666 24.7093 29.501
      vertex -19.7666 22.9651 32.522
      vertex -19.7666 25.7885 30.2566
    endloop
  endfacet
  facet normal -1 0 0
    outer loop
      vertex -19.7666 25.7885 30.2566
      vertex -19.7666 22.9651 32.522
      vertex -19.7666 23.5462 32.9289
    endloop
  endfacet
  facet normal -1 0 0
    outer loop
      vertex -19.7666 25.7885 30.2566
      vertex -19.7666 23.5462 32.9289
      vertex -19.7666 26.7201 31.1882
    endloop
  endfacet
  facet normal -1 0 0
    outer loop
      vertex -19.7666 26.7201 31.1882
      vertex -19.7666 23.5462 32.9289
      vertex -19.7666 24.0479 33.4305
    endloop
  endfacet
  facet normal -1 0 0
    outer loop
      vertex -19.7666 26.7201 31.1882
      vertex -19.7666 24.0479 33.4305
      vertex -19.7666 27.4758 32.2674
    endloop
  endfacet
  facet normal -1 0 0
    outer loop
      vertex -19.7666 27.4758 32.2674
      vertex -19.7666 24.0479 33.4305
      vertex -19.7666 24.4548 34.0116
    endloop
  endfacet
  facet normal -1 0 0
    outer loop
      vertex -19.7666 27.4758 32.2674
      vertex -19.7666 24.4548 34.0116
      vertex -19.7666 28.0326 33.4615
    endloop
  endfacet
  facet normal -1 0 0
    outer loop
      vertex -19.7666 28.0326 33.4615
      vertex -19.7666 24.4548 34.0116
      vertex -19.7666 24.7546 34.6546
    endloop
  endfacet
  facet normal -1 0 0
    outer loop
      vertex -19.7666 28.0326 33.4615
      vertex -19.7666 24.7546 34.6546
      vertex -19.7666 28.3735 34.734
    endloop
  endfacet
  facet normal -1 -0 0
    outer loop
      vertex -19.7666 28.3735 34.734
      vertex -19.7666 24.7546 34.6546
      vertex -19.7666 24.9382 35.3398
    endloop
  endfacet
  facet normal -1 0 0
    outer loop
      vertex -19.7666 28.3735 34.734
      vertex -19.7666 24.9382 35.3398
      vertex -19.7666 28.4884 36.0465
    endloop
  endfacet
  facet normal -1 -0 0
    outer loop
      vertex -19.7666 28.4884 36.0465
      vertex -19.7666 24.9382 35.3398
      vertex -19.7666 25 36.0465
    endloop
  endfacet
  facet normal -1 0 0
    outer loop
      vertex -19.7666 28.4884 36.0465
      vertex -19.7666 25 36.0465
      vertex -19.7666 28.3735 37.359
    endloop
  endfacet
  facet normal -1 0 0
    outer loop
      vertex -19.7666 28.3735 37.359
      vertex -19.7666 25 36.0465
      vertex -19.7666 24.9382 36.7532
    endloop
  endfacet
  facet normal -1 -0 0
    outer loop
      vertex -19.7666 28.3735 37.359
      vertex -19.7666 24.9382 36.7532
      vertex -19.7666 28.0326 38.6315
    endloop
  endfacet
  facet normal -1 0 0
    outer loop
      vertex -19.7666 28.0326 38.6315
      vertex -19.7666 24.9382 36.7532
      vertex -19.7666 24.7546 37.4384
    endloop
  endfacet
  facet normal -1 -0 0
    outer loop
      vertex -19.7666 28.0326 38.6315
      vertex -19.7666 24.7546 37.4384
      vertex -19.7666 27.4758 39.8256
    endloop
  endfacet
  facet normal -1 0 0
    outer loop
      vertex -19.7666 27.4758 39.8256
      vertex -19.7666 24.7546 37.4384
      vertex -19.7666 24.4548 38.0814
    endloop
  endfacet
  facet normal -1 -0 0
    outer loop
      vertex -19.7666 27.4758 39.8256
      vertex -19.7666 24.4548 38.0814
      vertex -19.7666 26.7201 40.9048
    endloop
  endfacet
  facet normal -1 0 0
    outer loop
      vertex -19.7666 26.7201 40.9048
      vertex -19.7666 24.4548 38.0814
      vertex -19.7666 24.0479 38.6625
    endloop
  endfacet
  facet normal -1 -0 0
    outer loop
      vertex -19.7666 26.7201 40.9048
      vertex -19.7666 24.0479 38.6625
      vertex -19.7666 25.7885 41.8364
    endloop
  endfacet
  facet normal -1 0 0
    outer loop
      vertex -19.7666 25.7885 41.8364
      vertex -19.7666 24.0479 38.6625
      vertex -19.7666 23.5462 39.1641
    endloop
  endfacet
  facet normal -1 -0 0
    outer loop
      vertex -19.7666 25.7885 41.8364
      vertex -19.7666 23.5462 39.1641
      vertex -19.7666 24.7093 42.592
    endloop
  endfacet
  facet normal -1 0 0
    outer loop
      vertex -19.7666 24.7093 42.592
      vertex -19.7666 23.5462 39.1641
      vertex -19.7666 22.9651 39.571
    endloop
  endfacet
  facet normal -1 -0 0
    outer loop
      vertex -19.7666 24.7093 42.592
      vertex -19.7666 22.9651 39.571
      vertex -19.7666 23.5153 43.1488
    endloop
  endfacet
  facet normal -1 0 0
    outer loop
      vertex -19.7666 23.5153 43.1488
      vertex -19.7666 22.9651 39.571
      vertex -19.7666 22.3222 39.8708
    endloop
  endfacet
  facet normal -1 -0 0
    outer loop
      vertex -19.7666 23.5153 43.1488
      vertex -19.7666 22.3222 39.8708
      vertex -19.7666 22.2427 43.4898
    endloop
  endfacet
  facet normal -1 0 -0
    outer loop
      vertex -19.7666 22.2427 43.4898
      vertex -19.7666 22.3222 39.8708
      vertex -19.7666 21.6369 40.0544
    endloop
  endfacet
  facet normal -1 -0 0
    outer loop
      vertex -19.7666 22.2427 43.4898
      vertex -19.7666 21.6369 40.0544
      vertex -19.7666 20.9302 43.6046
    endloop
  endfacet
  facet normal -1 0 0
    outer loop
      vertex -19.7666 20.9302 43.6046
      vertex -19.7666 21.6369 40.0544
      vertex -19.7666 20.9302 40.1163
    endloop
  endfacet
  facet normal -1 0 -0
    outer loop
      vertex -19.7666 20.9302 43.6046
      vertex -19.7666 20.9302 40.1163
      vertex -19.7666 20.2235 40.0544
    endloop
  endfacet
  facet normal 1 0 0
    outer loop
      vertex -15.1155 6.97674 43.6046
      vertex -15.1155 -6.97674 43.6046
      vertex -15.1155 6.97674 28.4884
    endloop
  endfacet
  facet normal 1 0 0
    outer loop
      vertex -15.1155 6.97674 28.4884
      vertex -15.1155 -6.97674 43.6046
      vertex -15.1155 -6.97674 28.4884
    endloop
  endfacet
  facet normal 1 0 0
    outer loop
      vertex -15.1155 18.8953 32.522
      vertex -15.1155 18.3142 32.9289
      vertex -15.1155 12.7907 28.4884
    endloop
  endfacet
  facet normal 1 0 0
    outer loop
      vertex -15.1155 18.8953 32.522
      vertex -15.1155 12.7907 28.4884
      vertex -15.1155 19.5383 32.2222
    endloop
  endfacet
  facet normal 1 0 0
    outer loop
      vertex -15.1155 19.5383 32.2222
      vertex -15.1155 12.7907 28.4884
      vertex -15.1155 20.9302 28.4884
    endloop
  endfacet
  facet normal 1 0 0
    outer loop
      vertex -15.1155 19.5383 32.2222
      vertex -15.1155 20.9302 28.4884
      vertex -15.1155 20.2235 32.0386
    endloop
  endfacet
  facet normal 1 0 0
    outer loop
      vertex -15.1155 16.9223 36.7532
      vertex -15.1155 12.7907 43.6046
      vertex -15.1155 16.8605 36.0465
    endloop
  endfacet
  facet normal 1 0 0
    outer loop
      vertex -15.1155 16.8605 36.0465
      vertex -15.1155 12.7907 43.6046
      vertex -15.1155 12.7907 28.4884
    endloop
  endfacet
  facet normal 1 0 0
    outer loop
      vertex -15.1155 16.8605 36.0465
      vertex -15.1155 12.7907 28.4884
      vertex -15.1155 16.9223 35.3398
    endloop
  endfacet
  facet normal 1 0 0
    outer loop
      vertex -15.1155 16.9223 35.3398
      vertex -15.1155 12.7907 28.4884
      vertex -15.1155 17.1059 34.6546
    endloop
  endfacet
  facet normal 1 0 -0
    outer loop
      vertex -15.1155 16.9223 36.7532
      vertex -15.1155 17.1059 37.4384
      vertex -15.1155 12.7907 43.6046
    endloop
  endfacet
  facet normal 1 0 0
    outer loop
      vertex -15.1155 12.7907 43.6046
      vertex -15.1155 17.1059 37.4384
      vertex -15.1155 17.4057 38.0814
    endloop
  endfacet
  facet normal 1 0 0
    outer loop
      vertex -15.1155 12.7907 43.6046
      vertex -15.1155 17.4057 38.0814
      vertex -15.1155 17.8126 38.6625
    endloop
  endfacet
  facet normal 1 0 0
    outer loop
      vertex -15.1155 18.3142 32.9289
      vertex -15.1155 17.8126 33.4305
      vertex -15.1155 12.7907 28.4884
    endloop
  endfacet
  facet normal 1 0 0
    outer loop
      vertex -15.1155 12.7907 28.4884
      vertex -15.1155 17.8126 33.4305
      vertex -15.1155 17.4057 34.0116
    endloop
  endfacet
  facet normal 1 0 0
    outer loop
      vertex -15.1155 12.7907 28.4884
      vertex -15.1155 17.4057 34.0116
      vertex -15.1155 17.1059 34.6546
    endloop
  endfacet
  facet normal 1 0 -0
    outer loop
      vertex -15.1155 19.5383 39.8708
      vertex -15.1155 20.9302 43.6046
      vertex -15.1155 18.8953 39.571
    endloop
  endfacet
  facet normal 1 0 -0
    outer loop
      vertex -15.1155 18.8953 39.571
      vertex -15.1155 20.9302 43.6046
      vertex -15.1155 12.7907 43.6046
    endloop
  endfacet
  facet normal 1 0 0
    outer loop
      vertex -15.1155 18.8953 39.571
      vertex -15.1155 12.7907 43.6046
      vertex -15.1155 18.3142 39.1641
    endloop
  endfacet
  facet normal 1 0 0
    outer loop
      vertex -15.1155 18.3142 39.1641
      vertex -15.1155 12.7907 43.6046
      vertex -15.1155 17.8126 38.6625
    endloop
  endfacet
  facet normal 1 0 0
    outer loop
      vertex -15.1155 19.5383 39.8708
      vertex -15.1155 20.2235 40.0544
      vertex -15.1155 20.9302 43.6046
    endloop
  endfacet
  facet normal 1 0 0
    outer loop
      vertex -15.1155 20.9302 43.6046
      vertex -15.1155 20.2235 40.0544
      vertex -15.1155 20.9302 40.1163
    endloop
  endfacet
  facet normal 1 0 0
    outer loop
      vertex -15.1155 20.9302 43.6046
      vertex -15.1155 20.9302 40.1163
      vertex -15.1155 22.2427 43.4898
    endloop
  endfacet
  facet normal 1 0 0
    outer loop
      vertex -15.1155 22.2427 43.4898
      vertex -15.1155 20.9302 40.1163
      vertex -15.1155 21.6369 40.0544
    endloop
  endfacet
  facet normal 1 0 0
    outer loop
      vertex -15.1155 22.2427 43.4898
      vertex -15.1155 21.6369 40.0544
      vertex -15.1155 23.5153 43.1488
    endloop
  endfacet
  facet normal 1 0 0
    outer loop
      vertex -15.1155 23.5153 43.1488
      vertex -15.1155 21.6369 40.0544
      vertex -15.1155 22.3222 39.8708
    endloop
  endfacet
  facet normal 1 0 0
    outer loop
      vertex -15.1155 23.5153 43.1488
      vertex -15.1155 22.3222 39.8708
      vertex -15.1155 24.7093 42.592
    endloop
  endfacet
  facet normal 1 0 0
    outer loop
      vertex -15.1155 24.7093 42.592
      vertex -15.1155 22.3222 39.8708
      vertex -15.1155 22.9651 39.571
    endloop
  endfacet
  facet normal 1 0 0
    outer loop
      vertex -15.1155 24.7093 42.592
      vertex -15.1155 22.9651 39.571
      vertex -15.1155 25.7885 41.8364
    endloop
  endfacet
  facet normal 1 0 0
    outer loop
      vertex -15.1155 25.7885 41.8364
      vertex -15.1155 22.9651 39.571
      vertex -15.1155 23.5462 39.1641
    endloop
  endfacet
  facet normal 1 0 0
    outer loop
      vertex -15.1155 25.7885 41.8364
      vertex -15.1155 23.5462 39.1641
      vertex -15.1155 26.7201 40.9048
    endloop
  endfacet
  facet normal 1 0 0
    outer loop
      vertex -15.1155 26.7201 40.9048
      vertex -15.1155 23.5462 39.1641
      vertex -15.1155 24.0479 38.6625
    endloop
  endfacet
  facet normal 1 0 0
    outer loop
      vertex -15.1155 26.7201 40.9048
      vertex -15.1155 24.0479 38.6625
      vertex -15.1155 27.4758 39.8256
    endloop
  endfacet
  facet normal 1 0 0
    outer loop
      vertex -15.1155 27.4758 39.8256
      vertex -15.1155 24.0479 38.6625
      vertex -15.1155 24.4548 38.0814
    endloop
  endfacet
  facet normal 1 0 0
    outer loop
      vertex -15.1155 27.4758 39.8256
      vertex -15.1155 24.4548 38.0814
      vertex -15.1155 28.0326 38.6315
    endloop
  endfacet
  facet normal 1 0 0
    outer loop
      vertex -15.1155 28.0326 38.6315
      vertex -15.1155 24.4548 38.0814
      vertex -15.1155 24.7546 37.4384
    endloop
  endfacet
  facet normal 1 0 0
    outer loop
      vertex -15.1155 28.0326 38.6315
      vertex -15.1155 24.7546 37.4384
      vertex -15.1155 28.3735 37.359
    endloop
  endfacet
  facet normal 1 0 0
    outer loop
      vertex -15.1155 28.3735 37.359
      vertex -15.1155 24.7546 37.4384
      vertex -15.1155 24.9382 36.7532
    endloop
  endfacet
  facet normal 1 0 0
    outer loop
      vertex -15.1155 28.3735 37.359
      vertex -15.1155 24.9382 36.7532
      vertex -15.1155 28.4884 36.0465
    endloop
  endfacet
  facet normal 1 0 0
    outer loop
      vertex -15.1155 28.4884 36.0465
      vertex -15.1155 24.9382 36.7532
      vertex -15.1155 25 36.0465
    endloop
  endfacet
  facet normal 1 0 0
    outer loop
      vertex -15.1155 28.4884 36.0465
      vertex -15.1155 25 36.0465
      vertex -15.1155 28.3735 34.734
    endloop
  endfacet
  facet normal 1 0 0
    outer loop
      vertex -15.1155 28.3735 34.734
      vertex -15.1155 25 36.0465
      vertex -15.1155 24.9382 35.3398
    endloop
  endfacet
  facet normal 1 0 0
    outer loop
      vertex -15.1155 28.3735 34.734
      vertex -15.1155 24.9382 35.3398
      vertex -15.1155 28.0326 33.4615
    endloop
  endfacet
  facet normal 1 0 0
    outer loop
      vertex -15.1155 28.0326 33.4615
      vertex -15.1155 24.9382 35.3398
      vertex -15.1155 24.7546 34.6546
    endloop
  endfacet
  facet normal 1 0 0
    outer loop
      vertex -15.1155 28.0326 33.4615
      vertex -15.1155 24.7546 34.6546
      vertex -15.1155 27.4758 32.2674
    endloop
  endfacet
  facet normal 1 0 0
    outer loop
      vertex -15.1155 27.4758 32.2674
      vertex -15.1155 24.7546 34.6546
      vertex -15.1155 24.4548 34.0116
    endloop
  endfacet
  facet normal 1 0 0
    outer loop
      vertex -15.1155 27.4758 32.2674
      vertex -15.1155 24.4548 34.0116
      vertex -15.1155 26.7201 31.1882
    endloop
  endfacet
  facet normal 1 0 0
    outer loop
      vertex -15.1155 26.7201 31.1882
      vertex -15.1155 24.4548 34.0116
      vertex -15.1155 24.0479 33.4305
    endloop
  endfacet
  facet normal 1 0 0
    outer loop
      vertex -15.1155 26.7201 31.1882
      vertex -15.1155 24.0479 33.4305
      vertex -15.1155 25.7885 30.2566
    endloop
  endfacet
  facet normal 1 0 0
    outer loop
      vertex -15.1155 25.7885 30.2566
      vertex -15.1155 24.0479 33.4305
      vertex -15.1155 23.5462 32.9289
    endloop
  endfacet
  facet normal 1 0 0
    outer loop
      vertex -15.1155 25.7885 30.2566
      vertex -15.1155 23.5462 32.9289
      vertex -15.1155 24.7093 29.501
    endloop
  endfacet
  facet normal 1 0 0
    outer loop
      vertex -15.1155 24.7093 29.501
      vertex -15.1155 23.5462 32.9289
      vertex -15.1155 22.9651 32.522
    endloop
  endfacet
  facet normal 1 0 0
    outer loop
      vertex -15.1155 24.7093 29.501
      vertex -15.1155 22.9651 32.522
      vertex -15.1155 23.5153 28.9442
    endloop
  endfacet
  facet normal 1 0 0
    outer loop
      vertex -15.1155 23.5153 28.9442
      vertex -15.1155 22.9651 32.522
      vertex -15.1155 22.3222 32.2222
    endloop
  endfacet
  facet normal 1 0 0
    outer loop
      vertex -15.1155 23.5153 28.9442
      vertex -15.1155 22.3222 32.2222
      vertex -15.1155 22.2427 28.6032
    endloop
  endfacet
  facet normal 1 0 -0
    outer loop
      vertex -15.1155 22.2427 28.6032
      vertex -15.1155 22.3222 32.2222
      vertex -15.1155 21.6369 32.0386
    endloop
  endfacet
  facet normal 1 0 0
    outer loop
      vertex -15.1155 22.2427 28.6032
      vertex -15.1155 21.6369 32.0386
      vertex -15.1155 20.9302 28.4884
    endloop
  endfacet
  facet normal 1 0 0
    outer loop
      vertex -15.1155 20.9302 28.4884
      vertex -15.1155 21.6369 32.0386
      vertex -15.1155 20.9302 31.9767
    endloop
  endfacet
  facet normal 1 0 -0
    outer loop
      vertex -15.1155 20.9302 28.4884
      vertex -15.1155 20.9302 31.9767
      vertex -15.1155 20.2235 32.0386
    endloop
  endfacet
  facet normal 1 -0 0
    outer loop
      vertex -15.1155 -19.5383 32.2222
      vertex -15.1155 -20.9302 28.4884
      vertex -15.1155 -18.8953 32.522
    endloop
  endfacet
  facet normal 1 0 0
    outer loop
      vertex -15.1155 -18.8953 32.522
      vertex -15.1155 -20.9302 28.4884
      vertex -15.1155 -12.7907 28.4884
    endloop
  endfacet
  facet normal 1 -0 0
    outer loop
      vertex -15.1155 -18.8953 32.522
      vertex -15.1155 -12.7907 28.4884
      vertex -15.1155 -18.3142 32.9289
    endloop
  endfacet
  facet normal 1 0 -0
    outer loop
      vertex -15.1155 -20.9302 40.1163
      vertex -15.1155 -20.9302 43.6046
      vertex -15.1155 -21.6369 40.0544
    endloop
  endfacet
  facet normal 1 0 -0
    outer loop
      vertex -15.1155 -21.6369 40.0544
      vertex -15.1155 -20.9302 43.6046
      vertex -15.1155 -22.2427 43.4898
    endloop
  endfacet
  facet normal 1 0 0
    outer loop
      vertex -15.1155 -21.6369 40.0544
      vertex -15.1155 -22.2427 43.4898
      vertex -15.1155 -22.3222 39.8708
    endloop
  endfacet
  facet normal 1 0 -0
    outer loop
      vertex -15.1155 -22.3222 39.8708
      vertex -15.1155 -22.2427 43.4898
      vertex -15.1155 -23.5153 43.1488
    endloop
  endfacet
  facet normal 1 0 0
    outer loop
      vertex -15.1155 -22.3222 39.8708
      vertex -15.1155 -23.5153 43.1488
      vertex -15.1155 -22.9651 39.571
    endloop
  endfacet
  facet normal 1 0 0
    outer loop
      vertex -15.1155 -22.9651 39.571
      vertex -15.1155 -23.5153 43.1488
      vertex -15.1155 -24.7093 42.592
    endloop
  endfacet
  facet normal 1 0 0
    outer loop
      vertex -15.1155 -22.9651 39.571
      vertex -15.1155 -24.7093 42.592
      vertex -15.1155 -23.5462 39.1641
    endloop
  endfacet
  facet normal 1 0 0
    outer loop
      vertex -15.1155 -23.5462 39.1641
      vertex -15.1155 -24.7093 42.592
      vertex -15.1155 -25.7885 41.8364
    endloop
  endfacet
  facet normal 1 0 0
    outer loop
      vertex -15.1155 -23.5462 39.1641
      vertex -15.1155 -25.7885 41.8364
      vertex -15.1155 -24.0478 38.6625
    endloop
  endfacet
  facet normal 1 0 0
    outer loop
      vertex -15.1155 -24.0478 38.6625
      vertex -15.1155 -25.7885 41.8364
      vertex -15.1155 -26.7201 40.9048
    endloop
  endfacet
  facet normal 1 0 0
    outer loop
      vertex -15.1155 -24.0478 38.6625
      vertex -15.1155 -26.7201 40.9048
      vertex -15.1155 -24.4547 38.0814
    endloop
  endfacet
  facet normal 1 0 0
    outer loop
      vertex -15.1155 -24.4547 38.0814
      vertex -15.1155 -26.7201 40.9048
      vertex -15.1155 -27.4758 39.8256
    endloop
  endfacet
  facet normal 1 0 0
    outer loop
      vertex -15.1155 -24.4547 38.0814
      vertex -15.1155 -27.4758 39.8256
      vertex -15.1155 -24.7546 37.4384
    endloop
  endfacet
  facet normal 1 0 0
    outer loop
      vertex -15.1155 -24.7546 37.4384
      vertex -15.1155 -27.4758 39.8256
      vertex -15.1155 -28.0325 38.6315
    endloop
  endfacet
  facet normal 1 0 0
    outer loop
      vertex -15.1155 -24.7546 37.4384
      vertex -15.1155 -28.0325 38.6315
      vertex -15.1155 -24.9382 36.7532
    endloop
  endfacet
  facet normal 1 0 0
    outer loop
      vertex -15.1155 -24.9382 36.7532
      vertex -15.1155 -28.0325 38.6315
      vertex -15.1155 -28.3735 37.359
    endloop
  endfacet
  facet normal 1 0 0
    outer loop
      vertex -15.1155 -24.9382 36.7532
      vertex -15.1155 -28.3735 37.359
      vertex -15.1155 -25 36.0465
    endloop
  endfacet
  facet normal 1 0 0
    outer loop
      vertex -15.1155 -25 36.0465
      vertex -15.1155 -28.3735 37.359
      vertex -15.1155 -28.4884 36.0465
    endloop
  endfacet
  facet normal 1 0 0
    outer loop
      vertex -15.1155 -25 36.0465
      vertex -15.1155 -28.4884 36.0465
      vertex -15.1155 -24.9382 35.3398
    endloop
  endfacet
  facet normal 1 0 0
    outer loop
      vertex -15.1155 -24.9382 35.3398
      vertex -15.1155 -28.4884 36.0465
      vertex -15.1155 -28.3735 34.734
    endloop
  endfacet
  facet normal 1 0 0
    outer loop
      vertex -15.1155 -24.9382 35.3398
      vertex -15.1155 -28.3735 34.734
      vertex -15.1155 -24.7546 34.6546
    endloop
  endfacet
  facet normal 1 0 0
    outer loop
      vertex -15.1155 -24.7546 34.6546
      vertex -15.1155 -28.3735 34.734
      vertex -15.1155 -28.0325 33.4615
    endloop
  endfacet
  facet normal 1 0 0
    outer loop
      vertex -15.1155 -24.7546 34.6546
      vertex -15.1155 -28.0325 33.4615
      vertex -15.1155 -24.4547 34.0116
    endloop
  endfacet
  facet normal 1 0 0
    outer loop
      vertex -15.1155 -24.4547 34.0116
      vertex -15.1155 -28.0325 33.4615
      vertex -15.1155 -27.4758 32.2674
    endloop
  endfacet
  facet normal 1 0 0
    outer loop
      vertex -15.1155 -24.4547 34.0116
      vertex -15.1155 -27.4758 32.2674
      vertex -15.1155 -24.0478 33.4305
    endloop
  endfacet
  facet normal 1 0 0
    outer loop
      vertex -15.1155 -24.0478 33.4305
      vertex -15.1155 -27.4758 32.2674
      vertex -15.1155 -26.7201 31.1882
    endloop
  endfacet
  facet normal 1 0 0
    outer loop
      vertex -15.1155 -24.0478 33.4305
      vertex -15.1155 -26.7201 31.1882
      vertex -15.1155 -23.5462 32.9289
    endloop
  endfacet
  facet normal 1 0 0
    outer loop
      vertex -15.1155 -23.5462 32.9289
      vertex -15.1155 -26.7201 31.1882
      vertex -15.1155 -25.7885 30.2566
    endloop
  endfacet
  facet normal 1 0 0
    outer loop
      vertex -15.1155 -23.5462 32.9289
      vertex -15.1155 -25.7885 30.2566
      vertex -15.1155 -22.9651 32.522
    endloop
  endfacet
  facet normal 1 0 0
    outer loop
      vertex -15.1155 -22.9651 32.522
      vertex -15.1155 -25.7885 30.2566
      vertex -15.1155 -24.7093 29.501
    endloop
  endfacet
  facet normal 1 0 0
    outer loop
      vertex -15.1155 -22.9651 32.522
      vertex -15.1155 -24.7093 29.501
      vertex -15.1155 -22.3222 32.2222
    endloop
  endfacet
  facet normal 1 0 0
    outer loop
      vertex -15.1155 -22.3222 32.2222
      vertex -15.1155 -24.7093 29.501
      vertex -15.1155 -23.5153 28.9442
    endloop
  endfacet
  facet normal 1 0 0
    outer loop
      vertex -15.1155 -22.3222 32.2222
      vertex -15.1155 -23.5153 28.9442
      vertex -15.1155 -21.6369 32.0386
    endloop
  endfacet
  facet normal 1 0 0
    outer loop
      vertex -15.1155 -21.6369 32.0386
      vertex -15.1155 -23.5153 28.9442
      vertex -15.1155 -22.2427 28.6032
    endloop
  endfacet
  facet normal 1 0 0
    outer loop
      vertex -15.1155 -21.6369 32.0386
      vertex -15.1155 -22.2427 28.6032
      vertex -15.1155 -20.9302 31.9767
    endloop
  endfacet
  facet normal 1 0 0
    outer loop
      vertex -15.1155 -20.9302 31.9767
      vertex -15.1155 -22.2427 28.6032
      vertex -15.1155 -20.9302 28.4884
    endloop
  endfacet
  facet normal 1 -0 0
    outer loop
      vertex -15.1155 -20.9302 31.9767
      vertex -15.1155 -20.9302 28.4884
      vertex -15.1155 -20.2235 32.0386
    endloop
  endfacet
  facet normal 1 -0 0
    outer loop
      vertex -15.1155 -20.2235 32.0386
      vertex -15.1155 -20.9302 28.4884
      vertex -15.1155 -19.5383 32.2222
    endloop
  endfacet
  facet normal 1 0 0
    outer loop
      vertex -15.1155 -17.1059 34.6546
      vertex -15.1155 -17.4057 34.0116
      vertex -15.1155 -12.7907 28.4884
    endloop
  endfacet
  facet normal 1 0 0
    outer loop
      vertex -15.1155 -12.7907 28.4884
      vertex -15.1155 -17.4057 34.0116
      vertex -15.1155 -17.8126 33.4305
    endloop
  endfacet
  facet normal 1 0 0
    outer loop
      vertex -15.1155 -12.7907 28.4884
      vertex -15.1155 -17.8126 33.4305
      vertex -15.1155 -18.3142 32.9289
    endloop
  endfacet
  facet normal 1 -0 0
    outer loop
      vertex -15.1155 -20.9302 40.1163
      vertex -15.1155 -20.2235 40.0544
      vertex -15.1155 -20.9302 43.6046
    endloop
  endfacet
  facet normal 1 0 0
    outer loop
      vertex -15.1155 -20.9302 43.6046
      vertex -15.1155 -20.2235 40.0544
      vertex -15.1155 -19.5383 39.8708
    endloop
  endfacet
  facet normal 1 -0 0
    outer loop
      vertex -15.1155 -20.9302 43.6046
      vertex -15.1155 -19.5383 39.8708
      vertex -15.1155 -12.7907 43.6046
    endloop
  endfacet
  facet normal 1 0 0
    outer loop
      vertex -15.1155 -12.7907 43.6046
      vertex -15.1155 -19.5383 39.8708
      vertex -15.1155 -18.8953 39.571
    endloop
  endfacet
  facet normal 1 0 0
    outer loop
      vertex -15.1155 -12.7907 43.6046
      vertex -15.1155 -18.8953 39.571
      vertex -15.1155 -18.3142 39.1641
    endloop
  endfacet
  facet normal 1 -0 0
    outer loop
      vertex -15.1155 -18.3142 39.1641
      vertex -15.1155 -17.8126 38.6625
      vertex -15.1155 -12.7907 43.6046
    endloop
  endfacet
  facet normal 1 0 0
    outer loop
      vertex -15.1155 -12.7907 43.6046
      vertex -15.1155 -17.8126 38.6625
      vertex -15.1155 -17.4057 38.0814
    endloop
  endfacet
  facet normal 1 0 0
    outer loop
      vertex -15.1155 -12.7907 43.6046
      vertex -15.1155 -17.4057 38.0814
      vertex -15.1155 -17.1059 37.4384
    endloop
  endfacet
  facet normal 1 -0 0
    outer loop
      vertex -15.1155 -17.1059 37.4384
      vertex -15.1155 -16.9223 36.7532
      vertex -15.1155 -12.7907 43.6046
    endloop
  endfacet
  facet normal 1 0 0
    outer loop
      vertex -15.1155 -12.7907 43.6046
      vertex -15.1155 -16.9223 36.7532
      vertex -15.1155 -16.8605 36.0465
    endloop
  endfacet
  facet normal 1 0 0
    outer loop
      vertex -15.1155 -12.7907 43.6046
      vertex -15.1155 -16.8605 36.0465
      vertex -15.1155 -12.7907 28.4884
    endloop
  endfacet
  facet normal 1 0 0
    outer loop
      vertex -15.1155 -12.7907 28.4884
      vertex -15.1155 -16.8605 36.0465
      vertex -15.1155 -16.9223 35.3398
    endloop
  endfacet
  facet normal 1 0 0
    outer loop
      vertex -15.1155 -12.7907 28.4884
      vertex -15.1155 -16.9223 35.3398
      vertex -15.1155 -17.1059 34.6546
    endloop
  endfacet
  facet normal -0.499998 -0.866027 -0
    outer loop
      vertex -2.32476 -28.4421 4.65116
      vertex -19.7666 -18.3721 4.65116
      vertex -2.32476 -28.4421 -1.77428e-06
    endloop
  endfacet
  facet normal -0.499998 -0.866027 -9.69142e-17
    outer loop
      vertex -2.32476 -28.4421 -1.77428e-06
      vertex -19.7666 -18.3721 4.65116
      vertex -19.7666 -18.3721 -1.77428e-06
    endloop
  endfacet
  facet normal -0.500002 0.866024 0
    outer loop
      vertex -2.32476 28.4422 -1.77428e-06
      vertex -19.7666 18.3721 -1.77428e-06
      vertex -2.32476 28.4422 4.65116
    endloop
  endfacet
  facet normal -0.500002 0.866024 -1.32363e-16
    outer loop
      vertex -2.32476 28.4422 4.65116
      vertex -19.7666 18.3721 -1.77428e-06
      vertex -19.7666 18.3721 4.65116
    endloop
  endfacet
  facet normal -0.0654176 0.997858 0
    outer loop
      vertex 3.48918 30 4.65116
      vertex 3.48918 30 -1.77428e-06
      vertex 1.97144 29.9005 -1.77428e-06
    endloop
  endfacet
  facet normal -0.0654176 0.997858 -1.68562e-18
    outer loop
      vertex 3.48918 30 4.65116
      vertex 1.97144 29.9005 -1.77428e-06
      vertex 1.97144 29.9005 4.65116
    endloop
  endfacet
  facet normal -0.19507 0.980789 0
    outer loop
      vertex 1.97144 29.9005 4.65116
      vertex 1.97144 29.9005 -1.77428e-06
      vertex 0.479663 29.6038 -1.77428e-06
    endloop
  endfacet
  facet normal -0.19507 0.980789 -1.15806e-18
    outer loop
      vertex 1.97144 29.9005 4.65116
      vertex 0.479663 29.6038 -1.77428e-06
      vertex 0.479663 29.6038 4.65116
    endloop
  endfacet
  facet normal -0.321433 0.946932 0
    outer loop
      vertex 0.479663 29.6038 4.65116
      vertex 0.479663 29.6038 -1.77428e-06
      vertex -0.960624 29.1149 -1.77428e-06
    endloop
  endfacet
  facet normal -0.321433 0.946932 1.9572e-18
    outer loop
      vertex 0.479663 29.6038 4.65116
      vertex -0.960624 29.1149 -1.77428e-06
      vertex -0.960624 29.1149 4.65116
    endloop
  endfacet
  facet normal -0.442279 0.896877 0
    outer loop
      vertex -0.960624 29.1149 4.65116
      vertex -0.960624 29.1149 -1.77428e-06
      vertex -2.32476 28.4422 -1.77428e-06
    endloop
  endfacet
  facet normal -0.442279 0.896877 4.23156e-18
    outer loop
      vertex -0.960624 29.1149 4.65116
      vertex -2.32476 28.4422 -1.77428e-06
      vertex -2.32476 28.4422 4.65116
    endloop
  endfacet
  facet normal -0.0654176 -0.997858 0
    outer loop
      vertex 3.48918 -30 -1.77428e-06
      vertex 3.48918 -30 4.65116
      vertex 1.97144 -29.9005 4.65116
    endloop
  endfacet
  facet normal -0.0654176 -0.997858 1.68562e-18
    outer loop
      vertex 3.48918 -30 -1.77428e-06
      vertex 1.97144 -29.9005 4.65116
      vertex 1.97144 -29.9005 -1.77428e-06
    endloop
  endfacet
  facet normal -0.19507 -0.980789 0
    outer loop
      vertex 1.97144 -29.9005 -1.77428e-06
      vertex 1.97144 -29.9005 4.65116
      vertex 0.479663 -29.6038 4.65116
    endloop
  endfacet
  facet normal -0.19507 -0.980789 1.15806e-18
    outer loop
      vertex 1.97144 -29.9005 -1.77428e-06
      vertex 0.479663 -29.6038 4.65116
      vertex 0.479663 -29.6038 -1.77428e-06
    endloop
  endfacet
  facet normal -0.321433 -0.946932 0
    outer loop
      vertex 0.479663 -29.6038 -1.77428e-06
      vertex 0.479663 -29.6038 4.65116
      vertex -0.960624 -29.1149 4.65116
    endloop
  endfacet
  facet normal -0.321433 -0.946932 -1.9572e-18
    outer loop
      vertex 0.479663 -29.6038 -1.77428e-06
      vertex -0.960624 -29.1149 4.65116
      vertex -0.960624 -29.1149 -1.77428e-06
    endloop
  endfacet
  facet normal -0.442332 -0.896851 0
    outer loop
      vertex -0.960624 -29.1149 -1.77428e-06
      vertex -0.960624 -29.1149 4.65116
      vertex -2.32476 -28.4421 4.65116
    endloop
  endfacet
  facet normal -0.442332 -0.896851 9.15842e-19
    outer loop
      vertex -0.960624 -29.1149 -1.77428e-06
      vertex -2.32476 -28.4421 4.65116
      vertex -2.32476 -28.4421 -1.77428e-06
    endloop
  endfacet
endsolid OpenSCAD_Model
