solid OpenSCAD_Model
  facet normal -0.562956 -0.0901426 -0.821556
    outer loop
      vertex -4.29028 -1.38359 0
      vertex -4.20679 -1.905 0
      vertex -5.1325 -2.03183 0.648242
    endloop
  endfacet
  facet normal -0.559051 -0.115824 -0.821004
    outer loop
      vertex -5.1325 -2.03183 0.648242
      vertex -4.20679 -1.905 0
      vertex -5.02174 -2.56644 0.648242
    endloop
  endfacet
  facet normal -0.557413 -0.118551 -0.821728
    outer loop
      vertex -5.02174 -2.56644 0.648242
      vertex -4.20679 -1.905 0
      vertex -4.09694 -2.4215 0
    endloop
  endfacet
  facet normal -0.553026 -0.142658 -0.82086
    outer loop
      vertex -5.02174 -2.56644 0.648242
      vertex -4.09694 -2.4215 0
      vertex -4.88537 -3.09509 0.648242
    endloop
  endfacet
  facet normal -0.550475 -0.146622 -0.821875
    outer loop
      vertex -4.88537 -3.09509 0.648242
      vertex -4.09694 -2.4215 0
      vertex -3.96103 -2.93176 0
    endloop
  endfacet
  facet normal -0.545689 -0.169175 -0.820733
    outer loop
      vertex -4.88537 -3.09509 0.648242
      vertex -3.96103 -2.93176 0
      vertex -4.7237 -3.61657 0.648242
    endloop
  endfacet
  facet normal -0.542154 -0.174312 -0.822
    outer loop
      vertex -4.7237 -3.61657 0.648242
      vertex -3.96103 -2.93176 0
      vertex -3.7994 -3.43447 0
    endloop
  endfacet
  facet normal -0.537054 -0.195308 -0.820626
    outer loop
      vertex -4.7237 -3.61657 0.648242
      vertex -3.7994 -3.43447 0
      vertex -4.53711 -4.12965 0.648242
    endloop
  endfacet
  facet normal -0.532467 -0.201554 -0.822104
    outer loop
      vertex -4.53711 -4.12965 0.648242
      vertex -3.7994 -3.43447 0
      vertex -3.61246 -3.92833 0
    endloop
  endfacet
  facet normal -0.52714 -0.220986 -0.820541
    outer loop
      vertex -4.53711 -4.12965 0.648242
      vertex -3.61246 -3.92833 0
      vertex -4.32603 -4.63316 0.648242
    endloop
  endfacet
  facet normal -0.521451 -0.228257 -0.822184
    outer loop
      vertex -4.32603 -4.63316 0.648242
      vertex -3.61246 -3.92833 0
      vertex -3.40071 -4.41207 0
    endloop
  endfacet
  facet normal -0.515979 -0.246146 -0.820474
    outer loop
      vertex -4.32603 -4.63316 0.648242
      vertex -3.40071 -4.41207 0
      vertex -4.09096 -5.12592 0.648242
    endloop
  endfacet
  facet normal -0.509119 -0.254387 -0.822244
    outer loop
      vertex -4.09096 -5.12592 0.648242
      vertex -3.40071 -4.41207 0
      vertex -3.16469 -4.88443 0
    endloop
  endfacet
  facet normal -0.503584 -0.270742 -0.820428
    outer loop
      vertex -4.09096 -5.12592 0.648242
      vertex -3.16469 -4.88443 0
      vertex -3.83243 -5.60679 0.648242
    endloop
  endfacet
  facet normal -0.495501 -0.279877 -0.822282
    outer loop
      vertex -3.83243 -5.60679 0.648242
      vertex -3.16469 -4.88443 0
      vertex -2.90499 -5.34421 0
    endloop
  endfacet
  facet normal -0.489999 -0.294678 -0.820406
    outer loop
      vertex -3.83243 -5.60679 0.648242
      vertex -2.90499 -5.34421 0
      vertex -3.55106 -6.07466 0.648242
    endloop
  endfacet
  facet normal -0.480644 -0.304635 -0.822301
    outer loop
      vertex -3.55106 -6.07466 0.648242
      vertex -2.90499 -5.34421 0
      vertex -2.6223 -5.79023 0
    endloop
  endfacet
  facet normal -0.475241 -0.317945 -0.8204
    outer loop
      vertex -3.55106 -6.07466 0.648242
      vertex -2.6223 -5.79023 0
      vertex -3.24748 -6.52843 0.648242
    endloop
  endfacet
  facet normal -0.46457 -0.328645 -0.822294
    outer loop
      vertex -3.24748 -6.52843 0.648242
      vertex -2.6223 -5.79023 0
      vertex -2.31734 -6.22132 0
    endloop
  endfacet
  facet normal -0.459364 -0.340447 -0.820415
    outer loop
      vertex -3.24748 -6.52843 0.648242
      vertex -2.31734 -6.22132 0
      vertex -2.9224 -6.96706 0.648242
    endloop
  endfacet
  facet normal -0.447329 -0.351819 -0.822265
    outer loop
      vertex -2.9224 -6.96706 0.648242
      vertex -2.31734 -6.22132 0
      vertex -1.9909 -6.63638 0
    endloop
  endfacet
  facet normal -0.44241 -0.362123 -0.820452
    outer loop
      vertex -2.9224 -6.96706 0.648242
      vertex -1.9909 -6.63638 0
      vertex -2.57659 -7.38954 0.648242
    endloop
  endfacet
  facet normal -0.428951 -0.374109 -0.822218
    outer loop
      vertex -2.57659 -7.38954 0.648242
      vertex -1.9909 -6.63638 0
      vertex -1.64382 -7.03434 0
    endloop
  endfacet
  facet normal -0.424392 -0.382961 -0.820508
    outer loop
      vertex -2.57659 -7.38954 0.648242
      vertex -1.64382 -7.03434 0
      vertex -2.21083 -7.79487 0.648242
    endloop
  endfacet
  facet normal -0.409491 -0.395466 -0.822146
    outer loop
      vertex -2.21083 -7.79487 0.648242
      vertex -1.64382 -7.03434 0
      vertex -1.27699 -7.41418 0
    endloop
  endfacet
  facet normal -0.405386 -0.402874 -0.820582
    outer loop
      vertex -2.21083 -7.79487 0.648242
      vertex -1.27699 -7.41418 0
      vertex -1.82598 -8.18212 0.648242
    endloop
  endfacet
  facet normal -0.388986 -0.415838 -0.822051
    outer loop
      vertex -1.82598 -8.18212 0.648242
      vertex -1.27699 -7.41418 0
      vertex -0.891359 -7.77491 0
    endloop
  endfacet
  facet normal -0.385429 -0.421818 -0.820679
    outer loop
      vertex -1.82598 -8.18212 0.648242
      vertex -0.891359 -7.77491 0
      vertex -1.42293 -8.5504 0.648242
    endloop
  endfacet
  facet normal -0.367491 -0.435166 -0.821937
    outer loop
      vertex -1.42293 -8.5504 0.648242
      vertex -0.891359 -7.77491 0
      vertex -0.487918 -8.11561 0
    endloop
  endfacet
  facet normal -0.364564 -0.439759 -0.820796
    outer loop
      vertex -1.42293 -8.5504 0.648242
      vertex -0.487918 -8.11561 0
      vertex -1.00262 -8.89884 0.648242
    endloop
  endfacet
  facet normal -0.345057 -0.45341 -0.8218
    outer loop
      vertex -1.00262 -8.89884 0.648242
      vertex -0.487918 -8.11561 0
      vertex -0.0677089 -8.4354 0
    endloop
  endfacet
  facet normal -0.342851 -0.456644 -0.820932
    outer loop
      vertex -1.00262 -8.89884 0.648242
      vertex -0.0677089 -8.4354 0
      vertex -0.566022 -9.22664 0.648242
    endloop
  endfacet
  facet normal -0.32173 -0.470527 -0.821641
    outer loop
      vertex -0.566022 -9.22664 0.648242
      vertex -0.0677089 -8.4354 0
      vertex 0.368187 -8.73345 0
    endloop
  endfacet
  facet normal -0.320335 -0.472442 -0.821087
    outer loop
      vertex -0.566022 -9.22664 0.648242
      vertex 0.368187 -8.73345 0
      vertex -0.114146 -9.53303 0.648242
    endloop
  endfacet
  facet normal -0.297578 -0.48647 -0.821458
    outer loop
      vertex -0.114146 -9.53303 0.648242
      vertex 0.368187 -8.73345 0
      vertex 0.818646 -9.009 0
    endloop
  endfacet
  facet normal -0.297093 -0.487095 -0.821264
    outer loop
      vertex -0.114146 -9.53303 0.648242
      vertex 0.818646 -9.009 0
      vertex 0.351958 -9.81732 0.648242
    endloop
  endfacet
  facet normal -0.273265 -0.500852 -0.821264
    outer loop
      vertex 0.351958 -9.81732 0.648242
      vertex 0.818646 -9.009 0
      vertex 0.83121 -10.0788 0.648242
    endloop
  endfacet
  facet normal -0.272507 -0.500956 -0.821451
    outer loop
      vertex 0.83121 -10.0788 0.648242
      vertex 0.818646 -9.009 0
      vertex 1.28251 -9.26133 0
    endloop
  endfacet
  facet normal -0.249029 -0.513625 -0.821081
    outer loop
      vertex 0.83121 -10.0788 0.648242
      vertex 1.28251 -9.26133 0
      vertex 1.3225 -10.317 0.648242
    endloop
  endfacet
  facet normal -0.246616 -0.513881 -0.821649
    outer loop
      vertex 1.3225 -10.317 0.648242
      vertex 1.28251 -9.26133 0
      vertex 1.75858 -9.4898 0
    endloop
  endfacet
  facet normal -0.224032 -0.525231 -0.820939
    outer loop
      vertex 1.3225 -10.317 0.648242
      vertex 1.75858 -9.4898 0
      vertex 1.82468 -10.5312 0.648242
    endloop
  endfacet
  facet normal -0.220141 -0.525523 -0.821805
    outer loop
      vertex 1.82468 -10.5312 0.648242
      vertex 1.75858 -9.4898 0
      vertex 2.24562 -9.69382 0
    endloop
  endfacet
  facet normal -0.198578 -0.535585 -0.820801
    outer loop
      vertex 1.82468 -10.5312 0.648242
      vertex 2.24562 -9.69382 0
      vertex 2.33659 -10.721 0.648242
    endloop
  endfacet
  facet normal -0.193112 -0.535825 -0.821948
    outer loop
      vertex 2.33659 -10.721 0.648242
      vertex 2.24562 -9.69382 0
      vertex 2.7424 -9.87286 0
    endloop
  endfacet
  facet normal -0.172576 -0.544689 -0.82069
    outer loop
      vertex 2.33659 -10.721 0.648242
      vertex 2.7424 -9.87286 0
      vertex 2.85705 -10.8859 0.648242
    endloop
  endfacet
  facet normal -0.16567 -0.544779 -0.822052
    outer loop
      vertex 2.85705 -10.8859 0.648242
      vertex 2.7424 -9.87286 0
      vertex 3.24762 -10.0265 0
    endloop
  endfacet
  facet normal -0.146143 -0.552539 -0.820575
    outer loop
      vertex 2.85705 -10.8859 0.648242
      vertex 3.24762 -10.0265 0
      vertex 3.38485 -11.0255 0.648242
    endloop
  endfacet
  facet normal -0.137677 -0.55239 -0.822138
    outer loop
      vertex 3.38485 -11.0255 0.648242
      vertex 3.24762 -10.0265 0
      vertex 3.75998 -10.1542 0
    endloop
  endfacet
  facet normal -0.119467 -0.559016 -0.820505
    outer loop
      vertex 3.38485 -11.0255 0.648242
      vertex 3.75998 -10.1542 0
      vertex 3.91875 -11.1396 0.648242
    endloop
  endfacet
  facet normal -0.109511 -0.558538 -0.822218
    outer loop
      vertex 3.91875 -11.1396 0.648242
      vertex 3.75998 -10.1542 0
      vertex 4.27817 -10.2558 0
    endloop
  endfacet
  facet normal -0.0924628 -0.56418 -0.820458
    outer loop
      vertex 3.91875 -11.1396 0.648242
      vertex 4.27817 -10.2558 0
      vertex 4.45753 -11.2279 0.648242
    endloop
  endfacet
  facet normal -0.0810438 -0.563286 -0.822277
    outer loop
      vertex 4.45753 -11.2279 0.648242
      vertex 4.27817 -10.2558 0
      vertex 4.80084 -10.331 0
    endloop
  endfacet
  facet normal -0.0651384 -0.568034 -0.820423
    outer loop
      vertex 4.45753 -11.2279 0.648242
      vertex 4.80084 -10.331 0
      vertex 4.99994 -11.2901 0.648242
    endloop
  endfacet
  facet normal -0.0523737 -0.566649 -0.822293
    outer loop
      vertex 4.99994 -11.2901 0.648242
      vertex 4.80084 -10.331 0
      vertex 5.32666 -10.3796 0
    endloop
  endfacet
  facet normal -0.0377042 -0.570558 -0.820391
    outer loop
      vertex 4.99994 -11.2901 0.648242
      vertex 5.32666 -10.3796 0
      vertex 5.54471 -11.3261 0.648242
    endloop
  endfacet
  facet normal -0.0234934 -0.568584 -0.822289
    outer loop
      vertex 5.54471 -11.3261 0.648242
      vertex 5.32666 -10.3796 0
      vertex 5.85426 -10.4014 0
    endloop
  endfacet
  facet normal -0.0101593 -0.571716 -0.820389
    outer loop
      vertex 5.54471 -11.3261 0.648242
      vertex 5.85426 -10.4014 0
      vertex 6.09058 -11.3358 0.648242
    endloop
  endfacet
  facet normal 0.00538874 -0.569083 -0.822262
    outer loop
      vertex 6.09058 -11.3358 0.648242
      vertex 5.85426 -10.4014 0
      vertex 6.38229 -10.3964 0
    endloop
  endfacet
  facet normal 0.0172799 -0.571503 -0.820418
    outer loop
      vertex 6.09058 -11.3358 0.648242
      vertex 6.38229 -10.3964 0
      vertex 6.63629 -11.3193 0.648242
    endloop
  endfacet
  facet normal 0.0342746 -0.568106 -0.822241
    outer loop
      vertex 6.63629 -11.3193 0.648242
      vertex 6.38229 -10.3964 0
      vertex 6.90938 -10.3646 0
    endloop
  endfacet
  facet normal 0.0448165 -0.569923 -0.820475
    outer loop
      vertex 6.63629 -11.3193 0.648242
      vertex 6.90938 -10.3646 0
      vertex 7.18057 -11.2765 0.648242
    endloop
  endfacet
  facet normal 0.0630595 -0.565714 -0.822187
    outer loop
      vertex 7.18057 -11.2765 0.648242
      vertex 6.90938 -10.3646 0
      vertex 7.43419 -10.3061 0
    endloop
  endfacet
  facet normal 0.0722387 -0.567011 -0.820537
    outer loop
      vertex 7.18057 -11.2765 0.648242
      vertex 7.43419 -10.3061 0
      vertex 7.72216 -11.2075 0.648242
    endloop
  endfacet
  facet normal 0.0916493 -0.561929 -0.822093
    outer loop
      vertex 7.72216 -11.2075 0.648242
      vertex 7.43419 -10.3061 0
      vertex 7.95535 -10.2211 0
    endloop
  endfacet
  facet normal 0.099337 -0.562777 -0.820618
    outer loop
      vertex 7.72216 -11.2075 0.648242
      vertex 7.95535 -10.2211 0
      vertex 8.2598 -11.1126 0.648242
    endloop
  endfacet
  facet normal 0.120142 -0.556675 -0.821997
    outer loop
      vertex 8.2598 -11.1126 0.648242
      vertex 7.95535 -10.2211 0
      vertex 8.47152 -10.1097 0
    endloop
  endfacet
  facet normal 0.126305 -0.557164 -0.820741
    outer loop
      vertex 8.2598 -11.1126 0.648242
      vertex 8.47152 -10.1097 0
      vertex 8.79224 -10.9919 0.648242
    endloop
  endfacet
  facet normal 0.148256 -0.550024 -0.821884
    outer loop
      vertex 8.79224 -10.9919 0.648242
      vertex 8.47152 -10.1097 0
      vertex 8.98138 -9.97227 0
    endloop
  endfacet
  facet normal 0.15304 -0.550255 -0.820852
    outer loop
      vertex 8.79224 -10.9919 0.648242
      vertex 8.98138 -9.97227 0
      vertex 9.31826 -10.8456 0.648242
    endloop
  endfacet
  facet normal 0.176048 -0.542022 -0.821717
    outer loop
      vertex 9.31826 -10.8456 0.648242
      vertex 8.98138 -9.97227 0
      vertex 9.4836 -9.80915 0
    endloop
  endfacet
  facet normal 0.179137 -0.542076 -0.821014
    outer loop
      vertex 9.31826 -10.8456 0.648242
      vertex 9.4836 -9.80915 0
      vertex 9.83662 -10.6743 0.648242
    endloop
  endfacet
  facet normal 0.203405 -0.532589 -0.821569
    outer loop
      vertex 9.83662 -10.6743 0.648242
      vertex 9.4836 -9.80915 0
      vertex 9.9769 -9.62075 0
    endloop
  endfacet
  facet normal -0.61236 -0.35355 -0.707119
    outer loop
      vertex 9.9769 -9.62075 0
      vertex 15.2852 -18.8149 0
      vertex 9.83662 -10.6743 0.648242
    endloop
  endfacet
  facet normal -0.612336 -0.353531 -0.70715
    outer loop
      vertex 9.83662 -10.6743 0.648242
      vertex 15.2852 -18.8149 0
      vertex 15.2481 -20.1344 0.691794
    endloop
  endfacet
  facet normal -0.612487 -0.353617 -0.706976
    outer loop
      vertex 9.83662 -10.6743 0.648242
      vertex 15.2481 -20.1344 0.691794
      vertex 9.80315 -10.7034 0.691794
    endloop
  endfacet
  facet normal -0.612451 -0.353487 -0.707072
    outer loop
      vertex 15.2852 -18.8149 0
      vertex 15.3063 -20.0249 0.58664
      vertex 15.2481 -20.1344 0.691794
    endloop
  endfacet
  facet normal 0.359493 -0.442498 -0.821559
    outer loop
      vertex 12.3733 -8.23716 0
      vertex 12.7832 -7.90415 0
      vertex 13.3559 -8.64243 0.648242
    endloop
  endfacet
  facet normal 0.379835 -0.426233 -0.821006
    outer loop
      vertex 13.3559 -8.64243 0.648242
      vertex 12.7832 -7.90415 0
      vertex 13.7635 -8.2792 0.648242
    endloop
  endfacet
  facet normal 0.381402 -0.423408 -0.821741
    outer loop
      vertex 13.7635 -8.2792 0.648242
      vertex 12.7832 -7.90415 0
      vertex 13.1755 -7.55077 0
    endloop
  endfacet
  facet normal 0.400068 -0.407568 -0.820874
    outer loop
      vertex 13.7635 -8.2792 0.648242
      vertex 13.1755 -7.55077 0
      vertex 14.1531 -7.89677 0.648242
    endloop
  endfacet
  facet normal 0.402187 -0.40345 -0.821872
    outer loop
      vertex 14.1531 -7.89677 0.648242
      vertex 13.1755 -7.55077 0
      vertex 13.5495 -7.17794 0
    endloop
  endfacet
  facet normal 0.419349 -0.388009 -0.820729
    outer loop
      vertex 14.1531 -7.89677 0.648242
      vertex 13.5495 -7.17794 0
      vertex 14.5239 -7.49602 0.648242
    endloop
  endfacet
  facet normal 0.422055 -0.382324 -0.822008
    outer loop
      vertex 14.5239 -7.49602 0.648242
      vertex 13.5495 -7.17794 0
      vertex 13.904 -6.7866 0
    endloop
  endfacet
  facet normal 0.437683 -0.367413 -0.820635
    outer loop
      vertex 14.5239 -7.49602 0.648242
      vertex 13.904 -6.7866 0
      vertex 14.8749 -7.07789 0.648242
    endloop
  endfacet
  facet normal 0.440753 -0.360421 -0.822091
    outer loop
      vertex 14.8749 -7.07789 0.648242
      vertex 13.904 -6.7866 0
      vertex 14.2383 -6.37779 0
    endloop
  endfacet
  facet normal 0.454976 -0.346035 -0.820522
    outer loop
      vertex 14.8749 -7.07789 0.648242
      vertex 14.2383 -6.37779 0
      vertex 15.2054 -6.64334 0.648242
    endloop
  endfacet
  facet normal 0.458445 -0.337432 -0.822173
    outer loop
      vertex 15.2054 -6.64334 0.648242
      vertex 14.2383 -6.37779 0
      vertex 14.5513 -5.95254 0
    endloop
  endfacet
  facet normal 0.471174 -0.323777 -0.820465
    outer loop
      vertex 15.2054 -6.64334 0.648242
      vertex 14.5513 -5.95254 0
      vertex 15.5146 -6.19338 0.648242
    endloop
  endfacet
  facet normal 0.474869 -0.313748 -0.82223
    outer loop
      vertex 15.5146 -6.19338 0.648242
      vertex 14.5513 -5.95254 0
      vertex 14.8424 -5.51195 0
    endloop
  endfacet
  facet normal 0.486268 -0.300775 -0.820413
    outer loop
      vertex 15.5146 -6.19338 0.648242
      vertex 14.8424 -5.51195 0
      vertex 15.8018 -5.72906 0.648242
    endloop
  endfacet
  facet normal 0.490153 -0.289162 -0.822274
    outer loop
      vertex 15.8018 -5.72906 0.648242
      vertex 14.8424 -5.51195 0
      vertex 15.1107 -5.05716 0
    endloop
  endfacet
  facet normal 0.50021 -0.27701 -0.8204
    outer loop
      vertex 15.8018 -5.72906 0.648242
      vertex 15.1107 -5.05716 0
      vertex 16.0663 -5.25144 0.648242
    endloop
  endfacet
  facet normal 0.504158 -0.263917 -0.822297
    outer loop
      vertex 16.0663 -5.25144 0.648242
      vertex 15.1107 -5.05716 0
      vertex 15.3556 -4.58933 0
    endloop
  endfacet
  facet normal 0.512962 -0.252611 -0.820401
    outer loop
      vertex 16.0663 -5.25144 0.648242
      vertex 15.3556 -4.58933 0
      vertex 16.3075 -4.76165 0.648242
    endloop
  endfacet
  facet normal 0.516884 -0.238053 -0.82229
    outer loop
      vertex 16.3075 -4.76165 0.648242
      vertex 15.3556 -4.58933 0
      vertex 15.5765 -4.10969 0
    endloop
  endfacet
  facet normal 0.524545 -0.227585 -0.820401
    outer loop
      vertex 16.3075 -4.76165 0.648242
      vertex 15.5765 -4.10969 0
      vertex 16.5248 -4.26081 0.648242
    endloop
  endfacet
  facet normal 0.528379 -0.211464 -0.822252
    outer loop
      vertex 16.5248 -4.26081 0.648242
      vertex 15.5765 -4.10969 0
      vertex 15.7727 -3.61945 0
    endloop
  endfacet
  facet normal 0.534807 -0.202103 -0.820448
    outer loop
      vertex 16.5248 -4.26081 0.648242
      vertex 15.7727 -3.61945 0
      vertex 16.7178 -3.75009 0.648242
    endloop
  endfacet
  facet normal 0.538465 -0.184425 -0.822218
    outer loop
      vertex 16.7178 -3.75009 0.648242
      vertex 15.7727 -3.61945 0
      vertex 15.9438 -3.11989 0
    endloop
  endfacet
  facet normal 0.54382 -0.176098 -0.820517
    outer loop
      vertex 16.7178 -3.75009 0.648242
      vertex 15.9438 -3.11989 0
      vertex 16.886 -3.23066 0.648242
    endloop
  endfacet
  facet normal 0.547215 -0.156852 -0.822163
    outer loop
      vertex 16.886 -3.23066 0.648242
      vertex 15.9438 -3.11989 0
      vertex 16.0893 -2.61228 0
    endloop
  endfacet
  facet normal 0.551579 -0.14959 -0.820599
    outer loop
      vertex 16.886 -3.23066 0.648242
      vertex 16.0893 -2.61228 0
      vertex 17.0289 -2.70375 0.648242
    endloop
  endfacet
  facet normal 0.554598 -0.128964 -0.822064
    outer loop
      vertex 17.0289 -2.70375 0.648242
      vertex 16.0893 -2.61228 0
      vertex 16.2089 -2.09795 0
    endloop
  endfacet
  facet normal 0.558013 -0.122866 -0.820686
    outer loop
      vertex 17.0289 -2.70375 0.648242
      vertex 16.2089 -2.09795 0
      vertex 17.1463 -2.17056 0.648242
    endloop
  endfacet
  facet normal 0.560594 -0.100742 -0.82194
    outer loop
      vertex 17.1463 -2.17056 0.648242
      vertex 16.2089 -2.09795 0
      vertex 16.3023 -1.57821 0
    endloop
  endfacet
  facet normal 0.563144 -0.0958418 -0.820782
    outer loop
      vertex 17.1463 -2.17056 0.648242
      vertex 16.3023 -1.57821 0
      vertex 17.2379 -1.63234 0.648242
    endloop
  endfacet
  facet normal 0.565216 -0.0720817 -0.821788
    outer loop
      vertex 17.2379 -1.63234 0.648242
      vertex 16.3023 -1.57821 0
      vertex 16.3691 -1.05441 0
    endloop
  endfacet
  facet normal 0.566886 -0.0686121 -0.820934
    outer loop
      vertex 17.2379 -1.63234 0.648242
      vertex 16.3691 -1.05441 0
      vertex 17.3035 -1.09034 0.648242
    endloop
  endfacet
  facet normal 0.568348 -0.043393 -0.821643
    outer loop
      vertex 17.3035 -1.09034 0.648242
      vertex 16.3691 -1.05441 0
      vertex 16.4093 -0.527883 0
    endloop
  endfacet
  facet normal 0.569324 -0.0411934 -0.821081
    outer loop
      vertex 17.3035 -1.09034 0.648242
      vertex 16.4093 -0.527883 0
      vertex 17.3429 -0.545802 0.648242
    endloop
  endfacet
  facet normal 0.570094 -0.0144715 -0.821452
    outer loop
      vertex 17.3429 -0.545802 0.648242
      vertex 16.4093 -0.527883 0
      vertex 16.4227 -2.30986e-15 0
    endloop
  endfacet
  facet normal 0.57037 -0.0137942 -0.821272
    outer loop
      vertex 17.3429 -0.545802 0.648242
      vertex 16.4227 -2.30986e-15 0
      vertex 17.3561 -2.64682e-15 0.648242
    endloop
  endfacet
  facet normal 0.57037 0.0137942 -0.821272
    outer loop
      vertex 17.3561 -2.64682e-15 0.648242
      vertex 16.4227 -2.30986e-15 0
      vertex 17.3429 0.545802 0.648242
    endloop
  endfacet
  facet normal 0.570094 0.0144715 -0.821452
    outer loop
      vertex 17.3429 0.545802 0.648242
      vertex 16.4227 -2.30986e-15 0
      vertex 16.4093 0.527883 0
    endloop
  endfacet
  facet normal 0.569324 0.0411934 -0.821081
    outer loop
      vertex 17.3429 0.545802 0.648242
      vertex 16.4093 0.527883 0
      vertex 17.3035 1.09034 0.648242
    endloop
  endfacet
  facet normal 0.568348 0.043393 -0.821643
    outer loop
      vertex 17.3035 1.09034 0.648242
      vertex 16.4093 0.527883 0
      vertex 16.3691 1.05441 0
    endloop
  endfacet
  facet normal 0.566886 0.0686121 -0.820934
    outer loop
      vertex 17.3035 1.09034 0.648242
      vertex 16.3691 1.05441 0
      vertex 17.2379 1.63234 0.648242
    endloop
  endfacet
  facet normal 0.565216 0.0720817 -0.821788
    outer loop
      vertex 17.2379 1.63234 0.648242
      vertex 16.3691 1.05441 0
      vertex 16.3023 1.57821 0
    endloop
  endfacet
  facet normal 0.563144 0.0958418 -0.820782
    outer loop
      vertex 17.2379 1.63234 0.648242
      vertex 16.3023 1.57821 0
      vertex 17.1463 2.17056 0.648242
    endloop
  endfacet
  facet normal 0.560594 0.100742 -0.82194
    outer loop
      vertex 17.1463 2.17056 0.648242
      vertex 16.3023 1.57821 0
      vertex 16.2089 2.09795 0
    endloop
  endfacet
  facet normal 0.558013 0.122866 -0.820686
    outer loop
      vertex 17.1463 2.17056 0.648242
      vertex 16.2089 2.09795 0
      vertex 17.0289 2.70375 0.648242
    endloop
  endfacet
  facet normal 0.554598 0.128964 -0.822064
    outer loop
      vertex 17.0289 2.70375 0.648242
      vertex 16.2089 2.09795 0
      vertex 16.0893 2.61228 0
    endloop
  endfacet
  facet normal 0.551579 0.14959 -0.820599
    outer loop
      vertex 17.0289 2.70375 0.648242
      vertex 16.0893 2.61228 0
      vertex 16.886 3.23066 0.648242
    endloop
  endfacet
  facet normal 0.547215 0.156852 -0.822163
    outer loop
      vertex 16.886 3.23066 0.648242
      vertex 16.0893 2.61228 0
      vertex 15.9438 3.11989 0
    endloop
  endfacet
  facet normal 0.54382 0.176098 -0.820517
    outer loop
      vertex 16.886 3.23066 0.648242
      vertex 15.9438 3.11989 0
      vertex 16.7178 3.75009 0.648242
    endloop
  endfacet
  facet normal 0.538465 0.184425 -0.822218
    outer loop
      vertex 16.7178 3.75009 0.648242
      vertex 15.9438 3.11989 0
      vertex 15.7727 3.61945 0
    endloop
  endfacet
  facet normal 0.534807 0.202103 -0.820448
    outer loop
      vertex 16.7178 3.75009 0.648242
      vertex 15.7727 3.61945 0
      vertex 16.5248 4.26081 0.648242
    endloop
  endfacet
  facet normal 0.528379 0.211464 -0.822252
    outer loop
      vertex 16.5248 4.26081 0.648242
      vertex 15.7727 3.61945 0
      vertex 15.5765 4.10969 0
    endloop
  endfacet
  facet normal 0.524545 0.227585 -0.820401
    outer loop
      vertex 16.5248 4.26081 0.648242
      vertex 15.5765 4.10969 0
      vertex 16.3075 4.76165 0.648242
    endloop
  endfacet
  facet normal 0.516884 0.238053 -0.82229
    outer loop
      vertex 16.3075 4.76165 0.648242
      vertex 15.5765 4.10969 0
      vertex 15.3556 4.58933 0
    endloop
  endfacet
  facet normal 0.512962 0.252611 -0.820401
    outer loop
      vertex 16.3075 4.76165 0.648242
      vertex 15.3556 4.58933 0
      vertex 16.0663 5.25144 0.648242
    endloop
  endfacet
  facet normal 0.504158 0.263917 -0.822297
    outer loop
      vertex 16.0663 5.25144 0.648242
      vertex 15.3556 4.58933 0
      vertex 15.1107 5.05716 0
    endloop
  endfacet
  facet normal 0.50021 0.27701 -0.8204
    outer loop
      vertex 16.0663 5.25144 0.648242
      vertex 15.1107 5.05716 0
      vertex 15.8018 5.72906 0.648242
    endloop
  endfacet
  facet normal 0.490153 0.289162 -0.822274
    outer loop
      vertex 15.8018 5.72906 0.648242
      vertex 15.1107 5.05716 0
      vertex 14.8424 5.51195 0
    endloop
  endfacet
  facet normal 0.486268 0.300775 -0.820413
    outer loop
      vertex 15.8018 5.72906 0.648242
      vertex 14.8424 5.51195 0
      vertex 15.5146 6.19338 0.648242
    endloop
  endfacet
  facet normal 0.474869 0.313748 -0.82223
    outer loop
      vertex 15.5146 6.19338 0.648242
      vertex 14.8424 5.51195 0
      vertex 14.5513 5.95254 0
    endloop
  endfacet
  facet normal 0.471174 0.323777 -0.820465
    outer loop
      vertex 15.5146 6.19338 0.648242
      vertex 14.5513 5.95254 0
      vertex 15.2054 6.64334 0.648242
    endloop
  endfacet
  facet normal 0.458445 0.337432 -0.822173
    outer loop
      vertex 15.2054 6.64334 0.648242
      vertex 14.5513 5.95254 0
      vertex 14.2383 6.37779 0
    endloop
  endfacet
  facet normal 0.454976 0.346035 -0.820522
    outer loop
      vertex 15.2054 6.64334 0.648242
      vertex 14.2383 6.37779 0
      vertex 14.8749 7.07789 0.648242
    endloop
  endfacet
  facet normal 0.440753 0.360421 -0.822091
    outer loop
      vertex 14.8749 7.07789 0.648242
      vertex 14.2383 6.37779 0
      vertex 13.904 6.7866 0
    endloop
  endfacet
  facet normal 0.437683 0.367413 -0.820635
    outer loop
      vertex 14.8749 7.07789 0.648242
      vertex 13.904 6.7866 0
      vertex 14.5239 7.49602 0.648242
    endloop
  endfacet
  facet normal 0.422055 0.382324 -0.822008
    outer loop
      vertex 14.5239 7.49602 0.648242
      vertex 13.904 6.7866 0
      vertex 13.5495 7.17794 0
    endloop
  endfacet
  facet normal 0.419349 0.388009 -0.820729
    outer loop
      vertex 14.5239 7.49602 0.648242
      vertex 13.5495 7.17794 0
      vertex 14.1531 7.89677 0.648242
    endloop
  endfacet
  facet normal 0.402187 0.40345 -0.821872
    outer loop
      vertex 14.1531 7.89677 0.648242
      vertex 13.5495 7.17794 0
      vertex 13.1755 7.55077 0
    endloop
  endfacet
  facet normal 0.400068 0.407568 -0.820874
    outer loop
      vertex 14.1531 7.89677 0.648242
      vertex 13.1755 7.55077 0
      vertex 13.7635 8.2792 0.648242
    endloop
  endfacet
  facet normal 0.381402 0.423408 -0.821741
    outer loop
      vertex 13.7635 8.2792 0.648242
      vertex 13.1755 7.55077 0
      vertex 12.7832 7.90415 0
    endloop
  endfacet
  facet normal 0.379835 0.426233 -0.821006
    outer loop
      vertex 13.7635 8.2792 0.648242
      vertex 12.7832 7.90415 0
      vertex 13.3559 8.64243 0.648242
    endloop
  endfacet
  facet normal 0.359493 0.442498 -0.821559
    outer loop
      vertex 13.3559 8.64243 0.648242
      vertex 12.7832 7.90415 0
      vertex 12.3733 8.23716 0
    endloop
  endfacet
  facet normal 0.612449 -0.353995 -0.706819
    outer loop
      vertex 18.7189 18.0546 0.58664
      vertex 18.8428 18.059 0.691794
      vertex 17.6816 17.4313 0
    endloop
  endfacet
  facet normal 0.612379 -0.353558 -0.707099
    outer loop
      vertex 17.6816 17.4313 0
      vertex 18.8428 18.059 0.691794
      vertex 13.3978 8.628 0.691794
    endloop
  endfacet
  facet normal 0.612751 -0.353708 -0.706702
    outer loop
      vertex 17.6816 17.4313 0
      vertex 13.3978 8.628 0.691794
      vertex 13.3559 8.64243 0.648242
    endloop
  endfacet
  facet normal 0.612335 -0.353536 -0.707148
    outer loop
      vertex 13.3559 8.64243 0.648242
      vertex 12.3733 8.23716 0
      vertex 17.6816 17.4313 0
    endloop
  endfacet
  facet normal 0.242389 0.419822 -0.874641
    outer loop
      vertex 15.3063 20.0249 0.58664
      vertex 18.7189 18.0546 0.58664
      vertex 15.2852 18.8149 0
    endloop
  endfacet
  facet normal 0.242388 0.419817 -0.874644
    outer loop
      vertex 15.2852 18.8149 0
      vertex 18.7189 18.0546 0.58664
      vertex 17.6816 17.4313 0
    endloop
  endfacet
  facet normal 0.612335 0.353536 -0.707148
    outer loop
      vertex 12.3733 -8.23716 0
      vertex 13.3559 -8.64243 0.648242
      vertex 17.6816 -17.4313 0
    endloop
  endfacet
  facet normal 0.612751 0.353708 -0.706702
    outer loop
      vertex 17.6816 -17.4313 0
      vertex 13.3559 -8.64243 0.648242
      vertex 13.3978 -8.628 0.691794
    endloop
  endfacet
  facet normal 0.612379 0.353558 -0.707099
    outer loop
      vertex 17.6816 -17.4313 0
      vertex 13.3978 -8.628 0.691794
      vertex 18.8428 -18.059 0.691794
    endloop
  endfacet
  facet normal 0.612449 0.353995 -0.706819
    outer loop
      vertex 18.8428 -18.059 0.691794
      vertex 18.7189 -18.0546 0.58664
      vertex 17.6816 -17.4313 0
    endloop
  endfacet
  facet normal -0.612487 0.353617 -0.706976
    outer loop
      vertex 9.80315 10.7034 0.691794
      vertex 15.2481 20.1344 0.691794
      vertex 9.83662 10.6743 0.648242
    endloop
  endfacet
  facet normal -0.612336 0.353531 -0.70715
    outer loop
      vertex 9.83662 10.6743 0.648242
      vertex 15.2481 20.1344 0.691794
      vertex 15.2852 18.8149 0
    endloop
  endfacet
  facet normal -0.61236 0.35355 -0.707119
    outer loop
      vertex 9.83662 10.6743 0.648242
      vertex 15.2852 18.8149 0
      vertex 9.9769 9.62075 0
    endloop
  endfacet
  facet normal -0.612451 0.353487 -0.707072
    outer loop
      vertex 15.2481 20.1344 0.691794
      vertex 15.3063 20.0249 0.58664
      vertex 15.2852 18.8149 0
    endloop
  endfacet
  facet normal 0.242388 -0.419817 -0.874644
    outer loop
      vertex 17.6816 -17.4313 0
      vertex 18.7189 -18.0546 0.58664
      vertex 15.2852 -18.8149 0
    endloop
  endfacet
  facet normal 0.242389 -0.419822 -0.874641
    outer loop
      vertex 15.2852 -18.8149 0
      vertex 18.7189 -18.0546 0.58664
      vertex 15.3063 -20.0249 0.58664
    endloop
  endfacet
  facet normal -0.562956 0.0901426 -0.821556
    outer loop
      vertex -4.29028 1.38359 0
      vertex -5.1325 2.03183 0.648242
      vertex -4.20679 1.905 0
    endloop
  endfacet
  facet normal -0.559051 0.115824 -0.821004
    outer loop
      vertex -4.20679 1.905 0
      vertex -5.1325 2.03183 0.648242
      vertex -5.02174 2.56644 0.648242
    endloop
  endfacet
  facet normal -0.557413 0.118551 -0.821728
    outer loop
      vertex -4.20679 1.905 0
      vertex -5.02174 2.56644 0.648242
      vertex -4.09694 2.4215 0
    endloop
  endfacet
  facet normal -0.553026 0.142658 -0.82086
    outer loop
      vertex -4.09694 2.4215 0
      vertex -5.02174 2.56644 0.648242
      vertex -4.88537 3.09509 0.648242
    endloop
  endfacet
  facet normal -0.550475 0.146622 -0.821875
    outer loop
      vertex -4.09694 2.4215 0
      vertex -4.88537 3.09509 0.648242
      vertex -3.96103 2.93176 0
    endloop
  endfacet
  facet normal -0.545689 0.169175 -0.820733
    outer loop
      vertex -3.96103 2.93176 0
      vertex -4.88537 3.09509 0.648242
      vertex -4.7237 3.61657 0.648242
    endloop
  endfacet
  facet normal -0.542154 0.174312 -0.822
    outer loop
      vertex -3.96103 2.93176 0
      vertex -4.7237 3.61657 0.648242
      vertex -3.7994 3.43447 0
    endloop
  endfacet
  facet normal -0.537054 0.195308 -0.820626
    outer loop
      vertex -3.7994 3.43447 0
      vertex -4.7237 3.61657 0.648242
      vertex -4.53711 4.12965 0.648242
    endloop
  endfacet
  facet normal -0.532467 0.201554 -0.822104
    outer loop
      vertex -3.7994 3.43447 0
      vertex -4.53711 4.12965 0.648242
      vertex -3.61246 3.92833 0
    endloop
  endfacet
  facet normal -0.52714 0.220986 -0.820541
    outer loop
      vertex -3.61246 3.92833 0
      vertex -4.53711 4.12965 0.648242
      vertex -4.32603 4.63316 0.648242
    endloop
  endfacet
  facet normal -0.521451 0.228257 -0.822184
    outer loop
      vertex -3.61246 3.92833 0
      vertex -4.32603 4.63316 0.648242
      vertex -3.40071 4.41207 0
    endloop
  endfacet
  facet normal -0.515979 0.246146 -0.820474
    outer loop
      vertex -3.40071 4.41207 0
      vertex -4.32603 4.63316 0.648242
      vertex -4.09096 5.12592 0.648242
    endloop
  endfacet
  facet normal -0.509119 0.254387 -0.822244
    outer loop
      vertex -3.40071 4.41207 0
      vertex -4.09096 5.12592 0.648242
      vertex -3.16469 4.88443 0
    endloop
  endfacet
  facet normal -0.503584 0.270742 -0.820428
    outer loop
      vertex -3.16469 4.88443 0
      vertex -4.09096 5.12592 0.648242
      vertex -3.83243 5.60679 0.648242
    endloop
  endfacet
  facet normal -0.495501 0.279877 -0.822282
    outer loop
      vertex -3.16469 4.88443 0
      vertex -3.83243 5.60679 0.648242
      vertex -2.90499 5.34421 0
    endloop
  endfacet
  facet normal -0.489999 0.294678 -0.820406
    outer loop
      vertex -2.90499 5.34421 0
      vertex -3.83243 5.60679 0.648242
      vertex -3.55106 6.07466 0.648242
    endloop
  endfacet
  facet normal -0.480644 0.304635 -0.822301
    outer loop
      vertex -2.90499 5.34421 0
      vertex -3.55106 6.07466 0.648242
      vertex -2.6223 5.79023 0
    endloop
  endfacet
  facet normal -0.475241 0.317945 -0.8204
    outer loop
      vertex -2.6223 5.79023 0
      vertex -3.55106 6.07466 0.648242
      vertex -3.24748 6.52843 0.648242
    endloop
  endfacet
  facet normal -0.46457 0.328645 -0.822294
    outer loop
      vertex -2.6223 5.79023 0
      vertex -3.24748 6.52843 0.648242
      vertex -2.31734 6.22132 0
    endloop
  endfacet
  facet normal -0.459364 0.340447 -0.820415
    outer loop
      vertex -2.31734 6.22132 0
      vertex -3.24748 6.52843 0.648242
      vertex -2.9224 6.96706 0.648242
    endloop
  endfacet
  facet normal -0.447329 0.351819 -0.822265
    outer loop
      vertex -2.31734 6.22132 0
      vertex -2.9224 6.96706 0.648242
      vertex -1.9909 6.63638 0
    endloop
  endfacet
  facet normal -0.44241 0.362123 -0.820452
    outer loop
      vertex -1.9909 6.63638 0
      vertex -2.9224 6.96706 0.648242
      vertex -2.57659 7.38954 0.648242
    endloop
  endfacet
  facet normal -0.428951 0.374109 -0.822218
    outer loop
      vertex -1.9909 6.63638 0
      vertex -2.57659 7.38954 0.648242
      vertex -1.64382 7.03434 0
    endloop
  endfacet
  facet normal -0.424392 0.382961 -0.820508
    outer loop
      vertex -1.64382 7.03434 0
      vertex -2.57659 7.38954 0.648242
      vertex -2.21083 7.79487 0.648242
    endloop
  endfacet
  facet normal -0.409491 0.395466 -0.822146
    outer loop
      vertex -1.64382 7.03434 0
      vertex -2.21083 7.79487 0.648242
      vertex -1.27699 7.41418 0
    endloop
  endfacet
  facet normal -0.405386 0.402874 -0.820582
    outer loop
      vertex -1.27699 7.41418 0
      vertex -2.21083 7.79487 0.648242
      vertex -1.82598 8.18212 0.648242
    endloop
  endfacet
  facet normal -0.388986 0.415838 -0.822051
    outer loop
      vertex -1.27699 7.41418 0
      vertex -1.82598 8.18212 0.648242
      vertex -0.891359 7.77491 0
    endloop
  endfacet
  facet normal -0.385429 0.421818 -0.820679
    outer loop
      vertex -0.891359 7.77491 0
      vertex -1.82598 8.18212 0.648242
      vertex -1.42293 8.5504 0.648242
    endloop
  endfacet
  facet normal -0.367491 0.435166 -0.821937
    outer loop
      vertex -0.891359 7.77491 0
      vertex -1.42293 8.5504 0.648242
      vertex -0.487918 8.11561 0
    endloop
  endfacet
  facet normal -0.364564 0.439759 -0.820796
    outer loop
      vertex -0.487918 8.11561 0
      vertex -1.42293 8.5504 0.648242
      vertex -1.00262 8.89884 0.648242
    endloop
  endfacet
  facet normal -0.345057 0.45341 -0.8218
    outer loop
      vertex -0.487918 8.11561 0
      vertex -1.00262 8.89884 0.648242
      vertex -0.0677089 8.4354 0
    endloop
  endfacet
  facet normal -0.342851 0.456644 -0.820932
    outer loop
      vertex -0.0677089 8.4354 0
      vertex -1.00262 8.89884 0.648242
      vertex -0.566022 9.22664 0.648242
    endloop
  endfacet
  facet normal -0.32173 0.470527 -0.821641
    outer loop
      vertex -0.0677089 8.4354 0
      vertex -0.566022 9.22664 0.648242
      vertex 0.368187 8.73345 0
    endloop
  endfacet
  facet normal -0.320335 0.472442 -0.821087
    outer loop
      vertex 0.368187 8.73345 0
      vertex -0.566022 9.22664 0.648242
      vertex -0.114146 9.53303 0.648242
    endloop
  endfacet
  facet normal -0.297578 0.48647 -0.821458
    outer loop
      vertex 0.368187 8.73345 0
      vertex -0.114146 9.53303 0.648242
      vertex 0.818646 9.009 0
    endloop
  endfacet
  facet normal -0.297093 0.487095 -0.821264
    outer loop
      vertex 0.818646 9.009 0
      vertex -0.114146 9.53303 0.648242
      vertex 0.351958 9.81732 0.648242
    endloop
  endfacet
  facet normal -0.273265 0.500852 -0.821264
    outer loop
      vertex 0.818646 9.009 0
      vertex 0.351958 9.81732 0.648242
      vertex 0.83121 10.0788 0.648242
    endloop
  endfacet
  facet normal -0.272507 0.500956 -0.821451
    outer loop
      vertex 0.818646 9.009 0
      vertex 0.83121 10.0788 0.648242
      vertex 1.28251 9.26133 0
    endloop
  endfacet
  facet normal -0.249029 0.513625 -0.821081
    outer loop
      vertex 1.28251 9.26133 0
      vertex 0.83121 10.0788 0.648242
      vertex 1.3225 10.317 0.648242
    endloop
  endfacet
  facet normal -0.246616 0.513881 -0.821649
    outer loop
      vertex 1.28251 9.26133 0
      vertex 1.3225 10.317 0.648242
      vertex 1.75858 9.4898 0
    endloop
  endfacet
  facet normal -0.224032 0.525231 -0.820939
    outer loop
      vertex 1.75858 9.4898 0
      vertex 1.3225 10.317 0.648242
      vertex 1.82468 10.5312 0.648242
    endloop
  endfacet
  facet normal -0.220141 0.525523 -0.821805
    outer loop
      vertex 1.75858 9.4898 0
      vertex 1.82468 10.5312 0.648242
      vertex 2.24562 9.69382 0
    endloop
  endfacet
  facet normal -0.198578 0.535585 -0.820801
    outer loop
      vertex 2.24562 9.69382 0
      vertex 1.82468 10.5312 0.648242
      vertex 2.33659 10.721 0.648242
    endloop
  endfacet
  facet normal -0.193112 0.535825 -0.821948
    outer loop
      vertex 2.24562 9.69382 0
      vertex 2.33659 10.721 0.648242
      vertex 2.7424 9.87286 0
    endloop
  endfacet
  facet normal -0.172576 0.544689 -0.82069
    outer loop
      vertex 2.7424 9.87286 0
      vertex 2.33659 10.721 0.648242
      vertex 2.85705 10.8859 0.648242
    endloop
  endfacet
  facet normal -0.16567 0.544779 -0.822052
    outer loop
      vertex 2.7424 9.87286 0
      vertex 2.85705 10.8859 0.648242
      vertex 3.24762 10.0265 0
    endloop
  endfacet
  facet normal -0.146143 0.552539 -0.820575
    outer loop
      vertex 3.24762 10.0265 0
      vertex 2.85705 10.8859 0.648242
      vertex 3.38485 11.0255 0.648242
    endloop
  endfacet
  facet normal -0.137677 0.55239 -0.822138
    outer loop
      vertex 3.24762 10.0265 0
      vertex 3.38485 11.0255 0.648242
      vertex 3.75998 10.1542 0
    endloop
  endfacet
  facet normal -0.119467 0.559016 -0.820505
    outer loop
      vertex 3.75998 10.1542 0
      vertex 3.38485 11.0255 0.648242
      vertex 3.91875 11.1396 0.648242
    endloop
  endfacet
  facet normal -0.109511 0.558538 -0.822218
    outer loop
      vertex 3.75998 10.1542 0
      vertex 3.91875 11.1396 0.648242
      vertex 4.27817 10.2558 0
    endloop
  endfacet
  facet normal -0.0924628 0.56418 -0.820458
    outer loop
      vertex 4.27817 10.2558 0
      vertex 3.91875 11.1396 0.648242
      vertex 4.45753 11.2279 0.648242
    endloop
  endfacet
  facet normal -0.0810438 0.563286 -0.822277
    outer loop
      vertex 4.27817 10.2558 0
      vertex 4.45753 11.2279 0.648242
      vertex 4.80084 10.331 0
    endloop
  endfacet
  facet normal -0.0651384 0.568034 -0.820423
    outer loop
      vertex 4.80084 10.331 0
      vertex 4.45753 11.2279 0.648242
      vertex 4.99994 11.2901 0.648242
    endloop
  endfacet
  facet normal -0.0523737 0.566649 -0.822293
    outer loop
      vertex 4.80084 10.331 0
      vertex 4.99994 11.2901 0.648242
      vertex 5.32666 10.3796 0
    endloop
  endfacet
  facet normal -0.0377042 0.570558 -0.820391
    outer loop
      vertex 5.32666 10.3796 0
      vertex 4.99994 11.2901 0.648242
      vertex 5.54471 11.3261 0.648242
    endloop
  endfacet
  facet normal -0.0234934 0.568584 -0.822289
    outer loop
      vertex 5.32666 10.3796 0
      vertex 5.54471 11.3261 0.648242
      vertex 5.85426 10.4014 0
    endloop
  endfacet
  facet normal -0.0101593 0.571716 -0.820389
    outer loop
      vertex 5.85426 10.4014 0
      vertex 5.54471 11.3261 0.648242
      vertex 6.09058 11.3358 0.648242
    endloop
  endfacet
  facet normal 0.00538874 0.569083 -0.822262
    outer loop
      vertex 5.85426 10.4014 0
      vertex 6.09058 11.3358 0.648242
      vertex 6.38229 10.3964 0
    endloop
  endfacet
  facet normal 0.0172799 0.571503 -0.820418
    outer loop
      vertex 6.38229 10.3964 0
      vertex 6.09058 11.3358 0.648242
      vertex 6.63629 11.3193 0.648242
    endloop
  endfacet
  facet normal 0.0342746 0.568106 -0.822241
    outer loop
      vertex 6.38229 10.3964 0
      vertex 6.63629 11.3193 0.648242
      vertex 6.90938 10.3646 0
    endloop
  endfacet
  facet normal 0.0448165 0.569923 -0.820475
    outer loop
      vertex 6.90938 10.3646 0
      vertex 6.63629 11.3193 0.648242
      vertex 7.18057 11.2765 0.648242
    endloop
  endfacet
  facet normal 0.0630595 0.565714 -0.822187
    outer loop
      vertex 6.90938 10.3646 0
      vertex 7.18057 11.2765 0.648242
      vertex 7.43419 10.3061 0
    endloop
  endfacet
  facet normal 0.0722387 0.567011 -0.820537
    outer loop
      vertex 7.43419 10.3061 0
      vertex 7.18057 11.2765 0.648242
      vertex 7.72216 11.2075 0.648242
    endloop
  endfacet
  facet normal 0.0916493 0.561929 -0.822093
    outer loop
      vertex 7.43419 10.3061 0
      vertex 7.72216 11.2075 0.648242
      vertex 7.95535 10.2211 0
    endloop
  endfacet
  facet normal 0.099337 0.562777 -0.820618
    outer loop
      vertex 7.95535 10.2211 0
      vertex 7.72216 11.2075 0.648242
      vertex 8.2598 11.1126 0.648242
    endloop
  endfacet
  facet normal 0.120142 0.556675 -0.821997
    outer loop
      vertex 7.95535 10.2211 0
      vertex 8.2598 11.1126 0.648242
      vertex 8.47152 10.1097 0
    endloop
  endfacet
  facet normal 0.126305 0.557164 -0.820741
    outer loop
      vertex 8.47152 10.1097 0
      vertex 8.2598 11.1126 0.648242
      vertex 8.79224 10.9919 0.648242
    endloop
  endfacet
  facet normal 0.148256 0.550024 -0.821884
    outer loop
      vertex 8.47152 10.1097 0
      vertex 8.79224 10.9919 0.648242
      vertex 8.98138 9.97227 0
    endloop
  endfacet
  facet normal 0.15304 0.550255 -0.820852
    outer loop
      vertex 8.98138 9.97227 0
      vertex 8.79224 10.9919 0.648242
      vertex 9.31826 10.8456 0.648242
    endloop
  endfacet
  facet normal 0.176048 0.542022 -0.821717
    outer loop
      vertex 8.98138 9.97227 0
      vertex 9.31826 10.8456 0.648242
      vertex 9.4836 9.80915 0
    endloop
  endfacet
  facet normal 0.179137 0.542076 -0.821014
    outer loop
      vertex 9.4836 9.80915 0
      vertex 9.31826 10.8456 0.648242
      vertex 9.83662 10.6743 0.648242
    endloop
  endfacet
  facet normal 0.203405 0.532589 -0.821569
    outer loop
      vertex 9.4836 9.80915 0
      vertex 9.83662 10.6743 0.648242
      vertex 9.9769 9.62075 0
    endloop
  endfacet
  facet normal 0 0.707123 -0.707091
    outer loop
      vertex -5.14099 2.07538 0.691794
      vertex -5.1325 2.03183 0.648242
      vertex -16.0309 2.07538 0.691794
    endloop
  endfacet
  facet normal -2.23305e-08 0.70712 -0.707093
    outer loop
      vertex -16.0309 2.07538 0.691794
      vertex -5.1325 2.03183 0.648242
      vertex -15.9652 1.97023 0.58664
    endloop
  endfacet
  facet normal 1.29225e-07 0.707107 -0.707107
    outer loop
      vertex -15.9652 1.97023 0.58664
      vertex -5.1325 2.03183 0.648242
      vertex -14.9068 1.38359 0
    endloop
  endfacet
  facet normal 0 0.707108 -0.707106
    outer loop
      vertex -14.9068 1.38359 0
      vertex -5.1325 2.03183 0.648242
      vertex -4.29028 1.38359 0
    endloop
  endfacet
  facet normal -0.484784 -0 -0.874634
    outer loop
      vertex -15.9652 1.97023 0.58664
      vertex -14.9068 1.38359 0
      vertex -15.9652 -1.97023 0.58664
    endloop
  endfacet
  facet normal -0.484784 1.58009e-17 -0.874634
    outer loop
      vertex -15.9652 -1.97023 0.58664
      vertex -14.9068 1.38359 0
      vertex -14.9068 -1.38359 0
    endloop
  endfacet
  facet normal -0 -0.707123 -0.707091
    outer loop
      vertex -5.14099 -2.07538 0.691794
      vertex -16.0309 -2.07538 0.691794
      vertex -5.1325 -2.03183 0.648242
    endloop
  endfacet
  facet normal -2.23305e-08 -0.70712 -0.707093
    outer loop
      vertex -5.1325 -2.03183 0.648242
      vertex -16.0309 -2.07538 0.691794
      vertex -15.9652 -1.97023 0.58664
    endloop
  endfacet
  facet normal 1.29225e-07 -0.707107 -0.707107
    outer loop
      vertex -5.1325 -2.03183 0.648242
      vertex -15.9652 -1.97023 0.58664
      vertex -14.9068 -1.38359 0
    endloop
  endfacet
  facet normal 0 -0.707108 -0.707106
    outer loop
      vertex -14.9068 -1.38359 0
      vertex -4.29028 -1.38359 0
      vertex -5.1325 -2.03183 0.648242
    endloop
  endfacet
  facet normal 0.619264 -0.694909 -0.365531
    outer loop
      vertex 13.3559 -8.64243 0.648242
      vertex 13.7635 -8.2792 0.648242
      vertex 13.3978 -8.628 0.691794
    endloop
  endfacet
  facet normal 0.6246 -0.698477 -0.349291
    outer loop
      vertex 13.3978 -8.628 0.691794
      vertex 13.7635 -8.2792 0.648242
      vertex 16.1766 -11.0082 10.4205
    endloop
  endfacet
  facet normal 0.620739 -0.702027 -0.349057
    outer loop
      vertex 13.3978 -8.628 0.691794
      vertex 16.1766 -11.0082 10.4205
      vertex 15.7016 -11.4282 10.4205
    endloop
  endfacet
  facet normal 0.64996 -0.675083 -0.349021
    outer loop
      vertex 16.1766 -11.0082 10.4205
      vertex 13.7635 -8.2792 0.648242
      vertex 16.6334 -10.5684 10.4205
    endloop
  endfacet
  facet normal 0.65636 -0.668666 -0.349397
    outer loop
      vertex 16.6334 -10.5684 10.4205
      vertex 13.7635 -8.2792 0.648242
      vertex 14.1531 -7.89677 0.648242
    endloop
  endfacet
  facet normal 0.677847 -0.64711 -0.348958
    outer loop
      vertex 16.6334 -10.5684 10.4205
      vertex 14.1531 -7.89677 0.648242
      vertex 17.0713 -10.1097 10.4205
    endloop
  endfacet
  facet normal 0.687723 -0.636326 -0.349465
    outer loop
      vertex 17.0713 -10.1097 10.4205
      vertex 14.1531 -7.89677 0.648242
      vertex 14.5239 -7.49602 0.648242
    endloop
  endfacet
  facet normal 0.70469 -0.617786 -0.348929
    outer loop
      vertex 17.0713 -10.1097 10.4205
      vertex 14.5239 -7.49602 0.648242
      vertex 17.4893 -9.6329 10.4205
    endloop
  endfacet
  facet normal 0.717614 -0.602403 -0.349487
    outer loop
      vertex 17.4893 -9.6329 10.4205
      vertex 14.5239 -7.49602 0.648242
      vertex 14.8749 -7.07789 0.648242
    endloop
  endfacet
  facet normal 0.730247 -0.587355 -0.348932
    outer loop
      vertex 17.4893 -9.6329 10.4205
      vertex 14.8749 -7.07789 0.648242
      vertex 17.8867 -9.13882 10.4205
    endloop
  endfacet
  facet normal 0.745764 -0.567196 -0.349463
    outer loop
      vertex 17.8867 -9.13882 10.4205
      vertex 14.8749 -7.07789 0.648242
      vertex 15.2054 -6.64334 0.648242
    endloop
  endfacet
  facet normal 0.754401 -0.555969 -0.348966
    outer loop
      vertex 17.8867 -9.13882 10.4205
      vertex 15.2054 -6.64334 0.648242
      vertex 18.2629 -8.62835 10.4205
    endloop
  endfacet
  facet normal 0.772224 -0.530651 -0.349399
    outer loop
      vertex 18.2629 -8.62835 10.4205
      vertex 15.2054 -6.64334 0.648242
      vertex 15.5146 -6.19338 0.648242
    endloop
  endfacet
  facet normal 0.777273 -0.523473 -0.349031
    outer loop
      vertex 18.2629 -8.62835 10.4205
      vertex 15.5146 -6.19338 0.648242
      vertex 18.6171 -8.10242 10.4205
    endloop
  endfacet
  facet normal 0.796893 -0.492909 -0.349289
    outer loop
      vertex 18.6171 -8.10242 10.4205
      vertex 15.5146 -6.19338 0.648242
      vertex 15.8018 -5.72906 0.648242
    endloop
  endfacet
  facet normal 0.79865 -0.49017 -0.34913
    outer loop
      vertex 18.6171 -8.10242 10.4205
      vertex 15.8018 -5.72906 0.648242
      vertex 18.9488 -7.56197 10.4205
    endloop
  endfacet
  facet normal 0.818692 -0.455888 -0.349154
    outer loop
      vertex 18.9488 -7.56197 10.4205
      vertex 15.8018 -5.72906 0.648242
      vertex 19.2573 -7.00796 10.4205
    endloop
  endfacet
  facet normal 0.819721 -0.453951 -0.349265
    outer loop
      vertex 19.2573 -7.00796 10.4205
      vertex 15.8018 -5.72906 0.648242
      vertex 16.0663 -5.25144 0.648242
    endloop
  endfacet
  facet normal 0.83733 -0.420764 -0.349049
    outer loop
      vertex 19.2573 -7.00796 10.4205
      vertex 16.0663 -5.25144 0.648242
      vertex 19.542 -6.4414 10.4205
    endloop
  endfacet
  facet normal 0.840584 -0.41395 -0.349377
    outer loop
      vertex 19.542 -6.4414 10.4205
      vertex 16.0663 -5.25144 0.648242
      vertex 16.3075 -4.76165 0.648242
    endloop
  endfacet
  facet normal 0.854342 -0.385119 -0.348975
    outer loop
      vertex 19.542 -6.4414 10.4205
      vertex 16.3075 -4.76165 0.648242
      vertex 19.8026 -5.86329 10.4205
    endloop
  endfacet
  facet normal 0.859537 -0.372928 -0.349459
    outer loop
      vertex 19.8026 -5.86329 10.4205
      vertex 16.3075 -4.76165 0.648242
      vertex 16.5248 -4.26081 0.648242
    endloop
  endfacet
  facet normal 0.869938 -0.348495 -0.348941
    outer loop
      vertex 19.8026 -5.86329 10.4205
      vertex 16.5248 -4.26081 0.648242
      vertex 20.0384 -5.27467 10.4205
    endloop
  endfacet
  facet normal 0.876447 -0.331208 -0.349488
    outer loop
      vertex 20.0384 -5.27467 10.4205
      vertex 16.5248 -4.26081 0.648242
      vertex 16.7178 -3.75009 0.648242
    endloop
  endfacet
  facet normal 0.883902 -0.311393 -0.348929
    outer loop
      vertex 20.0384 -5.27467 10.4205
      vertex 16.7178 -3.75009 0.648242
      vertex 20.2491 -4.67659 10.4205
    endloop
  endfacet
  facet normal 0.891377 -0.288643 -0.349474
    outer loop
      vertex 20.2491 -4.67659 10.4205
      vertex 16.7178 -3.75009 0.648242
      vertex 16.886 -3.23066 0.648242
    endloop
  endfacet
  facet normal 0.896279 -0.273709 -0.348951
    outer loop
      vertex 20.2491 -4.67659 10.4205
      vertex 16.886 -3.23066 0.648242
      vertex 20.4343 -4.07014 10.4205
    endloop
  endfacet
  facet normal 0.9043 -0.24525 -0.349419
    outer loop
      vertex 20.4343 -4.07014 10.4205
      vertex 16.886 -3.23066 0.648242
      vertex 17.0289 -2.70375 0.648242
    endloop
  endfacet
  facet normal 0.907065 -0.235427 -0.349009
    outer loop
      vertex 20.4343 -4.07014 10.4205
      vertex 17.0289 -2.70375 0.648242
      vertex 20.5936 -3.45638 10.4205
    endloop
  endfacet
  facet normal 0.915084 -0.201487 -0.34932
    outer loop
      vertex 20.5936 -3.45638 10.4205
      vertex 17.0289 -2.70375 0.648242
      vertex 17.1463 -2.17056 0.648242
    endloop
  endfacet
  facet normal 0.916145 -0.19699 -0.349103
    outer loop
      vertex 20.5936 -3.45638 10.4205
      vertex 17.1463 -2.17056 0.648242
      vertex 20.7269 -2.83644 10.4205
    endloop
  endfacet
  facet normal 0.923665 -0.157828 -0.349189
    outer loop
      vertex 20.7269 -2.83644 10.4205
      vertex 17.1463 -2.17056 0.648242
      vertex 20.8337 -2.21141 10.4205
    endloop
  endfacet
  facet normal 0.923757 -0.157215 -0.349222
    outer loop
      vertex 20.8337 -2.21141 10.4205
      vertex 17.1463 -2.17056 0.648242
      vertex 17.2379 -1.63234 0.648242
    endloop
  endfacet
  facet normal 0.929533 -0.118815 -0.349072
    outer loop
      vertex 20.8337 -2.21141 10.4205
      vertex 17.2379 -1.63234 0.648242
      vertex 20.9141 -1.58241 10.4205
    endloop
  endfacet
  facet normal 0.930202 -0.112585 -0.349355
    outer loop
      vertex 20.9141 -1.58241 10.4205
      vertex 17.2379 -1.63234 0.648242
      vertex 17.3035 -1.09034 0.648242
    endloop
  endfacet
  facet normal 0.933771 -0.0792152 -0.348993
    outer loop
      vertex 20.9141 -1.58241 10.4205
      vertex 17.3035 -1.09034 0.648242
      vertex 20.9677 -0.950585 10.4205
    endloop
  endfacet
  facet normal 0.934516 -0.0676168 -0.349439
    outer loop
      vertex 20.9677 -0.950585 10.4205
      vertex 17.3035 -1.09034 0.648242
      vertex 17.3429 -0.545802 0.648242
    endloop
  endfacet
  facet normal 0.936307 -0.039608 -0.348943
    outer loop
      vertex 20.9677 -0.950585 10.4205
      vertex 17.3429 -0.545802 0.648242
      vertex 20.9945 -0.317051 10.4205
    endloop
  endfacet
  facet normal 0.936672 -0.022653 -0.349476
    outer loop
      vertex 20.9945 -0.317051 10.4205
      vertex 17.3429 -0.545802 0.648242
      vertex 17.3561 -2.64682e-15 0.648242
    endloop
  endfacet
  facet normal 0.937153 0 -0.34892
    outer loop
      vertex 20.9945 -0.317051 10.4205
      vertex 17.3561 -2.64682e-15 0.648242
      vertex 20.9945 0.317051 10.4205
    endloop
  endfacet
  facet normal 0.936672 0.022653 -0.349476
    outer loop
      vertex 20.9945 0.317051 10.4205
      vertex 17.3561 -2.64682e-15 0.648242
      vertex 17.3429 0.545802 0.648242
    endloop
  endfacet
  facet normal 0.936307 0.039608 -0.348943
    outer loop
      vertex 20.9945 0.317051 10.4205
      vertex 17.3429 0.545802 0.648242
      vertex 20.9677 0.950585 10.4205
    endloop
  endfacet
  facet normal 0.934516 0.0676168 -0.349439
    outer loop
      vertex 20.9677 0.950585 10.4205
      vertex 17.3429 0.545802 0.648242
      vertex 17.3035 1.09034 0.648242
    endloop
  endfacet
  facet normal 0.933771 0.0792152 -0.348993
    outer loop
      vertex 20.9677 0.950585 10.4205
      vertex 17.3035 1.09034 0.648242
      vertex 20.9141 1.58241 10.4205
    endloop
  endfacet
  facet normal 0.930202 0.112585 -0.349355
    outer loop
      vertex 20.9141 1.58241 10.4205
      vertex 17.3035 1.09034 0.648242
      vertex 17.2379 1.63234 0.648242
    endloop
  endfacet
  facet normal 0.929533 0.118815 -0.349072
    outer loop
      vertex 20.9141 1.58241 10.4205
      vertex 17.2379 1.63234 0.648242
      vertex 20.8337 2.21141 10.4205
    endloop
  endfacet
  facet normal 0.923757 0.157215 -0.349222
    outer loop
      vertex 20.8337 2.21141 10.4205
      vertex 17.2379 1.63234 0.648242
      vertex 17.1463 2.17056 0.648242
    endloop
  endfacet
  facet normal 0.923665 0.157828 -0.349189
    outer loop
      vertex 20.8337 2.21141 10.4205
      vertex 17.1463 2.17056 0.648242
      vertex 20.7269 2.83644 10.4205
    endloop
  endfacet
  facet normal 0.916145 0.19699 -0.349103
    outer loop
      vertex 20.7269 2.83644 10.4205
      vertex 17.1463 2.17056 0.648242
      vertex 20.5936 3.45638 10.4205
    endloop
  endfacet
  facet normal 0.915084 0.201487 -0.34932
    outer loop
      vertex 20.5936 3.45638 10.4205
      vertex 17.1463 2.17056 0.648242
      vertex 17.0289 2.70375 0.648242
    endloop
  endfacet
  facet normal 0.907065 0.235427 -0.349009
    outer loop
      vertex 20.5936 3.45638 10.4205
      vertex 17.0289 2.70375 0.648242
      vertex 20.4343 4.07014 10.4205
    endloop
  endfacet
  facet normal 0.9043 0.24525 -0.349419
    outer loop
      vertex 20.4343 4.07014 10.4205
      vertex 17.0289 2.70375 0.648242
      vertex 16.886 3.23066 0.648242
    endloop
  endfacet
  facet normal 0.896279 0.273709 -0.348951
    outer loop
      vertex 20.4343 4.07014 10.4205
      vertex 16.886 3.23066 0.648242
      vertex 20.2491 4.67659 10.4205
    endloop
  endfacet
  facet normal 0.891377 0.288643 -0.349474
    outer loop
      vertex 20.2491 4.67659 10.4205
      vertex 16.886 3.23066 0.648242
      vertex 16.7178 3.75009 0.648242
    endloop
  endfacet
  facet normal 0.883902 0.311393 -0.348929
    outer loop
      vertex 20.2491 4.67659 10.4205
      vertex 16.7178 3.75009 0.648242
      vertex 20.0384 5.27467 10.4205
    endloop
  endfacet
  facet normal 0.876447 0.331208 -0.349488
    outer loop
      vertex 20.0384 5.27467 10.4205
      vertex 16.7178 3.75009 0.648242
      vertex 16.5248 4.26081 0.648242
    endloop
  endfacet
  facet normal 0.869938 0.348495 -0.348941
    outer loop
      vertex 20.0384 5.27467 10.4205
      vertex 16.5248 4.26081 0.648242
      vertex 19.8026 5.86329 10.4205
    endloop
  endfacet
  facet normal 0.859537 0.372928 -0.349459
    outer loop
      vertex 19.8026 5.86329 10.4205
      vertex 16.5248 4.26081 0.648242
      vertex 16.3075 4.76165 0.648242
    endloop
  endfacet
  facet normal 0.854342 0.385119 -0.348975
    outer loop
      vertex 19.8026 5.86329 10.4205
      vertex 16.3075 4.76165 0.648242
      vertex 19.542 6.4414 10.4205
    endloop
  endfacet
  facet normal 0.840584 0.41395 -0.349377
    outer loop
      vertex 19.542 6.4414 10.4205
      vertex 16.3075 4.76165 0.648242
      vertex 16.0663 5.25144 0.648242
    endloop
  endfacet
  facet normal 0.83733 0.420764 -0.349049
    outer loop
      vertex 19.542 6.4414 10.4205
      vertex 16.0663 5.25144 0.648242
      vertex 19.2573 7.00796 10.4205
    endloop
  endfacet
  facet normal 0.819721 0.453951 -0.349265
    outer loop
      vertex 19.2573 7.00796 10.4205
      vertex 16.0663 5.25144 0.648242
      vertex 15.8018 5.72906 0.648242
    endloop
  endfacet
  facet normal 0.818692 0.455888 -0.349154
    outer loop
      vertex 19.2573 7.00796 10.4205
      vertex 15.8018 5.72906 0.648242
      vertex 18.9488 7.56197 10.4205
    endloop
  endfacet
  facet normal 0.79865 0.49017 -0.34913
    outer loop
      vertex 18.9488 7.56197 10.4205
      vertex 15.8018 5.72906 0.648242
      vertex 18.6171 8.10242 10.4205
    endloop
  endfacet
  facet normal 0.796893 0.492909 -0.349289
    outer loop
      vertex 18.6171 8.10242 10.4205
      vertex 15.8018 5.72906 0.648242
      vertex 15.5146 6.19338 0.648242
    endloop
  endfacet
  facet normal 0.777273 0.523473 -0.349031
    outer loop
      vertex 18.6171 8.10242 10.4205
      vertex 15.5146 6.19338 0.648242
      vertex 18.2629 8.62835 10.4205
    endloop
  endfacet
  facet normal 0.772224 0.530651 -0.349399
    outer loop
      vertex 18.2629 8.62835 10.4205
      vertex 15.5146 6.19338 0.648242
      vertex 15.2054 6.64334 0.648242
    endloop
  endfacet
  facet normal 0.754401 0.555969 -0.348966
    outer loop
      vertex 18.2629 8.62835 10.4205
      vertex 15.2054 6.64334 0.648242
      vertex 17.8867 9.13882 10.4205
    endloop
  endfacet
  facet normal 0.745764 0.567196 -0.349463
    outer loop
      vertex 17.8867 9.13882 10.4205
      vertex 15.2054 6.64334 0.648242
      vertex 14.8749 7.07789 0.648242
    endloop
  endfacet
  facet normal 0.730247 0.587355 -0.348932
    outer loop
      vertex 17.8867 9.13882 10.4205
      vertex 14.8749 7.07789 0.648242
      vertex 17.4893 9.6329 10.4205
    endloop
  endfacet
  facet normal 0.717614 0.602403 -0.349487
    outer loop
      vertex 17.4893 9.6329 10.4205
      vertex 14.8749 7.07789 0.648242
      vertex 14.5239 7.49602 0.648242
    endloop
  endfacet
  facet normal 0.70469 0.617786 -0.348929
    outer loop
      vertex 17.4893 9.6329 10.4205
      vertex 14.5239 7.49602 0.648242
      vertex 17.0713 10.1097 10.4205
    endloop
  endfacet
  facet normal 0.687723 0.636326 -0.349465
    outer loop
      vertex 17.0713 10.1097 10.4205
      vertex 14.5239 7.49602 0.648242
      vertex 14.1531 7.89677 0.648242
    endloop
  endfacet
  facet normal 0.677847 0.64711 -0.348958
    outer loop
      vertex 17.0713 10.1097 10.4205
      vertex 14.1531 7.89677 0.648242
      vertex 16.6334 10.5684 10.4205
    endloop
  endfacet
  facet normal 0.65636 0.668666 -0.349397
    outer loop
      vertex 16.6334 10.5684 10.4205
      vertex 14.1531 7.89677 0.648242
      vertex 13.7635 8.2792 0.648242
    endloop
  endfacet
  facet normal 0.64996 0.675083 -0.349021
    outer loop
      vertex 16.6334 10.5684 10.4205
      vertex 13.7635 8.2792 0.648242
      vertex 16.1766 11.0082 10.4205
    endloop
  endfacet
  facet normal 0.6246 0.698477 -0.349291
    outer loop
      vertex 16.1766 11.0082 10.4205
      vertex 13.7635 8.2792 0.648242
      vertex 13.3978 8.628 0.691794
    endloop
  endfacet
  facet normal 0.620739 0.702027 -0.349057
    outer loop
      vertex 16.1766 11.0082 10.4205
      vertex 13.3978 8.628 0.691794
      vertex 15.7016 11.4282 10.4205
    endloop
  endfacet
  facet normal 0.608669 0.712448 -0.349198
    outer loop
      vertex 15.7016 11.4282 10.4205
      vertex 13.3978 8.628 0.691794
      vertex 13.4983 8.80196 1.22189
    endloop
  endfacet
  facet normal 0.604583 0.715914 -0.349209
    outer loop
      vertex 15.7016 11.4282 10.4205
      vertex 13.4983 8.80196 1.22189
      vertex 13.6003 8.97877 1.76096
    endloop
  endfacet
  facet normal 0.619264 0.694909 -0.365531
    outer loop
      vertex 13.7635 8.2792 0.648242
      vertex 13.3559 8.64243 0.648242
      vertex 13.3978 8.628 0.691794
    endloop
  endfacet
  facet normal 0.603904 0.716488 -0.349207
    outer loop
      vertex 13.6003 8.97877 1.76096
      vertex 13.7041 9.1585 2.30923
      vertex 15.7016 11.4282 10.4205
    endloop
  endfacet
  facet normal 0.601686 0.718362 -0.349185
    outer loop
      vertex 15.7016 11.4282 10.4205
      vertex 13.7041 9.1585 2.30923
      vertex 13.8096 9.34122 2.86692
    endloop
  endfacet
  facet normal 0.600199 0.719618 -0.349159
    outer loop
      vertex 15.7016 11.4282 10.4205
      vertex 13.8096 9.34122 2.86692
      vertex 13.9169 9.52701 3.43428
    endloop
  endfacet
  facet normal 0.597493 0.7219 -0.349089
    outer loop
      vertex 13.9169 9.52701 3.43428
      vertex 14.0259 9.71594 4.01154
      vertex 15.7016 11.4282 10.4205
    endloop
  endfacet
  facet normal 0.597367 0.722006 -0.349085
    outer loop
      vertex 15.7016 11.4282 10.4205
      vertex 14.0259 9.71594 4.01154
      vertex 14.1369 9.90812 4.59897
    endloop
  endfacet
  facet normal 0.595848 0.723294 -0.349013
    outer loop
      vertex 15.7016 11.4282 10.4205
      vertex 14.1369 9.90812 4.59897
      vertex 14.2498 10.1036 5.19683
    endloop
  endfacet
  facet normal 0.591394 0.727075 -0.348734
    outer loop
      vertex 15.7016 11.4282 10.4205
      vertex 14.2498 10.1036 5.19683
      vertex 15.2283 11.7985 10.3899
    endloop
  endfacet
  facet normal 0.902889 -0.428813 -0.0301715
    outer loop
      vertex 15.2283 11.7985 10.3899
      vertex 14.2498 10.1036 5.19683
      vertex 14.3646 10.3025 5.80538
    endloop
  endfacet
  facet normal 0.940956 -0.331395 -0.0691321
    outer loop
      vertex 15.2283 11.7985 10.3899
      vertex 14.3646 10.3025 5.80538
      vertex 14.4814 10.5049 6.42491
    endloop
  endfacet
  facet normal 0.747495 -0.660072 0.0745438
    outer loop
      vertex 14.4814 10.5049 6.42491
      vertex 14.6004 10.7109 7.05572
      vertex 15.2283 11.7985 10.3899
    endloop
  endfacet
  facet normal 0.979288 -0.150648 -0.135281
    outer loop
      vertex 15.2283 11.7985 10.3899
      vertex 14.6004 10.7109 7.05572
      vertex 14.7214 10.9206 7.69811
    endloop
  endfacet
  facet normal 0.576986 -0.802295 0.153006
    outer loop
      vertex 15.2283 11.7985 10.3899
      vertex 14.7214 10.9206 7.69811
      vertex 15.0981 11.5729 9.69794
    endloop
  endfacet
  facet normal 0.981771 -0.123167 -0.144758
    outer loop
      vertex 15.0981 11.5729 9.69794
      vertex 14.7214 10.9206 7.69811
      vertex 14.9702 11.3515 9.01888
    endloop
  endfacet
  facet normal 0.635396 -0.761385 0.128708
    outer loop
      vertex 14.9702 11.3515 9.01888
      vertex 14.7214 10.9206 7.69811
      vertex 14.8447 11.1341 8.35239
    endloop
  endfacet
  facet normal 0.594733 0.732849 -0.330493
    outer loop
      vertex 15.2283 11.7985 10.3899
      vertex 15.2092 11.8278 10.4205
      vertex 15.7016 11.4282 10.4205
    endloop
  endfacet
  facet normal 0.594733 -0.732849 -0.330493
    outer loop
      vertex 15.2092 -11.8278 10.4205
      vertex 15.2283 -11.7985 10.3899
      vertex 15.7016 -11.4282 10.4205
    endloop
  endfacet
  facet normal 0.591394 -0.727075 -0.348734
    outer loop
      vertex 15.7016 -11.4282 10.4205
      vertex 15.2283 -11.7985 10.3899
      vertex 14.2498 -10.1036 5.19683
    endloop
  endfacet
  facet normal 0.595848 -0.723294 -0.349013
    outer loop
      vertex 15.7016 -11.4282 10.4205
      vertex 14.2498 -10.1036 5.19683
      vertex 14.1369 -9.90812 4.59897
    endloop
  endfacet
  facet normal 0.576986 0.802295 0.153006
    outer loop
      vertex 15.0981 -11.5729 9.69794
      vertex 14.7214 -10.9206 7.69811
      vertex 15.2283 -11.7985 10.3899
    endloop
  endfacet
  facet normal 0.979288 0.150648 -0.135281
    outer loop
      vertex 15.2283 -11.7985 10.3899
      vertex 14.7214 -10.9206 7.69811
      vertex 14.6004 -10.7109 7.05572
    endloop
  endfacet
  facet normal 0.747495 0.660072 0.0745438
    outer loop
      vertex 15.2283 -11.7985 10.3899
      vertex 14.6004 -10.7109 7.05572
      vertex 14.4814 -10.5049 6.42491
    endloop
  endfacet
  facet normal 0.981771 0.123167 -0.144758
    outer loop
      vertex 15.0981 -11.5729 9.69794
      vertex 14.9702 -11.3515 9.01888
      vertex 14.7214 -10.9206 7.69811
    endloop
  endfacet
  facet normal 0.635396 0.761385 0.128708
    outer loop
      vertex 14.7214 -10.9206 7.69811
      vertex 14.9702 -11.3515 9.01888
      vertex 14.8447 -11.1341 8.35239
    endloop
  endfacet
  facet normal 0.940956 0.331395 -0.0691321
    outer loop
      vertex 14.4814 -10.5049 6.42491
      vertex 14.3646 -10.3025 5.80538
      vertex 15.2283 -11.7985 10.3899
    endloop
  endfacet
  facet normal 0.902889 0.428813 -0.0301715
    outer loop
      vertex 15.2283 -11.7985 10.3899
      vertex 14.3646 -10.3025 5.80538
      vertex 14.2498 -10.1036 5.19683
    endloop
  endfacet
  facet normal 0.597367 -0.722006 -0.349085
    outer loop
      vertex 14.1369 -9.90812 4.59897
      vertex 14.0259 -9.71594 4.01154
      vertex 15.7016 -11.4282 10.4205
    endloop
  endfacet
  facet normal 0.597493 -0.7219 -0.349089
    outer loop
      vertex 15.7016 -11.4282 10.4205
      vertex 14.0259 -9.71594 4.01154
      vertex 13.9169 -9.52701 3.43428
    endloop
  endfacet
  facet normal 0.600199 -0.719618 -0.349159
    outer loop
      vertex 15.7016 -11.4282 10.4205
      vertex 13.9169 -9.52701 3.43428
      vertex 13.8096 -9.34122 2.86692
    endloop
  endfacet
  facet normal 0.601686 -0.718362 -0.349185
    outer loop
      vertex 13.8096 -9.34122 2.86692
      vertex 13.7041 -9.1585 2.30923
      vertex 15.7016 -11.4282 10.4205
    endloop
  endfacet
  facet normal 0.603904 -0.716488 -0.349207
    outer loop
      vertex 15.7016 -11.4282 10.4205
      vertex 13.7041 -9.1585 2.30923
      vertex 13.6003 -8.97877 1.76096
    endloop
  endfacet
  facet normal 0.604583 -0.715914 -0.349209
    outer loop
      vertex 15.7016 -11.4282 10.4205
      vertex 13.6003 -8.97877 1.76096
      vertex 13.4983 -8.80196 1.22189
    endloop
  endfacet
  facet normal 0.608669 -0.712448 -0.349198
    outer loop
      vertex 13.4983 -8.80196 1.22189
      vertex 13.3978 -8.628 0.691794
      vertex 15.7016 -11.4282 10.4205
    endloop
  endfacet
  facet normal 0.866025 -0.500001 -0.000104508
    outer loop
      vertex 13.3978 8.628 0.691794
      vertex 18.8428 18.059 0.691794
      vertex 13.4983 8.80196 1.22189
    endloop
  endfacet
  facet normal 0.866031 -0.499991 0.000126562
    outer loop
      vertex 13.4983 8.80196 1.22189
      vertex 18.8428 18.059 0.691794
      vertex 13.6003 8.97877 1.76096
    endloop
  endfacet
  facet normal 0.866022 -0.500006 -4.91331e-05
    outer loop
      vertex 13.6003 8.97877 1.76096
      vertex 18.8428 18.059 0.691794
      vertex 13.7041 9.1585 2.30923
    endloop
  endfacet
  facet normal 0.866025 -0.500001 -9.79537e-06
    outer loop
      vertex 13.7041 9.1585 2.30923
      vertex 18.8428 18.059 0.691794
      vertex 13.8096 9.34122 2.86692
    endloop
  endfacet
  facet normal 0.866021 -0.500008 -4.84895e-05
    outer loop
      vertex 13.8096 9.34122 2.86692
      vertex 18.8428 18.059 0.691794
      vertex 13.9169 9.52701 3.43428
    endloop
  endfacet
  facet normal 0.866042 -0.499971 0.000105545
    outer loop
      vertex 13.9169 9.52701 3.43428
      vertex 18.8428 18.059 0.691794
      vertex 14.0259 9.71594 4.01154
    endloop
  endfacet
  facet normal 0.866014 -0.50002 -5.75083e-05
    outer loop
      vertex 14.0259 9.71594 4.01154
      vertex 18.8428 18.059 0.691794
      vertex 14.1369 9.90812 4.59897
    endloop
  endfacet
  facet normal 0.866016 -0.500017 -4.99343e-05
    outer loop
      vertex 14.1369 9.90812 4.59897
      vertex 18.8428 18.059 0.691794
      vertex 14.2498 10.1036 5.19683
    endloop
  endfacet
  facet normal 0.866038 -0.499979 4.0421e-05
    outer loop
      vertex 14.2498 10.1036 5.19683
      vertex 18.8428 18.059 0.691794
      vertex 14.3646 10.3025 5.80538
    endloop
  endfacet
  facet normal 0.866044 -0.499967 6.35375e-05
    outer loop
      vertex 14.3646 10.3025 5.80538
      vertex 18.8428 18.059 0.691794
      vertex 14.4814 10.5049 6.42491
    endloop
  endfacet
  facet normal 0.866024 -0.500002 2.58177e-06
    outer loop
      vertex 14.4814 10.5049 6.42491
      vertex 18.8428 18.059 0.691794
      vertex 18.8232 18.0251 9.99367
    endloop
  endfacet
  facet normal 0.866031 -0.49999 -3.00508e-05
    outer loop
      vertex 14.4814 10.5049 6.42491
      vertex 18.8232 18.0251 9.99367
      vertex 18.6011 17.6404 10.0182
    endloop
  endfacet
  facet normal 0.865818 -0.500359 0.000258792
    outer loop
      vertex 21.6519 22.9245 9.68096
      vertex 21.6341 22.8937 9.68293
      vertex 18.8428 18.059 0.691794
    endloop
  endfacet
  facet normal 0.866105 -0.499861 -9.80003e-05
    outer loop
      vertex 18.8428 18.059 0.691794
      vertex 21.6341 22.8937 9.68293
      vertex 21.462 22.5955 9.70197
    endloop
  endfacet
  facet normal 0.866022 -0.500005 -1.2299e-06
    outer loop
      vertex 18.8428 18.059 0.691794
      vertex 21.462 22.5955 9.70197
      vertex 21.2937 22.304 9.72059
    endloop
  endfacet
  facet normal 0.865935 -0.500157 9.35632e-05
    outer loop
      vertex 21.2937 22.304 9.72059
      vertex 21.1292 22.0192 9.73878
      vertex 18.8428 18.059 0.691794
    endloop
  endfacet
  facet normal 0.86607 -0.499922 -4.33588e-05
    outer loop
      vertex 18.8428 18.059 0.691794
      vertex 21.1292 22.0192 9.73878
      vertex 20.9685 21.7408 9.75656
    endloop
  endfacet
  facet normal 0.866021 -0.500007 2.67287e-06
    outer loop
      vertex 18.8428 18.059 0.691794
      vertex 20.9685 21.7408 9.75656
      vertex 20.8114 21.4687 9.77393
    endloop
  endfacet
  facet normal 0.865991 -0.500059 2.8818e-05
    outer loop
      vertex 20.8114 21.4687 9.77393
      vertex 20.6578 21.2027 9.79091
      vertex 18.8428 18.059 0.691794
    endloop
  endfacet
  facet normal 0.866041 -0.499973 -1.09708e-05
    outer loop
      vertex 18.8428 18.059 0.691794
      vertex 20.6578 21.2027 9.79091
      vertex 20.5077 20.9427 9.80751
    endloop
  endfacet
  facet normal 0.866116 -0.499844 -6.55041e-05
    outer loop
      vertex 18.8428 18.059 0.691794
      vertex 20.5077 20.9427 9.80751
      vertex 20.361 20.6885 9.82374
    endloop
  endfacet
  facet normal 0.865938 -0.500152 5.28457e-05
    outer loop
      vertex 20.361 20.6885 9.82374
      vertex 20.077 20.1968 9.85513
      vertex 18.8428 18.059 0.691794
    endloop
  endfacet
  facet normal 0.866051 -0.499956 -7.98396e-06
    outer loop
      vertex 18.8428 18.059 0.691794
      vertex 20.077 20.1968 9.85513
      vertex 19.8051 19.7258 9.88518
    endloop
  endfacet
  facet normal 0.866086 -0.499895 -2.27658e-05
    outer loop
      vertex 18.8428 18.059 0.691794
      vertex 19.8051 19.7258 9.88518
      vertex 19.5445 19.2743 9.91399
    endloop
  endfacet
  facet normal 0.865983 -0.500074 8.65615e-06
    outer loop
      vertex 19.5445 19.2743 9.91399
      vertex 19.2944 18.8412 9.94162
      vertex 18.8428 18.059 0.691794
    endloop
  endfacet
  facet normal 0.866057 -0.499945 -5.89067e-06
    outer loop
      vertex 18.8428 18.059 0.691794
      vertex 19.2944 18.8412 9.94162
      vertex 19.0542 18.4251 9.96816
    endloop
  endfacet
  facet normal 0.865969 -0.500097 2.11843e-06
    outer loop
      vertex 18.8428 18.059 0.691794
      vertex 19.0542 18.4251 9.96816
      vertex 18.8232 18.0251 9.99367
    endloop
  endfacet
  facet normal 0.866005 -0.500035 8.98099e-05
    outer loop
      vertex 18.6011 17.6404 10.0182
      vertex 18.3874 17.2703 10.0418
      vertex 14.4814 10.5049 6.42491
    endloop
  endfacet
  facet normal 0.866051 -0.499955 -0.000109799
    outer loop
      vertex 14.4814 10.5049 6.42491
      vertex 18.3874 17.2703 10.0418
      vertex 14.6004 10.7109 7.05572
    endloop
  endfacet
  facet normal 0.866088 -0.499891 -0.000298577
    outer loop
      vertex 14.6004 10.7109 7.05572
      vertex 18.3874 17.2703 10.0418
      vertex 18.1817 16.9139 10.0645
    endloop
  endfacet
  facet normal 0.865933 -0.50016 0.000440546
    outer loop
      vertex 14.6004 10.7109 7.05572
      vertex 18.1817 16.9139 10.0645
      vertex 17.9834 16.5706 10.0864
    endloop
  endfacet
  facet normal 0.866145 -0.499792 -0.000507771
    outer loop
      vertex 17.9834 16.5706 10.0864
      vertex 17.7923 16.2394 10.1075
      vertex 14.6004 10.7109 7.05572
    endloop
  endfacet
  facet normal 0.865996 -0.500051 0.000116873
    outer loop
      vertex 14.6004 10.7109 7.05572
      vertex 17.7923 16.2394 10.1075
      vertex 14.7214 10.9206 7.69811
    endloop
  endfacet
  facet normal 0.866003 -0.500039 8.25318e-05
    outer loop
      vertex 14.7214 10.9206 7.69811
      vertex 17.7923 16.2394 10.1075
      vertex 17.6077 15.9197 10.1279
    endloop
  endfacet
  facet normal 0.866026 -0.499999 -2.78136e-05
    outer loop
      vertex 14.7214 10.9206 7.69811
      vertex 17.6077 15.9197 10.1279
      vertex 17.4293 15.6107 10.1475
    endloop
  endfacet
  facet normal 0.866021 -0.500007 -6.0128e-06
    outer loop
      vertex 17.4293 15.6107 10.1475
      vertex 17.2569 15.3121 10.1666
      vertex 14.7214 10.9206 7.69811
    endloop
  endfacet
  facet normal 0.866033 -0.499988 -5.26725e-05
    outer loop
      vertex 14.7214 10.9206 7.69811
      vertex 17.2569 15.3121 10.1666
      vertex 14.8447 11.1341 8.35239
    endloop
  endfacet
  facet normal 0.866004 -0.500038 0.00010166
    outer loop
      vertex 14.8447 11.1341 8.35239
      vertex 17.2569 15.3121 10.1666
      vertex 17.0902 15.0234 10.1849
    endloop
  endfacet
  facet normal 0.865971 -0.500095 0.000262213
    outer loop
      vertex 14.8447 11.1341 8.35239
      vertex 17.0902 15.0234 10.1849
      vertex 16.9289 14.7441 10.2027
    endloop
  endfacet
  facet normal 0.866097 -0.499876 -0.000306953
    outer loop
      vertex 16.9289 14.7441 10.2027
      vertex 16.7729 14.4738 10.2199
      vertex 14.8447 11.1341 8.35239
    endloop
  endfacet
  facet normal 0.86607 -0.499923 -0.000194785
    outer loop
      vertex 14.8447 11.1341 8.35239
      vertex 16.7729 14.4738 10.2199
      vertex 16.6219 14.2122 10.2366
    endloop
  endfacet
  facet normal 0.86601 -0.500027 3.25592e-05
    outer loop
      vertex 14.8447 11.1341 8.35239
      vertex 16.6219 14.2122 10.2366
      vertex 14.9702 11.3515 9.01888
    endloop
  endfacet
  facet normal 0.86597 -0.500095 0.000245401
    outer loop
      vertex 14.9702 11.3515 9.01888
      vertex 16.6219 14.2122 10.2366
      vertex 16.4755 13.9587 10.2527
    endloop
  endfacet
  facet normal 0.866042 -0.499971 -0.000103388
    outer loop
      vertex 14.9702 11.3515 9.01888
      vertex 16.4755 13.9587 10.2527
      vertex 16.3336 13.7129 10.2683
    endloop
  endfacet
  facet normal 0.866 -0.500044 7.89609e-05
    outer loop
      vertex 16.3336 13.7129 10.2683
      vertex 16.196 13.4746 10.2835
      vertex 14.9702 11.3515 9.01888
    endloop
  endfacet
  facet normal 0.866017 -0.500014 1.30408e-05
    outer loop
      vertex 14.9702 11.3515 9.01888
      vertex 16.196 13.4746 10.2835
      vertex 16.0628 13.2439 10.2981
    endloop
  endfacet
  facet normal 0.866055 -0.499948 -0.000117845
    outer loop
      vertex 14.9702 11.3515 9.01888
      vertex 16.0628 13.2439 10.2981
      vertex 15.0981 11.5729 9.69794
    endloop
  endfacet
  facet normal 0.865938 -0.50015 0.00063438
    outer loop
      vertex 15.0981 11.5729 9.69794
      vertex 16.0628 13.2439 10.2981
      vertex 15.9337 13.0204 10.3123
    endloop
  endfacet
  facet normal 0.866157 -0.499772 -0.000554868
    outer loop
      vertex 15.0981 11.5729 9.69794
      vertex 15.9337 13.0204 10.3123
      vertex 15.8085 12.8034 10.3261
    endloop
  endfacet
  facet normal 0.866024 -0.500002 4.58467e-05
    outer loop
      vertex 15.8085 12.8034 10.3261
      vertex 15.5678 12.3865 10.3526
      vertex 15.0981 11.5729 9.69794
    endloop
  endfacet
  facet normal 0.86599 -0.500061 0.000143103
    outer loop
      vertex 15.0981 11.5729 9.69794
      vertex 15.5678 12.3865 10.3526
      vertex 15.3378 11.9882 10.3779
    endloop
  endfacet
  facet normal 0.86589 -0.500234 0.000284148
    outer loop
      vertex 15.0981 11.5729 9.69794
      vertex 15.3378 11.9882 10.3779
      vertex 15.2828 11.893 10.3839
    endloop
  endfacet
  facet normal 0.866259 -0.499596 -0.000112916
    outer loop
      vertex 15.2828 11.893 10.3839
      vertex 15.2283 11.7985 10.3899
      vertex 15.0981 11.5729 9.69794
    endloop
  endfacet
  facet normal 0.425806 0.733344 -0.529996
    outer loop
      vertex 21.6519 22.9245 9.68096
      vertex 18.8428 18.059 0.691794
      vertex 21.6495 22.9289 9.68512
    endloop
  endfacet
  facet normal 0.423724 0.734548 -0.529998
    outer loop
      vertex 21.6495 22.9289 9.68512
      vertex 18.8428 18.059 0.691794
      vertex 18.7189 18.0546 0.58664
    endloop
  endfacet
  facet normal 0.423994 0.73439 -0.53
    outer loop
      vertex 21.6495 22.9289 9.68512
      vertex 18.7189 18.0546 0.58664
      vertex 18.0622 25 9.68512
    endloop
  endfacet
  facet normal 0.424006 0.734386 -0.529996
    outer loop
      vertex 18.0622 25 9.68512
      vertex 18.7189 18.0546 0.58664
      vertex 15.3063 20.0249 0.58664
    endloop
  endfacet
  facet normal 0.424063 0.734353 -0.529996
    outer loop
      vertex 18.0622 25 9.68512
      vertex 15.3063 20.0249 0.58664
      vertex 15.2481 20.1344 0.691794
    endloop
  endfacet
  facet normal 0.426295 0.733061 -0.529995
    outer loop
      vertex 15.2481 20.1344 0.691794
      vertex 18.0572 24.9999 9.68096
      vertex 18.0622 25 9.68512
    endloop
  endfacet
  facet normal -0.866027 0.499997 6.45856e-05
    outer loop
      vertex 9.80315 10.7034 0.691794
      vertex 9.90359 10.8773 1.22189
      vertex 15.2481 20.1344 0.691794
    endloop
  endfacet
  facet normal -0.866029 0.499993 -3.42968e-05
    outer loop
      vertex 15.2481 20.1344 0.691794
      vertex 9.90359 10.8773 1.22189
      vertex 10.0057 11.0542 1.76096
    endloop
  endfacet
  facet normal -0.866031 0.499989 -7.41227e-05
    outer loop
      vertex 15.2481 20.1344 0.691794
      vertex 10.0057 11.0542 1.76096
      vertex 10.1094 11.2339 2.30923
    endloop
  endfacet
  facet normal -0.866024 0.500003 2.6719e-05
    outer loop
      vertex 10.1094 11.2339 2.30923
      vertex 10.2149 11.4166 2.86692
      vertex 15.2481 20.1344 0.691794
    endloop
  endfacet
  facet normal -0.866022 0.500006 4.06897e-05
    outer loop
      vertex 15.2481 20.1344 0.691794
      vertex 10.2149 11.4166 2.86692
      vertex 10.3222 11.6024 3.43428
    endloop
  endfacet
  facet normal -0.86602 0.500009 5.38856e-05
    outer loop
      vertex 15.2481 20.1344 0.691794
      vertex 10.3222 11.6024 3.43428
      vertex 10.4313 11.7913 4.01154
    endloop
  endfacet
  facet normal -0.866044 0.499968 -8.43007e-05
    outer loop
      vertex 10.4313 11.7913 4.01154
      vertex 10.5422 11.9835 4.59897
      vertex 15.2481 20.1344 0.691794
    endloop
  endfacet
  facet normal -0.866019 0.500011 3.5821e-05
    outer loop
      vertex 15.2481 20.1344 0.691794
      vertex 10.5422 11.9835 4.59897
      vertex 10.6551 12.179 5.19683
    endloop
  endfacet
  facet normal -0.866038 0.499979 -4.0421e-05
    outer loop
      vertex 15.2481 20.1344 0.691794
      vertex 10.6551 12.179 5.19683
      vertex 10.7699 12.3779 5.80538
    endloop
  endfacet
  facet normal -0.866012 0.500024 5.14784e-05
    outer loop
      vertex 10.7699 12.3779 5.80538
      vertex 10.8868 12.5803 6.42491
      vertex 15.2481 20.1344 0.691794
    endloop
  endfacet
  facet normal -0.866026 0.499999 6.71238e-06
    outer loop
      vertex 15.2481 20.1344 0.691794
      vertex 10.8868 12.5803 6.42491
      vertex 15.2286 20.1005 9.99367
    endloop
  endfacet
  facet normal -0.866063 0.499935 6.40487e-06
    outer loop
      vertex 15.2481 20.1344 0.691794
      vertex 15.2286 20.1005 9.99367
      vertex 15.4595 20.5005 9.96816
    endloop
  endfacet
  facet normal -0.866013 0.500022 -5.65295e-05
    outer loop
      vertex 11.0057 12.7863 7.05572
      vertex 14.7928 19.3457 10.0418
      vertex 10.8868 12.5803 6.42491
    endloop
  endfacet
  facet normal -0.866005 0.500035 -8.98099e-05
    outer loop
      vertex 10.8868 12.5803 6.42491
      vertex 14.7928 19.3457 10.0418
      vertex 15.0065 19.7158 10.0182
    endloop
  endfacet
  facet normal -0.866031 0.49999 3.00508e-05
    outer loop
      vertex 10.8868 12.5803 6.42491
      vertex 15.0065 19.7158 10.0182
      vertex 15.2286 20.1005 9.99367
    endloop
  endfacet
  facet normal -0.866035 0.499983 4.75688e-05
    outer loop
      vertex 11.1268 12.996 7.69811
      vertex 14.1976 18.3148 10.1075
      vertex 11.0057 12.7863 7.05572
    endloop
  endfacet
  facet normal -0.865985 0.500069 -0.000162203
    outer loop
      vertex 11.0057 12.7863 7.05572
      vertex 14.1976 18.3148 10.1075
      vertex 14.3888 18.6459 10.0864
    endloop
  endfacet
  facet normal -0.866085 0.499896 0.000284349
    outer loop
      vertex 11.0057 12.7863 7.05572
      vertex 14.3888 18.6459 10.0864
      vertex 14.587 18.9893 10.0645
    endloop
  endfacet
  facet normal -0.866004 0.500038 -0.00010154
    outer loop
      vertex 11.25 13.2095 8.35239
      vertex 13.6622 17.3875 10.1666
      vertex 11.1268 12.996 7.69811
    endloop
  endfacet
  facet normal -0.866022 0.500006 -2.54859e-05
    outer loop
      vertex 11.1268 12.996 7.69811
      vertex 13.6622 17.3875 10.1666
      vertex 13.8346 17.6861 10.1475
    endloop
  endfacet
  facet normal -0.865964 0.500105 -0.000280054
    outer loop
      vertex 11.1268 12.996 7.69811
      vertex 13.8346 17.6861 10.1475
      vertex 14.013 17.995 10.1279
    endloop
  endfacet
  facet normal -0.866053 0.499953 0.0001298
    outer loop
      vertex 11.3756 13.4269 9.01888
      vertex 13.0272 16.2876 10.2366
      vertex 11.25 13.2095 8.35239
    endloop
  endfacet
  facet normal -0.86607 0.499923 0.000194785
    outer loop
      vertex 11.25 13.2095 8.35239
      vertex 13.0272 16.2876 10.2366
      vertex 13.1782 16.5492 10.2199
    endloop
  endfacet
  facet normal -0.865973 0.500092 -0.000207486
    outer loop
      vertex 11.25 13.2095 8.35239
      vertex 13.1782 16.5492 10.2199
      vertex 13.3343 16.8195 10.2027
    endloop
  endfacet
  facet normal -0.866033 0.499987 -2.66077e-05
    outer loop
      vertex 11.5034 13.6483 9.69794
      vertex 12.4681 15.3193 10.2981
      vertex 11.3756 13.4269 9.01888
    endloop
  endfacet
  facet normal -0.866019 0.500011 -7.49443e-05
    outer loop
      vertex 11.3756 13.4269 9.01888
      vertex 12.4681 15.3193 10.2981
      vertex 12.6013 15.55 10.2835
    endloop
  endfacet
  facet normal -0.866002 0.500041 -0.000140816
    outer loop
      vertex 11.3756 13.4269 9.01888
      vertex 12.6013 15.55 10.2835
      vertex 12.7389 15.7883 10.2683
    endloop
  endfacet
  facet normal -0.865868 0.500272 -0.000108974
    outer loop
      vertex 11.6336 13.8738 10.3899
      vertex 11.6882 13.9683 10.3839
      vertex 11.5034 13.6483 9.69794
    endloop
  endfacet
  facet normal -0.866106 0.499861 0.000147243
    outer loop
      vertex 11.5034 13.6483 9.69794
      vertex 11.6882 13.9683 10.3839
      vertex 11.7432 14.0636 10.3779
    endloop
  endfacet
  facet normal -0.866078 0.49991 0.000107346
    outer loop
      vertex 11.5034 13.6483 9.69794
      vertex 11.7432 14.0636 10.3779
      vertex 11.9731 14.4619 10.3526
    endloop
  endfacet
  facet normal -0.866024 0.500002 -4.58467e-05
    outer loop
      vertex 11.9731 14.4619 10.3526
      vertex 12.2138 14.8788 10.3261
      vertex 11.5034 13.6483 9.69794
    endloop
  endfacet
  facet normal -0.865914 0.500192 -0.000541886
    outer loop
      vertex 11.5034 13.6483 9.69794
      vertex 12.2138 14.8788 10.3261
      vertex 12.3391 15.0957 10.3123
    endloop
  endfacet
  facet normal -0.866163 0.499761 0.000811294
    outer loop
      vertex 11.5034 13.6483 9.69794
      vertex 12.3391 15.0957 10.3123
      vertex 12.4681 15.3193 10.2981
    endloop
  endfacet
  facet normal -0.866044 0.499968 4.14961e-05
    outer loop
      vertex 12.7389 15.7883 10.2683
      vertex 12.8808 16.0341 10.2527
      vertex 11.3756 13.4269 9.01888
    endloop
  endfacet
  facet normal -0.865972 0.500092 -0.000307283
    outer loop
      vertex 11.3756 13.4269 9.01888
      vertex 12.8808 16.0341 10.2527
      vertex 13.0272 16.2876 10.2366
    endloop
  endfacet
  facet normal -0.86602 0.500009 6.79858e-06
    outer loop
      vertex 13.3343 16.8195 10.2027
      vertex 13.4955 17.0987 10.1849
      vertex 11.25 13.2095 8.35239
    endloop
  endfacet
  facet normal -0.866069 0.499925 0.000246318
    outer loop
      vertex 11.25 13.2095 8.35239
      vertex 13.4955 17.0987 10.1849
      vertex 13.6622 17.3875 10.1666
    endloop
  endfacet
  facet normal -0.866063 0.499935 0.000188538
    outer loop
      vertex 14.013 17.995 10.1279
      vertex 14.1976 18.3148 10.1075
      vertex 11.1268 12.996 7.69811
    endloop
  endfacet
  facet normal -0.865995 0.500052 -0.000144254
    outer loop
      vertex 14.587 18.9893 10.0645
      vertex 14.7928 19.3457 10.0418
      vertex 11.0057 12.7863 7.05572
    endloop
  endfacet
  facet normal -0.866057 0.499945 5.89067e-06
    outer loop
      vertex 15.4595 20.5005 9.96816
      vertex 15.6997 20.9166 9.94162
      vertex 15.2481 20.1344 0.691794
    endloop
  endfacet
  facet normal -0.865983 0.500074 -8.65615e-06
    outer loop
      vertex 15.2481 20.1344 0.691794
      vertex 15.6997 20.9166 9.94162
      vertex 15.9498 21.3497 9.91399
    endloop
  endfacet
  facet normal -0.866038 0.499978 8.29335e-06
    outer loop
      vertex 15.2481 20.1344 0.691794
      vertex 15.9498 21.3497 9.91399
      vertex 16.2104 21.8011 9.88518
    endloop
  endfacet
  facet normal -0.865972 0.500093 -1.95923e-05
    outer loop
      vertex 16.2104 21.8011 9.88518
      vertex 16.4824 22.2721 9.85513
      vertex 15.2481 20.1344 0.691794
    endloop
  endfacet
  facet normal -0.866056 0.499947 2.56978e-05
    outer loop
      vertex 15.2481 20.1344 0.691794
      vertex 16.4824 22.2721 9.85513
      vertex 16.7663 22.7639 9.82374
    endloop
  endfacet
  facet normal -0.866116 0.499844 6.55041e-05
    outer loop
      vertex 15.2481 20.1344 0.691794
      vertex 16.7663 22.7639 9.82374
      vertex 16.913 23.0181 9.80751
    endloop
  endfacet
  facet normal -0.8659 0.500218 -9.22999e-05
    outer loop
      vertex 16.913 23.0181 9.80751
      vertex 17.0632 23.2781 9.79091
      vertex 15.2481 20.1344 0.691794
    endloop
  endfacet
  facet normal -0.866129 0.499821 9.05608e-05
    outer loop
      vertex 15.2481 20.1344 0.691794
      vertex 17.0632 23.2781 9.79091
      vertex 17.2167 23.5441 9.77393
    endloop
  endfacet
  facet normal -0.866021 0.500007 -2.67287e-06
    outer loop
      vertex 15.2481 20.1344 0.691794
      vertex 17.2167 23.5441 9.77393
      vertex 17.3738 23.8162 9.75656
    endloop
  endfacet
  facet normal -0.865939 0.500149 -7.97879e-05
    outer loop
      vertex 17.3738 23.8162 9.75656
      vertex 17.5346 24.0946 9.73878
      vertex 15.2481 20.1344 0.691794
    endloop
  endfacet
  facet normal -0.866063 0.499935 4.52288e-05
    outer loop
      vertex 15.2481 20.1344 0.691794
      vertex 17.5346 24.0946 9.73878
      vertex 17.699 24.3794 9.72059
    endloop
  endfacet
  facet normal -0.866022 0.500005 1.2299e-06
    outer loop
      vertex 15.2481 20.1344 0.691794
      vertex 17.699 24.3794 9.72059
      vertex 17.8673 24.6709 9.70197
    endloop
  endfacet
  facet normal -0.865984 0.500072 -4.36738e-05
    outer loop
      vertex 17.8673 24.6709 9.70197
      vertex 18.0395 24.9691 9.68293
      vertex 15.2481 20.1344 0.691794
    endloop
  endfacet
  facet normal -0.866994 0.498318 0.00121348
    outer loop
      vertex 15.2481 20.1344 0.691794
      vertex 18.0395 24.9691 9.68293
      vertex 18.0572 24.9999 9.68096
    endloop
  endfacet
  facet normal 0.292005 0.883618 -0.365996
    outer loop
      vertex 9.83662 10.6743 0.648242
      vertex 9.31826 10.8456 0.648242
      vertex 9.80315 10.7034 0.691794
    endloop
  endfacet
  facet normal 0.292438 0.890209 -0.349296
    outer loop
      vertex 9.80315 10.7034 0.691794
      vertex 9.31826 10.8456 0.648242
      vertex 10.475 14.3 10.4205
    endloop
  endfacet
  facet normal 0.297623 0.888584 -0.349054
    outer loop
      vertex 9.80315 10.7034 0.691794
      vertex 10.475 14.3 10.4205
      vertex 11.0763 14.0986 10.4205
    endloop
  endfacet
  facet normal 0.259685 0.900413 -0.349026
    outer loop
      vertex 10.475 14.3 10.4205
      vertex 9.31826 10.8456 0.648242
      vertex 9.86579 14.4757 10.4205
    endloop
  endfacet
  facet normal 0.251068 0.902711 -0.349397
    outer loop
      vertex 9.86579 14.4757 10.4205
      vertex 9.31826 10.8456 0.648242
      vertex 8.79224 10.9919 0.648242
    endloop
  endfacet
  facet normal 0.221387 0.910614 -0.348954
    outer loop
      vertex 9.86579 14.4757 10.4205
      vertex 8.79224 10.9919 0.648242
      vertex 9.24963 14.6255 10.4205
    endloop
  endfacet
  facet normal 0.207144 0.913767 -0.349459
    outer loop
      vertex 9.24963 14.6255 10.4205
      vertex 8.79224 10.9919 0.648242
      vertex 8.2598 11.1126 0.648242
    endloop
  endfacet
  facet normal 0.18267 0.919175 -0.348925
    outer loop
      vertex 9.24963 14.6255 10.4205
      vertex 8.2598 11.1126 0.648242
      vertex 8.62769 14.7491 10.4205
    endloop
  endfacet
  facet normal 0.162864 0.922679 -0.349483
    outer loop
      vertex 8.62769 14.7491 10.4205
      vertex 8.2598 11.1126 0.648242
      vertex 7.72216 11.2075 0.648242
    endloop
  endfacet
  facet normal 0.143653 0.926072 -0.348933
    outer loop
      vertex 8.62769 14.7491 10.4205
      vertex 7.72216 11.2075 0.648242
      vertex 8.00108 14.8463 10.4205
    endloop
  endfacet
  facet normal 0.118413 0.929437 -0.349465
    outer loop
      vertex 8.00108 14.8463 10.4205
      vertex 7.72216 11.2075 0.648242
      vertex 7.18057 11.2765 0.648242
    endloop
  endfacet
  facet normal 0.104192 0.931327 -0.348961
    outer loop
      vertex 8.00108 14.8463 10.4205
      vertex 7.18057 11.2765 0.648242
      vertex 7.37091 14.9168 10.4205
    endloop
  endfacet
  facet normal 0.0734533 0.934093 -0.349393
    outer loop
      vertex 7.37091 14.9168 10.4205
      vertex 7.18057 11.2765 0.648242
      vertex 6.63629 11.3193 0.648242
    endloop
  endfacet
  facet normal 0.0648779 0.934862 -0.349032
    outer loop
      vertex 7.37091 14.9168 10.4205
      vertex 6.63629 11.3193 0.648242
      vertex 6.73833 14.9607 10.4205
    endloop
  endfacet
  facet normal 0.0283185 0.936586 -0.349292
    outer loop
      vertex 6.73833 14.9607 10.4205
      vertex 6.63629 11.3193 0.648242
      vertex 6.09058 11.3358 0.648242
    endloop
  endfacet
  facet normal 0.0249747 0.936742 -0.349128
    outer loop
      vertex 6.73833 14.9607 10.4205
      vertex 6.09058 11.3358 0.648242
      vertex 6.10445 14.9776 10.4205
    endloop
  endfacet
  facet normal -0.0144824 0.936954 -0.349152
    outer loop
      vertex 6.10445 14.9776 10.4205
      vertex 6.09058 11.3358 0.648242
      vertex 5.47043 14.9678 10.4205
    endloop
  endfacet
  facet normal -0.0166481 0.936878 -0.349261
    outer loop
      vertex 5.47043 14.9678 10.4205
      vertex 6.09058 11.3358 0.648242
      vertex 5.54471 11.3261 0.648242
    endloop
  endfacet
  facet normal -0.0542369 0.935535 -0.349046
    outer loop
      vertex 5.47043 14.9678 10.4205
      vertex 5.54471 11.3261 0.648242
      vertex 4.83739 14.9311 10.4205
    endloop
  endfacet
  facet normal -0.0617838 0.934944 -0.349374
    outer loop
      vertex 4.83739 14.9311 10.4205
      vertex 5.54471 11.3261 0.648242
      vertex 4.99994 11.2901 0.648242
    endloop
  endfacet
  facet normal -0.0936989 0.932437 -0.348971
    outer loop
      vertex 4.83739 14.9311 10.4205
      vertex 4.99994 11.2901 0.648242
      vertex 4.20647 14.8677 10.4205
    endloop
  endfacet
  facet normal -0.106744 0.930854 -0.349451
    outer loop
      vertex 4.20647 14.8677 10.4205
      vertex 4.99994 11.2901 0.648242
      vertex 4.45753 11.2279 0.648242
    endloop
  endfacet
  facet normal -0.13316 0.927639 -0.348932
    outer loop
      vertex 4.20647 14.8677 10.4205
      vertex 4.45753 11.2279 0.648242
      vertex 3.5788 14.7776 10.4205
    endloop
  endfacet
  facet normal -0.151533 0.924608 -0.349483
    outer loop
      vertex 3.5788 14.7776 10.4205
      vertex 4.45753 11.2279 0.648242
      vertex 3.91875 11.1396 0.648242
    endloop
  endfacet
  facet normal -0.172322 0.921171 -0.348926
    outer loop
      vertex 3.5788 14.7776 10.4205
      vertex 3.91875 11.1396 0.648242
      vertex 2.9555 14.661 10.4205
    endloop
  endfacet
  facet normal -0.195814 0.916257 -0.349471
    outer loop
      vertex 2.9555 14.661 10.4205
      vertex 3.91875 11.1396 0.648242
      vertex 3.38485 11.0255 0.648242
    endloop
  endfacet
  facet normal -0.211049 0.913066 -0.348954
    outer loop
      vertex 2.9555 14.661 10.4205
      vertex 3.38485 11.0255 0.648242
      vertex 2.3377 14.5182 10.4205
    endloop
  endfacet
  facet normal -0.239583 0.905817 -0.349421
    outer loop
      vertex 2.3377 14.5182 10.4205
      vertex 3.38485 11.0255 0.648242
      vertex 2.85705 10.8859 0.648242
    endloop
  endfacet
  facet normal -0.24961 0.903266 -0.349005
    outer loop
      vertex 2.3377 14.5182 10.4205
      vertex 2.85705 10.8859 0.648242
      vertex 1.7265 14.3493 10.4205
    endloop
  endfacet
  facet normal -0.283011 0.893243 -0.349317
    outer loop
      vertex 1.7265 14.3493 10.4205
      vertex 2.85705 10.8859 0.648242
      vertex 2.33659 10.721 0.648242
    endloop
  endfacet
  facet normal -0.287581 0.89187 -0.349092
    outer loop
      vertex 1.7265 14.3493 10.4205
      vertex 2.33659 10.721 0.648242
      vertex 1.12299 14.1547 10.4205
    endloop
  endfacet
  facet normal -0.324971 0.878901 -0.349179
    outer loop
      vertex 1.12299 14.1547 10.4205
      vertex 2.33659 10.721 0.648242
      vertex 0.528259 13.9348 10.4205
    endloop
  endfacet
  facet normal -0.325755 0.878594 -0.349223
    outer loop
      vertex 0.528259 13.9348 10.4205
      vertex 2.33659 10.721 0.648242
      vertex 1.82468 10.5312 0.648242
    endloop
  endfacet
  facet normal -0.362054 0.86433 -0.349071
    outer loop
      vertex 0.528259 13.9348 10.4205
      vertex 1.82468 10.5312 0.648242
      vertex -0.0566284 13.6898 10.4205
    endloop
  endfacet
  facet normal -0.36762 0.861866 -0.349346
    outer loop
      vertex -0.0566284 13.6898 10.4205
      vertex 1.82468 10.5312 0.648242
      vertex 1.3225 10.317 0.648242
    endloop
  endfacet
  facet normal -0.39816 0.848338 -0.348987
    outer loop
      vertex -0.0566284 13.6898 10.4205
      vertex 1.3225 10.317 0.648242
      vertex -0.630624 13.4204 10.4205
    endloop
  endfacet
  facet normal -0.408769 0.843089 -0.34944
    outer loop
      vertex -0.630624 13.4204 10.4205
      vertex 1.3225 10.317 0.648242
      vertex 0.83121 10.0788 0.648242
    endloop
  endfacet
  facet normal -0.433889 0.830649 -0.348944
    outer loop
      vertex -0.630624 13.4204 10.4205
      vertex 0.83121 10.0788 0.648242
      vertex -1.1927 13.1268 10.4205
    endloop
  endfacet
  facet normal -0.44875 0.822489 -0.349477
    outer loop
      vertex -1.1927 13.1268 10.4205
      vertex 0.83121 10.0788 0.648242
      vertex 0.351958 9.81732 0.648242
    endloop
  endfacet
  facet normal -0.468518 0.81163 -0.348924
    outer loop
      vertex -1.1927 13.1268 10.4205
      vertex 0.351958 9.81732 0.648242
      vertex -1.74185 12.8098 10.4205
    endloop
  endfacet
  facet normal -0.48788 0.799898 -0.34948
    outer loop
      vertex -1.74185 12.8098 10.4205
      vertex 0.351958 9.81732 0.648242
      vertex -0.114146 9.53303 0.648242
    endloop
  endfacet
  facet normal -0.502497 0.791034 -0.348942
    outer loop
      vertex -1.74185 12.8098 10.4205
      vertex -0.114146 9.53303 0.648242
      vertex -2.27708 12.4698 10.4205
    endloop
  endfacet
  facet normal -0.525822 0.775503 -0.349437
    outer loop
      vertex -2.27708 12.4698 10.4205
      vertex -0.114146 9.53303 0.648242
      vertex -0.566022 9.22664 0.648242
    endloop
  endfacet
  facet normal -0.535562 0.769013 -0.348989
    outer loop
      vertex -2.27708 12.4698 10.4205
      vertex -0.566022 9.22664 0.648242
      vertex -2.79745 12.1074 10.4205
    endloop
  endfacet
  facet normal -0.562582 0.749305 -0.349349
    outer loop
      vertex -2.79745 12.1074 10.4205
      vertex -0.566022 9.22664 0.648242
      vertex -1.00262 8.89884 0.648242
    endloop
  endfacet
  facet normal -0.567521 0.7457 -0.349072
    outer loop
      vertex -2.79745 12.1074 10.4205
      vertex -1.00262 8.89884 0.648242
      vertex -3.30201 11.7234 10.4205
    endloop
  endfacet
  facet normal -0.598034 0.721386 -0.349224
    outer loop
      vertex -3.30201 11.7234 10.4205
      vertex -1.00262 8.89884 0.648242
      vertex -1.42293 8.5504 0.648242
    endloop
  endfacet
  facet normal -0.598622 0.720917 -0.349185
    outer loop
      vertex -3.30201 11.7234 10.4205
      vertex -1.42293 8.5504 0.648242
      vertex -3.78987 11.3183 10.4205
    endloop
  endfacet
  facet normal -0.628637 0.694943 -0.349098
    outer loop
      vertex -3.78987 11.3183 10.4205
      vertex -1.42293 8.5504 0.648242
      vertex -4.26014 10.8929 10.4205
    endloop
  endfacet
  facet normal -0.632053 0.691726 -0.349319
    outer loop
      vertex -4.26014 10.8929 10.4205
      vertex -1.42293 8.5504 0.648242
      vertex -1.82598 8.18212 0.648242
    endloop
  endfacet
  facet normal -0.657421 0.667826 -0.349008
    outer loop
      vertex -4.26014 10.8929 10.4205
      vertex -1.82598 8.18212 0.648242
      vertex -4.71198 10.4481 10.4205
    endloop
  endfacet
  facet normal -0.664591 0.660472 -0.349421
    outer loop
      vertex -4.71198 10.4481 10.4205
      vertex -1.82598 8.18212 0.648242
      vertex -2.21083 7.79487 0.648242
    endloop
  endfacet
  facet normal -0.685204 0.639318 -0.348953
    outer loop
      vertex -4.71198 10.4481 10.4205
      vertex -2.21083 7.79487 0.648242
      vertex -5.14459 9.98444 10.4205
    endloop
  endfacet
  facet normal -0.695605 0.627697 -0.349471
    outer loop
      vertex -5.14459 9.98444 10.4205
      vertex -2.21083 7.79487 0.648242
      vertex -2.57659 7.38954 0.648242
    endloop
  endfacet
  facet normal -0.711621 0.609792 -0.348926
    outer loop
      vertex -5.14459 9.98444 10.4205
      vertex -2.57659 7.38954 0.648242
      vertex -5.55719 9.50294 10.4205
    endloop
  endfacet
  facet normal -0.725032 0.593456 -0.349483
    outer loop
      vertex -5.55719 9.50294 10.4205
      vertex -2.57659 7.38954 0.648242
      vertex -2.9224 6.96706 0.648242
    endloop
  endfacet
  facet normal -0.736796 0.579118 -0.348934
    outer loop
      vertex -5.55719 9.50294 10.4205
      vertex -2.9224 6.96706 0.648242
      vertex -5.94904 9.0044 10.4205
    endloop
  endfacet
  facet normal -0.752758 0.557888 -0.349452
    outer loop
      vertex -5.94904 9.0044 10.4205
      vertex -2.9224 6.96706 0.648242
      vertex -3.24748 6.52843 0.648242
    endloop
  endfacet
  facet normal -0.760629 0.547413 -0.348974
    outer loop
      vertex -5.94904 9.0044 10.4205
      vertex -3.24748 6.52843 0.648242
      vertex -6.31944 8.48973 10.4205
    endloop
  endfacet
  facet normal -0.77877 0.521011 -0.349378
    outer loop
      vertex -6.31944 8.48973 10.4205
      vertex -3.24748 6.52843 0.648242
      vertex -3.55106 6.07466 0.648242
    endloop
  endfacet
  facet normal -0.783099 0.514706 -0.349046
    outer loop
      vertex -6.31944 8.48973 10.4205
      vertex -3.55106 6.07466 0.648242
      vertex -6.66772 7.95984 10.4205
    endloop
  endfacet
  facet normal -0.803002 0.482913 -0.34926
    outer loop
      vertex -6.66772 7.95984 10.4205
      vertex -3.55106 6.07466 0.648242
      vertex -3.83243 5.60679 0.648242
    endloop
  endfacet
  facet normal -0.80415 0.481077 -0.349152
    outer loop
      vertex -6.66772 7.95984 10.4205
      vertex -3.83243 5.60679 0.648242
      vertex -6.99326 7.41568 10.4205
    endloop
  endfacet
  facet normal -0.823797 0.446619 -0.349128
    outer loop
      vertex -6.99326 7.41568 10.4205
      vertex -3.83243 5.60679 0.648242
      vertex -7.29548 6.85823 10.4205
    endloop
  endfacet
  facet normal -0.825301 0.443707 -0.349288
    outer loop
      vertex -7.29548 6.85823 10.4205
      vertex -3.83243 5.60679 0.648242
      vertex -4.09096 5.12592 0.648242
    endloop
  endfacet
  facet normal -0.841997 0.411363 -0.349029
    outer loop
      vertex -7.29548 6.85823 10.4205
      vertex -4.09096 5.12592 0.648242
      vertex -7.57383 6.28849 10.4205
    endloop
  endfacet
  facet normal -0.845676 0.403428 -0.349397
    outer loop
      vertex -7.57383 6.28849 10.4205
      vertex -4.09096 5.12592 0.648242
      vertex -4.32603 4.63316 0.648242
    endloop
  endfacet
  facet normal -0.858676 0.375366 -0.348964
    outer loop
      vertex -7.57383 6.28849 10.4205
      vertex -4.32603 4.63316 0.648242
      vertex -7.82782 5.70747 10.4205
    endloop
  endfacet
  facet normal -0.864093 0.362243 -0.349462
    outer loop
      vertex -7.82782 5.70747 10.4205
      vertex -4.32603 4.63316 0.648242
      vertex -4.53711 4.12965 0.648242
    endloop
  endfacet
  facet normal -0.873809 0.338682 -0.34893
    outer loop
      vertex -7.82782 5.70747 10.4205
      vertex -4.53711 4.12965 0.648242
      vertex -8.05698 5.11623 10.4205
    endloop
  endfacet
  facet normal -0.880524 0.320217 -0.349484
    outer loop
      vertex -8.05698 5.11623 10.4205
      vertex -4.53711 4.12965 0.648242
      vertex -4.7237 3.61657 0.648242
    endloop
  endfacet
  facet normal -0.887357 0.301407 -0.348928
    outer loop
      vertex -8.05698 5.11623 10.4205
      vertex -4.7237 3.61657 0.648242
      vertex -8.26092 4.51582 10.4205
    endloop
  endfacet
  facet normal -0.894929 0.277447 -0.349464
    outer loop
      vertex -8.26092 4.51582 10.4205
      vertex -4.7237 3.61657 0.648242
      vertex -4.88537 3.09509 0.648242
    endloop
  endfacet
  facet normal -0.899311 0.263567 -0.34896
    outer loop
      vertex -8.26092 4.51582 10.4205
      vertex -4.88537 3.09509 0.648242
      vertex -8.43926 3.90731 10.4205
    endloop
  endfacet
  facet normal -0.907273 0.234039 -0.349401
    outer loop
      vertex -8.43926 3.90731 10.4205
      vertex -4.88537 3.09509 0.648242
      vertex -5.02174 2.56644 0.648242
    endloop
  endfacet
  facet normal -0.909635 0.22527 -0.349024
    outer loop
      vertex -8.43926 3.90731 10.4205
      vertex -5.02174 2.56644 0.648242
      vertex -8.59169 3.2918 10.4205
    endloop
  endfacet
  facet normal -0.917183 0.191752 -0.349294
    outer loop
      vertex -8.59169 3.2918 10.4205
      vertex -5.02174 2.56644 0.648242
      vertex -5.14099 2.07538 0.691794
    endloop
  endfacet
  facet normal -0.918346 0.186548 -0.349056
    outer loop
      vertex -8.59169 3.2918 10.4205
      vertex -5.14099 2.07538 0.691794
      vertex -8.71792 2.67039 10.4205
    endloop
  endfacet
  facet normal -0.921549 0.16972 -0.349204
    outer loop
      vertex -8.71792 2.67039 10.4205
      vertex -5.14099 2.07538 0.691794
      vertex -5.34186 2.07538 1.22189
    endloop
  endfacet
  facet normal -0.922017 0.167148 -0.349209
    outer loop
      vertex -8.71792 2.67039 10.4205
      vertex -5.34186 2.07538 1.22189
      vertex -5.54603 2.07538 1.76096
    endloop
  endfacet
  facet normal -0.911121 0.188765 -0.36637
    outer loop
      vertex -5.02174 2.56644 0.648242
      vertex -5.1325 2.03183 0.648242
      vertex -5.14099 2.07538 0.691794
    endloop
  endfacet
  facet normal -0.92255 0.164197 -0.349202
    outer loop
      vertex -5.54603 2.07538 1.76096
      vertex -5.75356 2.07538 2.30923
      vertex -8.71792 2.67039 10.4205
    endloop
  endfacet
  facet normal -0.923003 0.161668 -0.349182
    outer loop
      vertex -8.71792 2.67039 10.4205
      vertex -5.75356 2.07538 2.30923
      vertex -5.96454 2.07538 2.86692
    endloop
  endfacet
  facet normal -0.923392 0.1595 -0.349153
    outer loop
      vertex -8.71792 2.67039 10.4205
      vertex -5.96454 2.07538 2.86692
      vertex -6.17907 2.07538 3.43428
    endloop
  endfacet
  facet normal -0.923729 0.157616 -0.349115
    outer loop
      vertex -6.17907 2.07538 3.43428
      vertex -6.39724 2.07538 4.01154
      vertex -8.71792 2.67039 10.4205
    endloop
  endfacet
  facet normal -0.924066 0.155747 -0.349063
    outer loop
      vertex -8.71792 2.67039 10.4205
      vertex -6.39724 2.07538 4.01154
      vertex -6.61914 2.07538 4.59897
    endloop
  endfacet
  facet normal -0.924359 0.154134 -0.349004
    outer loop
      vertex -8.71792 2.67039 10.4205
      vertex -6.61914 2.07538 4.59897
      vertex -6.84487 2.07538 5.19683
    endloop
  endfacet
  facet normal -0.924588 0.15289 -0.348944
    outer loop
      vertex -6.84487 2.07538 5.19683
      vertex -7.07454 2.07538 5.80538
      vertex -8.71792 2.67039 10.4205
    endloop
  endfacet
  facet normal -0.924786 0.151835 -0.348879
    outer loop
      vertex -8.71792 2.67039 10.4205
      vertex -7.07454 2.07538 5.80538
      vertex -7.30826 2.07538 6.42491
    endloop
  endfacet
  facet normal -0.925 0.150734 -0.34879
    outer loop
      vertex -8.71792 2.67039 10.4205
      vertex -7.30826 2.07538 6.42491
      vertex -7.54612 2.07538 7.05572
    endloop
  endfacet
  facet normal -0.925138 0.150052 -0.348718
    outer loop
      vertex -7.54612 2.07538 7.05572
      vertex -7.78826 2.07538 7.69811
      vertex -8.71792 2.67039 10.4205
    endloop
  endfacet
  facet normal -0.925276 0.149416 -0.348626
    outer loop
      vertex -8.71792 2.67039 10.4205
      vertex -7.78826 2.07538 7.69811
      vertex -8.03478 2.07538 8.35239
    endloop
  endfacet
  facet normal -0.925481 0.148558 -0.348447
    outer loop
      vertex -8.71792 2.67039 10.4205
      vertex -8.03478 2.07538 8.35239
      vertex -8.80191 2.07538 10.3899
    endloop
  endfacet
  facet normal 0 1 0
    outer loop
      vertex -8.80191 2.07538 10.3899
      vertex -8.03478 2.07538 8.35239
      vertex -8.54148 2.07538 9.69794
    endloop
  endfacet
  facet normal 0 1 0
    outer loop
      vertex -8.54148 2.07538 9.69794
      vertex -8.03478 2.07538 8.35239
      vertex -8.28581 2.07538 9.01888
    endloop
  endfacet
  facet normal -0.931955 0.148561 -0.330742
    outer loop
      vertex -8.80191 2.07538 10.3899
      vertex -8.81774 2.0442 10.4205
      vertex -8.71792 2.67039 10.4205
    endloop
  endfacet
  facet normal 0.337029 0.880797 -0.332578
    outer loop
      vertex 11.6685 13.872 10.4205
      vertex 11.6336 13.8738 10.3899
      vertex 11.0763 14.0986 10.4205
    endloop
  endfacet
  facet normal 0.334071 0.875663 -0.348727
    outer loop
      vertex 11.0763 14.0986 10.4205
      vertex 11.6336 13.8738 10.3899
      vertex 10.6551 12.179 5.19683
    endloop
  endfacet
  facet normal 0.328359 0.877706 -0.349017
    outer loop
      vertex 11.0763 14.0986 10.4205
      vertex 10.6551 12.179 5.19683
      vertex 10.5422 11.9835 4.59897
    endloop
  endfacet
  facet normal -0.883282 0.468649 0.0134731
    outer loop
      vertex 11.5034 13.6483 9.69794
      vertex 11.1268 12.996 7.69811
      vertex 11.6336 13.8738 10.3899
    endloop
  endfacet
  facet normal -0.813631 0.580264 -0.0360382
    outer loop
      vertex 11.6336 13.8738 10.3899
      vertex 11.1268 12.996 7.69811
      vertex 11.0057 12.7863 7.05572
    endloop
  endfacet
  facet normal -0.921848 0.384546 0.0481782
    outer loop
      vertex 11.6336 13.8738 10.3899
      vertex 11.0057 12.7863 7.05572
      vertex 10.8868 12.5803 6.42491
    endloop
  endfacet
  facet normal -0.769408 0.635697 -0.0624585
    outer loop
      vertex 11.5034 13.6483 9.69794
      vertex 11.3756 13.4269 9.01888
      vertex 11.1268 12.996 7.69811
    endloop
  endfacet
  facet normal -0.6011 -0.71945 0.347952
    outer loop
      vertex 11.1268 12.996 7.69811
      vertex 11.3756 13.4269 9.01888
      vertex 11.25 13.2095 8.35239
    endloop
  endfacet
  facet normal -0.806549 0.589779 -0.0404913
    outer loop
      vertex 10.8868 12.5803 6.42491
      vertex 10.7699 12.3779 5.80538
      vertex 11.6336 13.8738 10.3899
    endloop
  endfacet
  facet normal -0.909258 0.414673 0.0359942
    outer loop
      vertex 11.6336 13.8738 10.3899
      vertex 10.7699 12.3779 5.80538
      vertex 10.6551 12.179 5.19683
    endloop
  endfacet
  facet normal 0.327011 0.878189 -0.349069
    outer loop
      vertex 10.5422 11.9835 4.59897
      vertex 10.4313 11.7913 4.01154
      vertex 11.0763 14.0986 10.4205
    endloop
  endfacet
  facet normal 0.325915 0.878583 -0.3491
    outer loop
      vertex 11.0763 14.0986 10.4205
      vertex 10.4313 11.7913 4.01154
      vertex 10.3222 11.6024 3.43428
    endloop
  endfacet
  facet normal 0.323119 0.879592 -0.349159
    outer loop
      vertex 11.0763 14.0986 10.4205
      vertex 10.3222 11.6024 3.43428
      vertex 10.2149 11.4166 2.86692
    endloop
  endfacet
  facet normal 0.321685 0.88011 -0.349179
    outer loop
      vertex 10.2149 11.4166 2.86692
      vertex 10.1094 11.2339 2.30923
      vertex 11.0763 14.0986 10.4205
    endloop
  endfacet
  facet normal 0.320073 0.880692 -0.349193
    outer loop
      vertex 11.0763 14.0986 10.4205
      vertex 10.1094 11.2339 2.30923
      vertex 10.0057 11.0542 1.76096
    endloop
  endfacet
  facet normal 0.314128 0.882824 -0.349207
    outer loop
      vertex 11.0763 14.0986 10.4205
      vertex 10.0057 11.0542 1.76096
      vertex 9.90359 10.8773 1.22189
    endloop
  endfacet
  facet normal 0.315188 0.882445 -0.34921
    outer loop
      vertex 9.90359 10.8773 1.22189
      vertex 9.80315 10.7034 0.691794
      vertex 11.0763 14.0986 10.4205
    endloop
  endfacet
  facet normal 0 1 0
    outer loop
      vertex -5.14099 2.07538 0.691794
      vertex -16.0309 2.07538 0.691794
      vertex -5.34186 2.07538 1.22189
    endloop
  endfacet
  facet normal 0 1 0
    outer loop
      vertex -5.34186 2.07538 1.22189
      vertex -16.0309 2.07538 0.691794
      vertex -5.54603 2.07538 1.76096
    endloop
  endfacet
  facet normal 0 1 0
    outer loop
      vertex -5.54603 2.07538 1.76096
      vertex -16.0309 2.07538 0.691794
      vertex -5.75356 2.07538 2.30923
    endloop
  endfacet
  facet normal 0 1 0
    outer loop
      vertex -5.75356 2.07538 2.30923
      vertex -16.0309 2.07538 0.691794
      vertex -5.96454 2.07538 2.86692
    endloop
  endfacet
  facet normal 0 1 0
    outer loop
      vertex -5.96454 2.07538 2.86692
      vertex -16.0309 2.07538 0.691794
      vertex -6.17907 2.07538 3.43428
    endloop
  endfacet
  facet normal 0 1 0
    outer loop
      vertex -6.17907 2.07538 3.43428
      vertex -16.0309 2.07538 0.691794
      vertex -6.39724 2.07538 4.01154
    endloop
  endfacet
  facet normal 0 1 0
    outer loop
      vertex -6.39724 2.07538 4.01154
      vertex -16.0309 2.07538 0.691794
      vertex -6.61914 2.07538 4.59897
    endloop
  endfacet
  facet normal 0 1 0
    outer loop
      vertex -6.61914 2.07538 4.59897
      vertex -16.0309 2.07538 0.691794
      vertex -6.84487 2.07538 5.19683
    endloop
  endfacet
  facet normal 0 1 0
    outer loop
      vertex -6.84487 2.07538 5.19683
      vertex -16.0309 2.07538 0.691794
      vertex -7.07454 2.07538 5.80538
    endloop
  endfacet
  facet normal 0 1 0
    outer loop
      vertex -7.07454 2.07538 5.80538
      vertex -16.0309 2.07538 0.691794
      vertex -7.30826 2.07538 6.42491
    endloop
  endfacet
  facet normal 0 1 0
    outer loop
      vertex -7.30826 2.07538 6.42491
      vertex -16.0309 2.07538 0.691794
      vertex -15.9918 2.07538 9.99367
    endloop
  endfacet
  facet normal 0 1 0
    outer loop
      vertex -7.30826 2.07538 6.42491
      vertex -15.9918 2.07538 9.99367
      vertex -15.5476 2.07538 10.0182
    endloop
  endfacet
  facet normal -0 1 0
    outer loop
      vertex -21.6492 2.07538 9.68096
      vertex -21.6136 2.07538 9.68293
      vertex -16.0309 2.07538 0.691794
    endloop
  endfacet
  facet normal 0 1 0
    outer loop
      vertex -16.0309 2.07538 0.691794
      vertex -21.6136 2.07538 9.68293
      vertex -21.2693 2.07538 9.70197
    endloop
  endfacet
  facet normal 0 1 0
    outer loop
      vertex -16.0309 2.07538 0.691794
      vertex -21.2693 2.07538 9.70197
      vertex -20.9327 2.07538 9.72059
    endloop
  endfacet
  facet normal -0 1 0
    outer loop
      vertex -20.9327 2.07538 9.72059
      vertex -20.6038 2.07538 9.73878
      vertex -16.0309 2.07538 0.691794
    endloop
  endfacet
  facet normal 0 1 0
    outer loop
      vertex -16.0309 2.07538 0.691794
      vertex -20.6038 2.07538 9.73878
      vertex -20.2823 2.07538 9.75656
    endloop
  endfacet
  facet normal 0 1 0
    outer loop
      vertex -16.0309 2.07538 0.691794
      vertex -20.2823 2.07538 9.75656
      vertex -19.9681 2.07538 9.77393
    endloop
  endfacet
  facet normal -0 1 0
    outer loop
      vertex -19.9681 2.07538 9.77393
      vertex -19.661 2.07538 9.79091
      vertex -16.0309 2.07538 0.691794
    endloop
  endfacet
  facet normal 0 1 0
    outer loop
      vertex -16.0309 2.07538 0.691794
      vertex -19.661 2.07538 9.79091
      vertex -19.3608 2.07538 9.80751
    endloop
  endfacet
  facet normal 0 1 0
    outer loop
      vertex -16.0309 2.07538 0.691794
      vertex -19.3608 2.07538 9.80751
      vertex -19.0673 2.07538 9.82374
    endloop
  endfacet
  facet normal -0 1 0
    outer loop
      vertex -19.0673 2.07538 9.82374
      vertex -18.4994 2.07538 9.85513
      vertex -16.0309 2.07538 0.691794
    endloop
  endfacet
  facet normal 0 1 0
    outer loop
      vertex -16.0309 2.07538 0.691794
      vertex -18.4994 2.07538 9.85513
      vertex -17.9556 2.07538 9.88518
    endloop
  endfacet
  facet normal 0 1 0
    outer loop
      vertex -16.0309 2.07538 0.691794
      vertex -17.9556 2.07538 9.88518
      vertex -17.4343 2.07538 9.91399
    endloop
  endfacet
  facet normal -0 1 0
    outer loop
      vertex -17.4343 2.07538 9.91399
      vertex -16.9342 2.07538 9.94162
      vertex -16.0309 2.07538 0.691794
    endloop
  endfacet
  facet normal 0 1 0
    outer loop
      vertex -16.0309 2.07538 0.691794
      vertex -16.9342 2.07538 9.94162
      vertex -16.4537 2.07538 9.96816
    endloop
  endfacet
  facet normal 0 1 -0
    outer loop
      vertex -16.0309 2.07538 0.691794
      vertex -16.4537 2.07538 9.96816
      vertex -15.9918 2.07538 9.99367
    endloop
  endfacet
  facet normal -0 1 0
    outer loop
      vertex -15.5476 2.07538 10.0182
      vertex -15.1202 2.07538 10.0418
      vertex -7.30826 2.07538 6.42491
    endloop
  endfacet
  facet normal 0 1 0
    outer loop
      vertex -7.30826 2.07538 6.42491
      vertex -15.1202 2.07538 10.0418
      vertex -7.54612 2.07538 7.05572
    endloop
  endfacet
  facet normal 0 1 0
    outer loop
      vertex -7.54612 2.07538 7.05572
      vertex -15.1202 2.07538 10.0418
      vertex -14.7088 2.07538 10.0645
    endloop
  endfacet
  facet normal 0 1 0
    outer loop
      vertex -7.54612 2.07538 7.05572
      vertex -14.7088 2.07538 10.0645
      vertex -14.3123 2.07538 10.0864
    endloop
  endfacet
  facet normal -0 1 0
    outer loop
      vertex -14.3123 2.07538 10.0864
      vertex -13.9299 2.07538 10.1075
      vertex -7.54612 2.07538 7.05572
    endloop
  endfacet
  facet normal 0 1 0
    outer loop
      vertex -7.54612 2.07538 7.05572
      vertex -13.9299 2.07538 10.1075
      vertex -7.78826 2.07538 7.69811
    endloop
  endfacet
  facet normal 0 1 0
    outer loop
      vertex -7.78826 2.07538 7.69811
      vertex -13.9299 2.07538 10.1075
      vertex -13.5607 2.07538 10.1279
    endloop
  endfacet
  facet normal 0 1 0
    outer loop
      vertex -7.78826 2.07538 7.69811
      vertex -13.5607 2.07538 10.1279
      vertex -13.2039 2.07538 10.1475
    endloop
  endfacet
  facet normal -0 1 0
    outer loop
      vertex -13.2039 2.07538 10.1475
      vertex -12.8591 2.07538 10.1666
      vertex -7.78826 2.07538 7.69811
    endloop
  endfacet
  facet normal 0 1 0
    outer loop
      vertex -7.78826 2.07538 7.69811
      vertex -12.8591 2.07538 10.1666
      vertex -8.03478 2.07538 8.35239
    endloop
  endfacet
  facet normal 0 1 0
    outer loop
      vertex -8.03478 2.07538 8.35239
      vertex -12.8591 2.07538 10.1666
      vertex -12.5257 2.07538 10.1849
    endloop
  endfacet
  facet normal 0 1 0
    outer loop
      vertex -8.03478 2.07538 8.35239
      vertex -12.5257 2.07538 10.1849
      vertex -12.2032 2.07538 10.2027
    endloop
  endfacet
  facet normal -0 1 0
    outer loop
      vertex -12.2032 2.07538 10.2027
      vertex -11.8912 2.07538 10.2199
      vertex -8.03478 2.07538 8.35239
    endloop
  endfacet
  facet normal 0 1 0
    outer loop
      vertex -8.03478 2.07538 8.35239
      vertex -11.8912 2.07538 10.2199
      vertex -11.5891 2.07538 10.2366
    endloop
  endfacet
  facet normal 0 1 0
    outer loop
      vertex -8.03478 2.07538 8.35239
      vertex -11.5891 2.07538 10.2366
      vertex -8.28581 2.07538 9.01888
    endloop
  endfacet
  facet normal 0 1 0
    outer loop
      vertex -8.28581 2.07538 9.01888
      vertex -11.5891 2.07538 10.2366
      vertex -11.2964 2.07538 10.2527
    endloop
  endfacet
  facet normal 0 1 0
    outer loop
      vertex -8.28581 2.07538 9.01888
      vertex -11.2964 2.07538 10.2527
      vertex -11.0126 2.07538 10.2683
    endloop
  endfacet
  facet normal -0 1 0
    outer loop
      vertex -11.0126 2.07538 10.2683
      vertex -10.7373 2.07538 10.2835
      vertex -8.28581 2.07538 9.01888
    endloop
  endfacet
  facet normal 0 1 0
    outer loop
      vertex -8.28581 2.07538 9.01888
      vertex -10.7373 2.07538 10.2835
      vertex -10.471 2.07538 10.2981
    endloop
  endfacet
  facet normal 0 1 0
    outer loop
      vertex -8.28581 2.07538 9.01888
      vertex -10.471 2.07538 10.2981
      vertex -8.54148 2.07538 9.69794
    endloop
  endfacet
  facet normal 0 1 0
    outer loop
      vertex -8.54148 2.07538 9.69794
      vertex -10.471 2.07538 10.2981
      vertex -10.2129 2.07538 10.3123
    endloop
  endfacet
  facet normal 0 1 0
    outer loop
      vertex -8.54148 2.07538 9.69794
      vertex -10.2129 2.07538 10.3123
      vertex -9.96229 2.07538 10.3261
    endloop
  endfacet
  facet normal -0 1 0
    outer loop
      vertex -9.96229 2.07538 10.3261
      vertex -9.48091 2.07538 10.3526
      vertex -8.54148 2.07538 9.69794
    endloop
  endfacet
  facet normal 0 1 0
    outer loop
      vertex -8.54148 2.07538 9.69794
      vertex -9.48091 2.07538 10.3526
      vertex -9.021 2.07538 10.3779
    endloop
  endfacet
  facet normal 0 1 0
    outer loop
      vertex -8.54148 2.07538 9.69794
      vertex -9.021 2.07538 10.3779
      vertex -8.91103 2.07538 10.3839
    endloop
  endfacet
  facet normal -0 1 0
    outer loop
      vertex -8.91103 2.07538 10.3839
      vertex -8.80191 2.07538 10.3899
      vertex -8.54148 2.07538 9.69794
    endloop
  endfacet
  facet normal 0 0 -1
    outer loop
      vertex 12.7832 7.90415 0
      vertex 9.9769 9.62075 0
      vertex 12.3733 8.23716 0
    endloop
  endfacet
  facet normal 0 0 -1
    outer loop
      vertex 12.3733 8.23716 0
      vertex 9.9769 9.62075 0
      vertex 15.2852 18.8149 0
    endloop
  endfacet
  facet normal 0 0 -1
    outer loop
      vertex 12.3733 8.23716 0
      vertex 15.2852 18.8149 0
      vertex 17.6816 17.4313 0
    endloop
  endfacet
  facet normal -0 -0 -1
    outer loop
      vertex 12.7832 7.90415 0
      vertex 13.1755 7.55077 0
      vertex 9.9769 9.62075 0
    endloop
  endfacet
  facet normal 0 0 -1
    outer loop
      vertex 9.9769 9.62075 0
      vertex 13.1755 7.55077 0
      vertex 13.5495 7.17794 0
    endloop
  endfacet
  facet normal 0 0 -1
    outer loop
      vertex 9.9769 9.62075 0
      vertex 13.5495 7.17794 0
      vertex 13.904 6.7866 0
    endloop
  endfacet
  facet normal -0 -0 -1
    outer loop
      vertex 13.904 6.7866 0
      vertex 14.2383 6.37779 0
      vertex 9.9769 9.62075 0
    endloop
  endfacet
  facet normal 0 0 -1
    outer loop
      vertex 9.9769 9.62075 0
      vertex 14.2383 6.37779 0
      vertex 14.5513 5.95254 0
    endloop
  endfacet
  facet normal 0 0 -1
    outer loop
      vertex 9.9769 9.62075 0
      vertex 14.5513 5.95254 0
      vertex 14.8424 5.51195 0
    endloop
  endfacet
  facet normal -0 -0 -1
    outer loop
      vertex 14.8424 5.51195 0
      vertex 15.1107 5.05716 0
      vertex 9.9769 9.62075 0
    endloop
  endfacet
  facet normal 0 0 -1
    outer loop
      vertex 9.9769 9.62075 0
      vertex 15.1107 5.05716 0
      vertex 15.3556 4.58933 0
    endloop
  endfacet
  facet normal 0 0 -1
    outer loop
      vertex 9.9769 9.62075 0
      vertex 15.3556 4.58933 0
      vertex 15.5765 4.10969 0
    endloop
  endfacet
  facet normal -0 -0 -1
    outer loop
      vertex 15.5765 4.10969 0
      vertex 15.7727 3.61945 0
      vertex 9.9769 9.62075 0
    endloop
  endfacet
  facet normal 0 0 -1
    outer loop
      vertex 9.9769 9.62075 0
      vertex 15.7727 3.61945 0
      vertex 15.9438 3.11989 0
    endloop
  endfacet
  facet normal 0 0 -1
    outer loop
      vertex 9.9769 9.62075 0
      vertex 15.9438 3.11989 0
      vertex 16.0893 2.61228 0
    endloop
  endfacet
  facet normal -0 -0 -1
    outer loop
      vertex 16.0893 2.61228 0
      vertex 16.2089 2.09795 0
      vertex 9.9769 9.62075 0
    endloop
  endfacet
  facet normal 0 0 -1
    outer loop
      vertex 9.9769 9.62075 0
      vertex 16.2089 2.09795 0
      vertex 16.3023 1.57821 0
    endloop
  endfacet
  facet normal 0 0 -1
    outer loop
      vertex 9.9769 9.62075 0
      vertex 16.3023 1.57821 0
      vertex 16.3691 1.05441 0
    endloop
  endfacet
  facet normal 0 0 -1
    outer loop
      vertex 16.4093 0.527883 0
      vertex -4.29028 1.38359 0
      vertex 16.3691 1.05441 0
    endloop
  endfacet
  facet normal 0 0 -1
    outer loop
      vertex 16.3691 1.05441 0
      vertex -4.29028 1.38359 0
      vertex -4.20679 1.905 0
    endloop
  endfacet
  facet normal 0 0 -1
    outer loop
      vertex 16.3691 1.05441 0
      vertex -4.20679 1.905 0
      vertex -4.09694 2.4215 0
    endloop
  endfacet
  facet normal -0 -0 -1
    outer loop
      vertex 16.4093 0.527883 0
      vertex 16.4227 -2.30986e-15 0
      vertex -4.29028 1.38359 0
    endloop
  endfacet
  facet normal 0 0 -1
    outer loop
      vertex -4.29028 1.38359 0
      vertex 16.4227 -2.30986e-15 0
      vertex 16.4093 -0.527883 0
    endloop
  endfacet
  facet normal 0 0 -1
    outer loop
      vertex -4.29028 1.38359 0
      vertex 16.4093 -0.527883 0
      vertex 16.3691 -1.05441 0
    endloop
  endfacet
  facet normal -0 0 -1
    outer loop
      vertex 16.3691 -1.05441 0
      vertex 16.3023 -1.57821 0
      vertex -4.29028 1.38359 0
    endloop
  endfacet
  facet normal 0 0 -1
    outer loop
      vertex -4.29028 1.38359 0
      vertex 16.3023 -1.57821 0
      vertex 16.2089 -2.09795 0
    endloop
  endfacet
  facet normal 0 0 -1
    outer loop
      vertex -4.29028 1.38359 0
      vertex 16.2089 -2.09795 0
      vertex 16.0893 -2.61228 0
    endloop
  endfacet
  facet normal -0 0 -1
    outer loop
      vertex 16.0893 -2.61228 0
      vertex 15.9438 -3.11989 0
      vertex -4.29028 1.38359 0
    endloop
  endfacet
  facet normal 0 0 -1
    outer loop
      vertex -4.29028 1.38359 0
      vertex 15.9438 -3.11989 0
      vertex 15.7727 -3.61945 0
    endloop
  endfacet
  facet normal 0 0 -1
    outer loop
      vertex -4.29028 1.38359 0
      vertex 15.7727 -3.61945 0
      vertex 15.5765 -4.10969 0
    endloop
  endfacet
  facet normal -0 0 -1
    outer loop
      vertex 15.5765 -4.10969 0
      vertex 15.3556 -4.58933 0
      vertex -4.29028 1.38359 0
    endloop
  endfacet
  facet normal 0 0 -1
    outer loop
      vertex -4.29028 1.38359 0
      vertex 15.3556 -4.58933 0
      vertex 15.1107 -5.05716 0
    endloop
  endfacet
  facet normal 0 0 -1
    outer loop
      vertex -4.29028 1.38359 0
      vertex 15.1107 -5.05716 0
      vertex 14.8424 -5.51195 0
    endloop
  endfacet
  facet normal -0 0 -1
    outer loop
      vertex 14.8424 -5.51195 0
      vertex 14.5513 -5.95254 0
      vertex -4.29028 1.38359 0
    endloop
  endfacet
  facet normal 0 0 -1
    outer loop
      vertex -4.29028 1.38359 0
      vertex 14.5513 -5.95254 0
      vertex 14.2383 -6.37779 0
    endloop
  endfacet
  facet normal 0 0 -1
    outer loop
      vertex -4.29028 1.38359 0
      vertex 14.2383 -6.37779 0
      vertex 13.904 -6.7866 0
    endloop
  endfacet
  facet normal -0 0 -1
    outer loop
      vertex 13.904 -6.7866 0
      vertex 13.5495 -7.17794 0
      vertex -4.29028 1.38359 0
    endloop
  endfacet
  facet normal 0 0 -1
    outer loop
      vertex -4.29028 1.38359 0
      vertex 13.5495 -7.17794 0
      vertex 13.1755 -7.55077 0
    endloop
  endfacet
  facet normal 0 0 -1
    outer loop
      vertex -4.29028 1.38359 0
      vertex 13.1755 -7.55077 0
      vertex 12.7832 -7.90415 0
    endloop
  endfacet
  facet normal -0 0 -1
    outer loop
      vertex 12.7832 -7.90415 0
      vertex 12.3733 -8.23716 0
      vertex -4.29028 1.38359 0
    endloop
  endfacet
  facet normal 0 0 -1
    outer loop
      vertex -4.29028 1.38359 0
      vertex 12.3733 -8.23716 0
      vertex 9.9769 -9.62075 0
    endloop
  endfacet
  facet normal 0 0 -1
    outer loop
      vertex -4.29028 1.38359 0
      vertex 9.9769 -9.62075 0
      vertex 9.4836 -9.80915 0
    endloop
  endfacet
  facet normal -0 0 -1
    outer loop
      vertex 17.6816 -17.4313 0
      vertex 15.2852 -18.8149 0
      vertex 12.3733 -8.23716 0
    endloop
  endfacet
  facet normal 0 -0 -1
    outer loop
      vertex 12.3733 -8.23716 0
      vertex 15.2852 -18.8149 0
      vertex 9.9769 -9.62075 0
    endloop
  endfacet
  facet normal -0 0 -1
    outer loop
      vertex 9.4836 -9.80915 0
      vertex 8.98138 -9.97227 0
      vertex -4.29028 1.38359 0
    endloop
  endfacet
  facet normal 0 0 -1
    outer loop
      vertex -4.29028 1.38359 0
      vertex 8.98138 -9.97227 0
      vertex 8.47152 -10.1097 0
    endloop
  endfacet
  facet normal 0 0 -1
    outer loop
      vertex -4.29028 1.38359 0
      vertex 8.47152 -10.1097 0
      vertex 7.95535 -10.2211 0
    endloop
  endfacet
  facet normal -0 0 -1
    outer loop
      vertex 7.95535 -10.2211 0
      vertex 7.43419 -10.3061 0
      vertex -4.29028 1.38359 0
    endloop
  endfacet
  facet normal 0 0 -1
    outer loop
      vertex -4.29028 1.38359 0
      vertex 7.43419 -10.3061 0
      vertex 6.90938 -10.3646 0
    endloop
  endfacet
  facet normal 0 0 -1
    outer loop
      vertex -4.29028 1.38359 0
      vertex 6.90938 -10.3646 0
      vertex 6.38229 -10.3964 0
    endloop
  endfacet
  facet normal -0 0 -1
    outer loop
      vertex 6.38229 -10.3964 0
      vertex 5.85426 -10.4014 0
      vertex -4.29028 1.38359 0
    endloop
  endfacet
  facet normal 0 0 -1
    outer loop
      vertex -4.29028 1.38359 0
      vertex 5.85426 -10.4014 0
      vertex 5.32666 -10.3796 0
    endloop
  endfacet
  facet normal 0 0 -1
    outer loop
      vertex -4.29028 1.38359 0
      vertex 5.32666 -10.3796 0
      vertex 4.80084 -10.331 0
    endloop
  endfacet
  facet normal 0 0 -1
    outer loop
      vertex 4.80084 -10.331 0
      vertex 4.27817 -10.2558 0
      vertex -4.29028 1.38359 0
    endloop
  endfacet
  facet normal 0 0 -1
    outer loop
      vertex -4.29028 1.38359 0
      vertex 4.27817 -10.2558 0
      vertex 3.75998 -10.1542 0
    endloop
  endfacet
  facet normal 0 0 -1
    outer loop
      vertex -4.29028 1.38359 0
      vertex 3.75998 -10.1542 0
      vertex 3.24762 -10.0265 0
    endloop
  endfacet
  facet normal 0 0 -1
    outer loop
      vertex 3.24762 -10.0265 0
      vertex 2.7424 -9.87286 0
      vertex -4.29028 1.38359 0
    endloop
  endfacet
  facet normal 0 0 -1
    outer loop
      vertex -4.29028 1.38359 0
      vertex 2.7424 -9.87286 0
      vertex 2.24562 -9.69382 0
    endloop
  endfacet
  facet normal 0 0 -1
    outer loop
      vertex -4.29028 1.38359 0
      vertex 2.24562 -9.69382 0
      vertex 1.75858 -9.4898 0
    endloop
  endfacet
  facet normal 0 0 -1
    outer loop
      vertex 1.75858 -9.4898 0
      vertex 1.28251 -9.26133 0
      vertex -4.29028 1.38359 0
    endloop
  endfacet
  facet normal 0 0 -1
    outer loop
      vertex -4.29028 1.38359 0
      vertex 1.28251 -9.26133 0
      vertex 0.818646 -9.009 0
    endloop
  endfacet
  facet normal 0 0 -1
    outer loop
      vertex -4.29028 1.38359 0
      vertex 0.818646 -9.009 0
      vertex 0.368187 -8.73345 0
    endloop
  endfacet
  facet normal 0 0 -1
    outer loop
      vertex 0.368187 -8.73345 0
      vertex -0.0677089 -8.4354 0
      vertex -4.29028 1.38359 0
    endloop
  endfacet
  facet normal 0 0 -1
    outer loop
      vertex -4.29028 1.38359 0
      vertex -0.0677089 -8.4354 0
      vertex -0.487918 -8.11561 0
    endloop
  endfacet
  facet normal 0 0 -1
    outer loop
      vertex -4.29028 1.38359 0
      vertex -0.487918 -8.11561 0
      vertex -0.891359 -7.77491 0
    endloop
  endfacet
  facet normal 0 0 -1
    outer loop
      vertex -0.891359 -7.77491 0
      vertex -1.27699 -7.41418 0
      vertex -4.29028 1.38359 0
    endloop
  endfacet
  facet normal 0 0 -1
    outer loop
      vertex -4.29028 1.38359 0
      vertex -1.27699 -7.41418 0
      vertex -1.64382 -7.03434 0
    endloop
  endfacet
  facet normal 0 0 -1
    outer loop
      vertex -4.29028 1.38359 0
      vertex -1.64382 -7.03434 0
      vertex -1.9909 -6.63638 0
    endloop
  endfacet
  facet normal 0 0 -1
    outer loop
      vertex -1.9909 -6.63638 0
      vertex -2.31734 -6.22132 0
      vertex -4.29028 1.38359 0
    endloop
  endfacet
  facet normal 0 0 -1
    outer loop
      vertex -4.29028 1.38359 0
      vertex -2.31734 -6.22132 0
      vertex -2.6223 -5.79023 0
    endloop
  endfacet
  facet normal 0 0 -1
    outer loop
      vertex -4.29028 1.38359 0
      vertex -2.6223 -5.79023 0
      vertex -2.90499 -5.34421 0
    endloop
  endfacet
  facet normal 0 0 -1
    outer loop
      vertex -2.90499 -5.34421 0
      vertex -3.16469 -4.88443 0
      vertex -4.29028 1.38359 0
    endloop
  endfacet
  facet normal 0 0 -1
    outer loop
      vertex -4.29028 1.38359 0
      vertex -3.16469 -4.88443 0
      vertex -3.40071 -4.41207 0
    endloop
  endfacet
  facet normal 0 0 -1
    outer loop
      vertex -4.29028 1.38359 0
      vertex -3.40071 -4.41207 0
      vertex -3.61246 -3.92833 0
    endloop
  endfacet
  facet normal 0 0 -1
    outer loop
      vertex -3.61246 -3.92833 0
      vertex -3.7994 -3.43447 0
      vertex -4.29028 1.38359 0
    endloop
  endfacet
  facet normal 0 0 -1
    outer loop
      vertex -4.29028 1.38359 0
      vertex -3.7994 -3.43447 0
      vertex -3.96103 -2.93176 0
    endloop
  endfacet
  facet normal 0 0 -1
    outer loop
      vertex -4.29028 1.38359 0
      vertex -3.96103 -2.93176 0
      vertex -4.09694 -2.4215 0
    endloop
  endfacet
  facet normal 0 0 -1
    outer loop
      vertex -4.09694 -2.4215 0
      vertex -4.20679 -1.905 0
      vertex -4.29028 1.38359 0
    endloop
  endfacet
  facet normal 0 0 -1
    outer loop
      vertex -4.29028 1.38359 0
      vertex -4.20679 -1.905 0
      vertex -4.29028 -1.38359 0
    endloop
  endfacet
  facet normal 0 -0 -1
    outer loop
      vertex -4.29028 1.38359 0
      vertex -4.29028 -1.38359 0
      vertex -14.9068 -1.38359 0
    endloop
  endfacet
  facet normal 0 0 -1
    outer loop
      vertex -14.9068 -1.38359 0
      vertex -14.9068 1.38359 0
      vertex -4.29028 1.38359 0
    endloop
  endfacet
  facet normal 0 0 -1
    outer loop
      vertex -4.09694 2.4215 0
      vertex -3.96103 2.93176 0
      vertex 16.3691 1.05441 0
    endloop
  endfacet
  facet normal 0 0 -1
    outer loop
      vertex 16.3691 1.05441 0
      vertex -3.96103 2.93176 0
      vertex -3.7994 3.43447 0
    endloop
  endfacet
  facet normal 0 0 -1
    outer loop
      vertex 16.3691 1.05441 0
      vertex -3.7994 3.43447 0
      vertex -3.61246 3.92833 0
    endloop
  endfacet
  facet normal 0 0 -1
    outer loop
      vertex -3.61246 3.92833 0
      vertex -3.40071 4.41207 0
      vertex 16.3691 1.05441 0
    endloop
  endfacet
  facet normal 0 0 -1
    outer loop
      vertex 16.3691 1.05441 0
      vertex -3.40071 4.41207 0
      vertex -3.16469 4.88443 0
    endloop
  endfacet
  facet normal 0 0 -1
    outer loop
      vertex 16.3691 1.05441 0
      vertex -3.16469 4.88443 0
      vertex -2.90499 5.34421 0
    endloop
  endfacet
  facet normal 0 0 -1
    outer loop
      vertex -2.90499 5.34421 0
      vertex -2.6223 5.79023 0
      vertex 16.3691 1.05441 0
    endloop
  endfacet
  facet normal 0 0 -1
    outer loop
      vertex 16.3691 1.05441 0
      vertex -2.6223 5.79023 0
      vertex -2.31734 6.22132 0
    endloop
  endfacet
  facet normal 0 0 -1
    outer loop
      vertex 16.3691 1.05441 0
      vertex -2.31734 6.22132 0
      vertex -1.9909 6.63638 0
    endloop
  endfacet
  facet normal 0 0 -1
    outer loop
      vertex -1.9909 6.63638 0
      vertex -1.64382 7.03434 0
      vertex 16.3691 1.05441 0
    endloop
  endfacet
  facet normal 0 0 -1
    outer loop
      vertex 16.3691 1.05441 0
      vertex -1.64382 7.03434 0
      vertex -1.27699 7.41418 0
    endloop
  endfacet
  facet normal 0 0 -1
    outer loop
      vertex 16.3691 1.05441 0
      vertex -1.27699 7.41418 0
      vertex -0.891359 7.77491 0
    endloop
  endfacet
  facet normal 0 0 -1
    outer loop
      vertex -0.891359 7.77491 0
      vertex -0.487918 8.11561 0
      vertex 16.3691 1.05441 0
    endloop
  endfacet
  facet normal 0 0 -1
    outer loop
      vertex 16.3691 1.05441 0
      vertex -0.487918 8.11561 0
      vertex -0.0677089 8.4354 0
    endloop
  endfacet
  facet normal 0 0 -1
    outer loop
      vertex 16.3691 1.05441 0
      vertex -0.0677089 8.4354 0
      vertex 0.368187 8.73345 0
    endloop
  endfacet
  facet normal 0 0 -1
    outer loop
      vertex 0.368187 8.73345 0
      vertex 0.818646 9.009 0
      vertex 16.3691 1.05441 0
    endloop
  endfacet
  facet normal 0 0 -1
    outer loop
      vertex 16.3691 1.05441 0
      vertex 0.818646 9.009 0
      vertex 1.28251 9.26133 0
    endloop
  endfacet
  facet normal 0 0 -1
    outer loop
      vertex 16.3691 1.05441 0
      vertex 1.28251 9.26133 0
      vertex 1.75858 9.4898 0
    endloop
  endfacet
  facet normal 0 0 -1
    outer loop
      vertex 16.3691 1.05441 0
      vertex 1.75858 9.4898 0
      vertex 9.9769 9.62075 0
    endloop
  endfacet
  facet normal -0 0 -1
    outer loop
      vertex 9.9769 9.62075 0
      vertex 1.75858 9.4898 0
      vertex 2.24562 9.69382 0
    endloop
  endfacet
  facet normal 0 0 -1
    outer loop
      vertex 9.9769 9.62075 0
      vertex 2.24562 9.69382 0
      vertex 2.7424 9.87286 0
    endloop
  endfacet
  facet normal 0 0 -1
    outer loop
      vertex 2.7424 9.87286 0
      vertex 3.24762 10.0265 0
      vertex 9.9769 9.62075 0
    endloop
  endfacet
  facet normal 0 0 -1
    outer loop
      vertex 9.9769 9.62075 0
      vertex 3.24762 10.0265 0
      vertex 3.75998 10.1542 0
    endloop
  endfacet
  facet normal 0 0 -1
    outer loop
      vertex 9.9769 9.62075 0
      vertex 3.75998 10.1542 0
      vertex 4.27817 10.2558 0
    endloop
  endfacet
  facet normal 0 0 -1
    outer loop
      vertex 4.27817 10.2558 0
      vertex 4.80084 10.331 0
      vertex 9.9769 9.62075 0
    endloop
  endfacet
  facet normal 0 0 -1
    outer loop
      vertex 9.9769 9.62075 0
      vertex 4.80084 10.331 0
      vertex 5.32666 10.3796 0
    endloop
  endfacet
  facet normal 0 0 -1
    outer loop
      vertex 9.9769 9.62075 0
      vertex 5.32666 10.3796 0
      vertex 5.85426 10.4014 0
    endloop
  endfacet
  facet normal 0 0 -1
    outer loop
      vertex 5.85426 10.4014 0
      vertex 6.38229 10.3964 0
      vertex 9.9769 9.62075 0
    endloop
  endfacet
  facet normal 0 0 -1
    outer loop
      vertex 9.9769 9.62075 0
      vertex 6.38229 10.3964 0
      vertex 6.90938 10.3646 0
    endloop
  endfacet
  facet normal 0 0 -1
    outer loop
      vertex 9.9769 9.62075 0
      vertex 6.90938 10.3646 0
      vertex 7.43419 10.3061 0
    endloop
  endfacet
  facet normal 0 0 -1
    outer loop
      vertex 7.43419 10.3061 0
      vertex 7.95535 10.2211 0
      vertex 9.9769 9.62075 0
    endloop
  endfacet
  facet normal 0 0 -1
    outer loop
      vertex 9.9769 9.62075 0
      vertex 7.95535 10.2211 0
      vertex 8.47152 10.1097 0
    endloop
  endfacet
  facet normal 0 0 -1
    outer loop
      vertex 9.9769 9.62075 0
      vertex 8.47152 10.1097 0
      vertex 8.98138 9.97227 0
    endloop
  endfacet
  facet normal 0 0 -1
    outer loop
      vertex 8.98138 9.97227 0
      vertex 9.4836 9.80915 0
      vertex 9.9769 9.62075 0
    endloop
  endfacet
  facet normal 0 0 1
    outer loop
      vertex 6.71179 -3.86619 1.38359
      vertex 6.34322 -3.90077 1.38359
      vertex 6.71179 -6.88326 1.38359
    endloop
  endfacet
  facet normal 0 0 1
    outer loop
      vertex 6.71179 -6.88326 1.38359
      vertex 6.34322 -3.90077 1.38359
      vertex 6.01999 -3.91414 1.38359
    endloop
  endfacet
  facet normal 0 0 1
    outer loop
      vertex 6.71179 -6.88326 1.38359
      vertex 6.01999 -3.91414 1.38359
      vertex 5.3282 -6.88326 1.38359
    endloop
  endfacet
  facet normal 0 0 1
    outer loop
      vertex 5.3282 -6.88326 1.38359
      vertex 6.01999 -3.91414 1.38359
      vertex 5.69676 -3.90077 1.38359
    endloop
  endfacet
  facet normal 0 0 1
    outer loop
      vertex 5.3282 -6.88326 1.38359
      vertex 5.69676 -3.90077 1.38359
      vertex 5.3282 -3.86619 1.38359
    endloop
  endfacet
  facet normal -0 0 1
    outer loop
      vertex 5.3282 -3.86619 1.38359
      vertex 5.69676 -3.90077 1.38359
      vertex 5.37575 -3.86075 1.38359
    endloop
  endfacet
  facet normal 0 -0 1
    outer loop
      vertex 5.3282 -3.86619 1.38359
      vertex 5.37575 -3.86075 1.38359
      vertex 5.05913 -3.79437 1.38359
    endloop
  endfacet
  facet normal 0 0 1
    outer loop
      vertex 7.02607 -3.79655 1.38359
      vertex 6.98085 -3.79437 1.38359
      vertex 6.71179 -3.86619 1.38359
    endloop
  endfacet
  facet normal 0 -0 1
    outer loop
      vertex 6.71179 -3.86619 1.38359
      vertex 6.98085 -3.79437 1.38359
      vertex 6.66424 -3.86075 1.38359
    endloop
  endfacet
  facet normal 0 0 1
    outer loop
      vertex 6.71179 -3.86619 1.38359
      vertex 6.66424 -3.86075 1.38359
      vertex 6.34322 -3.90077 1.38359
    endloop
  endfacet
  facet normal -0 0 1
    outer loop
      vertex 6.98085 -3.79437 1.38359
      vertex 7.02607 -3.79655 1.38359
      vertex 7.29091 -3.70206 1.38359
    endloop
  endfacet
  facet normal -0 0 1
    outer loop
      vertex 7.29091 -3.70206 1.38359
      vertex 7.02607 -3.79655 1.38359
      vertex 7.3336 -3.70141 1.38359
    endloop
  endfacet
  facet normal 0 0 1
    outer loop
      vertex 7.29091 -3.70206 1.38359
      vertex 7.3336 -3.70141 1.38359
      vertex 7.59228 -3.58446 1.38359
    endloop
  endfacet
  facet normal -0 0 1
    outer loop
      vertex 7.59228 -3.58446 1.38359
      vertex 7.3336 -3.70141 1.38359
      vertex 7.63231 -3.5814 1.38359
    endloop
  endfacet
  facet normal 0 0 1
    outer loop
      vertex 7.59228 -3.58446 1.38359
      vertex 7.63231 -3.5814 1.38359
      vertex 7.88291 -3.44238 1.38359
    endloop
  endfacet
  facet normal -0 0 1
    outer loop
      vertex 7.88291 -3.44238 1.38359
      vertex 7.63231 -3.5814 1.38359
      vertex 7.92019 -3.43733 1.38359
    endloop
  endfacet
  facet normal 0 0 1
    outer loop
      vertex 7.88291 -3.44238 1.38359
      vertex 7.92019 -3.43733 1.38359
      vertex 8.16082 -3.27678 1.38359
    endloop
  endfacet
  facet normal -0 0 1
    outer loop
      vertex 8.16082 -3.27678 1.38359
      vertex 7.92019 -3.43733 1.38359
      vertex 8.1953 -3.27018 1.38359
    endloop
  endfacet
  facet normal 0 0 1
    outer loop
      vertex 8.16082 -3.27678 1.38359
      vertex 8.1953 -3.27018 1.38359
      vertex 8.4241 -3.0888 1.38359
    endloop
  endfacet
  facet normal -0 0 1
    outer loop
      vertex 8.4241 -3.0888 1.38359
      vertex 8.1953 -3.27018 1.38359
      vertex 8.45579 -3.08105 1.38359
    endloop
  endfacet
  facet normal 0 0 1
    outer loop
      vertex 8.4241 -3.0888 1.38359
      vertex 8.45579 -3.08105 1.38359
      vertex 8.67096 -2.87972 1.38359
    endloop
  endfacet
  facet normal -0 0 1
    outer loop
      vertex 8.67096 -2.87972 1.38359
      vertex 8.45579 -3.08105 1.38359
      vertex 8.69993 -2.87123 1.38359
    endloop
  endfacet
  facet normal 0 0 1
    outer loop
      vertex 8.67096 -2.87972 1.38359
      vertex 8.69993 -2.87123 1.38359
      vertex 8.89972 -2.65097 1.38359
    endloop
  endfacet
  facet normal -0 0 1
    outer loop
      vertex 8.89972 -2.65097 1.38359
      vertex 8.69993 -2.87123 1.38359
      vertex 8.92606 -2.64212 1.38359
    endloop
  endfacet
  facet normal 0 0 1
    outer loop
      vertex 8.89972 -2.65097 1.38359
      vertex 8.92606 -2.64212 1.38359
      vertex 9.1088 -2.40411 1.38359
    endloop
  endfacet
  facet normal -0 0 1
    outer loop
      vertex 9.1088 -2.40411 1.38359
      vertex 8.92606 -2.64212 1.38359
      vertex 9.13267 -2.39526 1.38359
    endloop
  endfacet
  facet normal 0 0 1
    outer loop
      vertex 9.1088 -2.40411 1.38359
      vertex 9.13267 -2.39526 1.38359
      vertex 9.29678 -2.14083 1.38359
    endloop
  endfacet
  facet normal -0 0 1
    outer loop
      vertex 9.29678 -2.14083 1.38359
      vertex 9.13267 -2.39526 1.38359
      vertex 9.31837 -2.13231 1.38359
    endloop
  endfacet
  facet normal 0 0 1
    outer loop
      vertex 9.29678 -2.14083 1.38359
      vertex 9.31837 -2.13231 1.38359
      vertex 9.46237 -1.86292 1.38359
    endloop
  endfacet
  facet normal -0 0 1
    outer loop
      vertex 9.46237 -1.86292 1.38359
      vertex 9.31837 -2.13231 1.38359
      vertex 9.48191 -1.85503 1.38359
    endloop
  endfacet
  facet normal 0 0 1
    outer loop
      vertex 9.46237 -1.86292 1.38359
      vertex 9.48191 -1.85503 1.38359
      vertex 9.60445 -1.57229 1.38359
    endloop
  endfacet
  facet normal -0 0 1
    outer loop
      vertex 9.60445 -1.57229 1.38359
      vertex 9.48191 -1.85503 1.38359
      vertex 9.62219 -1.5653 1.38359
    endloop
  endfacet
  facet normal 0 0 1
    outer loop
      vertex 9.60445 -1.57229 1.38359
      vertex 9.62219 -1.5653 1.38359
      vertex 9.72205 -1.27092 1.38359
    endloop
  endfacet
  facet normal -0 0 1
    outer loop
      vertex 9.72205 -1.27092 1.38359
      vertex 9.62219 -1.5653 1.38359
      vertex 9.73828 -1.26504 1.38359
    endloop
  endfacet
  facet normal 0 0 1
    outer loop
      vertex 9.72205 -1.27092 1.38359
      vertex 9.73828 -1.26504 1.38359
      vertex 9.81436 -0.960864 1.38359
    endloop
  endfacet
  facet normal -0 0 1
    outer loop
      vertex 9.81436 -0.960864 1.38359
      vertex 9.73828 -1.26504 1.38359
      vertex 9.82939 -0.956295 1.38359
    endloop
  endfacet
  facet normal 0 0 1
    outer loop
      vertex 9.81436 -0.960864 1.38359
      vertex 9.82939 -0.956295 1.38359
      vertex 9.88074 -0.644246 1.38359
    endloop
  endfacet
  facet normal -0 0 1
    outer loop
      vertex 9.88074 -0.644246 1.38359
      vertex 9.82939 -0.956295 1.38359
      vertex 9.89491 -0.641122 1.38359
    endloop
  endfacet
  facet normal 0 0 1
    outer loop
      vertex 9.88074 -0.644246 1.38359
      vertex 9.89491 -0.641122 1.38359
      vertex 9.92076 -0.323227 1.38359
    endloop
  endfacet
  facet normal -0 0 1
    outer loop
      vertex 9.92076 -0.323227 1.38359
      vertex 9.89491 -0.641122 1.38359
      vertex 9.93439 -0.321641 1.38359
    endloop
  endfacet
  facet normal 0 0 1
    outer loop
      vertex 9.92076 -0.323227 1.38359
      vertex 9.93439 -0.321641 1.38359
      vertex 9.93413 0 1.38359
    endloop
  endfacet
  facet normal -0 0 1
    outer loop
      vertex 9.93413 0 1.38359
      vertex 9.93439 -0.321641 1.38359
      vertex 9.94759 4.80992e-16 1.38359
    endloop
  endfacet
  facet normal 0 0 1
    outer loop
      vertex 9.93413 0 1.38359
      vertex 9.94759 4.80992e-16 1.38359
      vertex 9.93439 0.321641 1.38359
    endloop
  endfacet
  facet normal 0 -0 1
    outer loop
      vertex 9.93413 0 1.38359
      vertex 9.93439 0.321641 1.38359
      vertex 9.92076 0.323227 1.38359
    endloop
  endfacet
  facet normal -0 -0 1
    outer loop
      vertex 9.92076 0.323227 1.38359
      vertex 9.93439 0.321641 1.38359
      vertex 9.89491 0.641122 1.38359
    endloop
  endfacet
  facet normal 0 0 1
    outer loop
      vertex 9.92076 0.323227 1.38359
      vertex 9.89491 0.641122 1.38359
      vertex 9.88074 0.644246 1.38359
    endloop
  endfacet
  facet normal -0 -0 1
    outer loop
      vertex 9.88074 0.644246 1.38359
      vertex 9.89491 0.641122 1.38359
      vertex 9.82939 0.956295 1.38359
    endloop
  endfacet
  facet normal 0 0 1
    outer loop
      vertex 9.88074 0.644246 1.38359
      vertex 9.82939 0.956295 1.38359
      vertex 9.81436 0.960864 1.38359
    endloop
  endfacet
  facet normal -0 -0 1
    outer loop
      vertex 9.81436 0.960864 1.38359
      vertex 9.82939 0.956295 1.38359
      vertex 9.73828 1.26504 1.38359
    endloop
  endfacet
  facet normal 0 0 1
    outer loop
      vertex 9.81436 0.960864 1.38359
      vertex 9.73828 1.26504 1.38359
      vertex 9.72205 1.27092 1.38359
    endloop
  endfacet
  facet normal -0 -0 1
    outer loop
      vertex 9.72205 1.27092 1.38359
      vertex 9.73828 1.26504 1.38359
      vertex 9.62219 1.5653 1.38359
    endloop
  endfacet
  facet normal 0 0 1
    outer loop
      vertex 9.72205 1.27092 1.38359
      vertex 9.62219 1.5653 1.38359
      vertex 9.60445 1.57229 1.38359
    endloop
  endfacet
  facet normal -0 -0 1
    outer loop
      vertex 9.60445 1.57229 1.38359
      vertex 9.62219 1.5653 1.38359
      vertex 9.48191 1.85503 1.38359
    endloop
  endfacet
  facet normal 0 0 1
    outer loop
      vertex 9.60445 1.57229 1.38359
      vertex 9.48191 1.85503 1.38359
      vertex 9.46237 1.86292 1.38359
    endloop
  endfacet
  facet normal -0 -0 1
    outer loop
      vertex 9.46237 1.86292 1.38359
      vertex 9.48191 1.85503 1.38359
      vertex 9.31837 2.13231 1.38359
    endloop
  endfacet
  facet normal 0 0 1
    outer loop
      vertex 9.46237 1.86292 1.38359
      vertex 9.31837 2.13231 1.38359
      vertex 9.29678 2.14083 1.38359
    endloop
  endfacet
  facet normal -0 -0 1
    outer loop
      vertex 9.29678 2.14083 1.38359
      vertex 9.31837 2.13231 1.38359
      vertex 9.13267 2.39526 1.38359
    endloop
  endfacet
  facet normal 0 0 1
    outer loop
      vertex 9.29678 2.14083 1.38359
      vertex 9.13267 2.39526 1.38359
      vertex 9.1088 2.40411 1.38359
    endloop
  endfacet
  facet normal -0 -0 1
    outer loop
      vertex 9.1088 2.40411 1.38359
      vertex 9.13267 2.39526 1.38359
      vertex 8.92606 2.64212 1.38359
    endloop
  endfacet
  facet normal 0 0 1
    outer loop
      vertex 9.1088 2.40411 1.38359
      vertex 8.92606 2.64212 1.38359
      vertex 8.89972 2.65097 1.38359
    endloop
  endfacet
  facet normal -0 -0 1
    outer loop
      vertex 8.89972 2.65097 1.38359
      vertex 8.92606 2.64212 1.38359
      vertex 8.69993 2.87123 1.38359
    endloop
  endfacet
  facet normal 0 0 1
    outer loop
      vertex 8.89972 2.65097 1.38359
      vertex 8.69993 2.87123 1.38359
      vertex 8.67096 2.87972 1.38359
    endloop
  endfacet
  facet normal -0 -0 1
    outer loop
      vertex 8.67096 2.87972 1.38359
      vertex 8.69993 2.87123 1.38359
      vertex 8.45579 3.08105 1.38359
    endloop
  endfacet
  facet normal 0 0 1
    outer loop
      vertex 8.67096 2.87972 1.38359
      vertex 8.45579 3.08105 1.38359
      vertex 8.4241 3.0888 1.38359
    endloop
  endfacet
  facet normal -0 -0 1
    outer loop
      vertex 8.4241 3.0888 1.38359
      vertex 8.45579 3.08105 1.38359
      vertex 8.1953 3.27018 1.38359
    endloop
  endfacet
  facet normal 0 0 1
    outer loop
      vertex 8.4241 3.0888 1.38359
      vertex 8.1953 3.27018 1.38359
      vertex 8.16082 3.27678 1.38359
    endloop
  endfacet
  facet normal -0 -0 1
    outer loop
      vertex 8.16082 3.27678 1.38359
      vertex 8.1953 3.27018 1.38359
      vertex 7.92019 3.43733 1.38359
    endloop
  endfacet
  facet normal 0 0 1
    outer loop
      vertex 8.16082 3.27678 1.38359
      vertex 7.92019 3.43733 1.38359
      vertex 7.88291 3.44238 1.38359
    endloop
  endfacet
  facet normal -0 -0 1
    outer loop
      vertex 7.88291 3.44238 1.38359
      vertex 7.92019 3.43733 1.38359
      vertex 7.63231 3.5814 1.38359
    endloop
  endfacet
  facet normal 0 0 1
    outer loop
      vertex 7.88291 3.44238 1.38359
      vertex 7.63231 3.5814 1.38359
      vertex 7.59228 3.58446 1.38359
    endloop
  endfacet
  facet normal -0 -0 1
    outer loop
      vertex 7.59228 3.58446 1.38359
      vertex 7.63231 3.5814 1.38359
      vertex 7.3336 3.70141 1.38359
    endloop
  endfacet
  facet normal 0 0 1
    outer loop
      vertex 7.59228 3.58446 1.38359
      vertex 7.3336 3.70141 1.38359
      vertex 7.29091 3.70206 1.38359
    endloop
  endfacet
  facet normal -0 -0 1
    outer loop
      vertex 7.29091 3.70206 1.38359
      vertex 7.3336 3.70141 1.38359
      vertex 7.02607 3.79655 1.38359
    endloop
  endfacet
  facet normal 0 0 1
    outer loop
      vertex 7.29091 3.70206 1.38359
      vertex 7.02607 3.79655 1.38359
      vertex 6.98085 3.79437 1.38359
    endloop
  endfacet
  facet normal 0 -0 1
    outer loop
      vertex 6.98085 3.79437 1.38359
      vertex 7.02607 3.79655 1.38359
      vertex 6.71179 3.86619 1.38359
    endloop
  endfacet
  facet normal 0 0 1
    outer loop
      vertex 6.98085 3.79437 1.38359
      vertex 6.71179 3.86619 1.38359
      vertex 6.66424 3.86075 1.38359
    endloop
  endfacet
  facet normal 0 -0 1
    outer loop
      vertex 6.66424 3.86075 1.38359
      vertex 6.71179 3.86619 1.38359
      vertex 6.34322 3.90077 1.38359
    endloop
  endfacet
  facet normal -0 0 1
    outer loop
      vertex 6.34322 3.90077 1.38359
      vertex 6.71179 3.86619 1.38359
      vertex 6.71179 6.88326 1.38359
    endloop
  endfacet
  facet normal 0 -0 1
    outer loop
      vertex 6.34322 3.90077 1.38359
      vertex 6.71179 6.88326 1.38359
      vertex 6.01999 3.91414 1.38359
    endloop
  endfacet
  facet normal 0 -0 1
    outer loop
      vertex 6.01999 3.91414 1.38359
      vertex 6.71179 6.88326 1.38359
      vertex 5.3282 6.88326 1.38359
    endloop
  endfacet
  facet normal 0 0 1
    outer loop
      vertex 6.01999 3.91414 1.38359
      vertex 5.3282 6.88326 1.38359
      vertex 5.69676 3.90077 1.38359
    endloop
  endfacet
  facet normal 0 0 1
    outer loop
      vertex 5.69676 3.90077 1.38359
      vertex 5.3282 6.88326 1.38359
      vertex 5.3282 3.86619 1.38359
    endloop
  endfacet
  facet normal 0 0 1
    outer loop
      vertex 5.69676 3.90077 1.38359
      vertex 5.3282 3.86619 1.38359
      vertex 5.37575 3.86075 1.38359
    endloop
  endfacet
  facet normal 0 0 1
    outer loop
      vertex 5.37575 3.86075 1.38359
      vertex 5.3282 3.86619 1.38359
      vertex 5.05913 3.79437 1.38359
    endloop
  endfacet
  facet normal 0 -0 1
    outer loop
      vertex 5.05913 3.79437 1.38359
      vertex 5.3282 3.86619 1.38359
      vertex 5.01391 3.79655 1.38359
    endloop
  endfacet
  facet normal 0 0 1
    outer loop
      vertex 5.05913 3.79437 1.38359
      vertex 5.01391 3.79655 1.38359
      vertex 4.74907 3.70206 1.38359
    endloop
  endfacet
  facet normal 0 -0 1
    outer loop
      vertex 4.74907 3.70206 1.38359
      vertex 5.01391 3.79655 1.38359
      vertex 4.70638 3.70141 1.38359
    endloop
  endfacet
  facet normal 0 0 1
    outer loop
      vertex 4.74907 3.70206 1.38359
      vertex 4.70638 3.70141 1.38359
      vertex 4.4477 3.58446 1.38359
    endloop
  endfacet
  facet normal 0 -0 1
    outer loop
      vertex 4.4477 3.58446 1.38359
      vertex 4.70638 3.70141 1.38359
      vertex 4.40767 3.5814 1.38359
    endloop
  endfacet
  facet normal 0 0 1
    outer loop
      vertex 4.4477 3.58446 1.38359
      vertex 4.40767 3.5814 1.38359
      vertex 4.15707 3.44238 1.38359
    endloop
  endfacet
  facet normal 0 -0 1
    outer loop
      vertex 4.15707 3.44238 1.38359
      vertex 4.40767 3.5814 1.38359
      vertex 4.1198 3.43733 1.38359
    endloop
  endfacet
  facet normal 0 0 1
    outer loop
      vertex 4.15707 3.44238 1.38359
      vertex 4.1198 3.43733 1.38359
      vertex 3.87916 3.27678 1.38359
    endloop
  endfacet
  facet normal 0 -0 1
    outer loop
      vertex 3.87916 3.27678 1.38359
      vertex 4.1198 3.43733 1.38359
      vertex 3.84469 3.27018 1.38359
    endloop
  endfacet
  facet normal 0 0 1
    outer loop
      vertex 3.87916 3.27678 1.38359
      vertex 3.84469 3.27018 1.38359
      vertex 3.61588 3.0888 1.38359
    endloop
  endfacet
  facet normal 0 -0 1
    outer loop
      vertex 3.61588 3.0888 1.38359
      vertex 3.84469 3.27018 1.38359
      vertex 3.58419 3.08105 1.38359
    endloop
  endfacet
  facet normal 0 0 1
    outer loop
      vertex 3.61588 3.0888 1.38359
      vertex 3.58419 3.08105 1.38359
      vertex 3.36902 2.87972 1.38359
    endloop
  endfacet
  facet normal 0 -0 1
    outer loop
      vertex 3.36902 2.87972 1.38359
      vertex 3.58419 3.08105 1.38359
      vertex 3.34006 2.87123 1.38359
    endloop
  endfacet
  facet normal 0 0 1
    outer loop
      vertex 3.36902 2.87972 1.38359
      vertex 3.34006 2.87123 1.38359
      vertex 3.14027 2.65097 1.38359
    endloop
  endfacet
  facet normal 0 -0 1
    outer loop
      vertex 3.14027 2.65097 1.38359
      vertex 3.34006 2.87123 1.38359
      vertex 3.11393 2.64212 1.38359
    endloop
  endfacet
  facet normal 0 0 1
    outer loop
      vertex 3.14027 2.65097 1.38359
      vertex 3.11393 2.64212 1.38359
      vertex 2.93119 2.40411 1.38359
    endloop
  endfacet
  facet normal 0 -0 1
    outer loop
      vertex 2.93119 2.40411 1.38359
      vertex 3.11393 2.64212 1.38359
      vertex 2.90732 2.39526 1.38359
    endloop
  endfacet
  facet normal 0 0 1
    outer loop
      vertex 2.93119 2.40411 1.38359
      vertex 2.90732 2.39526 1.38359
      vertex 2.74321 2.14083 1.38359
    endloop
  endfacet
  facet normal 0 -0 1
    outer loop
      vertex 2.74321 2.14083 1.38359
      vertex 2.90732 2.39526 1.38359
      vertex 2.72162 2.13231 1.38359
    endloop
  endfacet
  facet normal 0 0 1
    outer loop
      vertex 2.74321 2.14083 1.38359
      vertex 2.72162 2.13231 1.38359
      vertex 2.57761 1.86292 1.38359
    endloop
  endfacet
  facet normal 0 -0 1
    outer loop
      vertex 2.57761 1.86292 1.38359
      vertex 2.72162 2.13231 1.38359
      vertex 2.55808 1.85503 1.38359
    endloop
  endfacet
  facet normal 0 0 1
    outer loop
      vertex 2.57761 1.86292 1.38359
      vertex 2.55808 1.85503 1.38359
      vertex 2.43553 1.57229 1.38359
    endloop
  endfacet
  facet normal 0 -0 1
    outer loop
      vertex 2.43553 1.57229 1.38359
      vertex 2.55808 1.85503 1.38359
      vertex 2.41779 1.5653 1.38359
    endloop
  endfacet
  facet normal 0 0 1
    outer loop
      vertex 2.43553 1.57229 1.38359
      vertex 2.41779 1.5653 1.38359
      vertex 2.31793 1.27092 1.38359
    endloop
  endfacet
  facet normal 0 -0 1
    outer loop
      vertex 2.31793 1.27092 1.38359
      vertex 2.41779 1.5653 1.38359
      vertex 2.3017 1.26504 1.38359
    endloop
  endfacet
  facet normal 0 0 1
    outer loop
      vertex 2.31793 1.27092 1.38359
      vertex 2.3017 1.26504 1.38359
      vertex 2.22563 0.960864 1.38359
    endloop
  endfacet
  facet normal 0 -0 1
    outer loop
      vertex 2.22563 0.960864 1.38359
      vertex 2.3017 1.26504 1.38359
      vertex 2.2106 0.956295 1.38359
    endloop
  endfacet
  facet normal 0 0 1
    outer loop
      vertex 2.22563 0.960864 1.38359
      vertex 2.2106 0.956295 1.38359
      vertex 2.15924 0.644246 1.38359
    endloop
  endfacet
  facet normal 0 -0 1
    outer loop
      vertex 2.15924 0.644246 1.38359
      vertex 2.2106 0.956295 1.38359
      vertex 2.14508 0.641122 1.38359
    endloop
  endfacet
  facet normal 0 0 1
    outer loop
      vertex 2.15924 0.644246 1.38359
      vertex 2.14508 0.641122 1.38359
      vertex 2.11922 0.323227 1.38359
    endloop
  endfacet
  facet normal 0 -0 1
    outer loop
      vertex 2.11922 0.323227 1.38359
      vertex 2.14508 0.641122 1.38359
      vertex 2.10559 0.321641 1.38359
    endloop
  endfacet
  facet normal 0 0 1
    outer loop
      vertex 2.11922 0.323227 1.38359
      vertex 2.10559 0.321641 1.38359
      vertex 2.10585 -4.79343e-16 1.38359
    endloop
  endfacet
  facet normal 0 0 1
    outer loop
      vertex 2.10585 -4.79343e-16 1.38359
      vertex 2.10559 0.321641 1.38359
      vertex 2.0924 0 1.38359
    endloop
  endfacet
  facet normal 0 0 1
    outer loop
      vertex 2.10585 -4.79343e-16 1.38359
      vertex 2.0924 0 1.38359
      vertex 2.10559 -0.321641 1.38359
    endloop
  endfacet
  facet normal 0 -0 1
    outer loop
      vertex 7.132 6.82798 1.38359
      vertex 7.17477 8.22082 1.38359
      vertex 6.71179 6.88326 1.38359
    endloop
  endfacet
  facet normal 0 0 1
    outer loop
      vertex 6.71179 6.88326 1.38359
      vertex 7.17477 8.22082 1.38359
      vertex 6.71179 8.27265 1.38359
    endloop
  endfacet
  facet normal 0 -0 1
    outer loop
      vertex 6.71179 6.88326 1.38359
      vertex 6.71179 8.27265 1.38359
      vertex 5.3282 8.27265 1.38359
    endloop
  endfacet
  facet normal 0 0 1
    outer loop
      vertex 5.3282 8.27265 1.38359
      vertex 6.71179 8.27265 1.38359
      vertex 5.3282 10.3769 1.38359
    endloop
  endfacet
  facet normal -0 0 1
    outer loop
      vertex 5.3282 10.3769 1.38359
      vertex 6.71179 8.27265 1.38359
      vertex 6.71179 10.3769 1.38359
    endloop
  endfacet
  facet normal 0 0 1
    outer loop
      vertex 7.17477 8.22082 1.38359
      vertex 7.132 6.82798 1.38359
      vertex 7.63412 8.14309 1.38359
    endloop
  endfacet
  facet normal 0 0 1
    outer loop
      vertex 7.63412 8.14309 1.38359
      vertex 7.132 6.82798 1.38359
      vertex 7.54805 6.74707 1.38359
    endloop
  endfacet
  facet normal 0 0 1
    outer loop
      vertex 7.63412 8.14309 1.38359
      vertex 7.54805 6.74707 1.38359
      vertex 8.08839 8.03972 1.38359
    endloop
  endfacet
  facet normal 0 0 1
    outer loop
      vertex 8.08839 8.03972 1.38359
      vertex 7.54805 6.74707 1.38359
      vertex 7.95836 6.64083 1.38359
    endloop
  endfacet
  facet normal 0 0 1
    outer loop
      vertex 8.08839 8.03972 1.38359
      vertex 7.95836 6.64083 1.38359
      vertex 8.53614 7.91103 1.38359
    endloop
  endfacet
  facet normal 0 0 1
    outer loop
      vertex 8.53614 7.91103 1.38359
      vertex 7.95836 6.64083 1.38359
      vertex 8.36139 6.50967 1.38359
    endloop
  endfacet
  facet normal 0 0 1
    outer loop
      vertex 8.53614 7.91103 1.38359
      vertex 8.36139 6.50967 1.38359
      vertex 8.97597 7.75742 1.38359
    endloop
  endfacet
  facet normal 0 0 1
    outer loop
      vertex 8.97597 7.75742 1.38359
      vertex 8.36139 6.50967 1.38359
      vertex 8.75563 6.35407 1.38359
    endloop
  endfacet
  facet normal 0 0 1
    outer loop
      vertex 8.97597 7.75742 1.38359
      vertex 8.75563 6.35407 1.38359
      vertex 9.40648 7.57938 1.38359
    endloop
  endfacet
  facet normal 0 0 1
    outer loop
      vertex 9.40648 7.57938 1.38359
      vertex 8.75563 6.35407 1.38359
      vertex 9.13961 6.17462 1.38359
    endloop
  endfacet
  facet normal 0 0 1
    outer loop
      vertex 9.40648 7.57938 1.38359
      vertex 9.13961 6.17462 1.38359
      vertex 9.82634 7.37747 1.38359
    endloop
  endfacet
  facet normal 0 0 1
    outer loop
      vertex 9.82634 7.37747 1.38359
      vertex 9.13961 6.17462 1.38359
      vertex 9.51187 5.97199 1.38359
    endloop
  endfacet
  facet normal 0 0 1
    outer loop
      vertex 9.82634 7.37747 1.38359
      vertex 9.51187 5.97199 1.38359
      vertex 10.2342 7.15233 1.38359
    endloop
  endfacet
  facet normal 0 0 1
    outer loop
      vertex 10.2342 7.15233 1.38359
      vertex 9.51187 5.97199 1.38359
      vertex 9.87103 5.74695 1.38359
    endloop
  endfacet
  facet normal 0 0 1
    outer loop
      vertex 10.2342 7.15233 1.38359
      vertex 9.87103 5.74695 1.38359
      vertex 10.6288 6.90466 1.38359
    endloop
  endfacet
  facet normal 0 0 1
    outer loop
      vertex 10.6288 6.90466 1.38359
      vertex 9.87103 5.74695 1.38359
      vertex 10.2157 5.50033 1.38359
    endloop
  endfacet
  facet normal 0 0 1
    outer loop
      vertex 10.6288 6.90466 1.38359
      vertex 10.2157 5.50033 1.38359
      vertex 11.0089 6.63524 1.38359
    endloop
  endfacet
  facet normal 0 0 1
    outer loop
      vertex 11.0089 6.63524 1.38359
      vertex 10.2157 5.50033 1.38359
      vertex 10.5447 5.23307 1.38359
    endloop
  endfacet
  facet normal 0 0 1
    outer loop
      vertex 11.0089 6.63524 1.38359
      vertex 10.5447 5.23307 1.38359
      vertex 11.3732 6.34493 1.38359
    endloop
  endfacet
  facet normal 0 0 1
    outer loop
      vertex 11.3732 6.34493 1.38359
      vertex 10.5447 5.23307 1.38359
      vertex 10.8567 4.94617 1.38359
    endloop
  endfacet
  facet normal 0 0 1
    outer loop
      vertex 11.3732 6.34493 1.38359
      vertex 10.8567 4.94617 1.38359
      vertex 11.7207 6.03464 1.38359
    endloop
  endfacet
  facet normal 0 0 1
    outer loop
      vertex 11.7207 6.03464 1.38359
      vertex 10.8567 4.94617 1.38359
      vertex 11.1505 4.6407 1.38359
    endloop
  endfacet
  facet normal 0 0 1
    outer loop
      vertex 11.7207 6.03464 1.38359
      vertex 11.1505 4.6407 1.38359
      vertex 12.0503 5.70534 1.38359
    endloop
  endfacet
  facet normal 0 0 1
    outer loop
      vertex 12.0503 5.70534 1.38359
      vertex 11.1505 4.6407 1.38359
      vertex 11.425 4.31781 1.38359
    endloop
  endfacet
  facet normal 0 0 1
    outer loop
      vertex 12.0503 5.70534 1.38359
      vertex 11.425 4.31781 1.38359
      vertex 12.3609 5.35807 1.38359
    endloop
  endfacet
  facet normal 0 0 1
    outer loop
      vertex 12.3609 5.35807 1.38359
      vertex 11.425 4.31781 1.38359
      vertex 11.6793 3.97871 1.38359
    endloop
  endfacet
  facet normal 0 0 1
    outer loop
      vertex 12.3609 5.35807 1.38359
      vertex 11.6793 3.97871 1.38359
      vertex 12.6514 4.99392 1.38359
    endloop
  endfacet
  facet normal 0 0 1
    outer loop
      vertex 12.6514 4.99392 1.38359
      vertex 11.6793 3.97871 1.38359
      vertex 11.9123 3.62468 1.38359
    endloop
  endfacet
  facet normal 0 0 1
    outer loop
      vertex 12.6514 4.99392 1.38359
      vertex 11.9123 3.62468 1.38359
      vertex 12.9211 4.61405 1.38359
    endloop
  endfacet
  facet normal 0 0 1
    outer loop
      vertex 12.9211 4.61405 1.38359
      vertex 11.9123 3.62468 1.38359
      vertex 13.1691 4.21965 1.38359
    endloop
  endfacet
  facet normal 0 0 1
    outer loop
      vertex 13.1691 4.21965 1.38359
      vertex 11.9123 3.62468 1.38359
      vertex 12.1232 3.25704 1.38359
    endloop
  endfacet
  facet normal 0 0 1
    outer loop
      vertex 13.1691 4.21965 1.38359
      vertex 12.1232 3.25704 1.38359
      vertex 13.3946 3.81195 1.38359
    endloop
  endfacet
  facet normal 0 0 1
    outer loop
      vertex 13.3946 3.81195 1.38359
      vertex 12.1232 3.25704 1.38359
      vertex 12.3112 2.87718 1.38359
    endloop
  endfacet
  facet normal 0 0 1
    outer loop
      vertex 13.3946 3.81195 1.38359
      vertex 12.3112 2.87718 1.38359
      vertex 13.5968 3.39225 1.38359
    endloop
  endfacet
  facet normal 0 0 1
    outer loop
      vertex 13.5968 3.39225 1.38359
      vertex 12.3112 2.87718 1.38359
      vertex 12.4756 2.48652 1.38359
    endloop
  endfacet
  facet normal 0 0 1
    outer loop
      vertex 13.5968 3.39225 1.38359
      vertex 12.4756 2.48652 1.38359
      vertex 13.7752 2.96187 1.38359
    endloop
  endfacet
  facet normal 0 0 1
    outer loop
      vertex 13.7752 2.96187 1.38359
      vertex 12.4756 2.48652 1.38359
      vertex 12.6158 2.08652 1.38359
    endloop
  endfacet
  facet normal 0 0 1
    outer loop
      vertex 13.7752 2.96187 1.38359
      vertex 12.6158 2.08652 1.38359
      vertex 13.9291 2.52216 1.38359
    endloop
  endfacet
  facet normal 0 0 1
    outer loop
      vertex 13.9291 2.52216 1.38359
      vertex 12.6158 2.08652 1.38359
      vertex 12.7312 1.67869 1.38359
    endloop
  endfacet
  facet normal 0 0 1
    outer loop
      vertex 13.9291 2.52216 1.38359
      vertex 12.7312 1.67869 1.38359
      vertex 14.0581 2.07451 1.38359
    endloop
  endfacet
  facet normal 0 0 1
    outer loop
      vertex 14.0581 2.07451 1.38359
      vertex 12.7312 1.67869 1.38359
      vertex 12.8214 1.26456 1.38359
    endloop
  endfacet
  facet normal 0 0 1
    outer loop
      vertex 14.0581 2.07451 1.38359
      vertex 12.8214 1.26456 1.38359
      vertex 14.1619 1.62032 1.38359
    endloop
  endfacet
  facet normal 0 0 1
    outer loop
      vertex 14.1619 1.62032 1.38359
      vertex 12.8214 1.26456 1.38359
      vertex 12.886 0.84569 1.38359
    endloop
  endfacet
  facet normal 0 0 1
    outer loop
      vertex 14.1619 1.62032 1.38359
      vertex 12.886 0.84569 1.38359
      vertex 14.2399 1.16103 1.38359
    endloop
  endfacet
  facet normal 0 0 1
    outer loop
      vertex 14.2399 1.16103 1.38359
      vertex 12.886 0.84569 1.38359
      vertex 14.2921 0.698085 1.38359
    endloop
  endfacet
  facet normal 0 0 1
    outer loop
      vertex 14.2921 0.698085 1.38359
      vertex 12.886 0.84569 1.38359
      vertex 12.9249 0.42364 1.38359
    endloop
  endfacet
  facet normal 0 0 1
    outer loop
      vertex 14.2921 0.698085 1.38359
      vertex 12.9249 0.42364 1.38359
      vertex 14.3183 0.232939 1.38359
    endloop
  endfacet
  facet normal 0 0 1
    outer loop
      vertex 14.3183 0.232939 1.38359
      vertex 12.9249 0.42364 1.38359
      vertex 12.9379 -8.47203e-16 1.38359
    endloop
  endfacet
  facet normal 0 0 1
    outer loop
      vertex 14.3183 0.232939 1.38359
      vertex 12.9379 -8.47203e-16 1.38359
      vertex 14.3183 -0.232939 1.38359
    endloop
  endfacet
  facet normal 0 0 1
    outer loop
      vertex 14.3183 -0.232939 1.38359
      vertex 12.9379 -8.47203e-16 1.38359
      vertex 12.9249 -0.42364 1.38359
    endloop
  endfacet
  facet normal 0 0 1
    outer loop
      vertex 14.3183 -0.232939 1.38359
      vertex 12.9249 -0.42364 1.38359
      vertex 14.2921 -0.698085 1.38359
    endloop
  endfacet
  facet normal 0 0 1
    outer loop
      vertex 14.2921 -0.698085 1.38359
      vertex 12.9249 -0.42364 1.38359
      vertex 12.886 -0.84569 1.38359
    endloop
  endfacet
  facet normal 0 0 1
    outer loop
      vertex 14.2921 -0.698085 1.38359
      vertex 12.886 -0.84569 1.38359
      vertex 14.2399 -1.16103 1.38359
    endloop
  endfacet
  facet normal 0 0 1
    outer loop
      vertex 14.2399 -1.16103 1.38359
      vertex 12.886 -0.84569 1.38359
      vertex 14.1619 -1.62032 1.38359
    endloop
  endfacet
  facet normal 0 0 1
    outer loop
      vertex 14.1619 -1.62032 1.38359
      vertex 12.886 -0.84569 1.38359
      vertex 12.8214 -1.26456 1.38359
    endloop
  endfacet
  facet normal 0 0 1
    outer loop
      vertex 14.1619 -1.62032 1.38359
      vertex 12.8214 -1.26456 1.38359
      vertex 14.0581 -2.07451 1.38359
    endloop
  endfacet
  facet normal 0 0 1
    outer loop
      vertex 14.0581 -2.07451 1.38359
      vertex 12.8214 -1.26456 1.38359
      vertex 12.7312 -1.67869 1.38359
    endloop
  endfacet
  facet normal 0 0 1
    outer loop
      vertex 14.0581 -2.07451 1.38359
      vertex 12.7312 -1.67869 1.38359
      vertex 13.9291 -2.52216 1.38359
    endloop
  endfacet
  facet normal 0 0 1
    outer loop
      vertex 13.9291 -2.52216 1.38359
      vertex 12.7312 -1.67869 1.38359
      vertex 12.6158 -2.08652 1.38359
    endloop
  endfacet
  facet normal 0 0 1
    outer loop
      vertex 13.9291 -2.52216 1.38359
      vertex 12.6158 -2.08652 1.38359
      vertex 13.7752 -2.96187 1.38359
    endloop
  endfacet
  facet normal 0 0 1
    outer loop
      vertex 13.7752 -2.96187 1.38359
      vertex 12.6158 -2.08652 1.38359
      vertex 12.4756 -2.48652 1.38359
    endloop
  endfacet
  facet normal 0 0 1
    outer loop
      vertex 13.7752 -2.96187 1.38359
      vertex 12.4756 -2.48652 1.38359
      vertex 13.5968 -3.39225 1.38359
    endloop
  endfacet
  facet normal 0 0 1
    outer loop
      vertex 13.5968 -3.39225 1.38359
      vertex 12.4756 -2.48652 1.38359
      vertex 12.3112 -2.87718 1.38359
    endloop
  endfacet
  facet normal 0 0 1
    outer loop
      vertex 13.5968 -3.39225 1.38359
      vertex 12.3112 -2.87718 1.38359
      vertex 13.3946 -3.81195 1.38359
    endloop
  endfacet
  facet normal 0 0 1
    outer loop
      vertex 13.3946 -3.81195 1.38359
      vertex 12.3112 -2.87718 1.38359
      vertex 12.1232 -3.25704 1.38359
    endloop
  endfacet
  facet normal 0 0 1
    outer loop
      vertex 13.3946 -3.81195 1.38359
      vertex 12.1232 -3.25704 1.38359
      vertex 13.1691 -4.21965 1.38359
    endloop
  endfacet
  facet normal 0 0 1
    outer loop
      vertex 13.1691 -4.21965 1.38359
      vertex 12.1232 -3.25704 1.38359
      vertex 11.9123 -3.62468 1.38359
    endloop
  endfacet
  facet normal 0 0 1
    outer loop
      vertex 13.1691 -4.21965 1.38359
      vertex 11.9123 -3.62468 1.38359
      vertex 12.9211 -4.61405 1.38359
    endloop
  endfacet
  facet normal 0 0 1
    outer loop
      vertex 12.9211 -4.61405 1.38359
      vertex 11.9123 -3.62468 1.38359
      vertex 12.6514 -4.99392 1.38359
    endloop
  endfacet
  facet normal 0 0 1
    outer loop
      vertex 12.6514 -4.99392 1.38359
      vertex 11.9123 -3.62468 1.38359
      vertex 11.6793 -3.97871 1.38359
    endloop
  endfacet
  facet normal 0 0 1
    outer loop
      vertex 12.6514 -4.99392 1.38359
      vertex 11.6793 -3.97871 1.38359
      vertex 12.3609 -5.35807 1.38359
    endloop
  endfacet
  facet normal 0 0 1
    outer loop
      vertex 12.3609 -5.35807 1.38359
      vertex 11.6793 -3.97871 1.38359
      vertex 11.425 -4.31781 1.38359
    endloop
  endfacet
  facet normal 0 0 1
    outer loop
      vertex 12.3609 -5.35807 1.38359
      vertex 11.425 -4.31781 1.38359
      vertex 12.0503 -5.70534 1.38359
    endloop
  endfacet
  facet normal 0 0 1
    outer loop
      vertex 12.0503 -5.70534 1.38359
      vertex 11.425 -4.31781 1.38359
      vertex 11.1505 -4.6407 1.38359
    endloop
  endfacet
  facet normal 0 0 1
    outer loop
      vertex 12.0503 -5.70534 1.38359
      vertex 11.1505 -4.6407 1.38359
      vertex 11.7207 -6.03464 1.38359
    endloop
  endfacet
  facet normal 0 0 1
    outer loop
      vertex 11.7207 -6.03464 1.38359
      vertex 11.1505 -4.6407 1.38359
      vertex 10.8567 -4.94617 1.38359
    endloop
  endfacet
  facet normal 0 0 1
    outer loop
      vertex 11.7207 -6.03464 1.38359
      vertex 10.8567 -4.94617 1.38359
      vertex 11.3732 -6.34493 1.38359
    endloop
  endfacet
  facet normal 0 0 1
    outer loop
      vertex 11.3732 -6.34493 1.38359
      vertex 10.8567 -4.94617 1.38359
      vertex 10.5447 -5.23307 1.38359
    endloop
  endfacet
  facet normal 0 0 1
    outer loop
      vertex 11.3732 -6.34493 1.38359
      vertex 10.5447 -5.23307 1.38359
      vertex 11.0089 -6.63524 1.38359
    endloop
  endfacet
  facet normal 0 0 1
    outer loop
      vertex 11.0089 -6.63524 1.38359
      vertex 10.5447 -5.23307 1.38359
      vertex 10.2157 -5.50033 1.38359
    endloop
  endfacet
  facet normal 0 0 1
    outer loop
      vertex 11.0089 -6.63524 1.38359
      vertex 10.2157 -5.50033 1.38359
      vertex 10.6288 -6.90466 1.38359
    endloop
  endfacet
  facet normal 0 0 1
    outer loop
      vertex 10.6288 -6.90466 1.38359
      vertex 10.2157 -5.50033 1.38359
      vertex 9.87103 -5.74695 1.38359
    endloop
  endfacet
  facet normal 0 0 1
    outer loop
      vertex 10.6288 -6.90466 1.38359
      vertex 9.87103 -5.74695 1.38359
      vertex 10.2342 -7.15233 1.38359
    endloop
  endfacet
  facet normal 0 0 1
    outer loop
      vertex 10.2342 -7.15233 1.38359
      vertex 9.87103 -5.74695 1.38359
      vertex 9.51187 -5.97199 1.38359
    endloop
  endfacet
  facet normal 0 0 1
    outer loop
      vertex 10.2342 -7.15233 1.38359
      vertex 9.51187 -5.97199 1.38359
      vertex 9.82634 -7.37747 1.38359
    endloop
  endfacet
  facet normal 0 0 1
    outer loop
      vertex 9.82634 -7.37747 1.38359
      vertex 9.51187 -5.97199 1.38359
      vertex 9.13961 -6.17462 1.38359
    endloop
  endfacet
  facet normal 0 0 1
    outer loop
      vertex 9.82634 -7.37747 1.38359
      vertex 9.13961 -6.17462 1.38359
      vertex 9.40648 -7.57938 1.38359
    endloop
  endfacet
  facet normal 0 0 1
    outer loop
      vertex 9.40648 -7.57938 1.38359
      vertex 9.13961 -6.17462 1.38359
      vertex 8.75563 -6.35407 1.38359
    endloop
  endfacet
  facet normal 0 0 1
    outer loop
      vertex 9.40648 -7.57938 1.38359
      vertex 8.75563 -6.35407 1.38359
      vertex 8.97597 -7.75742 1.38359
    endloop
  endfacet
  facet normal 0 0 1
    outer loop
      vertex 8.97597 -7.75742 1.38359
      vertex 8.75563 -6.35407 1.38359
      vertex 8.36139 -6.50967 1.38359
    endloop
  endfacet
  facet normal 0 0 1
    outer loop
      vertex 8.97597 -7.75742 1.38359
      vertex 8.36139 -6.50967 1.38359
      vertex 8.53614 -7.91103 1.38359
    endloop
  endfacet
  facet normal 0 0 1
    outer loop
      vertex 8.53614 -7.91103 1.38359
      vertex 8.36139 -6.50967 1.38359
      vertex 7.95836 -6.64083 1.38359
    endloop
  endfacet
  facet normal 0 0 1
    outer loop
      vertex 8.53614 -7.91103 1.38359
      vertex 7.95836 -6.64083 1.38359
      vertex 8.08839 -8.03972 1.38359
    endloop
  endfacet
  facet normal 0 0 1
    outer loop
      vertex 8.08839 -8.03972 1.38359
      vertex 7.95836 -6.64083 1.38359
      vertex 7.54805 -6.74707 1.38359
    endloop
  endfacet
  facet normal 0 0 1
    outer loop
      vertex 8.08839 -8.03972 1.38359
      vertex 7.54805 -6.74707 1.38359
      vertex 7.63412 -8.14309 1.38359
    endloop
  endfacet
  facet normal 0 0 1
    outer loop
      vertex 7.63412 -8.14309 1.38359
      vertex 7.54805 -6.74707 1.38359
      vertex 7.132 -6.82798 1.38359
    endloop
  endfacet
  facet normal 0 0 1
    outer loop
      vertex 7.63412 -8.14309 1.38359
      vertex 7.132 -6.82798 1.38359
      vertex 7.17477 -8.22082 1.38359
    endloop
  endfacet
  facet normal 0 0 1
    outer loop
      vertex 7.17477 -8.22082 1.38359
      vertex 7.132 -6.82798 1.38359
      vertex 6.71179 -6.88326 1.38359
    endloop
  endfacet
  facet normal 0 0 1
    outer loop
      vertex 7.17477 -8.22082 1.38359
      vertex 6.71179 -6.88326 1.38359
      vertex 6.71179 -8.27265 1.38359
    endloop
  endfacet
  facet normal 0 -0 1
    outer loop
      vertex 6.71179 -8.27265 1.38359
      vertex 6.71179 -6.88326 1.38359
      vertex 5.3282 -6.88326 1.38359
    endloop
  endfacet
  facet normal 0 0 1
    outer loop
      vertex 6.71179 -8.27265 1.38359
      vertex 5.3282 -6.88326 1.38359
      vertex 5.3282 -8.27265 1.38359
    endloop
  endfacet
  facet normal 0 -0 1
    outer loop
      vertex 5.3282 -8.27265 1.38359
      vertex 5.3282 -6.88326 1.38359
      vertex 4.86521 -8.22082 1.38359
    endloop
  endfacet
  facet normal 0 0 1
    outer loop
      vertex 4.86521 -8.22082 1.38359
      vertex 5.3282 -6.88326 1.38359
      vertex 4.90798 -6.82798 1.38359
    endloop
  endfacet
  facet normal 0 -0 1
    outer loop
      vertex 4.86521 -8.22082 1.38359
      vertex 4.90798 -6.82798 1.38359
      vertex 4.40586 -8.14309 1.38359
    endloop
  endfacet
  facet normal 0 0 1
    outer loop
      vertex 4.40586 -8.14309 1.38359
      vertex 4.90798 -6.82798 1.38359
      vertex 4.49194 -6.74707 1.38359
    endloop
  endfacet
  facet normal 0 -0 1
    outer loop
      vertex 4.40586 -8.14309 1.38359
      vertex 4.49194 -6.74707 1.38359
      vertex 3.9516 -8.03972 1.38359
    endloop
  endfacet
  facet normal 0 0 1
    outer loop
      vertex 3.9516 -8.03972 1.38359
      vertex 4.49194 -6.74707 1.38359
      vertex 4.08163 -6.64083 1.38359
    endloop
  endfacet
  facet normal 0 -0 1
    outer loop
      vertex 3.9516 -8.03972 1.38359
      vertex 4.08163 -6.64083 1.38359
      vertex 3.50384 -7.91103 1.38359
    endloop
  endfacet
  facet normal 0 0 1
    outer loop
      vertex 3.50384 -7.91103 1.38359
      vertex 4.08163 -6.64083 1.38359
      vertex 3.67859 -6.50967 1.38359
    endloop
  endfacet
  facet normal 0 -0 1
    outer loop
      vertex 3.50384 -7.91103 1.38359
      vertex 3.67859 -6.50967 1.38359
      vertex 3.06402 -7.75742 1.38359
    endloop
  endfacet
  facet normal 0 0 1
    outer loop
      vertex 3.06402 -7.75742 1.38359
      vertex 3.67859 -6.50967 1.38359
      vertex 3.28435 -6.35407 1.38359
    endloop
  endfacet
  facet normal 0 -0 1
    outer loop
      vertex 3.06402 -7.75742 1.38359
      vertex 3.28435 -6.35407 1.38359
      vertex 2.6335 -7.57938 1.38359
    endloop
  endfacet
  facet normal 0 0 1
    outer loop
      vertex 2.6335 -7.57938 1.38359
      vertex 3.28435 -6.35407 1.38359
      vertex 2.90038 -6.17462 1.38359
    endloop
  endfacet
  facet normal 0 -0 1
    outer loop
      vertex 2.6335 -7.57938 1.38359
      vertex 2.90038 -6.17462 1.38359
      vertex 2.21365 -7.37747 1.38359
    endloop
  endfacet
  facet normal 0 0 1
    outer loop
      vertex 2.21365 -7.37747 1.38359
      vertex 2.90038 -6.17462 1.38359
      vertex 2.52811 -5.97199 1.38359
    endloop
  endfacet
  facet normal 0 -0 1
    outer loop
      vertex 2.21365 -7.37747 1.38359
      vertex 2.52811 -5.97199 1.38359
      vertex 1.80578 -7.15233 1.38359
    endloop
  endfacet
  facet normal 0 0 1
    outer loop
      vertex 1.80578 -7.15233 1.38359
      vertex 2.52811 -5.97199 1.38359
      vertex 2.16895 -5.74695 1.38359
    endloop
  endfacet
  facet normal 0 -0 1
    outer loop
      vertex 1.80578 -7.15233 1.38359
      vertex 2.16895 -5.74695 1.38359
      vertex 1.41119 -6.90466 1.38359
    endloop
  endfacet
  facet normal 0 0 1
    outer loop
      vertex 1.41119 -6.90466 1.38359
      vertex 2.16895 -5.74695 1.38359
      vertex 1.82425 -5.50033 1.38359
    endloop
  endfacet
  facet normal 0 -0 1
    outer loop
      vertex 1.41119 -6.90466 1.38359
      vertex 1.82425 -5.50033 1.38359
      vertex 1.03111 -6.63524 1.38359
    endloop
  endfacet
  facet normal 0 0 1
    outer loop
      vertex 1.03111 -6.63524 1.38359
      vertex 1.82425 -5.50033 1.38359
      vertex 1.4953 -5.23307 1.38359
    endloop
  endfacet
  facet normal 0 -0 1
    outer loop
      vertex 1.03111 -6.63524 1.38359
      vertex 1.4953 -5.23307 1.38359
      vertex 0.666749 -6.34493 1.38359
    endloop
  endfacet
  facet normal 0 0 1
    outer loop
      vertex 0.666749 -6.34493 1.38359
      vertex 1.4953 -5.23307 1.38359
      vertex 1.18332 -4.94617 1.38359
    endloop
  endfacet
  facet normal 0 -0 1
    outer loop
      vertex 0.666749 -6.34493 1.38359
      vertex 1.18332 -4.94617 1.38359
      vertex 0.319243 -6.03464 1.38359
    endloop
  endfacet
  facet normal 0 0 1
    outer loop
      vertex 0.319243 -6.03464 1.38359
      vertex 1.18332 -4.94617 1.38359
      vertex 0.88951 -4.6407 1.38359
    endloop
  endfacet
  facet normal 0 -0 1
    outer loop
      vertex 0.319243 -6.03464 1.38359
      vertex 0.88951 -4.6407 1.38359
      vertex -0.0103083 -5.70534 1.38359
    endloop
  endfacet
  facet normal 0 0 1
    outer loop
      vertex -0.0103083 -5.70534 1.38359
      vertex 0.88951 -4.6407 1.38359
      vertex 0.614952 -4.31781 1.38359
    endloop
  endfacet
  facet normal 0 -0 1
    outer loop
      vertex -0.0103083 -5.70534 1.38359
      vertex 0.614952 -4.31781 1.38359
      vertex -0.320867 -5.35807 1.38359
    endloop
  endfacet
  facet normal 0 0 1
    outer loop
      vertex -0.320867 -5.35807 1.38359
      vertex 0.614952 -4.31781 1.38359
      vertex 0.360683 -3.97871 1.38359
    endloop
  endfacet
  facet normal 0 -0 1
    outer loop
      vertex -0.320867 -5.35807 1.38359
      vertex 0.360683 -3.97871 1.38359
      vertex -0.611457 -4.99392 1.38359
    endloop
  endfacet
  facet normal 0 0 1
    outer loop
      vertex -0.611457 -4.99392 1.38359
      vertex 0.360683 -3.97871 1.38359
      vertex 0.127657 -3.62468 1.38359
    endloop
  endfacet
  facet normal 0 -0 1
    outer loop
      vertex -0.611457 -4.99392 1.38359
      vertex 0.127657 -3.62468 1.38359
      vertex -0.881161 -4.61405 1.38359
    endloop
  endfacet
  facet normal 0 -0 1
    outer loop
      vertex -0.881161 -4.61405 1.38359
      vertex 0.127657 -3.62468 1.38359
      vertex -1.12913 -4.21965 1.38359
    endloop
  endfacet
  facet normal 0 0 1
    outer loop
      vertex -1.12913 -4.21965 1.38359
      vertex 0.127657 -3.62468 1.38359
      vertex -0.0832518 -3.25704 1.38359
    endloop
  endfacet
  facet normal 0 -0 1
    outer loop
      vertex -1.12913 -4.21965 1.38359
      vertex -0.0832518 -3.25704 1.38359
      vertex -1.35459 -3.81195 1.38359
    endloop
  endfacet
  facet normal 0 0 1
    outer loop
      vertex -1.35459 -3.81195 1.38359
      vertex -0.0832518 -3.25704 1.38359
      vertex -0.271251 -2.87718 1.38359
    endloop
  endfacet
  facet normal 0 -0 1
    outer loop
      vertex -1.35459 -3.81195 1.38359
      vertex -0.271251 -2.87718 1.38359
      vertex -1.55681 -3.39225 1.38359
    endloop
  endfacet
  facet normal 0 0 1
    outer loop
      vertex -1.55681 -3.39225 1.38359
      vertex -0.271251 -2.87718 1.38359
      vertex -0.435636 -2.48652 1.38359
    endloop
  endfacet
  facet normal 0 -0 1
    outer loop
      vertex -1.55681 -3.39225 1.38359
      vertex -0.435636 -2.48652 1.38359
      vertex -1.73518 -2.96187 1.38359
    endloop
  endfacet
  facet normal 0 0 1
    outer loop
      vertex -1.73518 -2.96187 1.38359
      vertex -0.435636 -2.48652 1.38359
      vertex -0.575789 -2.08652 1.38359
    endloop
  endfacet
  facet normal 0 -0 1
    outer loop
      vertex -1.73518 -2.96187 1.38359
      vertex -0.575789 -2.08652 1.38359
      vertex -1.88912 -2.52216 1.38359
    endloop
  endfacet
  facet normal 0 0 1
    outer loop
      vertex -1.88912 -2.52216 1.38359
      vertex -0.575789 -2.08652 1.38359
      vertex -0.691185 -1.67869 1.38359
    endloop
  endfacet
  facet normal 0 -0 1
    outer loop
      vertex -1.88912 -2.52216 1.38359
      vertex -0.691185 -1.67869 1.38359
      vertex -2.01815 -2.07451 1.38359
    endloop
  endfacet
  facet normal 0 0 1
    outer loop
      vertex -2.01815 -2.07451 1.38359
      vertex -0.691185 -1.67869 1.38359
      vertex -0.781389 -1.26456 1.38359
    endloop
  endfacet
  facet normal 0 -0 1
    outer loop
      vertex -2.01815 -2.07451 1.38359
      vertex -0.781389 -1.26456 1.38359
      vertex -2.12187 -1.62032 1.38359
    endloop
  endfacet
  facet normal 0 0 1
    outer loop
      vertex -2.12187 -1.62032 1.38359
      vertex -0.781389 -1.26456 1.38359
      vertex -0.846063 -0.84569 1.38359
    endloop
  endfacet
  facet normal 0 -0 1
    outer loop
      vertex -2.12187 -1.62032 1.38359
      vertex -0.846063 -0.84569 1.38359
      vertex -2.19995 -1.16103 1.38359
    endloop
  endfacet
  facet normal 0 -0 1
    outer loop
      vertex -2.19995 -1.16103 1.38359
      vertex -0.846063 -0.84569 1.38359
      vertex -2.25213 -0.698085 1.38359
    endloop
  endfacet
  facet normal -0 0 1
    outer loop
      vertex -2.25213 -0.698085 1.38359
      vertex -0.846063 -0.84569 1.38359
      vertex -0.884965 -0.42364 1.38359
    endloop
  endfacet
  facet normal 0 -0 1
    outer loop
      vertex -2.25213 -0.698085 1.38359
      vertex -0.884965 -0.42364 1.38359
      vertex -2.27827 -0.232939 1.38359
    endloop
  endfacet
  facet normal -0 0 1
    outer loop
      vertex -2.27827 -0.232939 1.38359
      vertex -0.884965 -0.42364 1.38359
      vertex -0.897949 0 1.38359
    endloop
  endfacet
  facet normal 0 0 1
    outer loop
      vertex -2.27827 -0.232939 1.38359
      vertex -0.897949 0 1.38359
      vertex -2.27827 0.232939 1.38359
    endloop
  endfacet
  facet normal -0 0 1
    outer loop
      vertex -2.27827 0.232939 1.38359
      vertex -0.897949 0 1.38359
      vertex -0.884965 0.42364 1.38359
    endloop
  endfacet
  facet normal 0 0 1
    outer loop
      vertex -2.27827 0.232939 1.38359
      vertex -0.884965 0.42364 1.38359
      vertex -2.25213 0.698085 1.38359
    endloop
  endfacet
  facet normal -0 0 1
    outer loop
      vertex -2.25213 0.698085 1.38359
      vertex -0.884965 0.42364 1.38359
      vertex -0.846063 0.84569 1.38359
    endloop
  endfacet
  facet normal 0 0 1
    outer loop
      vertex -2.25213 0.698085 1.38359
      vertex -0.846063 0.84569 1.38359
      vertex -2.19995 1.16103 1.38359
    endloop
  endfacet
  facet normal -0 0 1
    outer loop
      vertex -2.19995 1.16103 1.38359
      vertex -0.846063 0.84569 1.38359
      vertex -2.12187 1.62032 1.38359
    endloop
  endfacet
  facet normal 0 0 1
    outer loop
      vertex -2.12187 1.62032 1.38359
      vertex -0.846063 0.84569 1.38359
      vertex -0.781389 1.26456 1.38359
    endloop
  endfacet
  facet normal -0 0 1
    outer loop
      vertex -2.12187 1.62032 1.38359
      vertex -0.781389 1.26456 1.38359
      vertex -2.01815 2.07451 1.38359
    endloop
  endfacet
  facet normal 0 0 1
    outer loop
      vertex -2.01815 2.07451 1.38359
      vertex -0.781389 1.26456 1.38359
      vertex -0.691185 1.67869 1.38359
    endloop
  endfacet
  facet normal -0 0 1
    outer loop
      vertex -2.01815 2.07451 1.38359
      vertex -0.691185 1.67869 1.38359
      vertex -1.88912 2.52216 1.38359
    endloop
  endfacet
  facet normal 0 0 1
    outer loop
      vertex -1.88912 2.52216 1.38359
      vertex -0.691185 1.67869 1.38359
      vertex -0.575789 2.08652 1.38359
    endloop
  endfacet
  facet normal -0 0 1
    outer loop
      vertex -1.88912 2.52216 1.38359
      vertex -0.575789 2.08652 1.38359
      vertex -1.73518 2.96187 1.38359
    endloop
  endfacet
  facet normal 0 0 1
    outer loop
      vertex -1.73518 2.96187 1.38359
      vertex -0.575789 2.08652 1.38359
      vertex -0.435636 2.48652 1.38359
    endloop
  endfacet
  facet normal -0 0 1
    outer loop
      vertex -1.73518 2.96187 1.38359
      vertex -0.435636 2.48652 1.38359
      vertex -1.55681 3.39225 1.38359
    endloop
  endfacet
  facet normal 0 0 1
    outer loop
      vertex -1.55681 3.39225 1.38359
      vertex -0.435636 2.48652 1.38359
      vertex -0.271251 2.87718 1.38359
    endloop
  endfacet
  facet normal -0 0 1
    outer loop
      vertex -1.55681 3.39225 1.38359
      vertex -0.271251 2.87718 1.38359
      vertex -1.35459 3.81195 1.38359
    endloop
  endfacet
  facet normal 0 0 1
    outer loop
      vertex -1.35459 3.81195 1.38359
      vertex -0.271251 2.87718 1.38359
      vertex -0.0832518 3.25704 1.38359
    endloop
  endfacet
  facet normal -0 0 1
    outer loop
      vertex -1.35459 3.81195 1.38359
      vertex -0.0832518 3.25704 1.38359
      vertex -1.12913 4.21965 1.38359
    endloop
  endfacet
  facet normal 0 0 1
    outer loop
      vertex -1.12913 4.21965 1.38359
      vertex -0.0832518 3.25704 1.38359
      vertex 0.127657 3.62468 1.38359
    endloop
  endfacet
  facet normal -0 0 1
    outer loop
      vertex -1.12913 4.21965 1.38359
      vertex 0.127657 3.62468 1.38359
      vertex -0.881161 4.61405 1.38359
    endloop
  endfacet
  facet normal -0 0 1
    outer loop
      vertex -0.881161 4.61405 1.38359
      vertex 0.127657 3.62468 1.38359
      vertex -0.611457 4.99392 1.38359
    endloop
  endfacet
  facet normal 0 0 1
    outer loop
      vertex -0.611457 4.99392 1.38359
      vertex 0.127657 3.62468 1.38359
      vertex 0.360683 3.97871 1.38359
    endloop
  endfacet
  facet normal -0 0 1
    outer loop
      vertex -0.611457 4.99392 1.38359
      vertex 0.360683 3.97871 1.38359
      vertex -0.320867 5.35807 1.38359
    endloop
  endfacet
  facet normal 0 0 1
    outer loop
      vertex -0.320867 5.35807 1.38359
      vertex 0.360683 3.97871 1.38359
      vertex 0.614952 4.31781 1.38359
    endloop
  endfacet
  facet normal -0 0 1
    outer loop
      vertex -0.320867 5.35807 1.38359
      vertex 0.614952 4.31781 1.38359
      vertex -0.0103083 5.70534 1.38359
    endloop
  endfacet
  facet normal 0 0 1
    outer loop
      vertex -0.0103083 5.70534 1.38359
      vertex 0.614952 4.31781 1.38359
      vertex 0.88951 4.6407 1.38359
    endloop
  endfacet
  facet normal -0 0 1
    outer loop
      vertex -0.0103083 5.70534 1.38359
      vertex 0.88951 4.6407 1.38359
      vertex 0.319243 6.03464 1.38359
    endloop
  endfacet
  facet normal 0 0 1
    outer loop
      vertex 0.319243 6.03464 1.38359
      vertex 0.88951 4.6407 1.38359
      vertex 1.18332 4.94617 1.38359
    endloop
  endfacet
  facet normal -0 0 1
    outer loop
      vertex 0.319243 6.03464 1.38359
      vertex 1.18332 4.94617 1.38359
      vertex 0.666749 6.34493 1.38359
    endloop
  endfacet
  facet normal 0 0 1
    outer loop
      vertex 0.666749 6.34493 1.38359
      vertex 1.18332 4.94617 1.38359
      vertex 1.4953 5.23307 1.38359
    endloop
  endfacet
  facet normal -0 0 1
    outer loop
      vertex 0.666749 6.34493 1.38359
      vertex 1.4953 5.23307 1.38359
      vertex 1.03111 6.63524 1.38359
    endloop
  endfacet
  facet normal 0 0 1
    outer loop
      vertex 1.03111 6.63524 1.38359
      vertex 1.4953 5.23307 1.38359
      vertex 1.82425 5.50033 1.38359
    endloop
  endfacet
  facet normal -0 0 1
    outer loop
      vertex 1.03111 6.63524 1.38359
      vertex 1.82425 5.50033 1.38359
      vertex 1.41119 6.90466 1.38359
    endloop
  endfacet
  facet normal 0 0 1
    outer loop
      vertex 1.41119 6.90466 1.38359
      vertex 1.82425 5.50033 1.38359
      vertex 2.16895 5.74695 1.38359
    endloop
  endfacet
  facet normal -0 0 1
    outer loop
      vertex 1.41119 6.90466 1.38359
      vertex 2.16895 5.74695 1.38359
      vertex 1.80578 7.15233 1.38359
    endloop
  endfacet
  facet normal 0 0 1
    outer loop
      vertex 1.80578 7.15233 1.38359
      vertex 2.16895 5.74695 1.38359
      vertex 2.52811 5.97199 1.38359
    endloop
  endfacet
  facet normal -0 0 1
    outer loop
      vertex 1.80578 7.15233 1.38359
      vertex 2.52811 5.97199 1.38359
      vertex 2.21365 7.37747 1.38359
    endloop
  endfacet
  facet normal 0 0 1
    outer loop
      vertex 2.21365 7.37747 1.38359
      vertex 2.52811 5.97199 1.38359
      vertex 2.90038 6.17462 1.38359
    endloop
  endfacet
  facet normal -0 0 1
    outer loop
      vertex 2.21365 7.37747 1.38359
      vertex 2.90038 6.17462 1.38359
      vertex 2.6335 7.57938 1.38359
    endloop
  endfacet
  facet normal 0 0 1
    outer loop
      vertex 2.6335 7.57938 1.38359
      vertex 2.90038 6.17462 1.38359
      vertex 3.28435 6.35407 1.38359
    endloop
  endfacet
  facet normal -0 0 1
    outer loop
      vertex 2.6335 7.57938 1.38359
      vertex 3.28435 6.35407 1.38359
      vertex 3.06402 7.75742 1.38359
    endloop
  endfacet
  facet normal 0 0 1
    outer loop
      vertex 3.06402 7.75742 1.38359
      vertex 3.28435 6.35407 1.38359
      vertex 3.67859 6.50967 1.38359
    endloop
  endfacet
  facet normal -0 0 1
    outer loop
      vertex 3.06402 7.75742 1.38359
      vertex 3.67859 6.50967 1.38359
      vertex 3.50384 7.91103 1.38359
    endloop
  endfacet
  facet normal 0 0 1
    outer loop
      vertex 3.50384 7.91103 1.38359
      vertex 3.67859 6.50967 1.38359
      vertex 4.08163 6.64083 1.38359
    endloop
  endfacet
  facet normal -0 0 1
    outer loop
      vertex 3.50384 7.91103 1.38359
      vertex 4.08163 6.64083 1.38359
      vertex 3.9516 8.03972 1.38359
    endloop
  endfacet
  facet normal 0 0 1
    outer loop
      vertex 3.9516 8.03972 1.38359
      vertex 4.08163 6.64083 1.38359
      vertex 4.49194 6.74707 1.38359
    endloop
  endfacet
  facet normal -0 0 1
    outer loop
      vertex 3.9516 8.03972 1.38359
      vertex 4.49194 6.74707 1.38359
      vertex 4.40586 8.14309 1.38359
    endloop
  endfacet
  facet normal 0 0 1
    outer loop
      vertex 4.40586 8.14309 1.38359
      vertex 4.49194 6.74707 1.38359
      vertex 4.90798 6.82798 1.38359
    endloop
  endfacet
  facet normal -0 0 1
    outer loop
      vertex 4.40586 8.14309 1.38359
      vertex 4.90798 6.82798 1.38359
      vertex 4.86521 8.22082 1.38359
    endloop
  endfacet
  facet normal 0 0 1
    outer loop
      vertex 4.86521 8.22082 1.38359
      vertex 4.90798 6.82798 1.38359
      vertex 5.3282 6.88326 1.38359
    endloop
  endfacet
  facet normal -0 0 1
    outer loop
      vertex 4.86521 8.22082 1.38359
      vertex 5.3282 6.88326 1.38359
      vertex 5.3282 8.27265 1.38359
    endloop
  endfacet
  facet normal 0 0 1
    outer loop
      vertex 5.3282 8.27265 1.38359
      vertex 5.3282 6.88326 1.38359
      vertex 6.71179 6.88326 1.38359
    endloop
  endfacet
  facet normal 0 0 1
    outer loop
      vertex 2.10585 -4.79343e-16 1.38359
      vertex 2.10559 -0.321641 1.38359
      vertex 2.11922 -0.323227 1.38359
    endloop
  endfacet
  facet normal 0 0 1
    outer loop
      vertex 2.11922 -0.323227 1.38359
      vertex 2.10559 -0.321641 1.38359
      vertex 2.14508 -0.641122 1.38359
    endloop
  endfacet
  facet normal 0 0 1
    outer loop
      vertex 2.11922 -0.323227 1.38359
      vertex 2.14508 -0.641122 1.38359
      vertex 2.15924 -0.644246 1.38359
    endloop
  endfacet
  facet normal 0 0 1
    outer loop
      vertex 2.15924 -0.644246 1.38359
      vertex 2.14508 -0.641122 1.38359
      vertex 2.2106 -0.956295 1.38359
    endloop
  endfacet
  facet normal 0 0 1
    outer loop
      vertex 2.15924 -0.644246 1.38359
      vertex 2.2106 -0.956295 1.38359
      vertex 2.22563 -0.960864 1.38359
    endloop
  endfacet
  facet normal 0 0 1
    outer loop
      vertex 2.22563 -0.960864 1.38359
      vertex 2.2106 -0.956295 1.38359
      vertex 2.3017 -1.26504 1.38359
    endloop
  endfacet
  facet normal 0 0 1
    outer loop
      vertex 2.22563 -0.960864 1.38359
      vertex 2.3017 -1.26504 1.38359
      vertex 2.31793 -1.27092 1.38359
    endloop
  endfacet
  facet normal 0 0 1
    outer loop
      vertex 2.31793 -1.27092 1.38359
      vertex 2.3017 -1.26504 1.38359
      vertex 2.41779 -1.5653 1.38359
    endloop
  endfacet
  facet normal 0 0 1
    outer loop
      vertex 2.31793 -1.27092 1.38359
      vertex 2.41779 -1.5653 1.38359
      vertex 2.43553 -1.57229 1.38359
    endloop
  endfacet
  facet normal 0 0 1
    outer loop
      vertex 2.43553 -1.57229 1.38359
      vertex 2.41779 -1.5653 1.38359
      vertex 2.55808 -1.85503 1.38359
    endloop
  endfacet
  facet normal 0 0 1
    outer loop
      vertex 2.43553 -1.57229 1.38359
      vertex 2.55808 -1.85503 1.38359
      vertex 2.57761 -1.86292 1.38359
    endloop
  endfacet
  facet normal 0 0 1
    outer loop
      vertex 2.57761 -1.86292 1.38359
      vertex 2.55808 -1.85503 1.38359
      vertex 2.72162 -2.13231 1.38359
    endloop
  endfacet
  facet normal 0 0 1
    outer loop
      vertex 2.57761 -1.86292 1.38359
      vertex 2.72162 -2.13231 1.38359
      vertex 2.74321 -2.14083 1.38359
    endloop
  endfacet
  facet normal 0 0 1
    outer loop
      vertex 2.74321 -2.14083 1.38359
      vertex 2.72162 -2.13231 1.38359
      vertex 2.90732 -2.39526 1.38359
    endloop
  endfacet
  facet normal 0 0 1
    outer loop
      vertex 2.74321 -2.14083 1.38359
      vertex 2.90732 -2.39526 1.38359
      vertex 2.93119 -2.40411 1.38359
    endloop
  endfacet
  facet normal 0 0 1
    outer loop
      vertex 2.93119 -2.40411 1.38359
      vertex 2.90732 -2.39526 1.38359
      vertex 3.11393 -2.64212 1.38359
    endloop
  endfacet
  facet normal 0 0 1
    outer loop
      vertex 2.93119 -2.40411 1.38359
      vertex 3.11393 -2.64212 1.38359
      vertex 3.14027 -2.65097 1.38359
    endloop
  endfacet
  facet normal 0 0 1
    outer loop
      vertex 3.14027 -2.65097 1.38359
      vertex 3.11393 -2.64212 1.38359
      vertex 3.34006 -2.87123 1.38359
    endloop
  endfacet
  facet normal 0 0 1
    outer loop
      vertex 3.14027 -2.65097 1.38359
      vertex 3.34006 -2.87123 1.38359
      vertex 3.36902 -2.87972 1.38359
    endloop
  endfacet
  facet normal 0 0 1
    outer loop
      vertex 3.36902 -2.87972 1.38359
      vertex 3.34006 -2.87123 1.38359
      vertex 3.58419 -3.08105 1.38359
    endloop
  endfacet
  facet normal 0 0 1
    outer loop
      vertex 3.36902 -2.87972 1.38359
      vertex 3.58419 -3.08105 1.38359
      vertex 3.61588 -3.0888 1.38359
    endloop
  endfacet
  facet normal 0 0 1
    outer loop
      vertex 3.61588 -3.0888 1.38359
      vertex 3.58419 -3.08105 1.38359
      vertex 3.84469 -3.27018 1.38359
    endloop
  endfacet
  facet normal 0 0 1
    outer loop
      vertex 3.61588 -3.0888 1.38359
      vertex 3.84469 -3.27018 1.38359
      vertex 3.87916 -3.27678 1.38359
    endloop
  endfacet
  facet normal 0 0 1
    outer loop
      vertex 3.87916 -3.27678 1.38359
      vertex 3.84469 -3.27018 1.38359
      vertex 4.1198 -3.43733 1.38359
    endloop
  endfacet
  facet normal 0 0 1
    outer loop
      vertex 3.87916 -3.27678 1.38359
      vertex 4.1198 -3.43733 1.38359
      vertex 4.15707 -3.44238 1.38359
    endloop
  endfacet
  facet normal 0 0 1
    outer loop
      vertex 4.15707 -3.44238 1.38359
      vertex 4.1198 -3.43733 1.38359
      vertex 4.40767 -3.5814 1.38359
    endloop
  endfacet
  facet normal 0 0 1
    outer loop
      vertex 4.15707 -3.44238 1.38359
      vertex 4.40767 -3.5814 1.38359
      vertex 4.4477 -3.58446 1.38359
    endloop
  endfacet
  facet normal 0 0 1
    outer loop
      vertex 4.4477 -3.58446 1.38359
      vertex 4.40767 -3.5814 1.38359
      vertex 4.70638 -3.70141 1.38359
    endloop
  endfacet
  facet normal 0 0 1
    outer loop
      vertex 4.4477 -3.58446 1.38359
      vertex 4.70638 -3.70141 1.38359
      vertex 4.74907 -3.70206 1.38359
    endloop
  endfacet
  facet normal 0 0 1
    outer loop
      vertex 4.74907 -3.70206 1.38359
      vertex 4.70638 -3.70141 1.38359
      vertex 5.01391 -3.79655 1.38359
    endloop
  endfacet
  facet normal 0 0 1
    outer loop
      vertex 4.74907 -3.70206 1.38359
      vertex 5.01391 -3.79655 1.38359
      vertex 5.05913 -3.79437 1.38359
    endloop
  endfacet
  facet normal 0 0 1
    outer loop
      vertex 5.05913 -3.79437 1.38359
      vertex 5.01391 -3.79655 1.38359
      vertex 5.3282 -3.86619 1.38359
    endloop
  endfacet
  facet normal 0 0 1
    outer loop
      vertex 5.3282 -10.3769 1.38359
      vertex 6.71179 -10.3769 1.38359
      vertex 5.3282 -8.27265 1.38359
    endloop
  endfacet
  facet normal -0 0 1
    outer loop
      vertex 5.3282 -8.27265 1.38359
      vertex 6.71179 -10.3769 1.38359
      vertex 6.71179 -8.27265 1.38359
    endloop
  endfacet
  facet normal 0 -1 0
    outer loop
      vertex 5.3282 10.3769 1.38359
      vertex 6.71179 10.3769 1.38359
      vertex 5.3282 10.3769 9.68512
    endloop
  endfacet
  facet normal 0 -1 0
    outer loop
      vertex 5.3282 10.3769 9.68512
      vertex 6.71179 10.3769 1.38359
      vertex 6.71179 10.3769 9.68512
    endloop
  endfacet
  facet normal -1 0 0
    outer loop
      vertex 6.71179 10.3769 1.38359
      vertex 6.71179 8.27265 1.38359
      vertex 6.71179 10.3769 9.68512
    endloop
  endfacet
  facet normal -1 -0 0
    outer loop
      vertex 6.71179 10.3769 9.68512
      vertex 6.71179 8.27265 1.38359
      vertex 6.71179 8.27265 9.68512
    endloop
  endfacet
  facet normal -0.0911056 -0.995841 -0
    outer loop
      vertex 6.71179 8.27265 9.68512
      vertex 6.71179 8.27265 1.38359
      vertex 6.84099 8.26083 3.11307
    endloop
  endfacet
  facet normal -0.111254 -0.993791 0.00151916
    outer loop
      vertex 6.84099 8.26083 3.11307
      vertex 6.71179 8.27265 1.38359
      vertex 7.17477 8.22082 1.38359
    endloop
  endfacet
  facet normal -0.12702 -0.991899 -0.00156749
    outer loop
      vertex 6.84099 8.26083 3.11307
      vertex 7.17477 8.22082 1.38359
      vertex 7.30703 8.20115 3.11307
    endloop
  endfacet
  facet normal -0.166845 -0.985982 0.00154537
    outer loop
      vertex 7.30703 8.20115 3.11307
      vertex 7.17477 8.22082 1.38359
      vertex 7.63412 8.14309 1.38359
    endloop
  endfacet
  facet normal -0.182931 -0.983124 -0.00159281
    outer loop
      vertex 7.30703 8.20115 3.11307
      vertex 7.63412 8.14309 1.38359
      vertex 7.76895 8.1152 3.11307
    endloop
  endfacet
  facet normal -0.22188 -0.975073 0.00157345
    outer loop
      vertex 7.76895 8.1152 3.11307
      vertex 7.63412 8.14309 1.38359
      vertex 8.08839 8.03972 1.38359
    endloop
  endfacet
  facet normal -0.238246 -0.971203 -0.00161837
    outer loop
      vertex 7.76895 8.1152 3.11307
      vertex 8.08839 8.03972 1.38359
      vertex 8.22527 8.00326 3.11307
    endloop
  endfacet
  facet normal -0.276231 -0.96109 0.00160119
    outer loop
      vertex 8.22527 8.00326 3.11307
      vertex 8.08839 8.03972 1.38359
      vertex 8.53614 7.91103 1.38359
    endloop
  endfacet
  facet normal -0.292839 -0.95616 -0.00164692
    outer loop
      vertex 8.22527 8.00326 3.11307
      vertex 8.53614 7.91103 1.38359
      vertex 8.67452 7.86567 3.11307
    endloop
  endfacet
  facet normal -0.329718 -0.944078 0.00162071
    outer loop
      vertex 8.67452 7.86567 3.11307
      vertex 8.53614 7.91103 1.38359
      vertex 8.97597 7.75742 1.38359
    endloop
  endfacet
  facet normal -0.346433 -0.938073 -0.00166853
    outer loop
      vertex 8.67452 7.86567 3.11307
      vertex 8.97597 7.75742 1.38359
      vertex 9.11527 7.7029 3.11307
    endloop
  endfacet
  facet normal -0.382164 -0.924093 0.00165016
    outer loop
      vertex 9.11527 7.7029 3.11307
      vertex 8.97597 7.75742 1.38359
      vertex 9.40648 7.57938 1.38359
    endloop
  endfacet
  facet normal -0.398981 -0.916958 -0.00169102
    outer loop
      vertex 9.11527 7.7029 3.11307
      vertex 9.40648 7.57938 1.38359
      vertex 9.5461 7.51544 3.11307
    endloop
  endfacet
  facet normal -0.433388 -0.901206 0.00166905
    outer loop
      vertex 9.5461 7.51544 3.11307
      vertex 9.40648 7.57938 1.38359
      vertex 9.82634 7.37747 1.38359
    endloop
  endfacet
  facet normal -0.45019 -0.892931 -0.00171357
    outer loop
      vertex 9.5461 7.51544 3.11307
      vertex 9.82634 7.37747 1.38359
      vertex 9.96564 7.30392 3.11307
    endloop
  endfacet
  facet normal -0.483264 -0.875473 0.00169277
    outer loop
      vertex 9.96564 7.30392 3.11307
      vertex 9.82634 7.37747 1.38359
      vertex 10.2342 7.15233 1.38359
    endloop
  endfacet
  facet normal -0.500046 -0.865997 -0.00174379
    outer loop
      vertex 9.96564 7.30392 3.11307
      vertex 10.2342 7.15233 1.38359
      vertex 10.3725 7.06899 3.11307
    endloop
  endfacet
  facet normal -0.53161 -0.846987 0.00169632
    outer loop
      vertex 10.3725 7.06899 3.11307
      vertex 10.2342 7.15233 1.38359
      vertex 10.6288 6.90466 1.38359
    endloop
  endfacet
  facet normal -0.54814 -0.836384 -0.00176084
    outer loop
      vertex 10.3725 7.06899 3.11307
      vertex 10.6288 6.90466 1.38359
      vertex 10.7655 6.81143 3.11307
    endloop
  endfacet
  facet normal -0.578277 -0.815838 0.00172878
    outer loop
      vertex 10.7655 6.81143 3.11307
      vertex 10.6288 6.90466 1.38359
      vertex 11.0089 6.63524 1.38359
    endloop
  endfacet
  facet normal -0.594592 -0.804026 -0.00177066
    outer loop
      vertex 10.7655 6.81143 3.11307
      vertex 11.0089 6.63524 1.38359
      vertex 11.1433 6.53204 3.11307
    endloop
  endfacet
  facet normal -0.623214 -0.78205 0.00176494
    outer loop
      vertex 11.1433 6.53204 3.11307
      vertex 11.0089 6.63524 1.38359
      vertex 11.3732 6.34493 1.38359
    endloop
  endfacet
  facet normal -0.631235 -0.775592 1.87819e-20
    outer loop
      vertex 11.1433 6.53204 3.11307
      vertex 11.3732 6.34493 1.38359
      vertex 11.3732 6.34493 9.68512
    endloop
  endfacet
  facet normal -0.652689 -0.757626 -0
    outer loop
      vertex 11.3732 6.34493 9.68512
      vertex 11.3732 6.34493 1.38359
      vertex 11.5046 6.23173 3.11307
    endloop
  endfacet
  facet normal -0.666042 -0.745914 -0.000468724
    outer loop
      vertex 11.3732 6.34493 9.68512
      vertex 11.5046 6.23173 3.11307
      vertex 11.7207 6.03464 9.68512
    endloop
  endfacet
  facet normal -0.673861 -0.738858 -0
    outer loop
      vertex 11.7207 6.03464 9.68512
      vertex 11.5046 6.23173 3.11307
      vertex 11.7207 6.03464 1.38359
    endloop
  endfacet
  facet normal -0.694284 -0.719701 -0
    outer loop
      vertex 11.7207 6.03464 9.68512
      vertex 11.7207 6.03464 1.38359
      vertex 11.8484 5.91145 3.11307
    endloop
  endfacet
  facet normal -0.706784 -0.707428 0.00179723
    outer loop
      vertex 11.8484 5.91145 3.11307
      vertex 11.7207 6.03464 1.38359
      vertex 12.0503 5.70534 1.38359
    endloop
  endfacet
  facet normal -0.714365 -0.699773 -2.46589e-19
    outer loop
      vertex 11.8484 5.91145 3.11307
      vertex 12.0503 5.70534 1.38359
      vertex 12.0503 5.70534 9.68512
    endloop
  endfacet
  facet normal -0.733873 -0.679287 -0
    outer loop
      vertex 12.0503 5.70534 9.68512
      vertex 12.0503 5.70534 1.38359
      vertex 12.1735 5.57224 3.11307
    endloop
  endfacet
  facet normal -0.745364 -0.666657 -0.000471203
    outer loop
      vertex 12.0503 5.70534 9.68512
      vertex 12.1735 5.57224 3.11307
      vertex 12.3609 5.35807 9.68512
    endloop
  endfacet
  facet normal -0.752575 -0.658507 -0
    outer loop
      vertex 12.3609 5.35807 9.68512
      vertex 12.1735 5.57224 3.11307
      vertex 12.3609 5.35807 1.38359
    endloop
  endfacet
  facet normal -0.771045 -0.636781 -0
    outer loop
      vertex 12.3609 5.35807 9.68512
      vertex 12.3609 5.35807 1.38359
      vertex 12.4789 5.21519 3.11307
    endloop
  endfacet
  facet normal -0.781725 -0.62362 0.00181602
    outer loop
      vertex 12.4789 5.21519 3.11307
      vertex 12.3609 5.35807 1.38359
      vertex 12.6514 4.99392 1.38359
    endloop
  endfacet
  facet normal -0.788659 -0.614831 3.61431e-19
    outer loop
      vertex 12.4789 5.21519 3.11307
      vertex 12.6514 4.99392 1.38359
      vertex 12.6514 4.99392 9.68512
    endloop
  endfacet
  facet normal -0.80548 -0.592622 -0
    outer loop
      vertex 12.6514 4.99392 9.68512
      vertex 12.6514 4.99392 1.38359
      vertex 12.7636 4.84142 3.11307
    endloop
  endfacet
  facet normal -0.815391 -0.578911 -0.000487356
    outer loop
      vertex 12.6514 4.99392 9.68512
      vertex 12.7636 4.84142 3.11307
      vertex 12.9211 4.61405 9.68512
    endloop
  endfacet
  facet normal -0.82204 -0.56943 -0
    outer loop
      vertex 12.9211 4.61405 9.68512
      vertex 12.7636 4.84142 3.11307
      vertex 12.9211 4.61405 1.38359
    endloop
  endfacet
  facet normal -0.83758 -0.546315 -0
    outer loop
      vertex 12.9211 4.61405 9.68512
      vertex 12.9211 4.61405 1.38359
      vertex 13.0267 4.45215 3.11307
    endloop
  endfacet
  facet normal -0.846547 -0.532311 0.00185844
    outer loop
      vertex 13.0267 4.45215 3.11307
      vertex 12.9211 4.61405 1.38359
      vertex 13.1691 4.21965 1.38359
    endloop
  endfacet
  facet normal -0.852765 -0.522295 1.78354e-19
    outer loop
      vertex 13.0267 4.45215 3.11307
      vertex 13.1691 4.21965 1.38359
      vertex 13.1691 4.21965 9.68512
    endloop
  endfacet
  facet normal -0.86723 -0.497907 -0
    outer loop
      vertex 13.1691 4.21965 9.68512
      vertex 13.1691 4.21965 1.38359
      vertex 13.2673 4.04861 3.11307
    endloop
  endfacet
  facet normal -0.875067 -0.484002 -0.00047898
    outer loop
      vertex 13.1691 4.21965 9.68512
      vertex 13.2673 4.04861 3.11307
      vertex 13.3946 3.81195 9.68512
    endloop
  endfacet
  facet normal -0.880677 -0.473718 -0
    outer loop
      vertex 13.3946 3.81195 9.68512
      vertex 13.2673 4.04861 3.11307
      vertex 13.3946 3.81195 1.38359
    endloop
  endfacet
  facet normal -0.89387 -0.448327 -0
    outer loop
      vertex 13.3946 3.81195 9.68512
      vertex 13.3946 3.81195 1.38359
      vertex 13.4848 3.63211 3.11307
    endloop
  endfacet
  facet normal -0.900898 -0.434028 0.00185338
    outer loop
      vertex 13.4848 3.63211 3.11307
      vertex 13.3946 3.81195 1.38359
      vertex 13.5968 3.39225 1.38359
    endloop
  endfacet
  facet normal -0.906089 -0.423088 -5.13515e-19
    outer loop
      vertex 13.4848 3.63211 3.11307
      vertex 13.5968 3.39225 1.38359
      vertex 13.5968 3.39225 9.68512
    endloop
  endfacet
  facet normal -0.917712 -0.397246 -0
    outer loop
      vertex 13.5968 3.39225 9.68512
      vertex 13.5968 3.39225 1.38359
      vertex 13.6783 3.20397 3.11307
    endloop
  endfacet
  facet normal -0.92378 -0.382923 -0.000485594
    outer loop
      vertex 13.5968 3.39225 9.68512
      vertex 13.6783 3.20397 3.11307
      vertex 13.7752 2.96187 9.68512
    endloop
  endfacet
  facet normal -0.928397 -0.371589 -0
    outer loop
      vertex 13.7752 2.96187 9.68512
      vertex 13.6783 3.20397 3.11307
      vertex 13.7752 2.96187 1.38359
    endloop
  endfacet
  facet normal -0.938686 -0.344774 -0
    outer loop
      vertex 13.7752 2.96187 9.68512
      vertex 13.7752 2.96187 1.38359
      vertex 13.8473 2.76557 3.11307
    endloop
  endfacet
  facet normal -0.943856 -0.330353 0.00185244
    outer loop
      vertex 13.8473 2.76557 3.11307
      vertex 13.7752 2.96187 1.38359
      vertex 13.9291 2.52216 1.38359
    endloop
  endfacet
  facet normal -0.947905 -0.318552 3.40635e-19
    outer loop
      vertex 13.8473 2.76557 3.11307
      vertex 13.9291 2.52216 1.38359
      vertex 13.9291 2.52216 9.68512
    endloop
  endfacet
  facet normal -0.956597 -0.291414 -0
    outer loop
      vertex 13.9291 2.52216 9.68512
      vertex 13.9291 2.52216 1.38359
      vertex 13.9912 2.31831 3.11307
    endloop
  endfacet
  facet normal -0.960898 -0.276903 -0.000490713
    outer loop
      vertex 13.9291 2.52216 9.68512
      vertex 13.9912 2.31831 3.11307
      vertex 14.0581 2.07451 9.68512
    endloop
  endfacet
  facet normal -0.964352 -0.264623 -0
    outer loop
      vertex 14.0581 2.07451 9.68512
      vertex 13.9912 2.31831 3.11307
      vertex 14.0581 2.07451 1.38359
    endloop
  endfacet
  facet normal -0.971453 -0.237232 -0
    outer loop
      vertex 14.0581 2.07451 9.68512
      vertex 14.0581 2.07451 1.38359
      vertex 14.1096 1.86362 3.11307
    endloop
  endfacet
  facet normal -0.974864 -0.222794 0.00186208
    outer loop
      vertex 14.1096 1.86362 3.11307
      vertex 14.0581 2.07451 1.38359
      vertex 14.1619 1.62032 1.38359
    endloop
  endfacet
  facet normal -0.977667 -0.21016 1.8773e-19
    outer loop
      vertex 14.1096 1.86362 3.11307
      vertex 14.1619 1.62032 1.38359
      vertex 14.1619 1.62032 9.68512
    endloop
  endfacet
  facet normal -0.983322 -0.181871 -0
    outer loop
      vertex 14.1619 1.62032 9.68512
      vertex 14.1619 1.62032 1.38359
      vertex 14.2021 1.40297 3.11307
    endloop
  endfacet
  facet normal -0.985884 -0.16743 -0.000493242
    outer loop
      vertex 14.1619 1.62032 9.68512
      vertex 14.2021 1.40297 3.11307
      vertex 14.2399 1.16103 9.68512
    endloop
  endfacet
  facet normal -0.988014 -0.154364 -0
    outer loop
      vertex 14.2399 1.16103 9.68512
      vertex 14.2021 1.40297 3.11307
      vertex 14.2399 1.16103 1.38359
    endloop
  endfacet
  facet normal -0.991947 -0.126651 -0
    outer loop
      vertex 14.2399 1.16103 9.68512
      vertex 14.2399 1.16103 1.38359
      vertex 14.2684 0.937814 3.11307
    endloop
  endfacet
  facet normal -0.993701 -0.112046 0.00191387
    outer loop
      vertex 14.2684 0.937814 3.11307
      vertex 14.2399 1.16103 1.38359
      vertex 14.2921 0.698085 1.38359
    endloop
  endfacet
  facet normal -0.995149 -0.098382 -2.91914e-20
    outer loop
      vertex 14.2684 0.937814 3.11307
      vertex 14.2921 0.698085 1.38359
      vertex 14.2921 0.698085 9.68512
    endloop
  endfacet
  facet normal -0.997525 -0.0703079 -0
    outer loop
      vertex 14.2921 0.698085 9.68512
      vertex 14.2921 0.698085 1.38359
      vertex 14.3082 0.469659 3.11307
    endloop
  endfacet
  facet normal -0.998417 -0.0562373 -0.000491242
    outer loop
      vertex 14.2921 0.698085 9.68512
      vertex 14.3082 0.469659 3.11307
      vertex 14.3183 0.232939 9.68512
    endloop
  endfacet
  facet normal -0.999091 -0.0426277 -0
    outer loop
      vertex 14.3183 0.232939 9.68512
      vertex 14.3082 0.469659 3.11307
      vertex 14.3183 0.232939 1.38359
    endloop
  endfacet
  facet normal -0.999906 -0.0137362 -0
    outer loop
      vertex 14.3183 0.232939 9.68512
      vertex 14.3183 0.232939 1.38359
      vertex 14.3215 1.01664e-15 3.11307
    endloop
  endfacet
  facet normal -0.999998 -8.44826e-21 0.00185026
    outer loop
      vertex 14.3215 1.01664e-15 3.11307
      vertex 14.3183 0.232939 1.38359
      vertex 14.3183 -0.232939 1.38359
    endloop
  endfacet
  facet normal -0.999906 0.0137362 6.94278e-21
    outer loop
      vertex 14.3215 1.01664e-15 3.11307
      vertex 14.3183 -0.232939 1.38359
      vertex 14.3183 -0.232939 9.68512
    endloop
  endfacet
  facet normal -0.999091 0.0426277 0
    outer loop
      vertex 14.3183 -0.232939 9.68512
      vertex 14.3183 -0.232939 1.38359
      vertex 14.3082 -0.469659 3.11307
    endloop
  endfacet
  facet normal -0.998417 0.0562373 -0.000491242
    outer loop
      vertex 14.3183 -0.232939 9.68512
      vertex 14.3082 -0.469659 3.11307
      vertex 14.2921 -0.698085 9.68512
    endloop
  endfacet
  facet normal -0.997525 0.0703079 0
    outer loop
      vertex 14.2921 -0.698085 9.68512
      vertex 14.3082 -0.469659 3.11307
      vertex 14.2921 -0.698085 1.38359
    endloop
  endfacet
  facet normal -0.995149 0.098382 0
    outer loop
      vertex 14.2921 -0.698085 9.68512
      vertex 14.2921 -0.698085 1.38359
      vertex 14.2684 -0.937814 3.11307
    endloop
  endfacet
  facet normal -0.993701 0.112046 0.00191387
    outer loop
      vertex 14.2684 -0.937814 3.11307
      vertex 14.2921 -0.698085 1.38359
      vertex 14.2399 -1.16103 1.38359
    endloop
  endfacet
  facet normal -0.991947 0.126651 -2.23506e-19
    outer loop
      vertex 14.2684 -0.937814 3.11307
      vertex 14.2399 -1.16103 1.38359
      vertex 14.2399 -1.16103 9.68512
    endloop
  endfacet
  facet normal -0.988014 0.154364 0
    outer loop
      vertex 14.2399 -1.16103 9.68512
      vertex 14.2399 -1.16103 1.38359
      vertex 14.2021 -1.40297 3.11307
    endloop
  endfacet
  facet normal -0.985884 0.16743 -0.000493242
    outer loop
      vertex 14.2399 -1.16103 9.68512
      vertex 14.2021 -1.40297 3.11307
      vertex 14.1619 -1.62032 9.68512
    endloop
  endfacet
  facet normal -0.983322 0.181871 0
    outer loop
      vertex 14.1619 -1.62032 9.68512
      vertex 14.2021 -1.40297 3.11307
      vertex 14.1619 -1.62032 1.38359
    endloop
  endfacet
  facet normal -0.977667 0.21016 0
    outer loop
      vertex 14.1619 -1.62032 9.68512
      vertex 14.1619 -1.62032 1.38359
      vertex 14.1096 -1.86362 3.11307
    endloop
  endfacet
  facet normal -0.974864 0.222794 0.00186208
    outer loop
      vertex 14.1096 -1.86362 3.11307
      vertex 14.1619 -1.62032 1.38359
      vertex 14.0581 -2.07451 1.38359
    endloop
  endfacet
  facet normal -0.971453 0.237232 3.64807e-19
    outer loop
      vertex 14.1096 -1.86362 3.11307
      vertex 14.0581 -2.07451 1.38359
      vertex 14.0581 -2.07451 9.68512
    endloop
  endfacet
  facet normal -0.964352 0.264623 0
    outer loop
      vertex 14.0581 -2.07451 9.68512
      vertex 14.0581 -2.07451 1.38359
      vertex 13.9912 -2.31831 3.11307
    endloop
  endfacet
  facet normal -0.960898 0.276903 -0.000490713
    outer loop
      vertex 14.0581 -2.07451 9.68512
      vertex 13.9912 -2.31831 3.11307
      vertex 13.9291 -2.52216 9.68512
    endloop
  endfacet
  facet normal -0.956597 0.291414 0
    outer loop
      vertex 13.9291 -2.52216 9.68512
      vertex 13.9912 -2.31831 3.11307
      vertex 13.9291 -2.52216 1.38359
    endloop
  endfacet
  facet normal -0.947905 0.318552 0
    outer loop
      vertex 13.9291 -2.52216 9.68512
      vertex 13.9291 -2.52216 1.38359
      vertex 13.8473 -2.76557 3.11307
    endloop
  endfacet
  facet normal -0.943856 0.330353 0.00185244
    outer loop
      vertex 13.8473 -2.76557 3.11307
      vertex 13.9291 -2.52216 1.38359
      vertex 13.7752 -2.96187 1.38359
    endloop
  endfacet
  facet normal -0.938686 0.344774 4.1542e-19
    outer loop
      vertex 13.8473 -2.76557 3.11307
      vertex 13.7752 -2.96187 1.38359
      vertex 13.7752 -2.96187 9.68512
    endloop
  endfacet
  facet normal -0.928397 0.371589 0
    outer loop
      vertex 13.7752 -2.96187 9.68512
      vertex 13.7752 -2.96187 1.38359
      vertex 13.6783 -3.20397 3.11307
    endloop
  endfacet
  facet normal -0.92378 0.382923 -0.000485594
    outer loop
      vertex 13.7752 -2.96187 9.68512
      vertex 13.6783 -3.20397 3.11307
      vertex 13.5968 -3.39225 9.68512
    endloop
  endfacet
  facet normal -0.917712 0.397246 0
    outer loop
      vertex 13.5968 -3.39225 9.68512
      vertex 13.6783 -3.20397 3.11307
      vertex 13.5968 -3.39225 1.38359
    endloop
  endfacet
  facet normal -0.906089 0.423088 0
    outer loop
      vertex 13.5968 -3.39225 9.68512
      vertex 13.5968 -3.39225 1.38359
      vertex 13.4848 -3.63211 3.11307
    endloop
  endfacet
  facet normal -0.900898 0.434028 0.00185338
    outer loop
      vertex 13.4848 -3.63211 3.11307
      vertex 13.5968 -3.39225 1.38359
      vertex 13.3946 -3.81195 1.38359
    endloop
  endfacet
  facet normal -0.89387 0.448327 -3.31394e-19
    outer loop
      vertex 13.4848 -3.63211 3.11307
      vertex 13.3946 -3.81195 1.38359
      vertex 13.3946 -3.81195 9.68512
    endloop
  endfacet
  facet normal -0.880677 0.473718 0
    outer loop
      vertex 13.3946 -3.81195 9.68512
      vertex 13.3946 -3.81195 1.38359
      vertex 13.2673 -4.04861 3.11307
    endloop
  endfacet
  facet normal -0.875067 0.484002 -0.00047898
    outer loop
      vertex 13.3946 -3.81195 9.68512
      vertex 13.2673 -4.04861 3.11307
      vertex 13.1691 -4.21965 9.68512
    endloop
  endfacet
  facet normal -0.86723 0.497907 0
    outer loop
      vertex 13.1691 -4.21965 9.68512
      vertex 13.2673 -4.04861 3.11307
      vertex 13.1691 -4.21965 1.38359
    endloop
  endfacet
  facet normal -0.852765 0.522295 0
    outer loop
      vertex 13.1691 -4.21965 9.68512
      vertex 13.1691 -4.21965 1.38359
      vertex 13.0267 -4.45215 3.11307
    endloop
  endfacet
  facet normal -0.846547 0.532311 0.00185844
    outer loop
      vertex 13.0267 -4.45215 3.11307
      vertex 13.1691 -4.21965 1.38359
      vertex 12.9211 -4.61405 1.38359
    endloop
  endfacet
  facet normal -0.83758 0.546315 6.90713e-19
    outer loop
      vertex 13.0267 -4.45215 3.11307
      vertex 12.9211 -4.61405 1.38359
      vertex 12.9211 -4.61405 9.68512
    endloop
  endfacet
  facet normal -0.82204 0.56943 0
    outer loop
      vertex 12.9211 -4.61405 9.68512
      vertex 12.9211 -4.61405 1.38359
      vertex 12.7636 -4.84142 3.11307
    endloop
  endfacet
  facet normal -0.815391 0.578911 -0.000487356
    outer loop
      vertex 12.9211 -4.61405 9.68512
      vertex 12.7636 -4.84142 3.11307
      vertex 12.6514 -4.99392 9.68512
    endloop
  endfacet
  facet normal -0.80548 0.592622 0
    outer loop
      vertex 12.6514 -4.99392 9.68512
      vertex 12.7636 -4.84142 3.11307
      vertex 12.6514 -4.99392 1.38359
    endloop
  endfacet
  facet normal -0.788659 0.614831 0
    outer loop
      vertex 12.6514 -4.99392 9.68512
      vertex 12.6514 -4.99392 1.38359
      vertex 12.4789 -5.21519 3.11307
    endloop
  endfacet
  facet normal -0.781725 0.62362 0.00181602
    outer loop
      vertex 12.4789 -5.21519 3.11307
      vertex 12.6514 -4.99392 1.38359
      vertex 12.3609 -5.35807 1.38359
    endloop
  endfacet
  facet normal -0.771045 0.636781 1.12288e-18
    outer loop
      vertex 12.4789 -5.21519 3.11307
      vertex 12.3609 -5.35807 1.38359
      vertex 12.3609 -5.35807 9.68512
    endloop
  endfacet
  facet normal -0.752575 0.658507 0
    outer loop
      vertex 12.3609 -5.35807 9.68512
      vertex 12.3609 -5.35807 1.38359
      vertex 12.1735 -5.57224 3.11307
    endloop
  endfacet
  facet normal -0.745364 0.666657 -0.000471203
    outer loop
      vertex 12.3609 -5.35807 9.68512
      vertex 12.1735 -5.57224 3.11307
      vertex 12.0503 -5.70534 9.68512
    endloop
  endfacet
  facet normal -0.733873 0.679287 0
    outer loop
      vertex 12.0503 -5.70534 9.68512
      vertex 12.1735 -5.57224 3.11307
      vertex 12.0503 -5.70534 1.38359
    endloop
  endfacet
  facet normal -0.714365 0.699773 0
    outer loop
      vertex 12.0503 -5.70534 9.68512
      vertex 12.0503 -5.70534 1.38359
      vertex 11.8484 -5.91145 3.11307
    endloop
  endfacet
  facet normal -0.706784 0.707428 0.00179723
    outer loop
      vertex 11.8484 -5.91145 3.11307
      vertex 12.0503 -5.70534 1.38359
      vertex 11.7207 -6.03464 1.38359
    endloop
  endfacet
  facet normal -0.694284 0.719701 1.17641e-18
    outer loop
      vertex 11.8484 -5.91145 3.11307
      vertex 11.7207 -6.03464 1.38359
      vertex 11.7207 -6.03464 9.68512
    endloop
  endfacet
  facet normal -0.673861 0.738858 0
    outer loop
      vertex 11.7207 -6.03464 9.68512
      vertex 11.7207 -6.03464 1.38359
      vertex 11.5046 -6.23173 3.11307
    endloop
  endfacet
  facet normal -0.666042 0.745914 -0.000468724
    outer loop
      vertex 11.7207 -6.03464 9.68512
      vertex 11.5046 -6.23173 3.11307
      vertex 11.3732 -6.34493 9.68512
    endloop
  endfacet
  facet normal -0.652689 0.757626 0
    outer loop
      vertex 11.3732 -6.34493 9.68512
      vertex 11.5046 -6.23173 3.11307
      vertex 11.3732 -6.34493 1.38359
    endloop
  endfacet
  facet normal -0.631235 0.775592 0
    outer loop
      vertex 11.3732 -6.34493 9.68512
      vertex 11.3732 -6.34493 1.38359
      vertex 11.1433 -6.53204 3.11307
    endloop
  endfacet
  facet normal -0.623214 0.78205 0.00176494
    outer loop
      vertex 11.1433 -6.53204 3.11307
      vertex 11.3732 -6.34493 1.38359
      vertex 11.0089 -6.63524 1.38359
    endloop
  endfacet
  facet normal -0.594592 0.804026 -0.00177066
    outer loop
      vertex 11.1433 -6.53204 3.11307
      vertex 11.0089 -6.63524 1.38359
      vertex 10.7655 -6.81143 3.11307
    endloop
  endfacet
  facet normal -0.578277 0.815838 0.00172878
    outer loop
      vertex 10.7655 -6.81143 3.11307
      vertex 11.0089 -6.63524 1.38359
      vertex 10.6288 -6.90466 1.38359
    endloop
  endfacet
  facet normal -0.54814 0.836384 -0.00176084
    outer loop
      vertex 10.7655 -6.81143 3.11307
      vertex 10.6288 -6.90466 1.38359
      vertex 10.3725 -7.06899 3.11307
    endloop
  endfacet
  facet normal -0.53161 0.846987 0.00169632
    outer loop
      vertex 10.3725 -7.06899 3.11307
      vertex 10.6288 -6.90466 1.38359
      vertex 10.2342 -7.15233 1.38359
    endloop
  endfacet
  facet normal -0.500046 0.865997 -0.00174379
    outer loop
      vertex 10.3725 -7.06899 3.11307
      vertex 10.2342 -7.15233 1.38359
      vertex 9.96564 -7.30392 3.11307
    endloop
  endfacet
  facet normal -0.483264 0.875473 0.00169277
    outer loop
      vertex 9.96564 -7.30392 3.11307
      vertex 10.2342 -7.15233 1.38359
      vertex 9.82634 -7.37747 1.38359
    endloop
  endfacet
  facet normal -0.45019 0.892931 -0.00171357
    outer loop
      vertex 9.96564 -7.30392 3.11307
      vertex 9.82634 -7.37747 1.38359
      vertex 9.5461 -7.51544 3.11307
    endloop
  endfacet
  facet normal -0.433388 0.901206 0.00166905
    outer loop
      vertex 9.5461 -7.51544 3.11307
      vertex 9.82634 -7.37747 1.38359
      vertex 9.40648 -7.57938 1.38359
    endloop
  endfacet
  facet normal -0.398981 0.916958 -0.00169102
    outer loop
      vertex 9.5461 -7.51544 3.11307
      vertex 9.40648 -7.57938 1.38359
      vertex 9.11527 -7.7029 3.11307
    endloop
  endfacet
  facet normal -0.382164 0.924093 0.00165016
    outer loop
      vertex 9.11527 -7.7029 3.11307
      vertex 9.40648 -7.57938 1.38359
      vertex 8.97597 -7.75742 1.38359
    endloop
  endfacet
  facet normal -0.346433 0.938073 -0.00166853
    outer loop
      vertex 9.11527 -7.7029 3.11307
      vertex 8.97597 -7.75742 1.38359
      vertex 8.67452 -7.86567 3.11307
    endloop
  endfacet
  facet normal -0.329718 0.944078 0.00162071
    outer loop
      vertex 8.67452 -7.86567 3.11307
      vertex 8.97597 -7.75742 1.38359
      vertex 8.53614 -7.91103 1.38359
    endloop
  endfacet
  facet normal -0.292839 0.95616 -0.00164692
    outer loop
      vertex 8.67452 -7.86567 3.11307
      vertex 8.53614 -7.91103 1.38359
      vertex 8.22527 -8.00326 3.11307
    endloop
  endfacet
  facet normal -0.276231 0.96109 0.00160119
    outer loop
      vertex 8.22527 -8.00326 3.11307
      vertex 8.53614 -7.91103 1.38359
      vertex 8.08839 -8.03972 1.38359
    endloop
  endfacet
  facet normal -0.238246 0.971203 -0.00161837
    outer loop
      vertex 8.22527 -8.00326 3.11307
      vertex 8.08839 -8.03972 1.38359
      vertex 7.76895 -8.1152 3.11307
    endloop
  endfacet
  facet normal -0.22188 0.975073 0.00157345
    outer loop
      vertex 7.76895 -8.1152 3.11307
      vertex 8.08839 -8.03972 1.38359
      vertex 7.63412 -8.14309 1.38359
    endloop
  endfacet
  facet normal -0.182931 0.983124 -0.00159281
    outer loop
      vertex 7.76895 -8.1152 3.11307
      vertex 7.63412 -8.14309 1.38359
      vertex 7.30703 -8.20115 3.11307
    endloop
  endfacet
  facet normal -0.166845 0.985982 0.00154537
    outer loop
      vertex 7.30703 -8.20115 3.11307
      vertex 7.63412 -8.14309 1.38359
      vertex 7.17477 -8.22082 1.38359
    endloop
  endfacet
  facet normal -0.12702 0.991899 -0.00156749
    outer loop
      vertex 7.30703 -8.20115 3.11307
      vertex 7.17477 -8.22082 1.38359
      vertex 6.84099 -8.26083 3.11307
    endloop
  endfacet
  facet normal -0.111254 0.993791 0.00151916
    outer loop
      vertex 6.84099 -8.26083 3.11307
      vertex 7.17477 -8.22082 1.38359
      vertex 6.71179 -8.27265 1.38359
    endloop
  endfacet
  facet normal -0.0911056 0.995841 8.23389e-20
    outer loop
      vertex 6.84099 -8.26083 3.11307
      vertex 6.71179 -8.27265 1.38359
      vertex 6.71179 -8.27265 9.68512
    endloop
  endfacet
  facet normal -0.666041 -0.745913 0.00178116
    outer loop
      vertex 11.3732 6.34493 1.38359
      vertex 11.7207 6.03464 1.38359
      vertex 11.5046 6.23173 3.11307
    endloop
  endfacet
  facet normal -0.745363 -0.666656 0.00179057
    outer loop
      vertex 12.0503 5.70534 1.38359
      vertex 12.3609 5.35807 1.38359
      vertex 12.1735 5.57224 3.11307
    endloop
  endfacet
  facet normal -0.815389 -0.57891 0.00185196
    outer loop
      vertex 12.6514 4.99392 1.38359
      vertex 12.9211 4.61405 1.38359
      vertex 12.7636 4.84142 3.11307
    endloop
  endfacet
  facet normal -0.875065 -0.484001 0.00182013
    outer loop
      vertex 13.1691 4.21965 1.38359
      vertex 13.3946 3.81195 1.38359
      vertex 13.2673 4.04861 3.11307
    endloop
  endfacet
  facet normal -0.923779 -0.382922 0.00184526
    outer loop
      vertex 13.5968 3.39225 1.38359
      vertex 13.7752 2.96187 1.38359
      vertex 13.6783 3.20397 3.11307
    endloop
  endfacet
  facet normal -0.960896 -0.276903 0.00186471
    outer loop
      vertex 13.9291 2.52216 1.38359
      vertex 14.0581 2.07451 1.38359
      vertex 13.9912 2.31831 3.11307
    endloop
  endfacet
  facet normal -0.985882 -0.16743 0.00187432
    outer loop
      vertex 14.1619 1.62032 1.38359
      vertex 14.2399 1.16103 1.38359
      vertex 14.2021 1.40297 3.11307
    endloop
  endfacet
  facet normal -0.998416 -0.0562372 0.00186672
    outer loop
      vertex 14.2921 0.698085 1.38359
      vertex 14.3183 0.232939 1.38359
      vertex 14.3082 0.469659 3.11307
    endloop
  endfacet
  facet normal -0.998416 0.0562372 0.00186672
    outer loop
      vertex 14.3183 -0.232939 1.38359
      vertex 14.2921 -0.698085 1.38359
      vertex 14.3082 -0.469659 3.11307
    endloop
  endfacet
  facet normal -0.985882 0.16743 0.00187432
    outer loop
      vertex 14.2399 -1.16103 1.38359
      vertex 14.1619 -1.62032 1.38359
      vertex 14.2021 -1.40297 3.11307
    endloop
  endfacet
  facet normal -0.960896 0.276903 0.00186471
    outer loop
      vertex 14.0581 -2.07451 1.38359
      vertex 13.9291 -2.52216 1.38359
      vertex 13.9912 -2.31831 3.11307
    endloop
  endfacet
  facet normal -0.923779 0.382922 0.00184526
    outer loop
      vertex 13.7752 -2.96187 1.38359
      vertex 13.5968 -3.39225 1.38359
      vertex 13.6783 -3.20397 3.11307
    endloop
  endfacet
  facet normal -0.875065 0.484001 0.00182013
    outer loop
      vertex 13.3946 -3.81195 1.38359
      vertex 13.1691 -4.21965 1.38359
      vertex 13.2673 -4.04861 3.11307
    endloop
  endfacet
  facet normal -0.815389 0.57891 0.00185196
    outer loop
      vertex 12.9211 -4.61405 1.38359
      vertex 12.6514 -4.99392 1.38359
      vertex 12.7636 -4.84142 3.11307
    endloop
  endfacet
  facet normal -0.745363 0.666656 0.00179057
    outer loop
      vertex 12.3609 -5.35807 1.38359
      vertex 12.0503 -5.70534 1.38359
      vertex 12.1735 -5.57224 3.11307
    endloop
  endfacet
  facet normal -0.666041 0.745913 0.00178116
    outer loop
      vertex 11.7207 -6.03464 1.38359
      vertex 11.3732 -6.34493 1.38359
      vertex 11.5046 -6.23173 3.11307
    endloop
  endfacet
  facet normal -0.111254 0.993792 -0.000399777
    outer loop
      vertex 6.71179 -8.27265 9.68512
      vertex 7.17477 -8.22082 9.68512
      vertex 6.84099 -8.26083 3.11307
    endloop
  endfacet
  facet normal -0.12702 0.9919 0.000412497
    outer loop
      vertex 6.84099 -8.26083 3.11307
      vertex 7.17477 -8.22082 9.68512
      vertex 7.30703 -8.20115 3.11307
    endloop
  endfacet
  facet normal -0.166845 0.985983 -0.000406676
    outer loop
      vertex 7.17477 -8.22082 9.68512
      vertex 7.63412 -8.14309 9.68512
      vertex 7.30703 -8.20115 3.11307
    endloop
  endfacet
  facet normal -0.182931 0.983126 0.00041916
    outer loop
      vertex 7.30703 -8.20115 3.11307
      vertex 7.63412 -8.14309 9.68512
      vertex 7.76895 -8.1152 3.11307
    endloop
  endfacet
  facet normal -0.22188 0.975074 -0.000414065
    outer loop
      vertex 7.63412 -8.14309 9.68512
      vertex 8.08839 -8.03972 9.68512
      vertex 7.76895 -8.1152 3.11307
    endloop
  endfacet
  facet normal -0.238247 0.971205 0.000425885
    outer loop
      vertex 7.76895 -8.1152 3.11307
      vertex 8.08839 -8.03972 9.68512
      vertex 8.22527 -8.00326 3.11307
    endloop
  endfacet
  facet normal -0.276232 0.961091 -0.000421365
    outer loop
      vertex 8.08839 -8.03972 9.68512
      vertex 8.53614 -7.91103 9.68512
      vertex 8.22527 -8.00326 3.11307
    endloop
  endfacet
  facet normal -0.29284 0.956161 0.000433399
    outer loop
      vertex 8.22527 -8.00326 3.11307
      vertex 8.53614 -7.91103 9.68512
      vertex 8.67452 -7.86567 3.11307
    endloop
  endfacet
  facet normal -0.329718 0.944079 -0.000426501
    outer loop
      vertex 8.53614 -7.91103 9.68512
      vertex 8.97597 -7.75742 9.68512
      vertex 8.67452 -7.86567 3.11307
    endloop
  endfacet
  facet normal -0.346433 0.938075 0.000439086
    outer loop
      vertex 8.67452 -7.86567 3.11307
      vertex 8.97597 -7.75742 9.68512
      vertex 9.11527 -7.7029 3.11307
    endloop
  endfacet
  facet normal -0.382165 0.924094 -0.000434252
    outer loop
      vertex 8.97597 -7.75742 9.68512
      vertex 9.40648 -7.57938 9.68512
      vertex 9.11527 -7.7029 3.11307
    endloop
  endfacet
  facet normal -0.398981 0.916959 0.000445003
    outer loop
      vertex 9.11527 -7.7029 3.11307
      vertex 9.40648 -7.57938 9.68512
      vertex 9.5461 -7.51544 3.11307
    endloop
  endfacet
  facet normal -0.433389 0.901207 -0.000439223
    outer loop
      vertex 9.40648 -7.57938 9.68512
      vertex 9.82634 -7.37747 9.68512
      vertex 9.5461 -7.51544 3.11307
    endloop
  endfacet
  facet normal -0.450191 0.892932 0.000450939
    outer loop
      vertex 9.5461 -7.51544 3.11307
      vertex 9.82634 -7.37747 9.68512
      vertex 9.96564 -7.30392 3.11307
    endloop
  endfacet
  facet normal -0.483265 0.875474 -0.000445465
    outer loop
      vertex 9.82634 -7.37747 9.68512
      vertex 10.2342 -7.15233 9.68512
      vertex 9.96564 -7.30392 3.11307
    endloop
  endfacet
  facet normal -0.500047 0.865998 0.00045889
    outer loop
      vertex 9.96564 -7.30392 3.11307
      vertex 10.2342 -7.15233 9.68512
      vertex 10.3725 -7.06899 3.11307
    endloop
  endfacet
  facet normal -0.531611 0.846989 -0.000446399
    outer loop
      vertex 10.2342 -7.15233 9.68512
      vertex 10.6288 -6.90466 9.68512
      vertex 10.3725 -7.06899 3.11307
    endloop
  endfacet
  facet normal -0.548141 0.836386 0.000463376
    outer loop
      vertex 10.3725 -7.06899 3.11307
      vertex 10.6288 -6.90466 9.68512
      vertex 10.7655 -6.81143 3.11307
    endloop
  endfacet
  facet normal -0.578278 0.81584 -0.00045494
    outer loop
      vertex 10.6288 -6.90466 9.68512
      vertex 11.0089 -6.63524 9.68512
      vertex 10.7655 -6.81143 3.11307
    endloop
  endfacet
  facet normal -0.594593 0.804027 0.000465963
    outer loop
      vertex 10.7655 -6.81143 3.11307
      vertex 11.0089 -6.63524 9.68512
      vertex 11.1433 -6.53204 3.11307
    endloop
  endfacet
  facet normal -0.623215 0.782051 -0.000464457
    outer loop
      vertex 11.0089 -6.63524 9.68512
      vertex 11.3732 -6.34493 9.68512
      vertex 11.1433 -6.53204 3.11307
    endloop
  endfacet
  facet normal -0.706785 0.707429 -0.000472954
    outer loop
      vertex 11.7207 -6.03464 9.68512
      vertex 12.0503 -5.70534 9.68512
      vertex 11.8484 -5.91145 3.11307
    endloop
  endfacet
  facet normal -0.781727 0.623621 -0.000477899
    outer loop
      vertex 12.3609 -5.35807 9.68512
      vertex 12.6514 -4.99392 9.68512
      vertex 12.4789 -5.21519 3.11307
    endloop
  endfacet
  facet normal -0.846548 0.532312 -0.000489061
    outer loop
      vertex 12.9211 -4.61405 9.68512
      vertex 13.1691 -4.21965 9.68512
      vertex 13.0267 -4.45215 3.11307
    endloop
  endfacet
  facet normal -0.900899 0.434029 -0.000487732
    outer loop
      vertex 13.3946 -3.81195 9.68512
      vertex 13.5968 -3.39225 9.68512
      vertex 13.4848 -3.63211 3.11307
    endloop
  endfacet
  facet normal -0.943857 0.330353 -0.000487483
    outer loop
      vertex 13.7752 -2.96187 9.68512
      vertex 13.9291 -2.52216 9.68512
      vertex 13.8473 -2.76557 3.11307
    endloop
  endfacet
  facet normal -0.974865 0.222794 -0.00049002
    outer loop
      vertex 14.0581 -2.07451 9.68512
      vertex 14.1619 -1.62032 9.68512
      vertex 14.1096 -1.86362 3.11307
    endloop
  endfacet
  facet normal -0.993703 0.112046 -0.000503648
    outer loop
      vertex 14.2399 -1.16103 9.68512
      vertex 14.2921 -0.698085 9.68512
      vertex 14.2684 -0.937814 3.11307
    endloop
  endfacet
  facet normal -1 0 -0.00048691
    outer loop
      vertex 14.3183 -0.232939 9.68512
      vertex 14.3183 0.232939 9.68512
      vertex 14.3215 1.01664e-15 3.11307
    endloop
  endfacet
  facet normal -0.993703 -0.112046 -0.000503648
    outer loop
      vertex 14.2921 0.698085 9.68512
      vertex 14.2399 1.16103 9.68512
      vertex 14.2684 0.937814 3.11307
    endloop
  endfacet
  facet normal -0.974865 -0.222794 -0.00049002
    outer loop
      vertex 14.1619 1.62032 9.68512
      vertex 14.0581 2.07451 9.68512
      vertex 14.1096 1.86362 3.11307
    endloop
  endfacet
  facet normal -0.943857 -0.330353 -0.000487483
    outer loop
      vertex 13.9291 2.52216 9.68512
      vertex 13.7752 2.96187 9.68512
      vertex 13.8473 2.76557 3.11307
    endloop
  endfacet
  facet normal -0.900899 -0.434029 -0.000487732
    outer loop
      vertex 13.5968 3.39225 9.68512
      vertex 13.3946 3.81195 9.68512
      vertex 13.4848 3.63211 3.11307
    endloop
  endfacet
  facet normal -0.846548 -0.532312 -0.000489061
    outer loop
      vertex 13.1691 4.21965 9.68512
      vertex 12.9211 4.61405 9.68512
      vertex 13.0267 4.45215 3.11307
    endloop
  endfacet
  facet normal -0.781727 -0.623621 -0.000477899
    outer loop
      vertex 12.6514 4.99392 9.68512
      vertex 12.3609 5.35807 9.68512
      vertex 12.4789 5.21519 3.11307
    endloop
  endfacet
  facet normal -0.706785 -0.707429 -0.000472954
    outer loop
      vertex 12.0503 5.70534 9.68512
      vertex 11.7207 6.03464 9.68512
      vertex 11.8484 5.91145 3.11307
    endloop
  endfacet
  facet normal -0.623215 -0.782051 -0.000464457
    outer loop
      vertex 11.3732 6.34493 9.68512
      vertex 11.0089 6.63524 9.68512
      vertex 11.1433 6.53204 3.11307
    endloop
  endfacet
  facet normal -0.594593 -0.804027 0.000465963
    outer loop
      vertex 11.1433 6.53204 3.11307
      vertex 11.0089 6.63524 9.68512
      vertex 10.7655 6.81143 3.11307
    endloop
  endfacet
  facet normal -0.578278 -0.81584 -0.00045494
    outer loop
      vertex 11.0089 6.63524 9.68512
      vertex 10.6288 6.90466 9.68512
      vertex 10.7655 6.81143 3.11307
    endloop
  endfacet
  facet normal -0.548141 -0.836386 0.000463376
    outer loop
      vertex 10.7655 6.81143 3.11307
      vertex 10.6288 6.90466 9.68512
      vertex 10.3725 7.06899 3.11307
    endloop
  endfacet
  facet normal -0.531611 -0.846989 -0.000446399
    outer loop
      vertex 10.6288 6.90466 9.68512
      vertex 10.2342 7.15233 9.68512
      vertex 10.3725 7.06899 3.11307
    endloop
  endfacet
  facet normal -0.500047 -0.865998 0.00045889
    outer loop
      vertex 10.3725 7.06899 3.11307
      vertex 10.2342 7.15233 9.68512
      vertex 9.96564 7.30392 3.11307
    endloop
  endfacet
  facet normal -0.483265 -0.875474 -0.000445465
    outer loop
      vertex 10.2342 7.15233 9.68512
      vertex 9.82634 7.37747 9.68512
      vertex 9.96564 7.30392 3.11307
    endloop
  endfacet
  facet normal -0.450191 -0.892932 0.000450939
    outer loop
      vertex 9.96564 7.30392 3.11307
      vertex 9.82634 7.37747 9.68512
      vertex 9.5461 7.51544 3.11307
    endloop
  endfacet
  facet normal -0.433389 -0.901207 -0.000439223
    outer loop
      vertex 9.82634 7.37747 9.68512
      vertex 9.40648 7.57938 9.68512
      vertex 9.5461 7.51544 3.11307
    endloop
  endfacet
  facet normal -0.398981 -0.916959 0.000445003
    outer loop
      vertex 9.5461 7.51544 3.11307
      vertex 9.40648 7.57938 9.68512
      vertex 9.11527 7.7029 3.11307
    endloop
  endfacet
  facet normal -0.382165 -0.924094 -0.000434252
    outer loop
      vertex 9.40648 7.57938 9.68512
      vertex 8.97597 7.75742 9.68512
      vertex 9.11527 7.7029 3.11307
    endloop
  endfacet
  facet normal -0.346433 -0.938075 0.000439086
    outer loop
      vertex 9.11527 7.7029 3.11307
      vertex 8.97597 7.75742 9.68512
      vertex 8.67452 7.86567 3.11307
    endloop
  endfacet
  facet normal -0.329718 -0.944079 -0.000426501
    outer loop
      vertex 8.97597 7.75742 9.68512
      vertex 8.53614 7.91103 9.68512
      vertex 8.67452 7.86567 3.11307
    endloop
  endfacet
  facet normal -0.29284 -0.956161 0.000433399
    outer loop
      vertex 8.67452 7.86567 3.11307
      vertex 8.53614 7.91103 9.68512
      vertex 8.22527 8.00326 3.11307
    endloop
  endfacet
  facet normal -0.276232 -0.961091 -0.000421365
    outer loop
      vertex 8.53614 7.91103 9.68512
      vertex 8.08839 8.03972 9.68512
      vertex 8.22527 8.00326 3.11307
    endloop
  endfacet
  facet normal -0.238247 -0.971205 0.000425885
    outer loop
      vertex 8.22527 8.00326 3.11307
      vertex 8.08839 8.03972 9.68512
      vertex 7.76895 8.1152 3.11307
    endloop
  endfacet
  facet normal -0.22188 -0.975074 -0.000414065
    outer loop
      vertex 8.08839 8.03972 9.68512
      vertex 7.63412 8.14309 9.68512
      vertex 7.76895 8.1152 3.11307
    endloop
  endfacet
  facet normal -0.182931 -0.983126 0.00041916
    outer loop
      vertex 7.76895 8.1152 3.11307
      vertex 7.63412 8.14309 9.68512
      vertex 7.30703 8.20115 3.11307
    endloop
  endfacet
  facet normal -0.166845 -0.985983 -0.000406676
    outer loop
      vertex 7.63412 8.14309 9.68512
      vertex 7.17477 8.22082 9.68512
      vertex 7.30703 8.20115 3.11307
    endloop
  endfacet
  facet normal -0.12702 -0.9919 0.000412497
    outer loop
      vertex 7.30703 8.20115 3.11307
      vertex 7.17477 8.22082 9.68512
      vertex 6.84099 8.26083 3.11307
    endloop
  endfacet
  facet normal -0.111254 -0.993792 -0.000399777
    outer loop
      vertex 7.17477 8.22082 9.68512
      vertex 6.71179 8.27265 9.68512
      vertex 6.84099 8.26083 3.11307
    endloop
  endfacet
  facet normal -1 0 0
    outer loop
      vertex 6.71179 -8.27265 1.38359
      vertex 6.71179 -10.3769 1.38359
      vertex 6.71179 -8.27265 9.68512
    endloop
  endfacet
  facet normal -1 -0 0
    outer loop
      vertex 6.71179 -8.27265 9.68512
      vertex 6.71179 -10.3769 1.38359
      vertex 6.71179 -10.3769 9.68512
    endloop
  endfacet
  facet normal 0 0 1
    outer loop
      vertex 5.3282 -8.27265 9.68512
      vertex 4.86521 -8.22082 9.68512
      vertex 5.3282 -10.3769 9.68512
    endloop
  endfacet
  facet normal 0 0 1
    outer loop
      vertex 5.3282 -10.3769 9.68512
      vertex 4.86521 -8.22082 9.68512
      vertex 4.40586 -8.14309 9.68512
    endloop
  endfacet
  facet normal 0 0 1
    outer loop
      vertex 5.3282 -10.3769 9.68512
      vertex 4.40586 -8.14309 9.68512
      vertex 3.86059 -10.856 9.68512
    endloop
  endfacet
  facet normal 0 -0 1
    outer loop
      vertex 3.86059 -10.856 9.68512
      vertex 4.40586 -8.14309 9.68512
      vertex 3.33052 -10.737 9.68512
    endloop
  endfacet
  facet normal 0 0 1
    outer loop
      vertex 3.33052 -10.737 9.68512
      vertex 4.40586 -8.14309 9.68512
      vertex 3.9516 -8.03972 9.68512
    endloop
  endfacet
  facet normal 0 -0 1
    outer loop
      vertex 3.33052 -10.737 9.68512
      vertex 3.9516 -8.03972 9.68512
      vertex 2.80692 -10.5921 9.68512
    endloop
  endfacet
  facet normal 0 0 1
    outer loop
      vertex 2.80692 -10.5921 9.68512
      vertex 3.9516 -8.03972 9.68512
      vertex 3.50384 -7.91103 9.68512
    endloop
  endfacet
  facet normal 0 -0 1
    outer loop
      vertex 2.80692 -10.5921 9.68512
      vertex 3.50384 -7.91103 9.68512
      vertex 2.29106 -10.4217 9.68512
    endloop
  endfacet
  facet normal 0 0 1
    outer loop
      vertex 2.29106 -10.4217 9.68512
      vertex 3.50384 -7.91103 9.68512
      vertex 3.06402 -7.75742 9.68512
    endloop
  endfacet
  facet normal 0 -0 1
    outer loop
      vertex 2.29106 -10.4217 9.68512
      vertex 3.06402 -7.75742 9.68512
      vertex 1.78418 -10.2261 9.68512
    endloop
  endfacet
  facet normal 0 0 1
    outer loop
      vertex 1.78418 -10.2261 9.68512
      vertex 3.06402 -7.75742 9.68512
      vertex 2.6335 -7.57938 9.68512
    endloop
  endfacet
  facet normal 0 -0 1
    outer loop
      vertex 1.78418 -10.2261 9.68512
      vertex 2.6335 -7.57938 9.68512
      vertex 1.28751 -10.006 9.68512
    endloop
  endfacet
  facet normal 0 0 1
    outer loop
      vertex 1.28751 -10.006 9.68512
      vertex 2.6335 -7.57938 9.68512
      vertex 2.21365 -7.37747 9.68512
    endloop
  endfacet
  facet normal 0 -0 1
    outer loop
      vertex 1.28751 -10.006 9.68512
      vertex 2.21365 -7.37747 9.68512
      vertex 0.80224 -9.76173 9.68512
    endloop
  endfacet
  facet normal 0 0 1
    outer loop
      vertex 0.80224 -9.76173 9.68512
      vertex 2.21365 -7.37747 9.68512
      vertex 1.80578 -7.15233 9.68512
    endloop
  endfacet
  facet normal 0 -0 1
    outer loop
      vertex 0.80224 -9.76173 9.68512
      vertex 1.80578 -7.15233 9.68512
      vertex 0.32954 -9.49394 9.68512
    endloop
  endfacet
  facet normal 0 0 1
    outer loop
      vertex 0.32954 -9.49394 9.68512
      vertex 1.80578 -7.15233 9.68512
      vertex 1.41119 -6.90466 9.68512
    endloop
  endfacet
  facet normal 0 -0 1
    outer loop
      vertex 0.32954 -9.49394 9.68512
      vertex 1.41119 -6.90466 9.68512
      vertex -0.129451 -9.20329 9.68512
    endloop
  endfacet
  facet normal 0 -0 1
    outer loop
      vertex -0.129451 -9.20329 9.68512
      vertex 1.41119 -6.90466 9.68512
      vertex -0.573628 -8.89047 9.68512
    endloop
  endfacet
  facet normal 0 0 1
    outer loop
      vertex -0.573628 -8.89047 9.68512
      vertex 1.41119 -6.90466 9.68512
      vertex 1.03111 -6.63524 9.68512
    endloop
  endfacet
  facet normal 0 -0 1
    outer loop
      vertex -0.573628 -8.89047 9.68512
      vertex 1.03111 -6.63524 9.68512
      vertex -1.00192 -8.55622 9.68512
    endloop
  endfacet
  facet normal 0 0 1
    outer loop
      vertex -1.00192 -8.55622 9.68512
      vertex 1.03111 -6.63524 9.68512
      vertex 0.666749 -6.34493 9.68512
    endloop
  endfacet
  facet normal 0 -0 1
    outer loop
      vertex -1.00192 -8.55622 9.68512
      vertex 0.666749 -6.34493 9.68512
      vertex -1.4133 -8.20137 9.68512
    endloop
  endfacet
  facet normal 0 0 1
    outer loop
      vertex -1.4133 -8.20137 9.68512
      vertex 0.666749 -6.34493 9.68512
      vertex 0.319243 -6.03464 9.68512
    endloop
  endfacet
  facet normal 0 -0 1
    outer loop
      vertex -1.4133 -8.20137 9.68512
      vertex 0.319243 -6.03464 9.68512
      vertex -1.80676 -7.82676 9.68512
    endloop
  endfacet
  facet normal 0 0 1
    outer loop
      vertex -1.80676 -7.82676 9.68512
      vertex 0.319243 -6.03464 9.68512
      vertex -0.0103083 -5.70534 9.68512
    endloop
  endfacet
  facet normal 0 -0 1
    outer loop
      vertex -1.80676 -7.82676 9.68512
      vertex -0.0103083 -5.70534 9.68512
      vertex -2.18138 -7.43329 9.68512
    endloop
  endfacet
  facet normal 0 0 1
    outer loop
      vertex -2.18138 -7.43329 9.68512
      vertex -0.0103083 -5.70534 9.68512
      vertex -0.320867 -5.35807 9.68512
    endloop
  endfacet
  facet normal 0 -0 1
    outer loop
      vertex -2.18138 -7.43329 9.68512
      vertex -0.320867 -5.35807 9.68512
      vertex -2.53623 -7.02191 9.68512
    endloop
  endfacet
  facet normal 0 0 1
    outer loop
      vertex -2.53623 -7.02191 9.68512
      vertex -0.320867 -5.35807 9.68512
      vertex -0.611457 -4.99392 9.68512
    endloop
  endfacet
  facet normal 0 -0 1
    outer loop
      vertex -2.53623 -7.02191 9.68512
      vertex -0.611457 -4.99392 9.68512
      vertex -2.87047 -6.59362 9.68512
    endloop
  endfacet
  facet normal 0 0 1
    outer loop
      vertex -2.87047 -6.59362 9.68512
      vertex -0.611457 -4.99392 9.68512
      vertex -0.881161 -4.61405 9.68512
    endloop
  endfacet
  facet normal 0 -0 1
    outer loop
      vertex -2.87047 -6.59362 9.68512
      vertex -0.881161 -4.61405 9.68512
      vertex -3.1833 -6.14944 9.68512
    endloop
  endfacet
  facet normal 0 -0 1
    outer loop
      vertex -3.1833 -6.14944 9.68512
      vertex -0.881161 -4.61405 9.68512
      vertex -3.47395 -5.69045 9.68512
    endloop
  endfacet
  facet normal 0 0 1
    outer loop
      vertex -3.47395 -5.69045 9.68512
      vertex -0.881161 -4.61405 9.68512
      vertex -1.12913 -4.21965 9.68512
    endloop
  endfacet
  facet normal 0 -0 1
    outer loop
      vertex -3.47395 -5.69045 9.68512
      vertex -1.12913 -4.21965 9.68512
      vertex -3.74173 -5.21775 9.68512
    endloop
  endfacet
  facet normal 0 0 1
    outer loop
      vertex -3.74173 -5.21775 9.68512
      vertex -1.12913 -4.21965 9.68512
      vertex -1.35459 -3.81195 9.68512
    endloop
  endfacet
  facet normal 0 -0 1
    outer loop
      vertex -3.74173 -5.21775 9.68512
      vertex -1.35459 -3.81195 9.68512
      vertex -3.986 -4.73248 9.68512
    endloop
  endfacet
  facet normal 0 0 1
    outer loop
      vertex -3.986 -4.73248 9.68512
      vertex -1.35459 -3.81195 9.68512
      vertex -1.55681 -3.39225 9.68512
    endloop
  endfacet
  facet normal 0 -0 1
    outer loop
      vertex -3.986 -4.73248 9.68512
      vertex -1.55681 -3.39225 9.68512
      vertex -4.20616 -4.23581 9.68512
    endloop
  endfacet
  facet normal 0 0 1
    outer loop
      vertex -4.20616 -4.23581 9.68512
      vertex -1.55681 -3.39225 9.68512
      vertex -1.73518 -2.96187 9.68512
    endloop
  endfacet
  facet normal 0 -0 1
    outer loop
      vertex -4.20616 -4.23581 9.68512
      vertex -1.73518 -2.96187 9.68512
      vertex -4.40168 -3.72893 9.68512
    endloop
  endfacet
  facet normal 0 0 1
    outer loop
      vertex -4.40168 -3.72893 9.68512
      vertex -1.73518 -2.96187 9.68512
      vertex -1.88912 -2.52216 9.68512
    endloop
  endfacet
  facet normal 0 -0 1
    outer loop
      vertex -4.40168 -3.72893 9.68512
      vertex -1.88912 -2.52216 9.68512
      vertex -4.5721 -3.21307 9.68512
    endloop
  endfacet
  facet normal 0 0 1
    outer loop
      vertex -4.5721 -3.21307 9.68512
      vertex -1.88912 -2.52216 9.68512
      vertex -2.01815 -2.07451 9.68512
    endloop
  endfacet
  facet normal 0 -0 1
    outer loop
      vertex -4.5721 -3.21307 9.68512
      vertex -2.01815 -2.07451 9.68512
      vertex -4.717 -2.68948 9.68512
    endloop
  endfacet
  facet normal 0 0 1
    outer loop
      vertex -4.717 -2.68948 9.68512
      vertex -2.01815 -2.07451 9.68512
      vertex -2.12187 -1.62032 9.68512
    endloop
  endfacet
  facet normal 0 -0 1
    outer loop
      vertex -4.717 -2.68948 9.68512
      vertex -2.12187 -1.62032 9.68512
      vertex -4.83603 -2.1594 9.68512
    endloop
  endfacet
  facet normal 0 -0 1
    outer loop
      vertex -4.83603 -2.1594 9.68512
      vertex -2.12187 -1.62032 9.68512
      vertex -4.92891 -1.62412 9.68512
    endloop
  endfacet
  facet normal 0 0 1
    outer loop
      vertex -4.92891 -1.62412 9.68512
      vertex -2.12187 -1.62032 9.68512
      vertex -2.19995 -1.16103 9.68512
    endloop
  endfacet
  facet normal 0 -0 1
    outer loop
      vertex -4.92891 -1.62412 9.68512
      vertex -2.19995 -1.16103 9.68512
      vertex -4.99541 -1.08492 9.68512
    endloop
  endfacet
  facet normal -0 0 1
    outer loop
      vertex -4.99541 -1.08492 9.68512
      vertex -2.19995 -1.16103 9.68512
      vertex -2.25213 -0.698085 9.68512
    endloop
  endfacet
  facet normal 0 -0 1
    outer loop
      vertex -4.99541 -1.08492 9.68512
      vertex -2.25213 -0.698085 9.68512
      vertex -5.03538 -0.543116 9.68512
    endloop
  endfacet
  facet normal -0 0 1
    outer loop
      vertex -5.03538 -0.543116 9.68512
      vertex -2.25213 -0.698085 9.68512
      vertex -2.27827 -0.232939 9.68512
    endloop
  endfacet
  facet normal 0 -0 1
    outer loop
      vertex -5.03538 -0.543116 9.68512
      vertex -2.27827 -0.232939 9.68512
      vertex -5.04871 0 9.68512
    endloop
  endfacet
  facet normal -0 0 1
    outer loop
      vertex -5.04871 0 9.68512
      vertex -2.27827 -0.232939 9.68512
      vertex -2.27827 0.232939 9.68512
    endloop
  endfacet
  facet normal 0 0 1
    outer loop
      vertex -5.04871 0 9.68512
      vertex -2.27827 0.232939 9.68512
      vertex -5.03538 0.543116 9.68512
    endloop
  endfacet
  facet normal -0 0 1
    outer loop
      vertex -5.03538 0.543116 9.68512
      vertex -2.27827 0.232939 9.68512
      vertex -2.25213 0.698085 9.68512
    endloop
  endfacet
  facet normal 0 0 1
    outer loop
      vertex -5.03538 0.543116 9.68512
      vertex -2.25213 0.698085 9.68512
      vertex -4.99541 1.08492 9.68512
    endloop
  endfacet
  facet normal -0 0 1
    outer loop
      vertex -4.99541 1.08492 9.68512
      vertex -2.25213 0.698085 9.68512
      vertex -2.19995 1.16103 9.68512
    endloop
  endfacet
  facet normal 0 0 1
    outer loop
      vertex -4.99541 1.08492 9.68512
      vertex -2.19995 1.16103 9.68512
      vertex -4.92891 1.62412 9.68512
    endloop
  endfacet
  facet normal 0 0 1
    outer loop
      vertex -4.92891 1.62412 9.68512
      vertex -2.19995 1.16103 9.68512
      vertex -2.12187 1.62032 9.68512
    endloop
  endfacet
  facet normal -0 0 1
    outer loop
      vertex -4.92891 1.62412 9.68512
      vertex -2.12187 1.62032 9.68512
      vertex -4.83603 2.1594 9.68512
    endloop
  endfacet
  facet normal -0 0 1
    outer loop
      vertex -4.83603 2.1594 9.68512
      vertex -2.12187 1.62032 9.68512
      vertex -4.717 2.68948 9.68512
    endloop
  endfacet
  facet normal 0 0 1
    outer loop
      vertex -4.717 2.68948 9.68512
      vertex -2.12187 1.62032 9.68512
      vertex -2.01815 2.07451 9.68512
    endloop
  endfacet
  facet normal -0 0 1
    outer loop
      vertex -4.717 2.68948 9.68512
      vertex -2.01815 2.07451 9.68512
      vertex -4.5721 3.21307 9.68512
    endloop
  endfacet
  facet normal 0 0 1
    outer loop
      vertex -4.5721 3.21307 9.68512
      vertex -2.01815 2.07451 9.68512
      vertex -1.88912 2.52216 9.68512
    endloop
  endfacet
  facet normal -0 0 1
    outer loop
      vertex -4.5721 3.21307 9.68512
      vertex -1.88912 2.52216 9.68512
      vertex -4.40168 3.72893 9.68512
    endloop
  endfacet
  facet normal 0 0 1
    outer loop
      vertex -4.40168 3.72893 9.68512
      vertex -1.88912 2.52216 9.68512
      vertex -1.73518 2.96187 9.68512
    endloop
  endfacet
  facet normal -0 0 1
    outer loop
      vertex -4.40168 3.72893 9.68512
      vertex -1.73518 2.96187 9.68512
      vertex -4.20616 4.23581 9.68512
    endloop
  endfacet
  facet normal 0 0 1
    outer loop
      vertex -4.20616 4.23581 9.68512
      vertex -1.73518 2.96187 9.68512
      vertex -1.55681 3.39225 9.68512
    endloop
  endfacet
  facet normal -0 0 1
    outer loop
      vertex -4.20616 4.23581 9.68512
      vertex -1.55681 3.39225 9.68512
      vertex -3.986 4.73248 9.68512
    endloop
  endfacet
  facet normal 0 0 1
    outer loop
      vertex -3.986 4.73248 9.68512
      vertex -1.55681 3.39225 9.68512
      vertex -1.35459 3.81195 9.68512
    endloop
  endfacet
  facet normal -0 0 1
    outer loop
      vertex -3.986 4.73248 9.68512
      vertex -1.35459 3.81195 9.68512
      vertex -3.74173 5.21775 9.68512
    endloop
  endfacet
  facet normal 0 0 1
    outer loop
      vertex -3.74173 5.21775 9.68512
      vertex -1.35459 3.81195 9.68512
      vertex -1.12913 4.21965 9.68512
    endloop
  endfacet
  facet normal -0 0 1
    outer loop
      vertex -3.74173 5.21775 9.68512
      vertex -1.12913 4.21965 9.68512
      vertex -3.47395 5.69045 9.68512
    endloop
  endfacet
  facet normal 0 0 1
    outer loop
      vertex -3.47395 5.69045 9.68512
      vertex -1.12913 4.21965 9.68512
      vertex -0.881161 4.61405 9.68512
    endloop
  endfacet
  facet normal -0 0 1
    outer loop
      vertex -3.47395 5.69045 9.68512
      vertex -0.881161 4.61405 9.68512
      vertex -3.1833 6.14944 9.68512
    endloop
  endfacet
  facet normal -0 0 1
    outer loop
      vertex -3.1833 6.14944 9.68512
      vertex -0.881161 4.61405 9.68512
      vertex -2.87047 6.59362 9.68512
    endloop
  endfacet
  facet normal 0 0 1
    outer loop
      vertex -2.87047 6.59362 9.68512
      vertex -0.881161 4.61405 9.68512
      vertex -0.611457 4.99392 9.68512
    endloop
  endfacet
  facet normal -0 0 1
    outer loop
      vertex -2.87047 6.59362 9.68512
      vertex -0.611457 4.99392 9.68512
      vertex -2.53623 7.02191 9.68512
    endloop
  endfacet
  facet normal 0 0 1
    outer loop
      vertex -2.53623 7.02191 9.68512
      vertex -0.611457 4.99392 9.68512
      vertex -0.320867 5.35807 9.68512
    endloop
  endfacet
  facet normal -0 0 1
    outer loop
      vertex -2.53623 7.02191 9.68512
      vertex -0.320867 5.35807 9.68512
      vertex -2.18138 7.43329 9.68512
    endloop
  endfacet
  facet normal 0 0 1
    outer loop
      vertex -2.18138 7.43329 9.68512
      vertex -0.320867 5.35807 9.68512
      vertex -0.0103083 5.70534 9.68512
    endloop
  endfacet
  facet normal -0 0 1
    outer loop
      vertex -2.18138 7.43329 9.68512
      vertex -0.0103083 5.70534 9.68512
      vertex -1.80676 7.82676 9.68512
    endloop
  endfacet
  facet normal 0 0 1
    outer loop
      vertex -1.80676 7.82676 9.68512
      vertex -0.0103083 5.70534 9.68512
      vertex 0.319243 6.03464 9.68512
    endloop
  endfacet
  facet normal -0 0 1
    outer loop
      vertex -1.80676 7.82676 9.68512
      vertex 0.319243 6.03464 9.68512
      vertex -1.4133 8.20137 9.68512
    endloop
  endfacet
  facet normal 0 0 1
    outer loop
      vertex -1.4133 8.20137 9.68512
      vertex 0.319243 6.03464 9.68512
      vertex 0.666749 6.34493 9.68512
    endloop
  endfacet
  facet normal -0 0 1
    outer loop
      vertex -1.4133 8.20137 9.68512
      vertex 0.666749 6.34493 9.68512
      vertex -1.00192 8.55622 9.68512
    endloop
  endfacet
  facet normal 0 0 1
    outer loop
      vertex -1.00192 8.55622 9.68512
      vertex 0.666749 6.34493 9.68512
      vertex 1.03111 6.63524 9.68512
    endloop
  endfacet
  facet normal -0 0 1
    outer loop
      vertex -1.00192 8.55622 9.68512
      vertex 1.03111 6.63524 9.68512
      vertex -0.573628 8.89047 9.68512
    endloop
  endfacet
  facet normal 0 0 1
    outer loop
      vertex -0.573628 8.89047 9.68512
      vertex 1.03111 6.63524 9.68512
      vertex 1.41119 6.90466 9.68512
    endloop
  endfacet
  facet normal -0 0 1
    outer loop
      vertex -0.573628 8.89047 9.68512
      vertex 1.41119 6.90466 9.68512
      vertex -0.129451 9.20329 9.68512
    endloop
  endfacet
  facet normal -0 0 1
    outer loop
      vertex -0.129451 9.20329 9.68512
      vertex 1.41119 6.90466 9.68512
      vertex 0.32954 9.49394 9.68512
    endloop
  endfacet
  facet normal 0 0 1
    outer loop
      vertex 0.32954 9.49394 9.68512
      vertex 1.41119 6.90466 9.68512
      vertex 1.80578 7.15233 9.68512
    endloop
  endfacet
  facet normal -0 0 1
    outer loop
      vertex 0.32954 9.49394 9.68512
      vertex 1.80578 7.15233 9.68512
      vertex 0.80224 9.76173 9.68512
    endloop
  endfacet
  facet normal 0 0 1
    outer loop
      vertex 0.80224 9.76173 9.68512
      vertex 1.80578 7.15233 9.68512
      vertex 2.21365 7.37747 9.68512
    endloop
  endfacet
  facet normal -0 0 1
    outer loop
      vertex 0.80224 9.76173 9.68512
      vertex 2.21365 7.37747 9.68512
      vertex 1.28751 10.006 9.68512
    endloop
  endfacet
  facet normal 0 0 1
    outer loop
      vertex 1.28751 10.006 9.68512
      vertex 2.21365 7.37747 9.68512
      vertex 2.6335 7.57938 9.68512
    endloop
  endfacet
  facet normal -0 0 1
    outer loop
      vertex 1.28751 10.006 9.68512
      vertex 2.6335 7.57938 9.68512
      vertex 1.78418 10.2261 9.68512
    endloop
  endfacet
  facet normal 0 0 1
    outer loop
      vertex 1.78418 10.2261 9.68512
      vertex 2.6335 7.57938 9.68512
      vertex 3.06402 7.75742 9.68512
    endloop
  endfacet
  facet normal -0 0 1
    outer loop
      vertex 1.78418 10.2261 9.68512
      vertex 3.06402 7.75742 9.68512
      vertex 2.29106 10.4217 9.68512
    endloop
  endfacet
  facet normal 0 0 1
    outer loop
      vertex 2.29106 10.4217 9.68512
      vertex 3.06402 7.75742 9.68512
      vertex 3.50384 7.91103 9.68512
    endloop
  endfacet
  facet normal -0 0 1
    outer loop
      vertex 2.29106 10.4217 9.68512
      vertex 3.50384 7.91103 9.68512
      vertex 2.80692 10.5921 9.68512
    endloop
  endfacet
  facet normal 0 0 1
    outer loop
      vertex 2.80692 10.5921 9.68512
      vertex 3.50384 7.91103 9.68512
      vertex 3.9516 8.03972 9.68512
    endloop
  endfacet
  facet normal -0 0 1
    outer loop
      vertex 2.80692 10.5921 9.68512
      vertex 3.9516 8.03972 9.68512
      vertex 3.33052 10.737 9.68512
    endloop
  endfacet
  facet normal 0 0 1
    outer loop
      vertex 3.33052 10.737 9.68512
      vertex 3.9516 8.03972 9.68512
      vertex 4.40586 8.14309 9.68512
    endloop
  endfacet
  facet normal -0 0 1
    outer loop
      vertex 3.33052 10.737 9.68512
      vertex 4.40586 8.14309 9.68512
      vertex 3.86059 10.856 9.68512
    endloop
  endfacet
  facet normal 0 0 1
    outer loop
      vertex 3.86059 10.856 9.68512
      vertex 4.40586 8.14309 9.68512
      vertex 5.3282 10.3769 9.68512
    endloop
  endfacet
  facet normal -0 0 1
    outer loop
      vertex 3.86059 10.856 9.68512
      vertex 5.3282 10.3769 9.68512
      vertex 4.39588 10.9489 9.68512
    endloop
  endfacet
  facet normal -0 0 1
    outer loop
      vertex 4.39588 10.9489 9.68512
      vertex 5.3282 10.3769 9.68512
      vertex 4.93507 11.0154 9.68512
    endloop
  endfacet
  facet normal -0 0 1
    outer loop
      vertex 4.93507 11.0154 9.68512
      vertex 5.3282 10.3769 9.68512
      vertex 5.47688 11.0554 9.68512
    endloop
  endfacet
  facet normal -0 0 1
    outer loop
      vertex 5.47688 11.0554 9.68512
      vertex 5.3282 10.3769 9.68512
      vertex 6.01999 11.0687 9.68512
    endloop
  endfacet
  facet normal 0 0 1
    outer loop
      vertex 6.01999 11.0687 9.68512
      vertex 5.3282 10.3769 9.68512
      vertex 6.71179 10.3769 9.68512
    endloop
  endfacet
  facet normal 0 0 1
    outer loop
      vertex 6.01999 11.0687 9.68512
      vertex 6.71179 10.3769 9.68512
      vertex 6.56311 11.0554 9.68512
    endloop
  endfacet
  facet normal 0 0 1
    outer loop
      vertex 6.56311 11.0554 9.68512
      vertex 6.71179 10.3769 9.68512
      vertex 7.10491 11.0154 9.68512
    endloop
  endfacet
  facet normal 0 0 1
    outer loop
      vertex 7.10491 11.0154 9.68512
      vertex 6.71179 10.3769 9.68512
      vertex 7.64411 10.9489 9.68512
    endloop
  endfacet
  facet normal 0 0 1
    outer loop
      vertex 7.64411 10.9489 9.68512
      vertex 6.71179 10.3769 9.68512
      vertex 8.17939 10.856 9.68512
    endloop
  endfacet
  facet normal 0 0 1
    outer loop
      vertex 8.17939 10.856 9.68512
      vertex 6.71179 10.3769 9.68512
      vertex 7.63412 8.14309 9.68512
    endloop
  endfacet
  facet normal 0 0 1
    outer loop
      vertex 8.17939 10.856 9.68512
      vertex 7.63412 8.14309 9.68512
      vertex 8.70947 10.737 9.68512
    endloop
  endfacet
  facet normal 0 0 1
    outer loop
      vertex 8.70947 10.737 9.68512
      vertex 7.63412 8.14309 9.68512
      vertex 8.08839 8.03972 9.68512
    endloop
  endfacet
  facet normal 0 0 1
    outer loop
      vertex 8.70947 10.737 9.68512
      vertex 8.08839 8.03972 9.68512
      vertex 9.23307 10.5921 9.68512
    endloop
  endfacet
  facet normal 0 0 1
    outer loop
      vertex 9.23307 10.5921 9.68512
      vertex 8.08839 8.03972 9.68512
      vertex 8.53614 7.91103 9.68512
    endloop
  endfacet
  facet normal 0 0 1
    outer loop
      vertex 9.23307 10.5921 9.68512
      vertex 8.53614 7.91103 9.68512
      vertex 9.74893 10.4217 9.68512
    endloop
  endfacet
  facet normal 0 0 1
    outer loop
      vertex 9.74893 10.4217 9.68512
      vertex 8.53614 7.91103 9.68512
      vertex 8.97597 7.75742 9.68512
    endloop
  endfacet
  facet normal 0 0 1
    outer loop
      vertex 9.74893 10.4217 9.68512
      vertex 8.97597 7.75742 9.68512
      vertex 10.2558 10.2261 9.68512
    endloop
  endfacet
  facet normal 0 0 1
    outer loop
      vertex 10.2558 10.2261 9.68512
      vertex 8.97597 7.75742 9.68512
      vertex 9.40648 7.57938 9.68512
    endloop
  endfacet
  facet normal 0 0 1
    outer loop
      vertex 10.2558 10.2261 9.68512
      vertex 9.40648 7.57938 9.68512
      vertex 10.7525 10.006 9.68512
    endloop
  endfacet
  facet normal 0 0 1
    outer loop
      vertex 10.7525 10.006 9.68512
      vertex 9.40648 7.57938 9.68512
      vertex 9.82634 7.37747 9.68512
    endloop
  endfacet
  facet normal 0 0 1
    outer loop
      vertex 10.7525 10.006 9.68512
      vertex 9.82634 7.37747 9.68512
      vertex 11.2377 9.76173 9.68512
    endloop
  endfacet
  facet normal 0 0 1
    outer loop
      vertex 11.2377 9.76173 9.68512
      vertex 9.82634 7.37747 9.68512
      vertex 10.2342 7.15233 9.68512
    endloop
  endfacet
  facet normal 0 0 1
    outer loop
      vertex 11.2377 9.76173 9.68512
      vertex 10.2342 7.15233 9.68512
      vertex 11.7104 9.49394 9.68512
    endloop
  endfacet
  facet normal 0 0 1
    outer loop
      vertex 11.7104 9.49394 9.68512
      vertex 10.2342 7.15233 9.68512
      vertex 10.6288 6.90466 9.68512
    endloop
  endfacet
  facet normal 0 0 1
    outer loop
      vertex 11.7104 9.49394 9.68512
      vertex 10.6288 6.90466 9.68512
      vertex 12.1694 9.20329 9.68512
    endloop
  endfacet
  facet normal 0 0 1
    outer loop
      vertex 12.1694 9.20329 9.68512
      vertex 10.6288 6.90466 9.68512
      vertex 12.6136 8.89047 9.68512
    endloop
  endfacet
  facet normal 0 0 1
    outer loop
      vertex 12.6136 8.89047 9.68512
      vertex 10.6288 6.90466 9.68512
      vertex 11.0089 6.63524 9.68512
    endloop
  endfacet
  facet normal 0 0 1
    outer loop
      vertex 12.6136 8.89047 9.68512
      vertex 11.0089 6.63524 9.68512
      vertex 13.0419 8.55622 9.68512
    endloop
  endfacet
  facet normal 0 0 1
    outer loop
      vertex 13.0419 8.55622 9.68512
      vertex 11.0089 6.63524 9.68512
      vertex 11.3732 6.34493 9.68512
    endloop
  endfacet
  facet normal 0 0 1
    outer loop
      vertex 13.0419 8.55622 9.68512
      vertex 11.3732 6.34493 9.68512
      vertex 13.4533 8.20137 9.68512
    endloop
  endfacet
  facet normal 0 0 1
    outer loop
      vertex 13.4533 8.20137 9.68512
      vertex 11.3732 6.34493 9.68512
      vertex 11.7207 6.03464 9.68512
    endloop
  endfacet
  facet normal 0 0 1
    outer loop
      vertex 13.4533 8.20137 9.68512
      vertex 11.7207 6.03464 9.68512
      vertex 13.8467 7.82676 9.68512
    endloop
  endfacet
  facet normal 0 0 1
    outer loop
      vertex 13.8467 7.82676 9.68512
      vertex 11.7207 6.03464 9.68512
      vertex 12.0503 5.70534 9.68512
    endloop
  endfacet
  facet normal 0 0 1
    outer loop
      vertex 13.8467 7.82676 9.68512
      vertex 12.0503 5.70534 9.68512
      vertex 14.2214 7.43329 9.68512
    endloop
  endfacet
  facet normal 0 0 1
    outer loop
      vertex 14.2214 7.43329 9.68512
      vertex 12.0503 5.70534 9.68512
      vertex 12.3609 5.35807 9.68512
    endloop
  endfacet
  facet normal 0 0 1
    outer loop
      vertex 14.2214 7.43329 9.68512
      vertex 12.3609 5.35807 9.68512
      vertex 14.5762 7.02191 9.68512
    endloop
  endfacet
  facet normal 0 0 1
    outer loop
      vertex 14.5762 7.02191 9.68512
      vertex 12.3609 5.35807 9.68512
      vertex 12.6514 4.99392 9.68512
    endloop
  endfacet
  facet normal 0 0 1
    outer loop
      vertex 14.5762 7.02191 9.68512
      vertex 12.6514 4.99392 9.68512
      vertex 14.9105 6.59362 9.68512
    endloop
  endfacet
  facet normal 0 0 1
    outer loop
      vertex 14.9105 6.59362 9.68512
      vertex 12.6514 4.99392 9.68512
      vertex 12.9211 4.61405 9.68512
    endloop
  endfacet
  facet normal 0 0 1
    outer loop
      vertex 14.9105 6.59362 9.68512
      vertex 12.9211 4.61405 9.68512
      vertex 15.2233 6.14944 9.68512
    endloop
  endfacet
  facet normal 0 0 1
    outer loop
      vertex 15.2233 6.14944 9.68512
      vertex 12.9211 4.61405 9.68512
      vertex 15.5139 5.69045 9.68512
    endloop
  endfacet
  facet normal 0 0 1
    outer loop
      vertex 15.5139 5.69045 9.68512
      vertex 12.9211 4.61405 9.68512
      vertex 13.1691 4.21965 9.68512
    endloop
  endfacet
  facet normal 0 0 1
    outer loop
      vertex 15.5139 5.69045 9.68512
      vertex 13.1691 4.21965 9.68512
      vertex 15.7817 5.21775 9.68512
    endloop
  endfacet
  facet normal 0 0 1
    outer loop
      vertex 15.7817 5.21775 9.68512
      vertex 13.1691 4.21965 9.68512
      vertex 13.3946 3.81195 9.68512
    endloop
  endfacet
  facet normal 0 0 1
    outer loop
      vertex 15.7817 5.21775 9.68512
      vertex 13.3946 3.81195 9.68512
      vertex 16.026 4.73248 9.68512
    endloop
  endfacet
  facet normal 0 0 1
    outer loop
      vertex 16.026 4.73248 9.68512
      vertex 13.3946 3.81195 9.68512
      vertex 13.5968 3.39225 9.68512
    endloop
  endfacet
  facet normal 0 0 1
    outer loop
      vertex 16.026 4.73248 9.68512
      vertex 13.5968 3.39225 9.68512
      vertex 16.2461 4.23581 9.68512
    endloop
  endfacet
  facet normal 0 0 1
    outer loop
      vertex 16.2461 4.23581 9.68512
      vertex 13.5968 3.39225 9.68512
      vertex 13.7752 2.96187 9.68512
    endloop
  endfacet
  facet normal 0 0 1
    outer loop
      vertex 16.2461 4.23581 9.68512
      vertex 13.7752 2.96187 9.68512
      vertex 16.4417 3.72893 9.68512
    endloop
  endfacet
  facet normal 0 0 1
    outer loop
      vertex 16.4417 3.72893 9.68512
      vertex 13.7752 2.96187 9.68512
      vertex 13.9291 2.52216 9.68512
    endloop
  endfacet
  facet normal 0 0 1
    outer loop
      vertex 16.4417 3.72893 9.68512
      vertex 13.9291 2.52216 9.68512
      vertex 16.6121 3.21307 9.68512
    endloop
  endfacet
  facet normal 0 0 1
    outer loop
      vertex 16.6121 3.21307 9.68512
      vertex 13.9291 2.52216 9.68512
      vertex 14.0581 2.07451 9.68512
    endloop
  endfacet
  facet normal 0 0 1
    outer loop
      vertex 16.6121 3.21307 9.68512
      vertex 14.0581 2.07451 9.68512
      vertex 16.757 2.68948 9.68512
    endloop
  endfacet
  facet normal 0 0 1
    outer loop
      vertex 16.757 2.68948 9.68512
      vertex 14.0581 2.07451 9.68512
      vertex 14.1619 1.62032 9.68512
    endloop
  endfacet
  facet normal 0 0 1
    outer loop
      vertex 16.757 2.68948 9.68512
      vertex 14.1619 1.62032 9.68512
      vertex 16.876 2.1594 9.68512
    endloop
  endfacet
  facet normal 0 0 1
    outer loop
      vertex 16.876 2.1594 9.68512
      vertex 14.1619 1.62032 9.68512
      vertex 16.9689 1.62412 9.68512
    endloop
  endfacet
  facet normal 0 0 1
    outer loop
      vertex 16.9689 1.62412 9.68512
      vertex 14.1619 1.62032 9.68512
      vertex 14.2399 1.16103 9.68512
    endloop
  endfacet
  facet normal 0 0 1
    outer loop
      vertex 16.9689 1.62412 9.68512
      vertex 14.2399 1.16103 9.68512
      vertex 17.0354 1.08492 9.68512
    endloop
  endfacet
  facet normal 0 0 1
    outer loop
      vertex 17.0354 1.08492 9.68512
      vertex 14.2399 1.16103 9.68512
      vertex 14.2921 0.698085 9.68512
    endloop
  endfacet
  facet normal 0 0 1
    outer loop
      vertex 17.0354 1.08492 9.68512
      vertex 14.2921 0.698085 9.68512
      vertex 17.0754 0.543116 9.68512
    endloop
  endfacet
  facet normal 0 0 1
    outer loop
      vertex 17.0754 0.543116 9.68512
      vertex 14.2921 0.698085 9.68512
      vertex 14.3183 0.232939 9.68512
    endloop
  endfacet
  facet normal 0 0 1
    outer loop
      vertex 17.0754 0.543116 9.68512
      vertex 14.3183 0.232939 9.68512
      vertex 17.0887 0 9.68512
    endloop
  endfacet
  facet normal 0 0 1
    outer loop
      vertex 17.0887 0 9.68512
      vertex 14.3183 0.232939 9.68512
      vertex 14.3183 -0.232939 9.68512
    endloop
  endfacet
  facet normal 0 0 1
    outer loop
      vertex 17.0887 0 9.68512
      vertex 14.3183 -0.232939 9.68512
      vertex 17.0754 -0.543116 9.68512
    endloop
  endfacet
  facet normal 0 0 1
    outer loop
      vertex 17.0754 -0.543116 9.68512
      vertex 14.3183 -0.232939 9.68512
      vertex 14.2921 -0.698085 9.68512
    endloop
  endfacet
  facet normal 0 0 1
    outer loop
      vertex 17.0754 -0.543116 9.68512
      vertex 14.2921 -0.698085 9.68512
      vertex 17.0354 -1.08492 9.68512
    endloop
  endfacet
  facet normal 0 0 1
    outer loop
      vertex 17.0354 -1.08492 9.68512
      vertex 14.2921 -0.698085 9.68512
      vertex 14.2399 -1.16103 9.68512
    endloop
  endfacet
  facet normal 0 0 1
    outer loop
      vertex 17.0354 -1.08492 9.68512
      vertex 14.2399 -1.16103 9.68512
      vertex 16.9689 -1.62412 9.68512
    endloop
  endfacet
  facet normal 0 0 1
    outer loop
      vertex 16.9689 -1.62412 9.68512
      vertex 14.2399 -1.16103 9.68512
      vertex 14.1619 -1.62032 9.68512
    endloop
  endfacet
  facet normal 0 0 1
    outer loop
      vertex 16.9689 -1.62412 9.68512
      vertex 14.1619 -1.62032 9.68512
      vertex 16.876 -2.1594 9.68512
    endloop
  endfacet
  facet normal 0 0 1
    outer loop
      vertex 16.876 -2.1594 9.68512
      vertex 14.1619 -1.62032 9.68512
      vertex 16.757 -2.68948 9.68512
    endloop
  endfacet
  facet normal 0 0 1
    outer loop
      vertex 16.757 -2.68948 9.68512
      vertex 14.1619 -1.62032 9.68512
      vertex 14.0581 -2.07451 9.68512
    endloop
  endfacet
  facet normal 0 0 1
    outer loop
      vertex 16.757 -2.68948 9.68512
      vertex 14.0581 -2.07451 9.68512
      vertex 16.6121 -3.21307 9.68512
    endloop
  endfacet
  facet normal 0 0 1
    outer loop
      vertex 16.6121 -3.21307 9.68512
      vertex 14.0581 -2.07451 9.68512
      vertex 13.9291 -2.52216 9.68512
    endloop
  endfacet
  facet normal 0 0 1
    outer loop
      vertex 16.6121 -3.21307 9.68512
      vertex 13.9291 -2.52216 9.68512
      vertex 16.4417 -3.72893 9.68512
    endloop
  endfacet
  facet normal 0 0 1
    outer loop
      vertex 16.4417 -3.72893 9.68512
      vertex 13.9291 -2.52216 9.68512
      vertex 13.7752 -2.96187 9.68512
    endloop
  endfacet
  facet normal 0 0 1
    outer loop
      vertex 16.4417 -3.72893 9.68512
      vertex 13.7752 -2.96187 9.68512
      vertex 16.2461 -4.23581 9.68512
    endloop
  endfacet
  facet normal 0 0 1
    outer loop
      vertex 16.2461 -4.23581 9.68512
      vertex 13.7752 -2.96187 9.68512
      vertex 13.5968 -3.39225 9.68512
    endloop
  endfacet
  facet normal 0 0 1
    outer loop
      vertex 16.2461 -4.23581 9.68512
      vertex 13.5968 -3.39225 9.68512
      vertex 16.026 -4.73248 9.68512
    endloop
  endfacet
  facet normal 0 0 1
    outer loop
      vertex 16.026 -4.73248 9.68512
      vertex 13.5968 -3.39225 9.68512
      vertex 13.3946 -3.81195 9.68512
    endloop
  endfacet
  facet normal 0 0 1
    outer loop
      vertex 16.026 -4.73248 9.68512
      vertex 13.3946 -3.81195 9.68512
      vertex 15.7817 -5.21775 9.68512
    endloop
  endfacet
  facet normal 0 0 1
    outer loop
      vertex 15.7817 -5.21775 9.68512
      vertex 13.3946 -3.81195 9.68512
      vertex 13.1691 -4.21965 9.68512
    endloop
  endfacet
  facet normal 0 0 1
    outer loop
      vertex 15.7817 -5.21775 9.68512
      vertex 13.1691 -4.21965 9.68512
      vertex 15.5139 -5.69045 9.68512
    endloop
  endfacet
  facet normal 0 0 1
    outer loop
      vertex 15.5139 -5.69045 9.68512
      vertex 13.1691 -4.21965 9.68512
      vertex 12.9211 -4.61405 9.68512
    endloop
  endfacet
  facet normal 0 0 1
    outer loop
      vertex 15.5139 -5.69045 9.68512
      vertex 12.9211 -4.61405 9.68512
      vertex 15.2233 -6.14944 9.68512
    endloop
  endfacet
  facet normal 0 0 1
    outer loop
      vertex 15.2233 -6.14944 9.68512
      vertex 12.9211 -4.61405 9.68512
      vertex 14.9105 -6.59362 9.68512
    endloop
  endfacet
  facet normal 0 0 1
    outer loop
      vertex 14.9105 -6.59362 9.68512
      vertex 12.9211 -4.61405 9.68512
      vertex 12.6514 -4.99392 9.68512
    endloop
  endfacet
  facet normal 0 0 1
    outer loop
      vertex 14.9105 -6.59362 9.68512
      vertex 12.6514 -4.99392 9.68512
      vertex 14.5762 -7.02191 9.68512
    endloop
  endfacet
  facet normal 0 0 1
    outer loop
      vertex 14.5762 -7.02191 9.68512
      vertex 12.6514 -4.99392 9.68512
      vertex 12.3609 -5.35807 9.68512
    endloop
  endfacet
  facet normal 0 0 1
    outer loop
      vertex 14.5762 -7.02191 9.68512
      vertex 12.3609 -5.35807 9.68512
      vertex 14.2214 -7.43329 9.68512
    endloop
  endfacet
  facet normal 0 0 1
    outer loop
      vertex 14.2214 -7.43329 9.68512
      vertex 12.3609 -5.35807 9.68512
      vertex 12.0503 -5.70534 9.68512
    endloop
  endfacet
  facet normal 0 0 1
    outer loop
      vertex 14.2214 -7.43329 9.68512
      vertex 12.0503 -5.70534 9.68512
      vertex 13.8467 -7.82676 9.68512
    endloop
  endfacet
  facet normal 0 0 1
    outer loop
      vertex 13.8467 -7.82676 9.68512
      vertex 12.0503 -5.70534 9.68512
      vertex 11.7207 -6.03464 9.68512
    endloop
  endfacet
  facet normal 0 0 1
    outer loop
      vertex 13.8467 -7.82676 9.68512
      vertex 11.7207 -6.03464 9.68512
      vertex 13.4533 -8.20137 9.68512
    endloop
  endfacet
  facet normal 0 0 1
    outer loop
      vertex 13.4533 -8.20137 9.68512
      vertex 11.7207 -6.03464 9.68512
      vertex 11.3732 -6.34493 9.68512
    endloop
  endfacet
  facet normal 0 0 1
    outer loop
      vertex 13.4533 -8.20137 9.68512
      vertex 11.3732 -6.34493 9.68512
      vertex 13.0419 -8.55622 9.68512
    endloop
  endfacet
  facet normal 0 0 1
    outer loop
      vertex 13.0419 -8.55622 9.68512
      vertex 11.3732 -6.34493 9.68512
      vertex 11.0089 -6.63524 9.68512
    endloop
  endfacet
  facet normal 0 0 1
    outer loop
      vertex 13.0419 -8.55622 9.68512
      vertex 11.0089 -6.63524 9.68512
      vertex 12.6136 -8.89047 9.68512
    endloop
  endfacet
  facet normal 0 0 1
    outer loop
      vertex 12.6136 -8.89047 9.68512
      vertex 11.0089 -6.63524 9.68512
      vertex 10.6288 -6.90466 9.68512
    endloop
  endfacet
  facet normal 0 0 1
    outer loop
      vertex 12.6136 -8.89047 9.68512
      vertex 10.6288 -6.90466 9.68512
      vertex 12.1694 -9.20329 9.68512
    endloop
  endfacet
  facet normal 0 0 1
    outer loop
      vertex 12.1694 -9.20329 9.68512
      vertex 10.6288 -6.90466 9.68512
      vertex 11.7104 -9.49394 9.68512
    endloop
  endfacet
  facet normal 0 0 1
    outer loop
      vertex 11.7104 -9.49394 9.68512
      vertex 10.6288 -6.90466 9.68512
      vertex 10.2342 -7.15233 9.68512
    endloop
  endfacet
  facet normal 0 0 1
    outer loop
      vertex 11.7104 -9.49394 9.68512
      vertex 10.2342 -7.15233 9.68512
      vertex 11.2377 -9.76173 9.68512
    endloop
  endfacet
  facet normal 0 0 1
    outer loop
      vertex 11.2377 -9.76173 9.68512
      vertex 10.2342 -7.15233 9.68512
      vertex 9.82634 -7.37747 9.68512
    endloop
  endfacet
  facet normal 0 0 1
    outer loop
      vertex 11.2377 -9.76173 9.68512
      vertex 9.82634 -7.37747 9.68512
      vertex 10.7525 -10.006 9.68512
    endloop
  endfacet
  facet normal 0 0 1
    outer loop
      vertex 10.7525 -10.006 9.68512
      vertex 9.82634 -7.37747 9.68512
      vertex 9.40648 -7.57938 9.68512
    endloop
  endfacet
  facet normal 0 0 1
    outer loop
      vertex 10.7525 -10.006 9.68512
      vertex 9.40648 -7.57938 9.68512
      vertex 10.2558 -10.2261 9.68512
    endloop
  endfacet
  facet normal 0 0 1
    outer loop
      vertex 10.2558 -10.2261 9.68512
      vertex 9.40648 -7.57938 9.68512
      vertex 8.97597 -7.75742 9.68512
    endloop
  endfacet
  facet normal 0 0 1
    outer loop
      vertex 10.2558 -10.2261 9.68512
      vertex 8.97597 -7.75742 9.68512
      vertex 9.74893 -10.4217 9.68512
    endloop
  endfacet
  facet normal 0 0 1
    outer loop
      vertex 9.74893 -10.4217 9.68512
      vertex 8.97597 -7.75742 9.68512
      vertex 8.53614 -7.91103 9.68512
    endloop
  endfacet
  facet normal 0 0 1
    outer loop
      vertex 9.74893 -10.4217 9.68512
      vertex 8.53614 -7.91103 9.68512
      vertex 9.23307 -10.5921 9.68512
    endloop
  endfacet
  facet normal 0 0 1
    outer loop
      vertex 9.23307 -10.5921 9.68512
      vertex 8.53614 -7.91103 9.68512
      vertex 8.08839 -8.03972 9.68512
    endloop
  endfacet
  facet normal 0 0 1
    outer loop
      vertex 9.23307 -10.5921 9.68512
      vertex 8.08839 -8.03972 9.68512
      vertex 8.70947 -10.737 9.68512
    endloop
  endfacet
  facet normal 0 0 1
    outer loop
      vertex 8.70947 -10.737 9.68512
      vertex 8.08839 -8.03972 9.68512
      vertex 7.63412 -8.14309 9.68512
    endloop
  endfacet
  facet normal 0 0 1
    outer loop
      vertex 8.70947 -10.737 9.68512
      vertex 7.63412 -8.14309 9.68512
      vertex 8.17939 -10.856 9.68512
    endloop
  endfacet
  facet normal 0 0 1
    outer loop
      vertex 8.17939 -10.856 9.68512
      vertex 7.63412 -8.14309 9.68512
      vertex 6.71179 -10.3769 9.68512
    endloop
  endfacet
  facet normal 0 0 1
    outer loop
      vertex 8.17939 -10.856 9.68512
      vertex 6.71179 -10.3769 9.68512
      vertex 7.64411 -10.9489 9.68512
    endloop
  endfacet
  facet normal 0 0 1
    outer loop
      vertex 7.64411 -10.9489 9.68512
      vertex 6.71179 -10.3769 9.68512
      vertex 7.10491 -11.0154 9.68512
    endloop
  endfacet
  facet normal 0 0 1
    outer loop
      vertex 7.10491 -11.0154 9.68512
      vertex 6.71179 -10.3769 9.68512
      vertex 6.56311 -11.0554 9.68512
    endloop
  endfacet
  facet normal 0 -0 1
    outer loop
      vertex 6.56311 -11.0554 9.68512
      vertex 6.71179 -10.3769 9.68512
      vertex 6.01999 -11.0687 9.68512
    endloop
  endfacet
  facet normal 0 -0 1
    outer loop
      vertex 6.01999 -11.0687 9.68512
      vertex 6.71179 -10.3769 9.68512
      vertex 5.3282 -10.3769 9.68512
    endloop
  endfacet
  facet normal 0 0 1
    outer loop
      vertex 6.01999 -11.0687 9.68512
      vertex 5.3282 -10.3769 9.68512
      vertex 5.47688 -11.0554 9.68512
    endloop
  endfacet
  facet normal 0 0 1
    outer loop
      vertex 5.47688 -11.0554 9.68512
      vertex 5.3282 -10.3769 9.68512
      vertex 4.93507 -11.0154 9.68512
    endloop
  endfacet
  facet normal 0 -0 1
    outer loop
      vertex 4.93507 -11.0154 9.68512
      vertex 5.3282 -10.3769 9.68512
      vertex 4.39588 -10.9489 9.68512
    endloop
  endfacet
  facet normal 0 -0 1
    outer loop
      vertex 4.39588 -10.9489 9.68512
      vertex 5.3282 -10.3769 9.68512
      vertex 3.86059 -10.856 9.68512
    endloop
  endfacet
  facet normal 0 0 1
    outer loop
      vertex 4.40586 8.14309 9.68512
      vertex 4.86521 8.22082 9.68512
      vertex 5.3282 10.3769 9.68512
    endloop
  endfacet
  facet normal 0 0 1
    outer loop
      vertex 5.3282 10.3769 9.68512
      vertex 4.86521 8.22082 9.68512
      vertex 5.3282 8.27265 9.68512
    endloop
  endfacet
  facet normal -0 0 1
    outer loop
      vertex 6.71179 8.27265 9.68512
      vertex 7.17477 8.22082 9.68512
      vertex 6.71179 10.3769 9.68512
    endloop
  endfacet
  facet normal 0 0 1
    outer loop
      vertex 6.71179 10.3769 9.68512
      vertex 7.17477 8.22082 9.68512
      vertex 7.63412 8.14309 9.68512
    endloop
  endfacet
  facet normal 0 0 1
    outer loop
      vertex 7.63412 -8.14309 9.68512
      vertex 7.17477 -8.22082 9.68512
      vertex 6.71179 -10.3769 9.68512
    endloop
  endfacet
  facet normal 0 0 1
    outer loop
      vertex 6.71179 -10.3769 9.68512
      vertex 7.17477 -8.22082 9.68512
      vertex 6.71179 -8.27265 9.68512
    endloop
  endfacet
  facet normal 0.499984 -0.866035 -7.57391e-05
    outer loop
      vertex 21.0541 -23.2727 10.3761
      vertex 18.3599 -24.8281 10.0306
      vertex 21.6495 -22.9289 9.68512
    endloop
  endfacet
  facet normal 0.500023 -0.866012 0.000425735
    outer loop
      vertex 21.6495 -22.9289 9.68512
      vertex 18.3599 -24.8281 10.0306
      vertex 18.2111 -24.9141 9.85785
    endloop
  endfacet
  facet normal 0.499995 -0.866028 -0.000332248
    outer loop
      vertex 21.6495 -22.9289 9.68512
      vertex 18.2111 -24.9141 9.85785
      vertex 18.0622 -25 9.68512
    endloop
  endfacet
  facet normal 0.499967 -0.866044 0.000489785
    outer loop
      vertex 18.6576 -24.6562 10.3761
      vertex 18.5088 -24.7422 10.2033
      vertex 21.0541 -23.2727 10.3761
    endloop
  endfacet
  facet normal 0.50001 -0.866019 -0.000350054
    outer loop
      vertex 21.0541 -23.2727 10.3761
      vertex 18.5088 -24.7422 10.2033
      vertex 18.3599 -24.8281 10.0306
    endloop
  endfacet
  facet normal 0.10519 0.994452 0
    outer loop
      vertex 5.3282 -8.27265 9.68512
      vertex 5.3282 -8.27265 1.38359
      vertex 4.96555 -8.23429 3.11307
    endloop
  endfacet
  facet normal 0.111251 0.993791 0.0012856
    outer loop
      vertex 4.96555 -8.23429 3.11307
      vertex 5.3282 -8.27265 1.38359
      vertex 4.86521 -8.22082 1.38359
    endloop
  endfacet
  facet normal 0.155028 0.987909 -0.00130002
    outer loop
      vertex 4.96555 -8.23429 3.11307
      vertex 4.86521 -8.22082 1.38359
      vertex 4.50138 -8.16145 3.11307
    endloop
  endfacet
  facet normal 0.166845 0.985982 0.00125215
    outer loop
      vertex 4.50138 -8.16145 3.11307
      vertex 4.86521 -8.22082 1.38359
      vertex 4.40586 -8.14309 1.38359
    endloop
  endfacet
  facet normal 0.210686 0.977553 -0.00125866
    outer loop
      vertex 4.50138 -8.16145 3.11307
      vertex 4.40586 -8.14309 1.38359
      vertex 4.04208 -8.06246 3.11307
    endloop
  endfacet
  facet normal 0.221884 0.975072 0.00121253
    outer loop
      vertex 4.04208 -8.06246 3.11307
      vertex 4.40586 -8.14309 1.38359
      vertex 3.9516 -8.03972 1.38359
    endloop
  endfacet
  facet normal 0.265657 0.964067 -0.00122222
    outer loop
      vertex 4.04208 -8.06246 3.11307
      vertex 3.9516 -8.03972 1.38359
      vertex 3.58911 -7.93764 3.11307
    endloop
  endfacet
  facet normal 0.276226 0.961092 0.00116849
    outer loop
      vertex 3.58911 -7.93764 3.11307
      vertex 3.9516 -8.03972 1.38359
      vertex 3.50384 -7.91103 1.38359
    endloop
  endfacet
  facet normal 0.319769 0.947495 -0.00118757
    outer loop
      vertex 3.58911 -7.93764 3.11307
      vertex 3.50384 -7.91103 1.38359
      vertex 3.14394 -7.7874 3.11307
    endloop
  endfacet
  facet normal 0.329725 0.944076 0.00112855
    outer loop
      vertex 3.14394 -7.7874 3.11307
      vertex 3.50384 -7.91103 1.38359
      vertex 3.06402 -7.75742 1.38359
    endloop
  endfacet
  facet normal 0.372843 0.927894 -0.00114449
    outer loop
      vertex 3.14394 -7.7874 3.11307
      vertex 3.06402 -7.75742 1.38359
      vertex 2.70797 -7.61222 3.11307
    endloop
  endfacet
  facet normal 0.382157 0.924097 0.00109172
    outer loop
      vertex 2.70797 -7.61222 3.11307
      vertex 3.06402 -7.75742 1.38359
      vertex 2.6335 -7.57938 1.38359
    endloop
  endfacet
  facet normal 0.424752 0.905309 -0.00109914
    outer loop
      vertex 2.70797 -7.61222 3.11307
      vertex 2.6335 -7.57938 1.38359
      vertex 2.28261 -7.41265 3.11307
    endloop
  endfacet
  facet normal 0.433397 0.901202 0.00105074
    outer loop
      vertex 2.28261 -7.41265 3.11307
      vertex 2.6335 -7.57938 1.38359
      vertex 2.21365 -7.37747 1.38359
    endloop
  endfacet
  facet normal 0.475305 0.879821 -0.00105519
    outer loop
      vertex 2.28261 -7.41265 3.11307
      vertex 2.21365 -7.37747 1.38359
      vertex 1.86923 -7.18933 3.11307
    endloop
  endfacet
  facet normal 0.483255 0.875479 0.0010004
    outer loop
      vertex 1.86923 -7.18933 3.11307
      vertex 2.21365 -7.37747 1.38359
      vertex 1.80578 -7.15233 1.38359
    endloop
  endfacet
  facet normal 0.524299 0.851534 -0.00101766
    outer loop
      vertex 1.86923 -7.18933 3.11307
      vertex 1.80578 -7.15233 1.38359
      vertex 1.46914 -6.94299 3.11307
    endloop
  endfacet
  facet normal 0.53162 0.846982 0.000958339
    outer loop
      vertex 1.46914 -6.94299 3.11307
      vertex 1.80578 -7.15233 1.38359
      vertex 1.41119 -6.90466 1.38359
    endloop
  endfacet
  facet normal 0.571651 0.820496 -0.000969968
    outer loop
      vertex 1.46914 -6.94299 3.11307
      vertex 1.41119 -6.90466 1.38359
      vertex 1.08363 -6.6744 3.11307
    endloop
  endfacet
  facet normal 0.578298 0.815825 0.00091096
    outer loop
      vertex 1.08363 -6.6744 3.11307
      vertex 1.41119 -6.90466 1.38359
      vertex 1.03111 -6.63524 1.38359
    endloop
  endfacet
  facet normal 0.617138 0.786855 -0.000924461
    outer loop
      vertex 1.08363 -6.6744 3.11307
      vertex 1.03111 -6.63524 1.38359
      vertex 0.713929 -6.38444 3.11307
    endloop
  endfacet
  facet normal 0.623151 0.782101 0.000867642
    outer loop
      vertex 0.713929 -6.38444 3.11307
      vertex 1.03111 -6.63524 1.38359
      vertex 0.666749 -6.34493 1.38359
    endloop
  endfacet
  facet normal 0.660679 0.750668 -0.000874234
    outer loop
      vertex 0.713929 -6.38444 3.11307
      vertex 0.666749 -6.34493 1.38359
      vertex 0.361228 -6.07402 3.11307
    endloop
  endfacet
  facet normal 0.666036 0.74592 0.00081574
    outer loop
      vertex 0.361228 -6.07402 3.11307
      vertex 0.666749 -6.34493 1.38359
      vertex 0.319243 -6.03464 1.38359
    endloop
  endfacet
  facet normal 0.702082 0.712096 -0.000829468
    outer loop
      vertex 0.361228 -6.07402 3.11307
      vertex 0.319243 -6.03464 1.38359
      vertex 0.0266527 -5.74415 3.11307
    endloop
  endfacet
  facet normal 0.706837 0.707376 0.000767789
    outer loop
      vertex 0.0266527 -5.74415 3.11307
      vertex 0.319243 -6.03464 1.38359
      vertex -0.0103083 -5.70534 1.38359
    endloop
  endfacet
  facet normal 0.741244 0.671235 -0.000778547
    outer loop
      vertex 0.0266527 -5.74415 3.11307
      vertex -0.0103083 -5.70534 1.38359
      vertex -0.288724 -5.39588 3.11307
    endloop
  endfacet
  facet normal 0.745408 0.666608 0.000719752
    outer loop
      vertex -0.288724 -5.39588 3.11307
      vertex -0.0103083 -5.70534 1.38359
      vertex -0.320867 -5.35807 1.38359
    endloop
  endfacet
  facet normal 0.778038 0.628217 -0.000725985
    outer loop
      vertex -0.288724 -5.39588 3.11307
      vertex -0.320867 -5.35807 1.38359
      vertex -0.583891 -5.03032 3.11307
    endloop
  endfacet
  facet normal 0.781632 0.623739 0.000669346
    outer loop
      vertex -0.583891 -5.03032 3.11307
      vertex -0.320867 -5.35807 1.38359
      vertex -0.611457 -4.99392 1.38359
    endloop
  endfacet
  facet normal 0.812329 0.583199 -0.000673163
    outer loop
      vertex -0.583891 -5.03032 3.11307
      vertex -0.611457 -4.99392 1.38359
      vertex -0.857905 -4.64865 3.11307
    endloop
  endfacet
  facet normal 0.815387 0.578917 0.000617458
    outer loop
      vertex -0.857905 -4.64865 3.11307
      vertex -0.611457 -4.99392 1.38359
      vertex -0.881161 -4.61405 1.38359
    endloop
  endfacet
  facet normal 0.844025 0.536303 -0.000620166
    outer loop
      vertex -0.857905 -4.64865 3.11307
      vertex -0.881161 -4.61405 1.38359
      vertex -1.10989 -4.25208 3.11307
    endloop
  endfacet
  facet normal 0.846578 0.532264 0.000562698
    outer loop
      vertex -1.10989 -4.25208 3.11307
      vertex -0.881161 -4.61405 1.38359
      vertex -1.12913 -4.21965 1.38359
    endloop
  endfacet
  facet normal 0.873014 0.487694 -0.000567144
    outer loop
      vertex -1.10989 -4.25208 3.11307
      vertex -1.12913 -4.21965 1.38359
      vertex -1.33903 -3.8419 3.11307
    endloop
  endfacet
  facet normal 0.875103 0.483936 0.000507252
    outer loop
      vertex -1.33903 -3.8419 3.11307
      vertex -1.12913 -4.21965 1.38359
      vertex -1.35459 -3.81195 1.38359
    endloop
  endfacet
  facet normal 0.899206 0.437525 -0.000513324
    outer loop
      vertex -1.33903 -3.8419 3.11307
      vertex -1.35459 -3.81195 1.38359
      vertex -1.5446 -3.41941 3.11307
    endloop
  endfacet
  facet normal 0.900882 0.434063 0.000456432
    outer loop
      vertex -1.5446 -3.41941 3.11307
      vertex -1.35459 -3.81195 1.38359
      vertex -1.55681 -3.39225 1.38359
    endloop
  endfacet
  facet normal 0.922524 0.385939 -0.000452114
    outer loop
      vertex -1.5446 -3.41941 3.11307
      vertex -1.55681 -3.39225 1.38359
      vertex -1.72593 -2.98597 3.11307
    endloop
  endfacet
  facet normal 0.923803 0.382868 0.000394304
    outer loop
      vertex -1.72593 -2.98597 3.11307
      vertex -1.55681 -3.39225 1.38359
      vertex -1.73518 -2.96187 1.38359
    endloop
  endfacet
  facet normal 0.942874 0.333148 -0.00040053
    outer loop
      vertex -1.72593 -2.98597 3.11307
      vertex -1.73518 -2.96187 1.38359
      vertex -1.88246 -2.54296 3.11307
    endloop
  endfacet
  facet normal 0.943831 0.33043 0.000339424
    outer loop
      vertex -1.88246 -2.54296 3.11307
      vertex -1.73518 -2.96187 1.38359
      vertex -1.88912 -2.52216 1.38359
    endloop
  endfacet
  facet normal 0.960216 0.279258 -0.000339106
    outer loop
      vertex -1.88246 -2.54296 3.11307
      vertex -1.88912 -2.52216 1.38359
      vertex -2.01367 -2.0918 3.11307
    endloop
  endfacet
  facet normal 0.960881 0.276963 0.00027982
    outer loop
      vertex -2.01367 -2.0918 3.11307
      vertex -1.88912 -2.52216 1.38359
      vertex -2.01815 -2.07451 1.38359
    endloop
  endfacet
  facet normal 0.974474 0.2245 -0.000279871
    outer loop
      vertex -2.01367 -2.0918 3.11307
      vertex -2.01815 -2.07451 1.38359
      vertex -2.11915 -1.63395 3.11307
    endloop
  endfacet
  facet normal 0.974903 0.222631 0.000221297
    outer loop
      vertex -2.11915 -1.63395 3.11307
      vertex -2.01815 -2.07451 1.38359
      vertex -2.12187 -1.62032 1.38359
    endloop
  endfacet
  facet normal 0.985618 0.168991 -0.000218293
    outer loop
      vertex -2.11915 -1.63395 3.11307
      vertex -2.12187 -1.62032 1.38359
      vertex -2.19855 -1.17086 3.11307
    endloop
  endfacet
  facet normal 0.985856 0.167597 0.000154544
    outer loop
      vertex -2.19855 -1.17086 3.11307
      vertex -2.12187 -1.62032 1.38359
      vertex -2.19995 -1.16103 1.38359
    endloop
  endfacet
  facet normal 0.993598 0.112972 -0.000162198
    outer loop
      vertex -2.19855 -1.17086 3.11307
      vertex -2.19995 -1.16103 1.38359
      vertex -2.25163 -0.704019 3.11307
    endloop
  endfacet
  facet normal 0.993708 0.112004 9.70104e-05
    outer loop
      vertex -2.25163 -0.704019 3.11307
      vertex -2.19995 -1.16103 1.38359
      vertex -2.25213 -0.698085 1.38359
    endloop
  endfacet
  facet normal 0.998405 0.0564607 -9.49214e-05
    outer loop
      vertex -2.25163 -0.704019 3.11307
      vertex -2.25213 -0.698085 1.38359
      vertex -2.27827 -0.232939 3.11307
    endloop
  endfacet
  facet normal 0.998425 0.0561089 0
    outer loop
      vertex -2.27827 -0.232939 3.11307
      vertex -2.25213 -0.698085 1.38359
      vertex -2.27827 -0.232939 1.38359
    endloop
  endfacet
  facet normal 1 -0 0
    outer loop
      vertex -2.27827 -0.232939 3.11307
      vertex -2.27827 -0.232939 1.38359
      vertex -2.27827 0.232939 3.11307
    endloop
  endfacet
  facet normal 1 0 0
    outer loop
      vertex -2.27827 0.232939 3.11307
      vertex -2.27827 -0.232939 1.38359
      vertex -2.27827 0.232939 1.38359
    endloop
  endfacet
  facet normal 0.998425 -0.0561089 0
    outer loop
      vertex -2.27827 0.232939 3.11307
      vertex -2.27827 0.232939 1.38359
      vertex -2.25213 0.698085 1.38359
    endloop
  endfacet
  facet normal 0.998405 -0.0564607 -9.49214e-05
    outer loop
      vertex -2.27827 0.232939 3.11307
      vertex -2.25213 0.698085 1.38359
      vertex -2.25163 0.704019 3.11307
    endloop
  endfacet
  facet normal 0.993708 -0.112004 9.70104e-05
    outer loop
      vertex -2.25163 0.704019 3.11307
      vertex -2.25213 0.698085 1.38359
      vertex -2.19995 1.16103 1.38359
    endloop
  endfacet
  facet normal 0.993598 -0.112972 -0.000162198
    outer loop
      vertex -2.25163 0.704019 3.11307
      vertex -2.19995 1.16103 1.38359
      vertex -2.19855 1.17086 3.11307
    endloop
  endfacet
  facet normal 0.985856 -0.167597 0.000154544
    outer loop
      vertex -2.19855 1.17086 3.11307
      vertex -2.19995 1.16103 1.38359
      vertex -2.12187 1.62032 1.38359
    endloop
  endfacet
  facet normal 0.985618 -0.168991 -0.000218293
    outer loop
      vertex -2.19855 1.17086 3.11307
      vertex -2.12187 1.62032 1.38359
      vertex -2.11915 1.63395 3.11307
    endloop
  endfacet
  facet normal 0.974903 -0.222631 0.000221297
    outer loop
      vertex -2.11915 1.63395 3.11307
      vertex -2.12187 1.62032 1.38359
      vertex -2.01815 2.07451 1.38359
    endloop
  endfacet
  facet normal 0.974474 -0.2245 -0.000279871
    outer loop
      vertex -2.11915 1.63395 3.11307
      vertex -2.01815 2.07451 1.38359
      vertex -2.01367 2.0918 3.11307
    endloop
  endfacet
  facet normal 0.960881 -0.276963 0.00027982
    outer loop
      vertex -2.01367 2.0918 3.11307
      vertex -2.01815 2.07451 1.38359
      vertex -1.88912 2.52216 1.38359
    endloop
  endfacet
  facet normal 0.960216 -0.279258 -0.000339106
    outer loop
      vertex -2.01367 2.0918 3.11307
      vertex -1.88912 2.52216 1.38359
      vertex -1.88246 2.54296 3.11307
    endloop
  endfacet
  facet normal 0.943831 -0.33043 0.000339424
    outer loop
      vertex -1.88246 2.54296 3.11307
      vertex -1.88912 2.52216 1.38359
      vertex -1.73518 2.96187 1.38359
    endloop
  endfacet
  facet normal 0.942874 -0.333148 -0.00040053
    outer loop
      vertex -1.88246 2.54296 3.11307
      vertex -1.73518 2.96187 1.38359
      vertex -1.72593 2.98597 3.11307
    endloop
  endfacet
  facet normal 0.923803 -0.382868 0.000394304
    outer loop
      vertex -1.72593 2.98597 3.11307
      vertex -1.73518 2.96187 1.38359
      vertex -1.55681 3.39225 1.38359
    endloop
  endfacet
  facet normal 0.922524 -0.385939 -0.000452114
    outer loop
      vertex -1.72593 2.98597 3.11307
      vertex -1.55681 3.39225 1.38359
      vertex -1.5446 3.41941 3.11307
    endloop
  endfacet
  facet normal 0.900882 -0.434063 0.000456432
    outer loop
      vertex -1.5446 3.41941 3.11307
      vertex -1.55681 3.39225 1.38359
      vertex -1.35459 3.81195 1.38359
    endloop
  endfacet
  facet normal 0.899206 -0.437525 -0.000513324
    outer loop
      vertex -1.5446 3.41941 3.11307
      vertex -1.35459 3.81195 1.38359
      vertex -1.33903 3.8419 3.11307
    endloop
  endfacet
  facet normal 0.875103 -0.483936 0.000507252
    outer loop
      vertex -1.33903 3.8419 3.11307
      vertex -1.35459 3.81195 1.38359
      vertex -1.12913 4.21965 1.38359
    endloop
  endfacet
  facet normal 0.873014 -0.487694 -0.000567144
    outer loop
      vertex -1.33903 3.8419 3.11307
      vertex -1.12913 4.21965 1.38359
      vertex -1.10989 4.25208 3.11307
    endloop
  endfacet
  facet normal 0.846578 -0.532264 0.000562698
    outer loop
      vertex -1.10989 4.25208 3.11307
      vertex -1.12913 4.21965 1.38359
      vertex -0.881161 4.61405 1.38359
    endloop
  endfacet
  facet normal 0.844025 -0.536303 -0.000620166
    outer loop
      vertex -1.10989 4.25208 3.11307
      vertex -0.881161 4.61405 1.38359
      vertex -0.857905 4.64865 3.11307
    endloop
  endfacet
  facet normal 0.815387 -0.578917 0.000617458
    outer loop
      vertex -0.857905 4.64865 3.11307
      vertex -0.881161 4.61405 1.38359
      vertex -0.611457 4.99392 1.38359
    endloop
  endfacet
  facet normal 0.812329 -0.583199 -0.000673163
    outer loop
      vertex -0.857905 4.64865 3.11307
      vertex -0.611457 4.99392 1.38359
      vertex -0.583891 5.03032 3.11307
    endloop
  endfacet
  facet normal 0.781632 -0.623739 0.000669346
    outer loop
      vertex -0.583891 5.03032 3.11307
      vertex -0.611457 4.99392 1.38359
      vertex -0.320867 5.35807 1.38359
    endloop
  endfacet
  facet normal 0.778038 -0.628217 -0.000725985
    outer loop
      vertex -0.583891 5.03032 3.11307
      vertex -0.320867 5.35807 1.38359
      vertex -0.288724 5.39588 3.11307
    endloop
  endfacet
  facet normal 0.745408 -0.666608 0.000719752
    outer loop
      vertex -0.288724 5.39588 3.11307
      vertex -0.320867 5.35807 1.38359
      vertex -0.0103083 5.70534 1.38359
    endloop
  endfacet
  facet normal 0.741244 -0.671235 -0.000778547
    outer loop
      vertex -0.288724 5.39588 3.11307
      vertex -0.0103083 5.70534 1.38359
      vertex 0.0266527 5.74415 3.11307
    endloop
  endfacet
  facet normal 0.706837 -0.707376 0.000767789
    outer loop
      vertex 0.0266527 5.74415 3.11307
      vertex -0.0103083 5.70534 1.38359
      vertex 0.319243 6.03464 1.38359
    endloop
  endfacet
  facet normal 0.702082 -0.712096 -0.000829468
    outer loop
      vertex 0.0266527 5.74415 3.11307
      vertex 0.319243 6.03464 1.38359
      vertex 0.361228 6.07402 3.11307
    endloop
  endfacet
  facet normal 0.666036 -0.74592 0.00081574
    outer loop
      vertex 0.361228 6.07402 3.11307
      vertex 0.319243 6.03464 1.38359
      vertex 0.666749 6.34493 1.38359
    endloop
  endfacet
  facet normal 0.660679 -0.750668 -0.000874234
    outer loop
      vertex 0.361228 6.07402 3.11307
      vertex 0.666749 6.34493 1.38359
      vertex 0.713929 6.38444 3.11307
    endloop
  endfacet
  facet normal 0.623151 -0.782101 0.000867642
    outer loop
      vertex 0.713929 6.38444 3.11307
      vertex 0.666749 6.34493 1.38359
      vertex 1.03111 6.63524 1.38359
    endloop
  endfacet
  facet normal 0.617138 -0.786855 -0.000924461
    outer loop
      vertex 0.713929 6.38444 3.11307
      vertex 1.03111 6.63524 1.38359
      vertex 1.08363 6.6744 3.11307
    endloop
  endfacet
  facet normal 0.578298 -0.815825 0.00091096
    outer loop
      vertex 1.08363 6.6744 3.11307
      vertex 1.03111 6.63524 1.38359
      vertex 1.41119 6.90466 1.38359
    endloop
  endfacet
  facet normal 0.571651 -0.820496 -0.000969968
    outer loop
      vertex 1.08363 6.6744 3.11307
      vertex 1.41119 6.90466 1.38359
      vertex 1.46914 6.94299 3.11307
    endloop
  endfacet
  facet normal 0.53162 -0.846982 0.000958339
    outer loop
      vertex 1.46914 6.94299 3.11307
      vertex 1.41119 6.90466 1.38359
      vertex 1.80578 7.15233 1.38359
    endloop
  endfacet
  facet normal 0.524299 -0.851534 -0.00101766
    outer loop
      vertex 1.46914 6.94299 3.11307
      vertex 1.80578 7.15233 1.38359
      vertex 1.86923 7.18933 3.11307
    endloop
  endfacet
  facet normal 0.483255 -0.875479 0.0010004
    outer loop
      vertex 1.86923 7.18933 3.11307
      vertex 1.80578 7.15233 1.38359
      vertex 2.21365 7.37747 1.38359
    endloop
  endfacet
  facet normal 0.475305 -0.879821 -0.00105519
    outer loop
      vertex 1.86923 7.18933 3.11307
      vertex 2.21365 7.37747 1.38359
      vertex 2.28261 7.41265 3.11307
    endloop
  endfacet
  facet normal 0.433397 -0.901202 0.00105074
    outer loop
      vertex 2.28261 7.41265 3.11307
      vertex 2.21365 7.37747 1.38359
      vertex 2.6335 7.57938 1.38359
    endloop
  endfacet
  facet normal 0.424752 -0.905309 -0.00109914
    outer loop
      vertex 2.28261 7.41265 3.11307
      vertex 2.6335 7.57938 1.38359
      vertex 2.70797 7.61222 3.11307
    endloop
  endfacet
  facet normal 0.382157 -0.924097 0.00109172
    outer loop
      vertex 2.70797 7.61222 3.11307
      vertex 2.6335 7.57938 1.38359
      vertex 3.06402 7.75742 1.38359
    endloop
  endfacet
  facet normal 0.372843 -0.927894 -0.00114449
    outer loop
      vertex 2.70797 7.61222 3.11307
      vertex 3.06402 7.75742 1.38359
      vertex 3.14394 7.7874 3.11307
    endloop
  endfacet
  facet normal 0.329725 -0.944076 0.00112855
    outer loop
      vertex 3.14394 7.7874 3.11307
      vertex 3.06402 7.75742 1.38359
      vertex 3.50384 7.91103 1.38359
    endloop
  endfacet
  facet normal 0.319769 -0.947495 -0.00118757
    outer loop
      vertex 3.14394 7.7874 3.11307
      vertex 3.50384 7.91103 1.38359
      vertex 3.58911 7.93764 3.11307
    endloop
  endfacet
  facet normal 0.276226 -0.961092 0.00116849
    outer loop
      vertex 3.58911 7.93764 3.11307
      vertex 3.50384 7.91103 1.38359
      vertex 3.9516 8.03972 1.38359
    endloop
  endfacet
  facet normal 0.265657 -0.964067 -0.00122222
    outer loop
      vertex 3.58911 7.93764 3.11307
      vertex 3.9516 8.03972 1.38359
      vertex 4.04208 8.06246 3.11307
    endloop
  endfacet
  facet normal 0.221884 -0.975072 0.00121253
    outer loop
      vertex 4.04208 8.06246 3.11307
      vertex 3.9516 8.03972 1.38359
      vertex 4.40586 8.14309 1.38359
    endloop
  endfacet
  facet normal 0.210686 -0.977553 -0.00125866
    outer loop
      vertex 4.04208 8.06246 3.11307
      vertex 4.40586 8.14309 1.38359
      vertex 4.50138 8.16145 3.11307
    endloop
  endfacet
  facet normal 0.166845 -0.985982 0.00125215
    outer loop
      vertex 4.50138 8.16145 3.11307
      vertex 4.40586 8.14309 1.38359
      vertex 4.86521 8.22082 1.38359
    endloop
  endfacet
  facet normal 0.155028 -0.987909 -0.00130002
    outer loop
      vertex 4.50138 8.16145 3.11307
      vertex 4.86521 8.22082 1.38359
      vertex 4.96555 8.23429 3.11307
    endloop
  endfacet
  facet normal 0.111251 -0.993791 0.0012856
    outer loop
      vertex 4.96555 8.23429 3.11307
      vertex 4.86521 8.22082 1.38359
      vertex 5.3282 8.27265 1.38359
    endloop
  endfacet
  facet normal 0.10519 -0.994452 -1.64625e-19
    outer loop
      vertex 4.96555 8.23429 3.11307
      vertex 5.3282 8.27265 1.38359
      vertex 5.3282 8.27265 9.68512
    endloop
  endfacet
  facet normal 0.111251 -0.993792 -0.000338315
    outer loop
      vertex 5.3282 8.27265 9.68512
      vertex 4.86521 8.22082 9.68512
      vertex 4.96555 8.23429 3.11307
    endloop
  endfacet
  facet normal 0.155028 -0.98791 0.00034211
    outer loop
      vertex 4.96555 8.23429 3.11307
      vertex 4.86521 8.22082 9.68512
      vertex 4.50138 8.16145 3.11307
    endloop
  endfacet
  facet normal 0.166845 -0.985983 -0.000329512
    outer loop
      vertex 4.86521 8.22082 9.68512
      vertex 4.40586 8.14309 9.68512
      vertex 4.50138 8.16145 3.11307
    endloop
  endfacet
  facet normal 0.210686 -0.977554 0.000331226
    outer loop
      vertex 4.50138 8.16145 3.11307
      vertex 4.40586 8.14309 9.68512
      vertex 4.04208 8.06246 3.11307
    endloop
  endfacet
  facet normal 0.221885 -0.975073 -0.000319085
    outer loop
      vertex 4.40586 8.14309 9.68512
      vertex 3.9516 8.03972 9.68512
      vertex 4.04208 8.06246 3.11307
    endloop
  endfacet
  facet normal 0.265658 -0.964067 0.000321635
    outer loop
      vertex 4.04208 8.06246 3.11307
      vertex 3.9516 8.03972 9.68512
      vertex 3.58911 7.93764 3.11307
    endloop
  endfacet
  facet normal 0.276226 -0.961093 -0.000307495
    outer loop
      vertex 3.9516 8.03972 9.68512
      vertex 3.50384 7.91103 9.68512
      vertex 3.58911 7.93764 3.11307
    endloop
  endfacet
  facet normal 0.319769 -0.947495 0.000312517
    outer loop
      vertex 3.58911 7.93764 3.11307
      vertex 3.50384 7.91103 9.68512
      vertex 3.14394 7.7874 3.11307
    endloop
  endfacet
  facet normal 0.329725 -0.944077 -0.000296985
    outer loop
      vertex 3.50384 7.91103 9.68512
      vertex 3.06402 7.75742 9.68512
      vertex 3.14394 7.7874 3.11307
    endloop
  endfacet
  facet normal 0.372843 -0.927894 0.00030118
    outer loop
      vertex 3.14394 7.7874 3.11307
      vertex 3.06402 7.75742 9.68512
      vertex 2.70797 7.61222 3.11307
    endloop
  endfacet
  facet normal 0.382157 -0.924097 -0.000287295
    outer loop
      vertex 3.06402 7.75742 9.68512
      vertex 2.6335 7.57938 9.68512
      vertex 2.70797 7.61222 3.11307
    endloop
  endfacet
  facet normal 0.424752 -0.90531 0.000289246
    outer loop
      vertex 2.70797 7.61222 3.11307
      vertex 2.6335 7.57938 9.68512
      vertex 2.28261 7.41265 3.11307
    endloop
  endfacet
  facet normal 0.433397 -0.901203 -0.00027651
    outer loop
      vertex 2.6335 7.57938 9.68512
      vertex 2.21365 7.37747 9.68512
      vertex 2.28261 7.41265 3.11307
    endloop
  endfacet
  facet normal 0.475305 -0.879821 0.000277682
    outer loop
      vertex 2.28261 7.41265 3.11307
      vertex 2.21365 7.37747 9.68512
      vertex 1.86923 7.18933 3.11307
    endloop
  endfacet
  facet normal 0.483255 -0.875479 -0.000263263
    outer loop
      vertex 2.21365 7.37747 9.68512
      vertex 1.80578 7.15233 9.68512
      vertex 1.86923 7.18933 3.11307
    endloop
  endfacet
  facet normal 0.524299 -0.851534 0.000267805
    outer loop
      vertex 1.86923 7.18933 3.11307
      vertex 1.80578 7.15233 9.68512
      vertex 1.46914 6.94299 3.11307
    endloop
  endfacet
  facet normal 0.531621 -0.846983 -0.000252193
    outer loop
      vertex 1.80578 7.15233 9.68512
      vertex 1.41119 6.90466 9.68512
      vertex 1.46914 6.94299 3.11307
    endloop
  endfacet
  facet normal 0.571651 -0.820497 0.000255254
    outer loop
      vertex 1.46914 6.94299 3.11307
      vertex 1.41119 6.90466 9.68512
      vertex 1.08363 6.6744 3.11307
    endloop
  endfacet
  facet normal 0.578298 -0.815825 -0.000239725
    outer loop
      vertex 1.41119 6.90466 9.68512
      vertex 1.03111 6.63524 9.68512
      vertex 1.08363 6.6744 3.11307
    endloop
  endfacet
  facet normal 0.617138 -0.786855 0.000243278
    outer loop
      vertex 1.08363 6.6744 3.11307
      vertex 1.03111 6.63524 9.68512
      vertex 0.713929 6.38444 3.11307
    endloop
  endfacet
  facet normal 0.623151 -0.782102 -0.000228326
    outer loop
      vertex 1.03111 6.63524 9.68512
      vertex 0.666749 6.34493 9.68512
      vertex 0.713929 6.38444 3.11307
    endloop
  endfacet
  facet normal 0.66068 -0.750668 0.000230061
    outer loop
      vertex 0.713929 6.38444 3.11307
      vertex 0.666749 6.34493 9.68512
      vertex 0.361228 6.07402 3.11307
    endloop
  endfacet
  facet normal 0.666036 -0.74592 -0.000214668
    outer loop
      vertex 0.666749 6.34493 9.68512
      vertex 0.319243 6.03464 9.68512
      vertex 0.361228 6.07402 3.11307
    endloop
  endfacet
  facet normal 0.702082 -0.712096 0.00021828
    outer loop
      vertex 0.361228 6.07402 3.11307
      vertex 0.319243 6.03464 9.68512
      vertex 0.0266527 5.74415 3.11307
    endloop
  endfacet
  facet normal 0.706837 -0.707376 -0.000202049
    outer loop
      vertex 0.319243 6.03464 9.68512
      vertex -0.0103083 5.70534 9.68512
      vertex 0.0266527 5.74415 3.11307
    endloop
  endfacet
  facet normal 0.741244 -0.671235 0.00020488
    outer loop
      vertex 0.0266527 5.74415 3.11307
      vertex -0.0103083 5.70534 9.68512
      vertex -0.288724 5.39588 3.11307
    endloop
  endfacet
  facet normal 0.745408 -0.666608 -0.000189408
    outer loop
      vertex -0.0103083 5.70534 9.68512
      vertex -0.320867 5.35807 9.68512
      vertex -0.288724 5.39588 3.11307
    endloop
  endfacet
  facet normal 0.778038 -0.628217 0.000191048
    outer loop
      vertex -0.288724 5.39588 3.11307
      vertex -0.320867 5.35807 9.68512
      vertex -0.583891 5.03032 3.11307
    endloop
  endfacet
  facet normal 0.781633 -0.623739 -0.000176143
    outer loop
      vertex -0.320867 5.35807 9.68512
      vertex -0.611457 4.99392 9.68512
      vertex -0.583891 5.03032 3.11307
    endloop
  endfacet
  facet normal 0.812329 -0.583199 0.000177147
    outer loop
      vertex -0.583891 5.03032 3.11307
      vertex -0.611457 4.99392 9.68512
      vertex -0.857905 4.64865 3.11307
    endloop
  endfacet
  facet normal 0.815387 -0.578917 -0.000162488
    outer loop
      vertex -0.611457 4.99392 9.68512
      vertex -0.881161 4.61405 9.68512
      vertex -0.857905 4.64865 3.11307
    endloop
  endfacet
  facet normal 0.844025 -0.536303 0.000163201
    outer loop
      vertex -0.857905 4.64865 3.11307
      vertex -0.881161 4.61405 9.68512
      vertex -1.10989 4.25208 3.11307
    endloop
  endfacet
  facet normal 0.846578 -0.532265 -0.000148078
    outer loop
      vertex -0.881161 4.61405 9.68512
      vertex -1.12913 4.21965 9.68512
      vertex -1.10989 4.25208 3.11307
    endloop
  endfacet
  facet normal 0.873014 -0.487694 0.000149248
    outer loop
      vertex -1.10989 4.25208 3.11307
      vertex -1.12913 4.21965 9.68512
      vertex -1.33903 3.8419 3.11307
    endloop
  endfacet
  facet normal 0.875103 -0.483936 -0.000133487
    outer loop
      vertex -1.12913 4.21965 9.68512
      vertex -1.35459 3.81195 9.68512
      vertex -1.33903 3.8419 3.11307
    endloop
  endfacet
  facet normal 0.899206 -0.437525 0.000135085
    outer loop
      vertex -1.33903 3.8419 3.11307
      vertex -1.35459 3.81195 9.68512
      vertex -1.5446 3.41941 3.11307
    endloop
  endfacet
  facet normal 0.900882 -0.434063 -0.000120113
    outer loop
      vertex -1.35459 3.81195 9.68512
      vertex -1.55681 3.39225 9.68512
      vertex -1.5446 3.41941 3.11307
    endloop
  endfacet
  facet normal 0.922524 -0.385939 0.000118977
    outer loop
      vertex -1.5446 3.41941 3.11307
      vertex -1.55681 3.39225 9.68512
      vertex -1.72593 2.98597 3.11307
    endloop
  endfacet
  facet normal 0.923803 -0.382868 -0.000103764
    outer loop
      vertex -1.55681 3.39225 9.68512
      vertex -1.73518 2.96187 9.68512
      vertex -1.72593 2.98597 3.11307
    endloop
  endfacet
  facet normal 0.942874 -0.333149 0.000105402
    outer loop
      vertex -1.72593 2.98597 3.11307
      vertex -1.73518 2.96187 9.68512
      vertex -1.88246 2.54296 3.11307
    endloop
  endfacet
  facet normal 0.943831 -0.33043 -8.93219e-05
    outer loop
      vertex -1.73518 2.96187 9.68512
      vertex -1.88912 2.52216 9.68512
      vertex -1.88246 2.54296 3.11307
    endloop
  endfacet
  facet normal 0.960216 -0.279258 8.9238e-05
    outer loop
      vertex -1.88246 2.54296 3.11307
      vertex -1.88912 2.52216 9.68512
      vertex -2.01367 2.0918 3.11307
    endloop
  endfacet
  facet normal 0.960881 -0.276963 -7.36365e-05
    outer loop
      vertex -1.88912 2.52216 9.68512
      vertex -2.01815 2.07451 9.68512
      vertex -2.01367 2.0918 3.11307
    endloop
  endfacet
  facet normal 0.974474 -0.2245 7.365e-05
    outer loop
      vertex -2.01367 2.0918 3.11307
      vertex -2.01815 2.07451 9.68512
      vertex -2.11915 1.63395 3.11307
    endloop
  endfacet
  facet normal 0.974903 -0.222631 -5.82359e-05
    outer loop
      vertex -2.01815 2.07451 9.68512
      vertex -2.12187 1.62032 9.68512
      vertex -2.11915 1.63395 3.11307
    endloop
  endfacet
  facet normal 0.985618 -0.168991 5.74452e-05
    outer loop
      vertex -2.11915 1.63395 3.11307
      vertex -2.12187 1.62032 9.68512
      vertex -2.19855 1.17086 3.11307
    endloop
  endfacet
  facet normal 0.985856 -0.167597 -4.06692e-05
    outer loop
      vertex -2.12187 1.62032 9.68512
      vertex -2.19995 1.16103 9.68512
      vertex -2.19855 1.17086 3.11307
    endloop
  endfacet
  facet normal 0.993598 -0.112972 4.26835e-05
    outer loop
      vertex -2.19855 1.17086 3.11307
      vertex -2.19995 1.16103 9.68512
      vertex -2.25163 0.704019 3.11307
    endloop
  endfacet
  facet normal 0.993708 -0.112004 -2.5529e-05
    outer loop
      vertex -2.19995 1.16103 9.68512
      vertex -2.25213 0.698085 9.68512
      vertex -2.25163 0.704019 3.11307
    endloop
  endfacet
  facet normal 0.998405 -0.0564607 2.49792e-05
    outer loop
      vertex -2.25163 0.704019 3.11307
      vertex -2.25213 0.698085 9.68512
      vertex -2.27827 0.232939 3.11307
    endloop
  endfacet
  facet normal 0.998425 -0.0561089 2.07131e-19
    outer loop
      vertex -2.25213 0.698085 9.68512
      vertex -2.27827 0.232939 9.68512
      vertex -2.27827 0.232939 3.11307
    endloop
  endfacet
  facet normal 1 0 -0
    outer loop
      vertex -2.27827 0.232939 3.11307
      vertex -2.27827 0.232939 9.68512
      vertex -2.27827 -0.232939 3.11307
    endloop
  endfacet
  facet normal 1 0 0
    outer loop
      vertex -2.27827 0.232939 9.68512
      vertex -2.27827 -0.232939 9.68512
      vertex -2.27827 -0.232939 3.11307
    endloop
  endfacet
  facet normal 0.998425 0.0561089 -0
    outer loop
      vertex -2.27827 -0.232939 3.11307
      vertex -2.27827 -0.232939 9.68512
      vertex -2.25213 -0.698085 9.68512
    endloop
  endfacet
  facet normal 0.998405 0.0564607 2.49792e-05
    outer loop
      vertex -2.27827 -0.232939 3.11307
      vertex -2.25213 -0.698085 9.68512
      vertex -2.25163 -0.704019 3.11307
    endloop
  endfacet
  facet normal 0.993708 0.112004 -2.5529e-05
    outer loop
      vertex -2.25163 -0.704019 3.11307
      vertex -2.25213 -0.698085 9.68512
      vertex -2.19995 -1.16103 9.68512
    endloop
  endfacet
  facet normal 0.993598 0.112972 4.26835e-05
    outer loop
      vertex -2.25163 -0.704019 3.11307
      vertex -2.19995 -1.16103 9.68512
      vertex -2.19855 -1.17086 3.11307
    endloop
  endfacet
  facet normal 0.985856 0.167597 -4.06692e-05
    outer loop
      vertex -2.19855 -1.17086 3.11307
      vertex -2.19995 -1.16103 9.68512
      vertex -2.12187 -1.62032 9.68512
    endloop
  endfacet
  facet normal 0.985618 0.168991 5.74452e-05
    outer loop
      vertex -2.19855 -1.17086 3.11307
      vertex -2.12187 -1.62032 9.68512
      vertex -2.11915 -1.63395 3.11307
    endloop
  endfacet
  facet normal 0.974903 0.222631 -5.82359e-05
    outer loop
      vertex -2.11915 -1.63395 3.11307
      vertex -2.12187 -1.62032 9.68512
      vertex -2.01815 -2.07451 9.68512
    endloop
  endfacet
  facet normal 0.974474 0.2245 7.365e-05
    outer loop
      vertex -2.11915 -1.63395 3.11307
      vertex -2.01815 -2.07451 9.68512
      vertex -2.01367 -2.0918 3.11307
    endloop
  endfacet
  facet normal 0.960881 0.276963 -7.36365e-05
    outer loop
      vertex -2.01367 -2.0918 3.11307
      vertex -2.01815 -2.07451 9.68512
      vertex -1.88912 -2.52216 9.68512
    endloop
  endfacet
  facet normal 0.960216 0.279258 8.9238e-05
    outer loop
      vertex -2.01367 -2.0918 3.11307
      vertex -1.88912 -2.52216 9.68512
      vertex -1.88246 -2.54296 3.11307
    endloop
  endfacet
  facet normal 0.943831 0.33043 -8.93219e-05
    outer loop
      vertex -1.88246 -2.54296 3.11307
      vertex -1.88912 -2.52216 9.68512
      vertex -1.73518 -2.96187 9.68512
    endloop
  endfacet
  facet normal 0.942874 0.333149 0.000105402
    outer loop
      vertex -1.88246 -2.54296 3.11307
      vertex -1.73518 -2.96187 9.68512
      vertex -1.72593 -2.98597 3.11307
    endloop
  endfacet
  facet normal 0.923803 0.382868 -0.000103764
    outer loop
      vertex -1.72593 -2.98597 3.11307
      vertex -1.73518 -2.96187 9.68512
      vertex -1.55681 -3.39225 9.68512
    endloop
  endfacet
  facet normal 0.922524 0.385939 0.000118977
    outer loop
      vertex -1.72593 -2.98597 3.11307
      vertex -1.55681 -3.39225 9.68512
      vertex -1.5446 -3.41941 3.11307
    endloop
  endfacet
  facet normal 0.900882 0.434063 -0.000120113
    outer loop
      vertex -1.5446 -3.41941 3.11307
      vertex -1.55681 -3.39225 9.68512
      vertex -1.35459 -3.81195 9.68512
    endloop
  endfacet
  facet normal 0.899206 0.437525 0.000135085
    outer loop
      vertex -1.5446 -3.41941 3.11307
      vertex -1.35459 -3.81195 9.68512
      vertex -1.33903 -3.8419 3.11307
    endloop
  endfacet
  facet normal 0.875103 0.483936 -0.000133487
    outer loop
      vertex -1.33903 -3.8419 3.11307
      vertex -1.35459 -3.81195 9.68512
      vertex -1.12913 -4.21965 9.68512
    endloop
  endfacet
  facet normal 0.873014 0.487694 0.000149248
    outer loop
      vertex -1.33903 -3.8419 3.11307
      vertex -1.12913 -4.21965 9.68512
      vertex -1.10989 -4.25208 3.11307
    endloop
  endfacet
  facet normal 0.846578 0.532265 -0.000148078
    outer loop
      vertex -1.10989 -4.25208 3.11307
      vertex -1.12913 -4.21965 9.68512
      vertex -0.881161 -4.61405 9.68512
    endloop
  endfacet
  facet normal 0.844025 0.536303 0.000163201
    outer loop
      vertex -1.10989 -4.25208 3.11307
      vertex -0.881161 -4.61405 9.68512
      vertex -0.857905 -4.64865 3.11307
    endloop
  endfacet
  facet normal 0.815387 0.578917 -0.000162488
    outer loop
      vertex -0.857905 -4.64865 3.11307
      vertex -0.881161 -4.61405 9.68512
      vertex -0.611457 -4.99392 9.68512
    endloop
  endfacet
  facet normal 0.812329 0.583199 0.000177147
    outer loop
      vertex -0.857905 -4.64865 3.11307
      vertex -0.611457 -4.99392 9.68512
      vertex -0.583891 -5.03032 3.11307
    endloop
  endfacet
  facet normal 0.781633 0.623739 -0.000176143
    outer loop
      vertex -0.583891 -5.03032 3.11307
      vertex -0.611457 -4.99392 9.68512
      vertex -0.320867 -5.35807 9.68512
    endloop
  endfacet
  facet normal 0.778038 0.628217 0.000191048
    outer loop
      vertex -0.583891 -5.03032 3.11307
      vertex -0.320867 -5.35807 9.68512
      vertex -0.288724 -5.39588 3.11307
    endloop
  endfacet
  facet normal 0.745408 0.666608 -0.000189408
    outer loop
      vertex -0.288724 -5.39588 3.11307
      vertex -0.320867 -5.35807 9.68512
      vertex -0.0103083 -5.70534 9.68512
    endloop
  endfacet
  facet normal 0.741244 0.671235 0.00020488
    outer loop
      vertex -0.288724 -5.39588 3.11307
      vertex -0.0103083 -5.70534 9.68512
      vertex 0.0266527 -5.74415 3.11307
    endloop
  endfacet
  facet normal 0.706837 0.707376 -0.000202049
    outer loop
      vertex 0.0266527 -5.74415 3.11307
      vertex -0.0103083 -5.70534 9.68512
      vertex 0.319243 -6.03464 9.68512
    endloop
  endfacet
  facet normal 0.702082 0.712096 0.00021828
    outer loop
      vertex 0.0266527 -5.74415 3.11307
      vertex 0.319243 -6.03464 9.68512
      vertex 0.361228 -6.07402 3.11307
    endloop
  endfacet
  facet normal 0.666036 0.74592 -0.000214668
    outer loop
      vertex 0.361228 -6.07402 3.11307
      vertex 0.319243 -6.03464 9.68512
      vertex 0.666749 -6.34493 9.68512
    endloop
  endfacet
  facet normal 0.66068 0.750668 0.000230061
    outer loop
      vertex 0.361228 -6.07402 3.11307
      vertex 0.666749 -6.34493 9.68512
      vertex 0.713929 -6.38444 3.11307
    endloop
  endfacet
  facet normal 0.623151 0.782102 -0.000228326
    outer loop
      vertex 0.713929 -6.38444 3.11307
      vertex 0.666749 -6.34493 9.68512
      vertex 1.03111 -6.63524 9.68512
    endloop
  endfacet
  facet normal 0.617138 0.786855 0.000243278
    outer loop
      vertex 0.713929 -6.38444 3.11307
      vertex 1.03111 -6.63524 9.68512
      vertex 1.08363 -6.6744 3.11307
    endloop
  endfacet
  facet normal 0.578298 0.815825 -0.000239725
    outer loop
      vertex 1.08363 -6.6744 3.11307
      vertex 1.03111 -6.63524 9.68512
      vertex 1.41119 -6.90466 9.68512
    endloop
  endfacet
  facet normal 0.571651 0.820497 0.000255254
    outer loop
      vertex 1.08363 -6.6744 3.11307
      vertex 1.41119 -6.90466 9.68512
      vertex 1.46914 -6.94299 3.11307
    endloop
  endfacet
  facet normal 0.531621 0.846983 -0.000252193
    outer loop
      vertex 1.46914 -6.94299 3.11307
      vertex 1.41119 -6.90466 9.68512
      vertex 1.80578 -7.15233 9.68512
    endloop
  endfacet
  facet normal 0.524299 0.851534 0.000267805
    outer loop
      vertex 1.46914 -6.94299 3.11307
      vertex 1.80578 -7.15233 9.68512
      vertex 1.86923 -7.18933 3.11307
    endloop
  endfacet
  facet normal 0.483255 0.875479 -0.000263263
    outer loop
      vertex 1.86923 -7.18933 3.11307
      vertex 1.80578 -7.15233 9.68512
      vertex 2.21365 -7.37747 9.68512
    endloop
  endfacet
  facet normal 0.475305 0.879821 0.000277682
    outer loop
      vertex 1.86923 -7.18933 3.11307
      vertex 2.21365 -7.37747 9.68512
      vertex 2.28261 -7.41265 3.11307
    endloop
  endfacet
  facet normal 0.433397 0.901203 -0.00027651
    outer loop
      vertex 2.28261 -7.41265 3.11307
      vertex 2.21365 -7.37747 9.68512
      vertex 2.6335 -7.57938 9.68512
    endloop
  endfacet
  facet normal 0.424752 0.90531 0.000289246
    outer loop
      vertex 2.28261 -7.41265 3.11307
      vertex 2.6335 -7.57938 9.68512
      vertex 2.70797 -7.61222 3.11307
    endloop
  endfacet
  facet normal 0.382157 0.924097 -0.000287295
    outer loop
      vertex 2.70797 -7.61222 3.11307
      vertex 2.6335 -7.57938 9.68512
      vertex 3.06402 -7.75742 9.68512
    endloop
  endfacet
  facet normal 0.372843 0.927894 0.00030118
    outer loop
      vertex 2.70797 -7.61222 3.11307
      vertex 3.06402 -7.75742 9.68512
      vertex 3.14394 -7.7874 3.11307
    endloop
  endfacet
  facet normal 0.329725 0.944077 -0.000296985
    outer loop
      vertex 3.14394 -7.7874 3.11307
      vertex 3.06402 -7.75742 9.68512
      vertex 3.50384 -7.91103 9.68512
    endloop
  endfacet
  facet normal 0.319769 0.947495 0.000312517
    outer loop
      vertex 3.14394 -7.7874 3.11307
      vertex 3.50384 -7.91103 9.68512
      vertex 3.58911 -7.93764 3.11307
    endloop
  endfacet
  facet normal 0.276226 0.961093 -0.000307495
    outer loop
      vertex 3.58911 -7.93764 3.11307
      vertex 3.50384 -7.91103 9.68512
      vertex 3.9516 -8.03972 9.68512
    endloop
  endfacet
  facet normal 0.265658 0.964067 0.000321635
    outer loop
      vertex 3.58911 -7.93764 3.11307
      vertex 3.9516 -8.03972 9.68512
      vertex 4.04208 -8.06246 3.11307
    endloop
  endfacet
  facet normal 0.221885 0.975073 -0.000319085
    outer loop
      vertex 4.04208 -8.06246 3.11307
      vertex 3.9516 -8.03972 9.68512
      vertex 4.40586 -8.14309 9.68512
    endloop
  endfacet
  facet normal 0.210686 0.977554 0.000331226
    outer loop
      vertex 4.04208 -8.06246 3.11307
      vertex 4.40586 -8.14309 9.68512
      vertex 4.50138 -8.16145 3.11307
    endloop
  endfacet
  facet normal 0.166845 0.985983 -0.000329512
    outer loop
      vertex 4.50138 -8.16145 3.11307
      vertex 4.40586 -8.14309 9.68512
      vertex 4.86521 -8.22082 9.68512
    endloop
  endfacet
  facet normal 0.155028 0.98791 0.00034211
    outer loop
      vertex 4.50138 -8.16145 3.11307
      vertex 4.86521 -8.22082 9.68512
      vertex 4.96555 -8.23429 3.11307
    endloop
  endfacet
  facet normal 0.111251 0.993792 -0.000338315
    outer loop
      vertex 4.96555 -8.23429 3.11307
      vertex 4.86521 -8.22082 9.68512
      vertex 5.3282 -8.27265 9.68512
    endloop
  endfacet
  facet normal 0 1 -0
    outer loop
      vertex 6.71179 -10.3769 1.38359
      vertex 5.3282 -10.3769 1.38359
      vertex 6.71179 -10.3769 9.68512
    endloop
  endfacet
  facet normal 0 1 0
    outer loop
      vertex 6.71179 -10.3769 9.68512
      vertex 5.3282 -10.3769 1.38359
      vertex 5.3282 -10.3769 9.68512
    endloop
  endfacet
  facet normal -0.847996 -0 -0.530002
    outer loop
      vertex -15.9652 1.97023 0.58664
      vertex -15.9652 -1.97023 0.58664
      vertex -21.6518 -2.07111 9.68512
    endloop
  endfacet
  facet normal -0.847995 -0.000178007 -0.530004
    outer loop
      vertex -21.6518 -2.07111 9.68512
      vertex -15.9652 -1.97023 0.58664
      vertex -16.0309 -2.07538 0.691794
    endloop
  endfacet
  facet normal -0.847995 6.54824e-06 -0.530004
    outer loop
      vertex -21.6518 -2.07111 9.68512
      vertex -16.0309 -2.07538 0.691794
      vertex -21.6492 -2.07538 9.68096
    endloop
  endfacet
  facet normal -0.847996 0 -0.530002
    outer loop
      vertex -21.6518 -2.07111 9.68512
      vertex -21.6518 2.07111 9.68512
      vertex -15.9652 1.97023 0.58664
    endloop
  endfacet
  facet normal -0.847995 0.000178007 -0.530004
    outer loop
      vertex -15.9652 1.97023 0.58664
      vertex -21.6518 2.07111 9.68512
      vertex -16.0309 2.07538 0.691794
    endloop
  endfacet
  facet normal -0.847995 -6.54824e-06 -0.530004
    outer loop
      vertex -16.0309 2.07538 0.691794
      vertex -21.6518 2.07111 9.68512
      vertex -21.6492 2.07538 9.68096
    endloop
  endfacet
  facet normal -0.9997 -0.024481 -0
    outer loop
      vertex 17.0754 0.543116 11.0687
      vertex 17.0754 0.543116 9.68512
      vertex 17.0887 1.35553e-15 11.0687
    endloop
  endfacet
  facet normal -0.9997 -0.024481 2.39847e-17
    outer loop
      vertex 17.0887 1.35553e-15 11.0687
      vertex 17.0754 0.543116 9.68512
      vertex 17.0887 0 9.68512
    endloop
  endfacet
  facet normal -0.9997 0.024481 -2.39847e-17
    outer loop
      vertex 17.0887 1.35553e-15 11.0687
      vertex 17.0887 0 9.68512
      vertex 17.0754 -0.543116 11.0687
    endloop
  endfacet
  facet normal -0.9997 0.024481 0
    outer loop
      vertex 17.0754 -0.543116 11.0687
      vertex 17.0887 0 9.68512
      vertex 17.0754 -0.543116 9.68512
    endloop
  endfacet
  facet normal -0.997286 0.0736271 0
    outer loop
      vertex 17.0754 -0.543116 11.0687
      vertex 17.0754 -0.543116 9.68512
      vertex 17.0354 -1.08492 11.0687
    endloop
  endfacet
  facet normal -0.997286 0.0736271 0
    outer loop
      vertex 17.0354 -1.08492 11.0687
      vertex 17.0754 -0.543116 9.68512
      vertex 17.0354 -1.08492 9.68512
    endloop
  endfacet
  facet normal -0.99248 0.122403 0
    outer loop
      vertex 17.0354 -1.08492 11.0687
      vertex 17.0354 -1.08492 9.68512
      vertex 16.9689 -1.62412 11.0687
    endloop
  endfacet
  facet normal -0.99248 0.122403 0
    outer loop
      vertex 16.9689 -1.62412 11.0687
      vertex 17.0354 -1.08492 9.68512
      vertex 16.9689 -1.62412 9.68512
    endloop
  endfacet
  facet normal -0.985271 0.170998 0
    outer loop
      vertex 16.9689 -1.62412 11.0687
      vertex 16.9689 -1.62412 9.68512
      vertex 16.876 -2.1594 11.0687
    endloop
  endfacet
  facet normal -0.985271 0.170998 0
    outer loop
      vertex 16.876 -2.1594 11.0687
      vertex 16.9689 -1.62412 9.68512
      vertex 16.876 -2.1594 9.68512
    endloop
  endfacet
  facet normal -0.975715 0.219043 0
    outer loop
      vertex 16.876 -2.1594 11.0687
      vertex 16.876 -2.1594 9.68512
      vertex 16.757 -2.68948 11.0687
    endloop
  endfacet
  facet normal -0.975715 0.219043 0
    outer loop
      vertex 16.757 -2.68948 11.0687
      vertex 16.876 -2.1594 9.68512
      vertex 16.757 -2.68948 9.68512
    endloop
  endfacet
  facet normal -0.963775 0.266718 0
    outer loop
      vertex 16.757 -2.68948 11.0687
      vertex 16.757 -2.68948 9.68512
      vertex 16.6121 -3.21307 11.0687
    endloop
  endfacet
  facet normal -0.963775 0.266718 0
    outer loop
      vertex 16.6121 -3.21307 11.0687
      vertex 16.757 -2.68948 9.68512
      vertex 16.6121 -3.21307 9.68512
    endloop
  endfacet
  facet normal -0.949538 0.313653 0
    outer loop
      vertex 16.6121 -3.21307 11.0687
      vertex 16.6121 -3.21307 9.68512
      vertex 16.4417 -3.72893 11.0687
    endloop
  endfacet
  facet normal -0.949538 0.313653 0
    outer loop
      vertex 16.4417 -3.72893 11.0687
      vertex 16.6121 -3.21307 9.68512
      vertex 16.4417 -3.72893 9.68512
    endloop
  endfacet
  facet normal -0.932947 0.360015 0
    outer loop
      vertex 16.4417 -3.72893 11.0687
      vertex 16.4417 -3.72893 9.68512
      vertex 16.2461 -4.23581 11.0687
    endloop
  endfacet
  facet normal -0.932947 0.360015 0
    outer loop
      vertex 16.2461 -4.23581 11.0687
      vertex 16.4417 -3.72893 9.68512
      vertex 16.2461 -4.23581 9.68512
    endloop
  endfacet
  facet normal -0.91425 0.405151 0
    outer loop
      vertex 16.2461 -4.23581 11.0687
      vertex 16.2461 -4.23581 9.68512
      vertex 16.026 -4.73248 11.0687
    endloop
  endfacet
  facet normal -0.91425 0.405151 0
    outer loop
      vertex 16.026 -4.73248 11.0687
      vertex 16.2461 -4.23581 9.68512
      vertex 16.026 -4.73248 9.68512
    endloop
  endfacet
  facet normal -0.893198 0.449664 0
    outer loop
      vertex 16.026 -4.73248 11.0687
      vertex 16.026 -4.73248 9.68512
      vertex 15.7817 -5.21775 11.0687
    endloop
  endfacet
  facet normal -0.893198 0.449664 0
    outer loop
      vertex 15.7817 -5.21775 11.0687
      vertex 16.026 -4.73248 9.68512
      vertex 15.7817 -5.21775 9.68512
    endloop
  endfacet
  facet normal -0.870072 0.492924 0
    outer loop
      vertex 15.7817 -5.21775 11.0687
      vertex 15.7817 -5.21775 9.68512
      vertex 15.5139 -5.69045 11.0687
    endloop
  endfacet
  facet normal -0.870072 0.492924 0
    outer loop
      vertex 15.5139 -5.69045 11.0687
      vertex 15.7817 -5.21775 9.68512
      vertex 15.5139 -5.69045 9.68512
    endloop
  endfacet
  facet normal -0.844897 0.534929 0
    outer loop
      vertex 15.5139 -5.69045 11.0687
      vertex 15.5139 -5.69045 9.68512
      vertex 15.2233 -6.14944 11.0687
    endloop
  endfacet
  facet normal -0.844897 0.534929 0
    outer loop
      vertex 15.2233 -6.14944 11.0687
      vertex 15.5139 -5.69045 9.68512
      vertex 15.2233 -6.14944 9.68512
    endloop
  endfacet
  facet normal -0.817608 0.575775 0
    outer loop
      vertex 15.2233 -6.14944 11.0687
      vertex 15.2233 -6.14944 9.68512
      vertex 14.9105 -6.59362 11.0687
    endloop
  endfacet
  facet normal -0.817608 0.575775 0
    outer loop
      vertex 14.9105 -6.59362 11.0687
      vertex 15.2233 -6.14944 9.68512
      vertex 14.9105 -6.59362 9.68512
    endloop
  endfacet
  facet normal -0.788294 0.615299 0
    outer loop
      vertex 14.9105 -6.59362 11.0687
      vertex 14.9105 -6.59362 9.68512
      vertex 14.5762 -7.02191 11.0687
    endloop
  endfacet
  facet normal -0.788294 0.615299 0
    outer loop
      vertex 14.5762 -7.02191 11.0687
      vertex 14.9105 -6.59362 9.68512
      vertex 14.5762 -7.02191 9.68512
    endloop
  endfacet
  facet normal -0.757262 0.653111 0
    outer loop
      vertex 14.5762 -7.02191 11.0687
      vertex 14.5762 -7.02191 9.68512
      vertex 14.2214 -7.43329 11.0687
    endloop
  endfacet
  facet normal -0.757262 0.653111 0
    outer loop
      vertex 14.2214 -7.43329 11.0687
      vertex 14.5762 -7.02191 9.68512
      vertex 14.2214 -7.43329 9.68512
    endloop
  endfacet
  facet normal -0.724169 0.689623 0
    outer loop
      vertex 14.2214 -7.43329 11.0687
      vertex 14.2214 -7.43329 9.68512
      vertex 13.8467 -7.82676 11.0687
    endloop
  endfacet
  facet normal -0.724169 0.689623 0
    outer loop
      vertex 13.8467 -7.82676 11.0687
      vertex 14.2214 -7.43329 9.68512
      vertex 13.8467 -7.82676 9.68512
    endloop
  endfacet
  facet normal -0.6896 0.72419 0
    outer loop
      vertex 13.8467 -7.82676 11.0687
      vertex 13.8467 -7.82676 9.68512
      vertex 13.4533 -8.20137 11.0687
    endloop
  endfacet
  facet normal -0.6896 0.72419 0
    outer loop
      vertex 13.4533 -8.20137 11.0687
      vertex 13.8467 -7.82676 9.68512
      vertex 13.4533 -8.20137 9.68512
    endloop
  endfacet
  facet normal -0.653145 0.757233 0
    outer loop
      vertex 13.4533 -8.20137 11.0687
      vertex 13.4533 -8.20137 9.68512
      vertex 13.0419 -8.55622 11.0687
    endloop
  endfacet
  facet normal -0.653145 0.757233 0
    outer loop
      vertex 13.0419 -8.55622 11.0687
      vertex 13.4533 -8.20137 9.68512
      vertex 13.0419 -8.55622 9.68512
    endloop
  endfacet
  facet normal -0.615233 0.788345 0
    outer loop
      vertex 13.0419 -8.55622 11.0687
      vertex 13.0419 -8.55622 9.68512
      vertex 12.6136 -8.89047 11.0687
    endloop
  endfacet
  facet normal -0.615233 0.788345 0
    outer loop
      vertex 12.6136 -8.89047 11.0687
      vertex 13.0419 -8.55622 9.68512
      vertex 12.6136 -8.89047 9.68512
    endloop
  endfacet
  facet normal -0.575782 0.817603 0
    outer loop
      vertex 12.6136 -8.89047 11.0687
      vertex 12.6136 -8.89047 9.68512
      vertex 12.1694 -9.20329 11.0687
    endloop
  endfacet
  facet normal -0.575782 0.817603 0
    outer loop
      vertex 12.1694 -9.20329 11.0687
      vertex 12.6136 -8.89047 9.68512
      vertex 12.1694 -9.20329 9.68512
    endloop
  endfacet
  facet normal -0.534986 0.844861 0
    outer loop
      vertex 12.1694 -9.20329 11.0687
      vertex 12.1694 -9.20329 9.68512
      vertex 11.7104 -9.49394 11.0687
    endloop
  endfacet
  facet normal -0.534986 0.844861 0
    outer loop
      vertex 11.7104 -9.49394 11.0687
      vertex 12.1694 -9.20329 9.68512
      vertex 11.7104 -9.49394 9.68512
    endloop
  endfacet
  facet normal -0.49291 0.87008 0
    outer loop
      vertex 11.7104 -9.49394 11.0687
      vertex 11.7104 -9.49394 9.68512
      vertex 11.2377 -9.76173 11.0687
    endloop
  endfacet
  facet normal -0.49291 0.87008 0
    outer loop
      vertex 11.2377 -9.76173 11.0687
      vertex 11.7104 -9.49394 9.68512
      vertex 11.2377 -9.76173 9.68512
    endloop
  endfacet
  facet normal -0.449671 0.893194 0
    outer loop
      vertex 11.2377 -9.76173 11.0687
      vertex 11.2377 -9.76173 9.68512
      vertex 10.7525 -10.006 11.0687
    endloop
  endfacet
  facet normal -0.449671 0.893194 0
    outer loop
      vertex 10.7525 -10.006 11.0687
      vertex 11.2377 -9.76173 9.68512
      vertex 10.7525 -10.006 9.68512
    endloop
  endfacet
  facet normal -0.405131 0.914259 0
    outer loop
      vertex 10.7525 -10.006 11.0687
      vertex 10.7525 -10.006 9.68512
      vertex 10.2558 -10.2261 11.0687
    endloop
  endfacet
  facet normal -0.405131 0.914259 0
    outer loop
      vertex 10.2558 -10.2261 11.0687
      vertex 10.7525 -10.006 9.68512
      vertex 10.2558 -10.2261 9.68512
    endloop
  endfacet
  facet normal -0.360021 0.932944 0
    outer loop
      vertex 10.2558 -10.2261 11.0687
      vertex 10.2558 -10.2261 9.68512
      vertex 9.74893 -10.4217 11.0687
    endloop
  endfacet
  facet normal -0.360021 0.932944 0
    outer loop
      vertex 9.74893 -10.4217 11.0687
      vertex 10.2558 -10.2261 9.68512
      vertex 9.74893 -10.4217 9.68512
    endloop
  endfacet
  facet normal -0.313653 0.949538 0
    outer loop
      vertex 9.74893 -10.4217 11.0687
      vertex 9.74893 -10.4217 9.68512
      vertex 9.23307 -10.5921 11.0687
    endloop
  endfacet
  facet normal -0.313653 0.949538 0
    outer loop
      vertex 9.23307 -10.5921 11.0687
      vertex 9.74893 -10.4217 9.68512
      vertex 9.23307 -10.5921 9.68512
    endloop
  endfacet
  facet normal -0.266713 0.963776 0
    outer loop
      vertex 9.23307 -10.5921 11.0687
      vertex 9.23307 -10.5921 9.68512
      vertex 8.70947 -10.737 11.0687
    endloop
  endfacet
  facet normal -0.266713 0.963776 0
    outer loop
      vertex 8.70947 -10.737 11.0687
      vertex 9.23307 -10.5921 9.68512
      vertex 8.70947 -10.737 9.68512
    endloop
  endfacet
  facet normal -0.219043 0.975715 0
    outer loop
      vertex 8.70947 -10.737 11.0687
      vertex 8.70947 -10.737 9.68512
      vertex 8.17939 -10.856 11.0687
    endloop
  endfacet
  facet normal -0.219043 0.975715 0
    outer loop
      vertex 8.17939 -10.856 11.0687
      vertex 8.70947 -10.737 9.68512
      vertex 8.17939 -10.856 9.68512
    endloop
  endfacet
  facet normal -0.170998 0.985271 0
    outer loop
      vertex 8.17939 -10.856 11.0687
      vertex 8.17939 -10.856 9.68512
      vertex 7.64411 -10.9489 11.0687
    endloop
  endfacet
  facet normal -0.170998 0.985271 0
    outer loop
      vertex 7.64411 -10.9489 11.0687
      vertex 8.17939 -10.856 9.68512
      vertex 7.64411 -10.9489 9.68512
    endloop
  endfacet
  facet normal -0.122403 0.99248 0
    outer loop
      vertex 7.64411 -10.9489 11.0687
      vertex 7.64411 -10.9489 9.68512
      vertex 7.10491 -11.0154 11.0687
    endloop
  endfacet
  facet normal -0.122403 0.99248 0
    outer loop
      vertex 7.10491 -11.0154 11.0687
      vertex 7.64411 -10.9489 9.68512
      vertex 7.10491 -11.0154 9.68512
    endloop
  endfacet
  facet normal -0.0736276 0.997286 0
    outer loop
      vertex 7.10491 -11.0154 11.0687
      vertex 7.10491 -11.0154 9.68512
      vertex 6.56311 -11.0554 11.0687
    endloop
  endfacet
  facet normal -0.0736276 0.997286 0
    outer loop
      vertex 6.56311 -11.0554 11.0687
      vertex 7.10491 -11.0154 9.68512
      vertex 6.56311 -11.0554 9.68512
    endloop
  endfacet
  facet normal -0.0244808 0.9997 0
    outer loop
      vertex 6.56311 -11.0554 11.0687
      vertex 6.56311 -11.0554 9.68512
      vertex 6.01999 -11.0687 11.0687
    endloop
  endfacet
  facet normal -0.0244808 0.9997 0
    outer loop
      vertex 6.01999 -11.0687 11.0687
      vertex 6.56311 -11.0554 9.68512
      vertex 6.01999 -11.0687 9.68512
    endloop
  endfacet
  facet normal 0.0244813 0.9997 0
    outer loop
      vertex 6.01999 -11.0687 11.0687
      vertex 6.01999 -11.0687 9.68512
      vertex 5.47688 -11.0554 11.0687
    endloop
  endfacet
  facet normal 0.0244813 0.9997 0
    outer loop
      vertex 5.47688 -11.0554 11.0687
      vertex 6.01999 -11.0687 9.68512
      vertex 5.47688 -11.0554 9.68512
    endloop
  endfacet
  facet normal 0.0736262 0.997286 0
    outer loop
      vertex 5.47688 -11.0554 11.0687
      vertex 5.47688 -11.0554 9.68512
      vertex 4.93507 -11.0154 11.0687
    endloop
  endfacet
  facet normal 0.0736262 0.997286 0
    outer loop
      vertex 4.93507 -11.0154 11.0687
      vertex 5.47688 -11.0554 9.68512
      vertex 4.93507 -11.0154 9.68512
    endloop
  endfacet
  facet normal 0.122406 0.99248 0
    outer loop
      vertex 4.93507 -11.0154 11.0687
      vertex 4.93507 -11.0154 9.68512
      vertex 4.39588 -10.9489 11.0687
    endloop
  endfacet
  facet normal 0.122406 0.99248 0
    outer loop
      vertex 4.39588 -10.9489 11.0687
      vertex 4.93507 -11.0154 9.68512
      vertex 4.39588 -10.9489 9.68512
    endloop
  endfacet
  facet normal 0.170995 0.985272 0
    outer loop
      vertex 4.39588 -10.9489 11.0687
      vertex 4.39588 -10.9489 9.68512
      vertex 3.86059 -10.856 11.0687
    endloop
  endfacet
  facet normal 0.170995 0.985272 0
    outer loop
      vertex 3.86059 -10.856 11.0687
      vertex 4.39588 -10.9489 9.68512
      vertex 3.86059 -10.856 9.68512
    endloop
  endfacet
  facet normal 0.219047 0.975714 0
    outer loop
      vertex 3.86059 -10.856 11.0687
      vertex 3.86059 -10.856 9.68512
      vertex 3.33052 -10.737 11.0687
    endloop
  endfacet
  facet normal 0.219047 0.975714 0
    outer loop
      vertex 3.33052 -10.737 11.0687
      vertex 3.86059 -10.856 9.68512
      vertex 3.33052 -10.737 9.68512
    endloop
  endfacet
  facet normal 0.266713 0.963776 0
    outer loop
      vertex 3.33052 -10.737 11.0687
      vertex 3.33052 -10.737 9.68512
      vertex 2.80692 -10.5921 11.0687
    endloop
  endfacet
  facet normal 0.266713 0.963776 0
    outer loop
      vertex 2.80692 -10.5921 11.0687
      vertex 3.33052 -10.737 9.68512
      vertex 2.80692 -10.5921 9.68512
    endloop
  endfacet
  facet normal 0.313653 0.949538 0
    outer loop
      vertex 2.80692 -10.5921 11.0687
      vertex 2.80692 -10.5921 9.68512
      vertex 2.29106 -10.4217 11.0687
    endloop
  endfacet
  facet normal 0.313653 0.949538 0
    outer loop
      vertex 2.29106 -10.4217 11.0687
      vertex 2.80692 -10.5921 9.68512
      vertex 2.29106 -10.4217 9.68512
    endloop
  endfacet
  facet normal 0.360015 0.932947 0
    outer loop
      vertex 2.29106 -10.4217 11.0687
      vertex 2.29106 -10.4217 9.68512
      vertex 1.78418 -10.2261 11.0687
    endloop
  endfacet
  facet normal 0.360015 0.932947 0
    outer loop
      vertex 1.78418 -10.2261 11.0687
      vertex 2.29106 -10.4217 9.68512
      vertex 1.78418 -10.2261 9.68512
    endloop
  endfacet
  facet normal 0.405151 0.91425 0
    outer loop
      vertex 1.78418 -10.2261 11.0687
      vertex 1.78418 -10.2261 9.68512
      vertex 1.28751 -10.006 11.0687
    endloop
  endfacet
  facet normal 0.405151 0.91425 0
    outer loop
      vertex 1.28751 -10.006 11.0687
      vertex 1.78418 -10.2261 9.68512
      vertex 1.28751 -10.006 9.68512
    endloop
  endfacet
  facet normal 0.44962 0.89322 0
    outer loop
      vertex 1.28751 -10.006 11.0687
      vertex 1.28751 -10.006 9.68512
      vertex 0.80224 -9.76173 11.0687
    endloop
  endfacet
  facet normal 0.44962 0.89322 0
    outer loop
      vertex 0.80224 -9.76173 11.0687
      vertex 1.28751 -10.006 9.68512
      vertex 0.80224 -9.76173 9.68512
    endloop
  endfacet
  facet normal 0.49291 0.87008 0
    outer loop
      vertex 0.80224 -9.76173 11.0687
      vertex 0.80224 -9.76173 9.68512
      vertex 0.32954 -9.49394 11.0687
    endloop
  endfacet
  facet normal 0.49291 0.87008 0
    outer loop
      vertex 0.32954 -9.49394 11.0687
      vertex 0.80224 -9.76173 9.68512
      vertex 0.32954 -9.49394 9.68512
    endloop
  endfacet
  facet normal 0.534994 0.844856 0
    outer loop
      vertex 0.32954 -9.49394 11.0687
      vertex 0.32954 -9.49394 9.68512
      vertex -0.129451 -9.20329 11.0687
    endloop
  endfacet
  facet normal 0.534994 0.844856 0
    outer loop
      vertex -0.129451 -9.20329 11.0687
      vertex 0.32954 -9.49394 9.68512
      vertex -0.129451 -9.20329 9.68512
    endloop
  endfacet
  facet normal 0.575802 0.817589 0
    outer loop
      vertex -0.129451 -9.20329 11.0687
      vertex -0.129451 -9.20329 9.68512
      vertex -0.573628 -8.89047 11.0687
    endloop
  endfacet
  facet normal 0.575802 0.817589 0
    outer loop
      vertex -0.573628 -8.89047 11.0687
      vertex -0.129451 -9.20329 9.68512
      vertex -0.573628 -8.89047 9.68512
    endloop
  endfacet
  facet normal 0.61524 0.78834 0
    outer loop
      vertex -0.573628 -8.89047 11.0687
      vertex -0.573628 -8.89047 9.68512
      vertex -1.00192 -8.55622 11.0687
    endloop
  endfacet
  facet normal 0.61524 0.78834 0
    outer loop
      vertex -1.00192 -8.55622 11.0687
      vertex -0.573628 -8.89047 9.68512
      vertex -1.00192 -8.55622 9.68512
    endloop
  endfacet
  facet normal 0.653164 0.757217 0
    outer loop
      vertex -1.00192 -8.55622 11.0687
      vertex -1.00192 -8.55622 9.68512
      vertex -1.4133 -8.20137 11.0687
    endloop
  endfacet
  facet normal 0.653164 0.757217 0
    outer loop
      vertex -1.4133 -8.20137 11.0687
      vertex -1.00192 -8.55622 9.68512
      vertex -1.4133 -8.20137 9.68512
    endloop
  endfacet
  facet normal 0.689545 0.724243 0
    outer loop
      vertex -1.4133 -8.20137 11.0687
      vertex -1.4133 -8.20137 9.68512
      vertex -1.80676 -7.82676 11.0687
    endloop
  endfacet
  facet normal 0.689545 0.724243 0
    outer loop
      vertex -1.80676 -7.82676 11.0687
      vertex -1.4133 -8.20137 9.68512
      vertex -1.80676 -7.82676 9.68512
    endloop
  endfacet
  facet normal 0.724242 0.689546 0
    outer loop
      vertex -1.80676 -7.82676 11.0687
      vertex -1.80676 -7.82676 9.68512
      vertex -2.18138 -7.43329 11.0687
    endloop
  endfacet
  facet normal 0.724242 0.689546 0
    outer loop
      vertex -2.18138 -7.43329 11.0687
      vertex -1.80676 -7.82676 9.68512
      vertex -2.18138 -7.43329 9.68512
    endloop
  endfacet
  facet normal 0.757217 0.653164 0
    outer loop
      vertex -2.18138 -7.43329 11.0687
      vertex -2.18138 -7.43329 9.68512
      vertex -2.53623 -7.02191 11.0687
    endloop
  endfacet
  facet normal 0.757217 0.653164 0
    outer loop
      vertex -2.53623 -7.02191 11.0687
      vertex -2.18138 -7.43329 9.68512
      vertex -2.53623 -7.02191 9.68512
    endloop
  endfacet
  facet normal 0.788347 0.615231 0
    outer loop
      vertex -2.53623 -7.02191 11.0687
      vertex -2.53623 -7.02191 9.68512
      vertex -2.87047 -6.59362 11.0687
    endloop
  endfacet
  facet normal 0.788347 0.615231 0
    outer loop
      vertex -2.87047 -6.59362 11.0687
      vertex -2.53623 -7.02191 9.68512
      vertex -2.87047 -6.59362 9.68512
    endloop
  endfacet
  facet normal 0.817582 0.575812 0
    outer loop
      vertex -2.87047 -6.59362 11.0687
      vertex -2.87047 -6.59362 9.68512
      vertex -3.1833 -6.14944 11.0687
    endloop
  endfacet
  facet normal 0.817582 0.575812 0
    outer loop
      vertex -3.1833 -6.14944 11.0687
      vertex -2.87047 -6.59362 9.68512
      vertex -3.1833 -6.14944 9.68512
    endloop
  endfacet
  facet normal 0.844855 0.534995 0
    outer loop
      vertex -3.1833 -6.14944 11.0687
      vertex -3.1833 -6.14944 9.68512
      vertex -3.47395 -5.69045 11.0687
    endloop
  endfacet
  facet normal 0.844855 0.534995 0
    outer loop
      vertex -3.47395 -5.69045 11.0687
      vertex -3.1833 -6.14944 9.68512
      vertex -3.47395 -5.69045 9.68512
    endloop
  endfacet
  facet normal 0.870088 0.492896 0
    outer loop
      vertex -3.47395 -5.69045 11.0687
      vertex -3.47395 -5.69045 9.68512
      vertex -3.74173 -5.21775 11.0687
    endloop
  endfacet
  facet normal 0.870088 0.492896 0
    outer loop
      vertex -3.74173 -5.21775 11.0687
      vertex -3.47395 -5.69045 9.68512
      vertex -3.74173 -5.21775 9.68512
    endloop
  endfacet
  facet normal 0.89322 0.44962 0
    outer loop
      vertex -3.74173 -5.21775 11.0687
      vertex -3.74173 -5.21775 9.68512
      vertex -3.986 -4.73248 11.0687
    endloop
  endfacet
  facet normal 0.89322 0.44962 0
    outer loop
      vertex -3.986 -4.73248 11.0687
      vertex -3.74173 -5.21775 9.68512
      vertex -3.986 -4.73248 9.68512
    endloop
  endfacet
  facet normal 0.914209 0.405243 0
    outer loop
      vertex -3.986 -4.73248 11.0687
      vertex -3.986 -4.73248 9.68512
      vertex -4.20616 -4.23581 11.0687
    endloop
  endfacet
  facet normal 0.914209 0.405243 0
    outer loop
      vertex -4.20616 -4.23581 11.0687
      vertex -3.986 -4.73248 9.68512
      vertex -4.20616 -4.23581 9.68512
    endloop
  endfacet
  facet normal 0.932996 0.359887 0
    outer loop
      vertex -4.20616 -4.23581 11.0687
      vertex -4.20616 -4.23581 9.68512
      vertex -4.40168 -3.72893 11.0687
    endloop
  endfacet
  facet normal 0.932996 0.359887 0
    outer loop
      vertex -4.40168 -3.72893 11.0687
      vertex -4.20616 -4.23581 9.68512
      vertex -4.40168 -3.72893 9.68512
    endloop
  endfacet
  facet normal 0.949527 0.313687 0
    outer loop
      vertex -4.40168 -3.72893 11.0687
      vertex -4.40168 -3.72893 9.68512
      vertex -4.5721 -3.21307 11.0687
    endloop
  endfacet
  facet normal 0.949527 0.313687 0
    outer loop
      vertex -4.5721 -3.21307 11.0687
      vertex -4.40168 -3.72893 9.68512
      vertex -4.5721 -3.21307 9.68512
    endloop
  endfacet
  facet normal 0.963775 0.266718 0
    outer loop
      vertex -4.5721 -3.21307 11.0687
      vertex -4.5721 -3.21307 9.68512
      vertex -4.717 -2.68948 11.0687
    endloop
  endfacet
  facet normal 0.963775 0.266718 0
    outer loop
      vertex -4.717 -2.68948 11.0687
      vertex -4.5721 -3.21307 9.68512
      vertex -4.717 -2.68948 9.68512
    endloop
  endfacet
  facet normal 0.975703 0.219095 0
    outer loop
      vertex -4.717 -2.68948 11.0687
      vertex -4.717 -2.68948 9.68512
      vertex -4.83603 -2.1594 11.0687
    endloop
  endfacet
  facet normal 0.975703 0.219095 0
    outer loop
      vertex -4.83603 -2.1594 11.0687
      vertex -4.717 -2.68948 9.68512
      vertex -4.83603 -2.1594 9.68512
    endloop
  endfacet
  facet normal 0.985278 0.170962 0
    outer loop
      vertex -4.83603 -2.1594 11.0687
      vertex -4.83603 -2.1594 9.68512
      vertex -4.92891 -1.62412 11.0687
    endloop
  endfacet
  facet normal 0.985278 0.170962 0
    outer loop
      vertex -4.92891 -1.62412 11.0687
      vertex -4.83603 -2.1594 9.68512
      vertex -4.92891 -1.62412 9.68512
    endloop
  endfacet
  facet normal 0.99248 0.122403 0
    outer loop
      vertex -4.92891 -1.62412 11.0687
      vertex -4.92891 -1.62412 9.68512
      vertex -4.99541 -1.08492 11.0687
    endloop
  endfacet
  facet normal 0.99248 0.122403 0
    outer loop
      vertex -4.99541 -1.08492 11.0687
      vertex -4.92891 -1.62412 9.68512
      vertex -4.99541 -1.08492 9.68512
    endloop
  endfacet
  facet normal 0.99729 0.0735721 0
    outer loop
      vertex -4.99541 -1.08492 11.0687
      vertex -4.99541 -1.08492 9.68512
      vertex -5.03538 -0.543116 11.0687
    endloop
  endfacet
  facet normal 0.99729 0.0735721 0
    outer loop
      vertex -5.03538 -0.543116 11.0687
      vertex -4.99541 -1.08492 9.68512
      vertex -5.03538 -0.543116 9.68512
    endloop
  endfacet
  facet normal 0.999699 0.0245362 0
    outer loop
      vertex -5.03538 -0.543116 11.0687
      vertex -5.03538 -0.543116 9.68512
      vertex -5.04871 0 11.0687
    endloop
  endfacet
  facet normal 0.999699 0.0245362 0
    outer loop
      vertex -5.04871 0 11.0687
      vertex -5.03538 -0.543116 9.68512
      vertex -5.04871 0 9.68512
    endloop
  endfacet
  facet normal 0.999699 -0.0245362 0
    outer loop
      vertex -5.04871 0 11.0687
      vertex -5.04871 0 9.68512
      vertex -5.03538 0.543116 11.0687
    endloop
  endfacet
  facet normal 0.999699 -0.0245362 0
    outer loop
      vertex -5.03538 0.543116 11.0687
      vertex -5.04871 0 9.68512
      vertex -5.03538 0.543116 9.68512
    endloop
  endfacet
  facet normal 0.99729 -0.0735721 0
    outer loop
      vertex -5.03538 0.543116 11.0687
      vertex -5.03538 0.543116 9.68512
      vertex -4.99541 1.08492 11.0687
    endloop
  endfacet
  facet normal 0.99729 -0.0735721 0
    outer loop
      vertex -4.99541 1.08492 11.0687
      vertex -5.03538 0.543116 9.68512
      vertex -4.99541 1.08492 9.68512
    endloop
  endfacet
  facet normal 0.99248 -0.122403 0
    outer loop
      vertex -4.99541 1.08492 11.0687
      vertex -4.99541 1.08492 9.68512
      vertex -4.92891 1.62412 11.0687
    endloop
  endfacet
  facet normal 0.99248 -0.122403 0
    outer loop
      vertex -4.92891 1.62412 11.0687
      vertex -4.99541 1.08492 9.68512
      vertex -4.92891 1.62412 9.68512
    endloop
  endfacet
  facet normal 0.985278 -0.170962 0
    outer loop
      vertex -4.92891 1.62412 11.0687
      vertex -4.92891 1.62412 9.68512
      vertex -4.83603 2.1594 11.0687
    endloop
  endfacet
  facet normal 0.985278 -0.170962 0
    outer loop
      vertex -4.83603 2.1594 11.0687
      vertex -4.92891 1.62412 9.68512
      vertex -4.83603 2.1594 9.68512
    endloop
  endfacet
  facet normal 0.975703 -0.219095 0
    outer loop
      vertex -4.83603 2.1594 11.0687
      vertex -4.83603 2.1594 9.68512
      vertex -4.717 2.68948 11.0687
    endloop
  endfacet
  facet normal 0.975703 -0.219095 0
    outer loop
      vertex -4.717 2.68948 11.0687
      vertex -4.83603 2.1594 9.68512
      vertex -4.717 2.68948 9.68512
    endloop
  endfacet
  facet normal 0.963775 -0.266718 0
    outer loop
      vertex -4.717 2.68948 11.0687
      vertex -4.717 2.68948 9.68512
      vertex -4.5721 3.21307 11.0687
    endloop
  endfacet
  facet normal 0.963775 -0.266718 0
    outer loop
      vertex -4.5721 3.21307 11.0687
      vertex -4.717 2.68948 9.68512
      vertex -4.5721 3.21307 9.68512
    endloop
  endfacet
  facet normal 0.949527 -0.313687 0
    outer loop
      vertex -4.5721 3.21307 11.0687
      vertex -4.5721 3.21307 9.68512
      vertex -4.40168 3.72893 11.0687
    endloop
  endfacet
  facet normal 0.949527 -0.313687 0
    outer loop
      vertex -4.40168 3.72893 11.0687
      vertex -4.5721 3.21307 9.68512
      vertex -4.40168 3.72893 9.68512
    endloop
  endfacet
  facet normal 0.932996 -0.359887 0
    outer loop
      vertex -4.40168 3.72893 11.0687
      vertex -4.40168 3.72893 9.68512
      vertex -4.20616 4.23581 11.0687
    endloop
  endfacet
  facet normal 0.932996 -0.359887 0
    outer loop
      vertex -4.20616 4.23581 11.0687
      vertex -4.40168 3.72893 9.68512
      vertex -4.20616 4.23581 9.68512
    endloop
  endfacet
  facet normal 0.914209 -0.405243 0
    outer loop
      vertex -4.20616 4.23581 11.0687
      vertex -4.20616 4.23581 9.68512
      vertex -3.986 4.73248 11.0687
    endloop
  endfacet
  facet normal 0.914209 -0.405243 0
    outer loop
      vertex -3.986 4.73248 11.0687
      vertex -4.20616 4.23581 9.68512
      vertex -3.986 4.73248 9.68512
    endloop
  endfacet
  facet normal 0.89322 -0.44962 0
    outer loop
      vertex -3.986 4.73248 11.0687
      vertex -3.986 4.73248 9.68512
      vertex -3.74173 5.21775 11.0687
    endloop
  endfacet
  facet normal 0.89322 -0.44962 0
    outer loop
      vertex -3.74173 5.21775 11.0687
      vertex -3.986 4.73248 9.68512
      vertex -3.74173 5.21775 9.68512
    endloop
  endfacet
  facet normal 0.870088 -0.492896 0
    outer loop
      vertex -3.74173 5.21775 11.0687
      vertex -3.74173 5.21775 9.68512
      vertex -3.47395 5.69045 11.0687
    endloop
  endfacet
  facet normal 0.870088 -0.492896 0
    outer loop
      vertex -3.47395 5.69045 11.0687
      vertex -3.74173 5.21775 9.68512
      vertex -3.47395 5.69045 9.68512
    endloop
  endfacet
  facet normal 0.844855 -0.534995 0
    outer loop
      vertex -3.47395 5.69045 11.0687
      vertex -3.47395 5.69045 9.68512
      vertex -3.1833 6.14944 11.0687
    endloop
  endfacet
  facet normal 0.844855 -0.534995 0
    outer loop
      vertex -3.1833 6.14944 11.0687
      vertex -3.47395 5.69045 9.68512
      vertex -3.1833 6.14944 9.68512
    endloop
  endfacet
  facet normal 0.817582 -0.575812 0
    outer loop
      vertex -3.1833 6.14944 11.0687
      vertex -3.1833 6.14944 9.68512
      vertex -2.87047 6.59362 11.0687
    endloop
  endfacet
  facet normal 0.817582 -0.575812 0
    outer loop
      vertex -2.87047 6.59362 11.0687
      vertex -3.1833 6.14944 9.68512
      vertex -2.87047 6.59362 9.68512
    endloop
  endfacet
  facet normal 0.788347 -0.615231 0
    outer loop
      vertex -2.87047 6.59362 11.0687
      vertex -2.87047 6.59362 9.68512
      vertex -2.53623 7.02191 11.0687
    endloop
  endfacet
  facet normal 0.788347 -0.615231 0
    outer loop
      vertex -2.53623 7.02191 11.0687
      vertex -2.87047 6.59362 9.68512
      vertex -2.53623 7.02191 9.68512
    endloop
  endfacet
  facet normal 0.757217 -0.653164 0
    outer loop
      vertex -2.53623 7.02191 11.0687
      vertex -2.53623 7.02191 9.68512
      vertex -2.18138 7.43329 11.0687
    endloop
  endfacet
  facet normal 0.757217 -0.653164 0
    outer loop
      vertex -2.18138 7.43329 11.0687
      vertex -2.53623 7.02191 9.68512
      vertex -2.18138 7.43329 9.68512
    endloop
  endfacet
  facet normal 0.724242 -0.689546 0
    outer loop
      vertex -2.18138 7.43329 11.0687
      vertex -2.18138 7.43329 9.68512
      vertex -1.80676 7.82676 11.0687
    endloop
  endfacet
  facet normal 0.724242 -0.689546 0
    outer loop
      vertex -1.80676 7.82676 11.0687
      vertex -2.18138 7.43329 9.68512
      vertex -1.80676 7.82676 9.68512
    endloop
  endfacet
  facet normal 0.689545 -0.724243 0
    outer loop
      vertex -1.80676 7.82676 11.0687
      vertex -1.80676 7.82676 9.68512
      vertex -1.4133 8.20137 11.0687
    endloop
  endfacet
  facet normal 0.689545 -0.724243 0
    outer loop
      vertex -1.4133 8.20137 11.0687
      vertex -1.80676 7.82676 9.68512
      vertex -1.4133 8.20137 9.68512
    endloop
  endfacet
  facet normal 0.653164 -0.757217 0
    outer loop
      vertex -1.4133 8.20137 11.0687
      vertex -1.4133 8.20137 9.68512
      vertex -1.00192 8.55622 11.0687
    endloop
  endfacet
  facet normal 0.653164 -0.757217 0
    outer loop
      vertex -1.00192 8.55622 11.0687
      vertex -1.4133 8.20137 9.68512
      vertex -1.00192 8.55622 9.68512
    endloop
  endfacet
  facet normal 0.61524 -0.78834 0
    outer loop
      vertex -1.00192 8.55622 11.0687
      vertex -1.00192 8.55622 9.68512
      vertex -0.573628 8.89047 11.0687
    endloop
  endfacet
  facet normal 0.61524 -0.78834 0
    outer loop
      vertex -0.573628 8.89047 11.0687
      vertex -1.00192 8.55622 9.68512
      vertex -0.573628 8.89047 9.68512
    endloop
  endfacet
  facet normal 0.575802 -0.817589 0
    outer loop
      vertex -0.573628 8.89047 11.0687
      vertex -0.573628 8.89047 9.68512
      vertex -0.129451 9.20329 11.0687
    endloop
  endfacet
  facet normal 0.575802 -0.817589 0
    outer loop
      vertex -0.129451 9.20329 11.0687
      vertex -0.573628 8.89047 9.68512
      vertex -0.129451 9.20329 9.68512
    endloop
  endfacet
  facet normal 0.534994 -0.844856 0
    outer loop
      vertex -0.129451 9.20329 11.0687
      vertex -0.129451 9.20329 9.68512
      vertex 0.32954 9.49394 11.0687
    endloop
  endfacet
  facet normal 0.534994 -0.844856 0
    outer loop
      vertex 0.32954 9.49394 11.0687
      vertex -0.129451 9.20329 9.68512
      vertex 0.32954 9.49394 9.68512
    endloop
  endfacet
  facet normal 0.49291 -0.87008 0
    outer loop
      vertex 0.32954 9.49394 11.0687
      vertex 0.32954 9.49394 9.68512
      vertex 0.80224 9.76173 11.0687
    endloop
  endfacet
  facet normal 0.49291 -0.87008 0
    outer loop
      vertex 0.80224 9.76173 11.0687
      vertex 0.32954 9.49394 9.68512
      vertex 0.80224 9.76173 9.68512
    endloop
  endfacet
  facet normal 0.44962 -0.89322 0
    outer loop
      vertex 0.80224 9.76173 11.0687
      vertex 0.80224 9.76173 9.68512
      vertex 1.28751 10.006 11.0687
    endloop
  endfacet
  facet normal 0.44962 -0.89322 0
    outer loop
      vertex 1.28751 10.006 11.0687
      vertex 0.80224 9.76173 9.68512
      vertex 1.28751 10.006 9.68512
    endloop
  endfacet
  facet normal 0.405151 -0.91425 0
    outer loop
      vertex 1.28751 10.006 11.0687
      vertex 1.28751 10.006 9.68512
      vertex 1.78418 10.2261 11.0687
    endloop
  endfacet
  facet normal 0.405151 -0.91425 0
    outer loop
      vertex 1.78418 10.2261 11.0687
      vertex 1.28751 10.006 9.68512
      vertex 1.78418 10.2261 9.68512
    endloop
  endfacet
  facet normal 0.360015 -0.932947 0
    outer loop
      vertex 1.78418 10.2261 11.0687
      vertex 1.78418 10.2261 9.68512
      vertex 2.29106 10.4217 11.0687
    endloop
  endfacet
  facet normal 0.360015 -0.932947 0
    outer loop
      vertex 2.29106 10.4217 11.0687
      vertex 1.78418 10.2261 9.68512
      vertex 2.29106 10.4217 9.68512
    endloop
  endfacet
  facet normal 0.313653 -0.949538 0
    outer loop
      vertex 2.29106 10.4217 11.0687
      vertex 2.29106 10.4217 9.68512
      vertex 2.80692 10.5921 11.0687
    endloop
  endfacet
  facet normal 0.313653 -0.949538 0
    outer loop
      vertex 2.80692 10.5921 11.0687
      vertex 2.29106 10.4217 9.68512
      vertex 2.80692 10.5921 9.68512
    endloop
  endfacet
  facet normal 0.266713 -0.963776 0
    outer loop
      vertex 2.80692 10.5921 11.0687
      vertex 2.80692 10.5921 9.68512
      vertex 3.33052 10.737 11.0687
    endloop
  endfacet
  facet normal 0.266713 -0.963776 0
    outer loop
      vertex 3.33052 10.737 11.0687
      vertex 2.80692 10.5921 9.68512
      vertex 3.33052 10.737 9.68512
    endloop
  endfacet
  facet normal 0.219047 -0.975714 0
    outer loop
      vertex 3.33052 10.737 11.0687
      vertex 3.33052 10.737 9.68512
      vertex 3.86059 10.856 11.0687
    endloop
  endfacet
  facet normal 0.219047 -0.975714 0
    outer loop
      vertex 3.86059 10.856 11.0687
      vertex 3.33052 10.737 9.68512
      vertex 3.86059 10.856 9.68512
    endloop
  endfacet
  facet normal 0.170995 -0.985272 0
    outer loop
      vertex 3.86059 10.856 11.0687
      vertex 3.86059 10.856 9.68512
      vertex 4.39588 10.9489 11.0687
    endloop
  endfacet
  facet normal 0.170995 -0.985272 0
    outer loop
      vertex 4.39588 10.9489 11.0687
      vertex 3.86059 10.856 9.68512
      vertex 4.39588 10.9489 9.68512
    endloop
  endfacet
  facet normal 0.122406 -0.99248 0
    outer loop
      vertex 4.39588 10.9489 11.0687
      vertex 4.39588 10.9489 9.68512
      vertex 4.93507 11.0154 11.0687
    endloop
  endfacet
  facet normal 0.122406 -0.99248 0
    outer loop
      vertex 4.93507 11.0154 11.0687
      vertex 4.39588 10.9489 9.68512
      vertex 4.93507 11.0154 9.68512
    endloop
  endfacet
  facet normal 0.0736262 -0.997286 0
    outer loop
      vertex 4.93507 11.0154 11.0687
      vertex 4.93507 11.0154 9.68512
      vertex 5.47688 11.0554 11.0687
    endloop
  endfacet
  facet normal 0.0736262 -0.997286 0
    outer loop
      vertex 5.47688 11.0554 11.0687
      vertex 4.93507 11.0154 9.68512
      vertex 5.47688 11.0554 9.68512
    endloop
  endfacet
  facet normal 0.0244813 -0.9997 0
    outer loop
      vertex 5.47688 11.0554 11.0687
      vertex 5.47688 11.0554 9.68512
      vertex 6.01999 11.0687 11.0687
    endloop
  endfacet
  facet normal 0.0244813 -0.9997 0
    outer loop
      vertex 6.01999 11.0687 11.0687
      vertex 5.47688 11.0554 9.68512
      vertex 6.01999 11.0687 9.68512
    endloop
  endfacet
  facet normal -0.0244808 -0.9997 -0
    outer loop
      vertex 6.01999 11.0687 11.0687
      vertex 6.01999 11.0687 9.68512
      vertex 6.56311 11.0554 11.0687
    endloop
  endfacet
  facet normal -0.0244808 -0.9997 -0
    outer loop
      vertex 6.56311 11.0554 11.0687
      vertex 6.01999 11.0687 9.68512
      vertex 6.56311 11.0554 9.68512
    endloop
  endfacet
  facet normal -0.0736276 -0.997286 -0
    outer loop
      vertex 6.56311 11.0554 11.0687
      vertex 6.56311 11.0554 9.68512
      vertex 7.10491 11.0154 11.0687
    endloop
  endfacet
  facet normal -0.0736276 -0.997286 -0
    outer loop
      vertex 7.10491 11.0154 11.0687
      vertex 6.56311 11.0554 9.68512
      vertex 7.10491 11.0154 9.68512
    endloop
  endfacet
  facet normal -0.122403 -0.99248 -0
    outer loop
      vertex 7.10491 11.0154 11.0687
      vertex 7.10491 11.0154 9.68512
      vertex 7.64411 10.9489 11.0687
    endloop
  endfacet
  facet normal -0.122403 -0.99248 -0
    outer loop
      vertex 7.64411 10.9489 11.0687
      vertex 7.10491 11.0154 9.68512
      vertex 7.64411 10.9489 9.68512
    endloop
  endfacet
  facet normal -0.170998 -0.985271 -0
    outer loop
      vertex 7.64411 10.9489 11.0687
      vertex 7.64411 10.9489 9.68512
      vertex 8.17939 10.856 11.0687
    endloop
  endfacet
  facet normal -0.170998 -0.985271 -0
    outer loop
      vertex 8.17939 10.856 11.0687
      vertex 7.64411 10.9489 9.68512
      vertex 8.17939 10.856 9.68512
    endloop
  endfacet
  facet normal -0.219043 -0.975715 -0
    outer loop
      vertex 8.17939 10.856 11.0687
      vertex 8.17939 10.856 9.68512
      vertex 8.70947 10.737 11.0687
    endloop
  endfacet
  facet normal -0.219043 -0.975715 -0
    outer loop
      vertex 8.70947 10.737 11.0687
      vertex 8.17939 10.856 9.68512
      vertex 8.70947 10.737 9.68512
    endloop
  endfacet
  facet normal -0.266713 -0.963776 -0
    outer loop
      vertex 8.70947 10.737 11.0687
      vertex 8.70947 10.737 9.68512
      vertex 9.23307 10.5921 11.0687
    endloop
  endfacet
  facet normal -0.266713 -0.963776 -0
    outer loop
      vertex 9.23307 10.5921 11.0687
      vertex 8.70947 10.737 9.68512
      vertex 9.23307 10.5921 9.68512
    endloop
  endfacet
  facet normal -0.313653 -0.949538 -0
    outer loop
      vertex 9.23307 10.5921 11.0687
      vertex 9.23307 10.5921 9.68512
      vertex 9.74893 10.4217 11.0687
    endloop
  endfacet
  facet normal -0.313653 -0.949538 -0
    outer loop
      vertex 9.74893 10.4217 11.0687
      vertex 9.23307 10.5921 9.68512
      vertex 9.74893 10.4217 9.68512
    endloop
  endfacet
  facet normal -0.360021 -0.932944 -0
    outer loop
      vertex 9.74893 10.4217 11.0687
      vertex 9.74893 10.4217 9.68512
      vertex 10.2558 10.2261 11.0687
    endloop
  endfacet
  facet normal -0.360021 -0.932944 -0
    outer loop
      vertex 10.2558 10.2261 11.0687
      vertex 9.74893 10.4217 9.68512
      vertex 10.2558 10.2261 9.68512
    endloop
  endfacet
  facet normal -0.405131 -0.914259 -0
    outer loop
      vertex 10.2558 10.2261 11.0687
      vertex 10.2558 10.2261 9.68512
      vertex 10.7525 10.006 11.0687
    endloop
  endfacet
  facet normal -0.405131 -0.914259 -0
    outer loop
      vertex 10.7525 10.006 11.0687
      vertex 10.2558 10.2261 9.68512
      vertex 10.7525 10.006 9.68512
    endloop
  endfacet
  facet normal -0.449671 -0.893194 -0
    outer loop
      vertex 10.7525 10.006 11.0687
      vertex 10.7525 10.006 9.68512
      vertex 11.2377 9.76173 11.0687
    endloop
  endfacet
  facet normal -0.449671 -0.893194 -0
    outer loop
      vertex 11.2377 9.76173 11.0687
      vertex 10.7525 10.006 9.68512
      vertex 11.2377 9.76173 9.68512
    endloop
  endfacet
  facet normal -0.49291 -0.87008 -0
    outer loop
      vertex 11.2377 9.76173 11.0687
      vertex 11.2377 9.76173 9.68512
      vertex 11.7104 9.49394 11.0687
    endloop
  endfacet
  facet normal -0.49291 -0.87008 -0
    outer loop
      vertex 11.7104 9.49394 11.0687
      vertex 11.2377 9.76173 9.68512
      vertex 11.7104 9.49394 9.68512
    endloop
  endfacet
  facet normal -0.534986 -0.844861 -0
    outer loop
      vertex 11.7104 9.49394 11.0687
      vertex 11.7104 9.49394 9.68512
      vertex 12.1694 9.20329 11.0687
    endloop
  endfacet
  facet normal -0.534986 -0.844861 -0
    outer loop
      vertex 12.1694 9.20329 11.0687
      vertex 11.7104 9.49394 9.68512
      vertex 12.1694 9.20329 9.68512
    endloop
  endfacet
  facet normal -0.575782 -0.817603 -0
    outer loop
      vertex 12.1694 9.20329 11.0687
      vertex 12.1694 9.20329 9.68512
      vertex 12.6136 8.89047 11.0687
    endloop
  endfacet
  facet normal -0.575782 -0.817603 -0
    outer loop
      vertex 12.6136 8.89047 11.0687
      vertex 12.1694 9.20329 9.68512
      vertex 12.6136 8.89047 9.68512
    endloop
  endfacet
  facet normal -0.615233 -0.788345 -0
    outer loop
      vertex 12.6136 8.89047 11.0687
      vertex 12.6136 8.89047 9.68512
      vertex 13.0419 8.55622 11.0687
    endloop
  endfacet
  facet normal -0.615233 -0.788345 -0
    outer loop
      vertex 13.0419 8.55622 11.0687
      vertex 12.6136 8.89047 9.68512
      vertex 13.0419 8.55622 9.68512
    endloop
  endfacet
  facet normal -0.653145 -0.757233 -0
    outer loop
      vertex 13.0419 8.55622 11.0687
      vertex 13.0419 8.55622 9.68512
      vertex 13.4533 8.20137 11.0687
    endloop
  endfacet
  facet normal -0.653145 -0.757233 -0
    outer loop
      vertex 13.4533 8.20137 11.0687
      vertex 13.0419 8.55622 9.68512
      vertex 13.4533 8.20137 9.68512
    endloop
  endfacet
  facet normal -0.6896 -0.72419 -0
    outer loop
      vertex 13.4533 8.20137 11.0687
      vertex 13.4533 8.20137 9.68512
      vertex 13.8467 7.82676 11.0687
    endloop
  endfacet
  facet normal -0.6896 -0.72419 -0
    outer loop
      vertex 13.8467 7.82676 11.0687
      vertex 13.4533 8.20137 9.68512
      vertex 13.8467 7.82676 9.68512
    endloop
  endfacet
  facet normal -0.724169 -0.689623 -0
    outer loop
      vertex 13.8467 7.82676 11.0687
      vertex 13.8467 7.82676 9.68512
      vertex 14.2214 7.43329 11.0687
    endloop
  endfacet
  facet normal -0.724169 -0.689623 -0
    outer loop
      vertex 14.2214 7.43329 11.0687
      vertex 13.8467 7.82676 9.68512
      vertex 14.2214 7.43329 9.68512
    endloop
  endfacet
  facet normal -0.757262 -0.653111 -0
    outer loop
      vertex 14.2214 7.43329 11.0687
      vertex 14.2214 7.43329 9.68512
      vertex 14.5762 7.02191 11.0687
    endloop
  endfacet
  facet normal -0.757262 -0.653111 -0
    outer loop
      vertex 14.5762 7.02191 11.0687
      vertex 14.2214 7.43329 9.68512
      vertex 14.5762 7.02191 9.68512
    endloop
  endfacet
  facet normal -0.788294 -0.615299 -0
    outer loop
      vertex 14.5762 7.02191 11.0687
      vertex 14.5762 7.02191 9.68512
      vertex 14.9105 6.59362 11.0687
    endloop
  endfacet
  facet normal -0.788294 -0.615299 -0
    outer loop
      vertex 14.9105 6.59362 11.0687
      vertex 14.5762 7.02191 9.68512
      vertex 14.9105 6.59362 9.68512
    endloop
  endfacet
  facet normal -0.817608 -0.575775 -0
    outer loop
      vertex 14.9105 6.59362 11.0687
      vertex 14.9105 6.59362 9.68512
      vertex 15.2233 6.14944 11.0687
    endloop
  endfacet
  facet normal -0.817608 -0.575775 -0
    outer loop
      vertex 15.2233 6.14944 11.0687
      vertex 14.9105 6.59362 9.68512
      vertex 15.2233 6.14944 9.68512
    endloop
  endfacet
  facet normal -0.844897 -0.534929 -0
    outer loop
      vertex 15.2233 6.14944 11.0687
      vertex 15.2233 6.14944 9.68512
      vertex 15.5139 5.69045 11.0687
    endloop
  endfacet
  facet normal -0.844897 -0.534929 -0
    outer loop
      vertex 15.5139 5.69045 11.0687
      vertex 15.2233 6.14944 9.68512
      vertex 15.5139 5.69045 9.68512
    endloop
  endfacet
  facet normal -0.870072 -0.492924 -0
    outer loop
      vertex 15.5139 5.69045 11.0687
      vertex 15.5139 5.69045 9.68512
      vertex 15.7817 5.21775 11.0687
    endloop
  endfacet
  facet normal -0.870072 -0.492924 -0
    outer loop
      vertex 15.7817 5.21775 11.0687
      vertex 15.5139 5.69045 9.68512
      vertex 15.7817 5.21775 9.68512
    endloop
  endfacet
  facet normal -0.893198 -0.449664 -0
    outer loop
      vertex 15.7817 5.21775 11.0687
      vertex 15.7817 5.21775 9.68512
      vertex 16.026 4.73248 11.0687
    endloop
  endfacet
  facet normal -0.893198 -0.449664 -0
    outer loop
      vertex 16.026 4.73248 11.0687
      vertex 15.7817 5.21775 9.68512
      vertex 16.026 4.73248 9.68512
    endloop
  endfacet
  facet normal -0.91425 -0.405151 -0
    outer loop
      vertex 16.026 4.73248 11.0687
      vertex 16.026 4.73248 9.68512
      vertex 16.2461 4.23581 11.0687
    endloop
  endfacet
  facet normal -0.91425 -0.405151 -0
    outer loop
      vertex 16.2461 4.23581 11.0687
      vertex 16.026 4.73248 9.68512
      vertex 16.2461 4.23581 9.68512
    endloop
  endfacet
  facet normal -0.932947 -0.360015 -0
    outer loop
      vertex 16.2461 4.23581 11.0687
      vertex 16.2461 4.23581 9.68512
      vertex 16.4417 3.72893 11.0687
    endloop
  endfacet
  facet normal -0.932947 -0.360015 -0
    outer loop
      vertex 16.4417 3.72893 11.0687
      vertex 16.2461 4.23581 9.68512
      vertex 16.4417 3.72893 9.68512
    endloop
  endfacet
  facet normal -0.949538 -0.313653 -0
    outer loop
      vertex 16.4417 3.72893 11.0687
      vertex 16.4417 3.72893 9.68512
      vertex 16.6121 3.21307 11.0687
    endloop
  endfacet
  facet normal -0.949538 -0.313653 -0
    outer loop
      vertex 16.6121 3.21307 11.0687
      vertex 16.4417 3.72893 9.68512
      vertex 16.6121 3.21307 9.68512
    endloop
  endfacet
  facet normal -0.963775 -0.266718 -0
    outer loop
      vertex 16.6121 3.21307 11.0687
      vertex 16.6121 3.21307 9.68512
      vertex 16.757 2.68948 11.0687
    endloop
  endfacet
  facet normal -0.963775 -0.266718 -0
    outer loop
      vertex 16.757 2.68948 11.0687
      vertex 16.6121 3.21307 9.68512
      vertex 16.757 2.68948 9.68512
    endloop
  endfacet
  facet normal -0.975715 -0.219043 -0
    outer loop
      vertex 16.757 2.68948 11.0687
      vertex 16.757 2.68948 9.68512
      vertex 16.876 2.1594 11.0687
    endloop
  endfacet
  facet normal -0.975715 -0.219043 -0
    outer loop
      vertex 16.876 2.1594 11.0687
      vertex 16.757 2.68948 9.68512
      vertex 16.876 2.1594 9.68512
    endloop
  endfacet
  facet normal -0.985271 -0.170998 -0
    outer loop
      vertex 16.876 2.1594 11.0687
      vertex 16.876 2.1594 9.68512
      vertex 16.9689 1.62412 11.0687
    endloop
  endfacet
  facet normal -0.985271 -0.170998 -0
    outer loop
      vertex 16.9689 1.62412 11.0687
      vertex 16.876 2.1594 9.68512
      vertex 16.9689 1.62412 9.68512
    endloop
  endfacet
  facet normal -0.99248 -0.122403 -0
    outer loop
      vertex 16.9689 1.62412 11.0687
      vertex 16.9689 1.62412 9.68512
      vertex 17.0354 1.08492 11.0687
    endloop
  endfacet
  facet normal -0.99248 -0.122403 -0
    outer loop
      vertex 17.0354 1.08492 11.0687
      vertex 16.9689 1.62412 9.68512
      vertex 17.0354 1.08492 9.68512
    endloop
  endfacet
  facet normal -0.997286 -0.0736271 -0
    outer loop
      vertex 17.0354 1.08492 11.0687
      vertex 17.0354 1.08492 9.68512
      vertex 17.0754 0.543116 11.0687
    endloop
  endfacet
  facet normal -0.997286 -0.0736271 -0
    outer loop
      vertex 17.0754 0.543116 11.0687
      vertex 17.0354 1.08492 9.68512
      vertex 17.0754 0.543116 9.68512
    endloop
  endfacet
  facet normal 0.0316051 -0.045386 0.998469
    outer loop
      vertex 20.8838 -22.9777 10.3949
      vertex 13.8684 -13.0397 11.0687
      vertex 21.0541 -23.2727 10.3761
    endloop
  endfacet
  facet normal 0.0277636 -0.0480828 0.998457
    outer loop
      vertex 21.0541 -23.2727 10.3761
      vertex 13.8684 -13.0397 11.0687
      vertex 13.3885 -13.3168 11.0687
    endloop
  endfacet
  facet normal 0.0277598 -0.0480856 0.998457
    outer loop
      vertex 21.0541 -23.2727 10.3761
      vertex 13.3885 -13.3168 11.0687
      vertex 18.6576 -24.6562 10.3761
    endloop
  endfacet
  facet normal 0.0259237 -0.0489393 0.998465
    outer loop
      vertex 18.6576 -24.6562 10.3761
      vertex 13.3885 -13.3168 11.0687
      vertex 12.8988 -13.5762 11.0687
    endloop
  endfacet
  facet normal 0.0215947 -0.0511887 0.998456
    outer loop
      vertex 18.6576 -24.6562 10.3761
      vertex 12.8988 -13.5762 11.0687
      vertex 18.4874 -24.3613 10.3949
    endloop
  endfacet
  facet normal 0.0285038 -0.0476088 0.998459
    outer loop
      vertex 18.4874 -24.3613 10.3949
      vertex 12.8988 -13.5762 11.0687
      vertex 18.3209 -24.073 10.4134
    endloop
  endfacet
  facet normal 0.023321 -0.0502862 0.998463
    outer loop
      vertex 18.3209 -24.073 10.4134
      vertex 12.8988 -13.5762 11.0687
      vertex 18.1581 -23.7911 10.4314
    endloop
  endfacet
  facet normal 0.023674 -0.0501044 0.998463
    outer loop
      vertex 18.1581 -23.7911 10.4314
      vertex 12.8988 -13.5762 11.0687
      vertex 17.9991 -23.5155 10.449
    endloop
  endfacet
  facet normal 0.0289507 -0.0473963 0.998457
    outer loop
      vertex 17.9991 -23.5155 10.449
      vertex 12.8988 -13.5762 11.0687
      vertex 17.8435 -23.2461 10.4663
    endloop
  endfacet
  facet normal 0.0224304 -0.0507307 0.99846
    outer loop
      vertex 17.8435 -23.2461 10.4663
      vertex 12.8988 -13.5762 11.0687
      vertex 17.6914 -22.9827 10.4831
    endloop
  endfacet
  facet normal 0.025853 -0.0489872 0.998465
    outer loop
      vertex 17.6914 -22.9827 10.4831
      vertex 12.8988 -13.5762 11.0687
      vertex 17.3974 -22.4734 10.5157
    endloop
  endfacet
  facet normal 0.0258735 -0.0489768 0.998465
    outer loop
      vertex 17.3974 -22.4734 10.5157
      vertex 12.8988 -13.5762 11.0687
      vertex 17.116 -21.986 10.5469
    endloop
  endfacet
  facet normal 0.0231704 -0.0503322 0.998464
    outer loop
      vertex 17.116 -21.986 10.5469
      vertex 12.8988 -13.5762 11.0687
      vertex 16.8463 -21.519 10.5767
    endloop
  endfacet
  facet normal 0.0267194 -0.0485683 0.998462
    outer loop
      vertex 16.8463 -21.519 10.5767
      vertex 12.8988 -13.5762 11.0687
      vertex 16.5878 -21.0712 10.6054
    endloop
  endfacet
  facet normal 0.0227284 -0.0505328 0.998464
    outer loop
      vertex 16.5878 -21.0712 10.6054
      vertex 12.8988 -13.5762 11.0687
      vertex 16.3397 -20.6414 10.6328
    endloop
  endfacet
  facet normal 0.0245668 -0.0496375 0.998465
    outer loop
      vertex 16.3397 -20.6414 10.6328
      vertex 12.8988 -13.5762 11.0687
      vertex 16.1012 -20.2284 10.6592
    endloop
  endfacet
  facet normal 0.0248772 -0.0494881 0.998465
    outer loop
      vertex 16.1012 -20.2284 10.6592
      vertex 12.8988 -13.5762 11.0687
      vertex 15.8719 -19.8312 10.6846
    endloop
  endfacet
  facet normal 0.0263539 -0.048786 0.998462
    outer loop
      vertex 15.8719 -19.8312 10.6846
      vertex 12.8988 -13.5762 11.0687
      vertex 15.6512 -19.449 10.7091
    endloop
  endfacet
  facet normal 0.0244862 -0.0496616 0.998466
    outer loop
      vertex 15.6512 -19.449 10.7091
      vertex 12.8988 -13.5762 11.0687
      vertex 15.4389 -19.0812 10.7326
    endloop
  endfacet
  facet normal 0.0235221 -0.0501065 0.998467
    outer loop
      vertex 15.4389 -19.0812 10.7326
      vertex 12.8988 -13.5762 11.0687
      vertex 15.2343 -18.7269 10.7552
    endloop
  endfacet
  facet normal 0.0240899 -0.049849 0.998466
    outer loop
      vertex 15.2343 -18.7269 10.7552
      vertex 12.8988 -13.5762 11.0687
      vertex 15.0372 -18.3855 10.777
    endloop
  endfacet
  facet normal 0.025587 -0.0491831 0.998462
    outer loop
      vertex 15.0372 -18.3855 10.777
      vertex 12.8988 -13.5762 11.0687
      vertex 14.847 -18.0561 10.7981
    endloop
  endfacet
  facet normal 0.0239495 -0.0498955 0.998467
    outer loop
      vertex 14.847 -18.0561 10.7981
      vertex 12.8988 -13.5762 11.0687
      vertex 14.6634 -17.738 10.8184
    endloop
  endfacet
  facet normal 0.0235477 -0.0500659 0.998468
    outer loop
      vertex 14.6634 -17.738 10.8184
      vertex 12.8988 -13.5762 11.0687
      vertex 14.4859 -17.4306 10.838
    endloop
  endfacet
  facet normal 0.024473 -0.0496847 0.998465
    outer loop
      vertex 14.4859 -17.4306 10.838
      vertex 12.8988 -13.5762 11.0687
      vertex 14.3143 -17.1333 10.857
    endloop
  endfacet
  facet normal 0.0249552 -0.0494927 0.998463
    outer loop
      vertex 14.3143 -17.1333 10.857
      vertex 12.8988 -13.5762 11.0687
      vertex 14.1483 -16.8458 10.8754
    endloop
  endfacet
  facet normal 0.0248808 -0.0495211 0.998463
    outer loop
      vertex 14.1483 -16.8458 10.8754
      vertex 12.8988 -13.5762 11.0687
      vertex 13.9877 -16.5676 10.8932
    endloop
  endfacet
  facet normal 0.0244202 -0.049689 0.998466
    outer loop
      vertex 13.9877 -16.5676 10.8932
      vertex 12.8988 -13.5762 11.0687
      vertex 13.8322 -16.2984 10.9104
    endloop
  endfacet
  facet normal 0.0235265 -0.0499958 0.998472
    outer loop
      vertex 13.8322 -16.2984 10.9104
      vertex 12.8988 -13.5762 11.0687
      vertex 13.6817 -16.0377 10.927
    endloop
  endfacet
  facet normal 0.0236631 -0.0499523 0.998471
    outer loop
      vertex 13.6817 -16.0377 10.927
      vertex 12.8988 -13.5762 11.0687
      vertex 13.5358 -15.785 10.9431
    endloop
  endfacet
  facet normal 0.0249594 -0.0495777 0.998458
    outer loop
      vertex 13.5358 -15.785 10.9431
      vertex 12.8988 -13.5762 11.0687
      vertex 13.3944 -15.54 10.9588
    endloop
  endfacet
  facet normal 0.0245071 -0.0496922 0.998464
    outer loop
      vertex 13.3944 -15.54 10.9588
      vertex 12.8988 -13.5762 11.0687
      vertex 13.2571 -15.3023 10.974
    endloop
  endfacet
  facet normal 0.0240837 -0.0497804 0.99847
    outer loop
      vertex 13.2571 -15.3023 10.974
      vertex 12.8988 -13.5762 11.0687
      vertex 13.1241 -15.0718 10.9887
    endloop
  endfacet
  facet normal 0.0235651 -0.0498589 0.998478
    outer loop
      vertex 13.1241 -15.0718 10.9887
      vertex 12.8988 -13.5762 11.0687
      vertex 12.9951 -14.8484 11.0029
    endloop
  endfacet
  facet normal 0.0245451 -0.0497837 0.998458
    outer loop
      vertex 12.9951 -14.8484 11.0029
      vertex 12.8988 -13.5762 11.0687
      vertex 12.8698 -14.6314 11.0168
    endloop
  endfacet
  facet normal 0.0242119 -0.049775 0.998467
    outer loop
      vertex 12.8698 -14.6314 11.0168
      vertex 12.8988 -13.5762 11.0687
      vertex 12.6293 -14.2148 11.0434
    endloop
  endfacet
  facet normal 0.0240704 -0.0497155 0.998473
    outer loop
      vertex 12.6293 -14.2148 11.0434
      vertex 12.8988 -13.5762 11.0687
      vertex 12.4 -13.8177 11.0687
    endloop
  endfacet
  facet normal 0.0282375 -0.0477626 0.99846
    outer loop
      vertex 20.8838 -22.9777 10.3949
      vertex 20.7173 -22.6894 10.4134
      vertex 13.8684 -13.0397 11.0687
    endloop
  endfacet
  facet normal 0.0305451 -0.0461254 0.998469
    outer loop
      vertex 13.8684 -13.0397 11.0687
      vertex 20.7173 -22.6894 10.4134
      vertex 20.5546 -22.4075 10.4314
    endloop
  endfacet
  facet normal 0.0305141 -0.0461475 0.998468
    outer loop
      vertex 13.8684 -13.0397 11.0687
      vertex 20.5546 -22.4075 10.4314
      vertex 20.3955 -22.1319 10.449
    endloop
  endfacet
  facet normal 0.029422 -0.0469313 0.998465
    outer loop
      vertex 13.8684 -13.0397 11.0687
      vertex 20.3955 -22.1319 10.449
      vertex 14.338 -12.7453 11.0687
    endloop
  endfacet
  facet normal 0.0264228 -0.0488662 0.998456
    outer loop
      vertex 14.338 -12.7453 11.0687
      vertex 20.3955 -22.1319 10.449
      vertex 20.24 -21.8625 10.4663
    endloop
  endfacet
  facet normal 0.0327339 -0.044781 0.99846
    outer loop
      vertex 14.338 -12.7453 11.0687
      vertex 20.24 -21.8625 10.4663
      vertex 20.0879 -21.5991 10.4831
    endloop
  endfacet
  facet normal 0.0295741 -0.0468333 0.998465
    outer loop
      vertex 20.0879 -21.5991 10.4831
      vertex 19.7938 -21.0898 10.5157
      vertex 14.338 -12.7453 11.0687
    endloop
  endfacet
  facet normal 0.0294832 -0.0468928 0.998465
    outer loop
      vertex 14.338 -12.7453 11.0687
      vertex 19.7938 -21.0898 10.5157
      vertex 19.5124 -20.6024 10.5469
    endloop
  endfacet
  facet normal 0.0319427 -0.045273 0.998464
    outer loop
      vertex 14.338 -12.7453 11.0687
      vertex 19.5124 -20.6024 10.5469
      vertex 19.2428 -20.1354 10.5767
    endloop
  endfacet
  facet normal 0.0287002 -0.0474249 0.998462
    outer loop
      vertex 19.2428 -20.1354 10.5767
      vertex 18.9843 -19.6876 10.6054
      vertex 14.338 -12.7453 11.0687
    endloop
  endfacet
  facet normal 0.0324703 -0.0449018 0.998464
    outer loop
      vertex 14.338 -12.7453 11.0687
      vertex 18.9843 -19.6876 10.6054
      vertex 18.7361 -19.2578 10.6328
    endloop
  endfacet
  facet normal 0.0306414 -0.046137 0.998465
    outer loop
      vertex 14.338 -12.7453 11.0687
      vertex 18.7361 -19.2578 10.6328
      vertex 18.4977 -18.8448 10.6592
    endloop
  endfacet
  facet normal 0.0304902 -0.0462401 0.998465
    outer loop
      vertex 18.4977 -18.8448 10.6592
      vertex 18.2683 -18.4476 10.6846
      vertex 14.338 -12.7453 11.0687
    endloop
  endfacet
  facet normal 0.0290122 -0.0472585 0.998461
    outer loop
      vertex 14.338 -12.7453 11.0687
      vertex 18.2683 -18.4476 10.6846
      vertex 18.0477 -18.0654 10.7091
    endloop
  endfacet
  facet normal 0.0308287 -0.0459922 0.998466
    outer loop
      vertex 14.338 -12.7453 11.0687
      vertex 18.0477 -18.0654 10.7091
      vertex 17.8353 -17.6976 10.7326
    endloop
  endfacet
  facet normal 0.0315765 -0.0454642 0.998467
    outer loop
      vertex 17.8353 -17.6976 10.7326
      vertex 17.6308 -17.3433 10.7552
      vertex 14.338 -12.7453 11.0687
    endloop
  endfacet
  facet normal 0.0311253 -0.0457872 0.998466
    outer loop
      vertex 14.338 -12.7453 11.0687
      vertex 17.6308 -17.3433 10.7552
      vertex 17.4337 -17.0019 10.777
    endloop
  endfacet
  facet normal 0.0298026 -0.0467489 0.998462
    outer loop
      vertex 14.338 -12.7453 11.0687
      vertex 17.4337 -17.0019 10.777
      vertex 17.2435 -16.6725 10.7981
    endloop
  endfacet
  facet normal 0.0312292 -0.0456938 0.998467
    outer loop
      vertex 17.2435 -16.6725 10.7981
      vertex 17.0599 -16.3544 10.8184
      vertex 14.338 -12.7453 11.0687
    endloop
  endfacet
  facet normal 0.0315883 -0.0454231 0.998468
    outer loop
      vertex 14.338 -12.7453 11.0687
      vertex 17.0599 -16.3544 10.8184
      vertex 16.8824 -16.047 10.838
    endloop
  endfacet
  facet normal 0.0308408 -0.0459989 0.998465
    outer loop
      vertex 14.338 -12.7453 11.0687
      vertex 16.8824 -16.047 10.838
      vertex 16.7107 -15.7497 10.857
    endloop
  endfacet
  facet normal 0.0303903 -0.0463545 0.998463
    outer loop
      vertex 16.7107 -15.7497 10.857
      vertex 16.5447 -15.4622 10.8754
      vertex 14.338 -12.7453 11.0687
    endloop
  endfacet
  facet normal 0.0304495 -0.0463064 0.998463
    outer loop
      vertex 14.338 -12.7453 11.0687
      vertex 16.5447 -15.4622 10.8754
      vertex 16.3841 -15.184 10.8932
    endloop
  endfacet
  facet normal 0.03079 -0.046021 0.998466
    outer loop
      vertex 14.338 -12.7453 11.0687
      vertex 16.3841 -15.184 10.8932
      vertex 16.2287 -14.9148 10.9104
    endloop
  endfacet
  facet normal 0.0315337 -0.0453733 0.998472
    outer loop
      vertex 16.2287 -14.9148 10.9104
      vertex 16.0782 -14.6541 10.927
      vertex 14.338 -12.7453 11.0687
    endloop
  endfacet
  facet normal 0.0314295 -0.0454682 0.998471
    outer loop
      vertex 14.338 -12.7453 11.0687
      vertex 16.0782 -14.6541 10.927
      vertex 15.9323 -14.4014 10.9431
    endloop
  endfacet
  facet normal 0.0304858 -0.0463758 0.998459
    outer loop
      vertex 14.338 -12.7453 11.0687
      vertex 15.9323 -14.4014 10.9431
      vertex 15.7908 -14.1564 10.9588
    endloop
  endfacet
  facet normal 0.0307612 -0.0460926 0.998463
    outer loop
      vertex 15.7908 -14.1564 10.9588
      vertex 15.6536 -13.9187 10.974
      vertex 14.338 -12.7453 11.0687
    endloop
  endfacet
  facet normal 0.0310905 -0.0457239 0.99847
    outer loop
      vertex 14.338 -12.7453 11.0687
      vertex 15.6536 -13.9187 10.974
      vertex 15.5205 -13.6882 10.9887
    endloop
  endfacet
  facet normal 0.0314025 -0.0453333 0.998478
    outer loop
      vertex 14.338 -12.7453 11.0687
      vertex 15.5205 -13.6882 10.9887
      vertex 15.3915 -13.4648 11.0029
    endloop
  endfacet
  facet normal 0.030831 -0.0461683 0.998458
    outer loop
      vertex 15.3915 -13.4648 11.0029
      vertex 15.2663 -13.2478 11.0168
      vertex 14.338 -12.7453 11.0687
    endloop
  endfacet
  facet normal 0.0310064 -0.0458451 0.998467
    outer loop
      vertex 14.338 -12.7453 11.0687
      vertex 15.2663 -13.2478 11.0168
      vertex 15.0257 -12.8312 11.0434
    endloop
  endfacet
  facet normal 0.0310248 -0.0456998 0.998473
    outer loop
      vertex 14.338 -12.7453 11.0687
      vertex 15.0257 -12.8312 11.0434
      vertex 14.7964 -12.4341 11.0687
    endloop
  endfacet
  facet normal 0.322917 0.754588 0.571246
    outer loop
      vertex 12.0176 13.2319 11.0687
      vertex 11.6685 13.872 10.4205
      vertex 11.4542 13.473 11.0687
    endloop
  endfacet
  facet normal 0.293726 0.767629 0.569623
    outer loop
      vertex 11.4542 13.473 11.0687
      vertex 11.6685 13.872 10.4205
      vertex 11.0763 14.0986 10.4205
    endloop
  endfacet
  facet normal 0.290943 0.767544 0.571163
    outer loop
      vertex 11.4542 13.473 11.0687
      vertex 11.0763 14.0986 10.4205
      vertex 10.8812 13.6902 11.0687
    endloop
  endfacet
  facet normal 0.26104 0.779362 0.569608
    outer loop
      vertex 10.8812 13.6902 11.0687
      vertex 11.0763 14.0986 10.4205
      vertex 10.475 14.3 10.4205
    endloop
  endfacet
  facet normal 0.258245 0.779154 0.571165
    outer loop
      vertex 10.8812 13.6902 11.0687
      vertex 10.475 14.3 10.4205
      vertex 10.2995 13.883 11.0687
    endloop
  endfacet
  facet normal 0.227749 0.78968 0.56968
    outer loop
      vertex 10.2995 13.883 11.0687
      vertex 10.475 14.3 10.4205
      vertex 9.86579 14.4757 10.4205
    endloop
  endfacet
  facet normal 0.225319 0.789393 0.571043
    outer loop
      vertex 10.2995 13.883 11.0687
      vertex 9.86579 14.4757 10.4205
      vertex 9.71022 14.0512 11.0687
    endloop
  endfacet
  facet normal 0.194165 0.798642 0.569623
    outer loop
      vertex 9.71022 14.0512 11.0687
      vertex 9.86579 14.4757 10.4205
      vertex 9.24963 14.6255 10.4205
    endloop
  endfacet
  facet normal 0.191703 0.798241 0.571017
    outer loop
      vertex 9.71022 14.0512 11.0687
      vertex 9.24963 14.6255 10.4205
      vertex 9.11436 14.1943 11.0687
    endloop
  endfacet
  facet normal 0.1602 0.806106 0.569675
    outer loop
      vertex 9.11436 14.1943 11.0687
      vertex 9.24963 14.6255 10.4205
      vertex 8.62769 14.7491 10.4205
    endloop
  endfacet
  facet normal 0.157947 0.805637 0.570965
    outer loop
      vertex 9.11436 14.1943 11.0687
      vertex 8.62769 14.7491 10.4205
      vertex 8.51299 14.3122 11.0687
    endloop
  endfacet
  facet normal 0.12598 0.812144 0.569694
    outer loop
      vertex 8.51299 14.3122 11.0687
      vertex 8.62769 14.7491 10.4205
      vertex 8.00108 14.8463 10.4205
    endloop
  endfacet
  facet normal 0.123788 0.811587 0.570967
    outer loop
      vertex 8.51299 14.3122 11.0687
      vertex 8.00108 14.8463 10.4205
      vertex 7.90719 14.4046 11.0687
    endloop
  endfacet
  facet normal 0.0913695 0.816713 0.569764
    outer loop
      vertex 7.90719 14.4046 11.0687
      vertex 8.00108 14.8463 10.4205
      vertex 7.37091 14.9168 10.4205
    endloop
  endfacet
  facet normal 0.0893598 0.816108 0.570948
    outer loop
      vertex 7.90719 14.4046 11.0687
      vertex 7.37091 14.9168 10.4205
      vertex 7.29803 14.4713 11.0687
    endloop
  endfacet
  facet normal 0.0568922 0.819791 0.569829
    outer loop
      vertex 7.29803 14.4713 11.0687
      vertex 7.37091 14.9168 10.4205
      vertex 6.73833 14.9607 10.4205
    endloop
  endfacet
  facet normal 0.055063 0.819153 0.570926
    outer loop
      vertex 7.29803 14.4713 11.0687
      vertex 6.73833 14.9607 10.4205
      vertex 6.6866 14.5124 11.0687
    endloop
  endfacet
  facet normal 0.0219007 0.821446 0.569866
    outer loop
      vertex 6.6866 14.5124 11.0687
      vertex 6.73833 14.9607 10.4205
      vertex 6.10445 14.9776 10.4205
    endloop
  endfacet
  facet normal 0.0203661 0.820833 0.570805
    outer loop
      vertex 6.6866 14.5124 11.0687
      vertex 6.10445 14.9776 10.4205
      vertex 6.07398 14.5276 11.0687
    endloop
  endfacet
  facet normal -0.0127004 0.821666 0.569828
    outer loop
      vertex 6.07398 14.5276 11.0687
      vertex 6.10445 14.9776 10.4205
      vertex 5.47043 14.9678 10.4205
    endloop
  endfacet
  facet normal -0.0143362 0.820929 0.570851
    outer loop
      vertex 6.07398 14.5276 11.0687
      vertex 5.47043 14.9678 10.4205
      vertex 5.46127 14.5169 11.0687
    endloop
  endfacet
  facet normal -0.0475565 0.820304 0.569947
    outer loop
      vertex 5.46127 14.5169 11.0687
      vertex 5.47043 14.9678 10.4205
      vertex 4.83739 14.9311 10.4205
    endloop
  endfacet
  facet normal -0.0489052 0.819624 0.57081
    outer loop
      vertex 5.46127 14.5169 11.0687
      vertex 4.83739 14.9311 10.4205
      vertex 4.84955 14.4804 11.0687
    endloop
  endfacet
  facet normal -0.082153 0.817539 0.569984
    outer loop
      vertex 4.84955 14.4804 11.0687
      vertex 4.83739 14.9311 10.4205
      vertex 4.20647 14.8677 10.4205
    endloop
  endfacet
  facet normal -0.0833433 0.816872 0.570767
    outer loop
      vertex 4.84955 14.4804 11.0687
      vertex 4.20647 14.8677 10.4205
      vertex 4.23991 14.4182 11.0687
    endloop
  endfacet
  facet normal -0.116747 0.813299 0.570013
    outer loop
      vertex 4.23991 14.4182 11.0687
      vertex 4.20647 14.8677 10.4205
      vertex 3.5788 14.7776 10.4205
    endloop
  endfacet
  facet normal -0.117784 0.812657 0.570715
    outer loop
      vertex 4.23991 14.4182 11.0687
      vertex 3.5788 14.7776 10.4205
      vertex 3.63344 14.3303 11.0687
    endloop
  endfacet
  facet normal -0.151078 0.807609 0.570038
    outer loop
      vertex 3.63344 14.3303 11.0687
      vertex 3.5788 14.7776 10.4205
      vertex 2.9555 14.661 10.4205
    endloop
  endfacet
  facet normal -0.15196 0.807009 0.570653
    outer loop
      vertex 3.63344 14.3303 11.0687
      vertex 2.9555 14.661 10.4205
      vertex 3.03121 14.2169 11.0687
    endloop
  endfacet
  facet normal -0.18503 0.8005 0.570056
    outer loop
      vertex 3.03121 14.2169 11.0687
      vertex 2.9555 14.661 10.4205
      vertex 2.3377 14.5182 10.4205
    endloop
  endfacet
  facet normal -0.185865 0.799876 0.57066
    outer loop
      vertex 3.03121 14.2169 11.0687
      vertex 2.3377 14.5182 10.4205
      vertex 2.43431 14.0782 11.0687
    endloop
  endfacet
  facet normal -0.218827 0.79187 0.570138
    outer loop
      vertex 2.43431 14.0782 11.0687
      vertex 2.3377 14.5182 10.4205
      vertex 1.7265 14.3493 10.4205
    endloop
  endfacet
  facet normal -0.219386 0.791412 0.570558
    outer loop
      vertex 2.43431 14.0782 11.0687
      vertex 1.7265 14.3493 10.4205
      vertex 1.84378 13.9145 11.0687
    endloop
  endfacet
  facet normal -0.252128 0.781921 0.570115
    outer loop
      vertex 1.84378 13.9145 11.0687
      vertex 1.7265 14.3493 10.4205
      vertex 1.12299 14.1547 10.4205
    endloop
  endfacet
  facet normal -0.252629 0.781474 0.570506
    outer loop
      vertex 1.84378 13.9145 11.0687
      vertex 1.12299 14.1547 10.4205
      vertex 1.26068 13.726 11.0687
    endloop
  endfacet
  facet normal -0.284912 0.770558 0.570145
    outer loop
      vertex 1.26068 13.726 11.0687
      vertex 1.12299 14.1547 10.4205
      vertex 0.528259 13.9348 10.4205
    endloop
  endfacet
  facet normal -0.285439 0.770045 0.570575
    outer loop
      vertex 1.26068 13.726 11.0687
      vertex 0.528259 13.9348 10.4205
      vertex 0.686057 13.513 11.0687
    endloop
  endfacet
  facet normal -0.317371 0.757659 0.570288
    outer loop
      vertex 0.686057 13.513 11.0687
      vertex 0.528259 13.9348 10.4205
      vertex -0.0566284 13.6898 10.4205
    endloop
  endfacet
  facet normal -0.317532 0.757488 0.570426
    outer loop
      vertex 0.686057 13.513 11.0687
      vertex -0.0566284 13.6898 10.4205
      vertex 0.12092 13.2761 11.0687
    endloop
  endfacet
  facet normal -0.349028 0.743655 0.570225
    outer loop
      vertex 0.12092 13.2761 11.0687
      vertex -0.0566284 13.6898 10.4205
      vertex -0.630624 13.4204 10.4205
    endloop
  endfacet
  facet normal -0.349275 0.743369 0.570447
    outer loop
      vertex 0.12092 13.2761 11.0687
      vertex -0.630624 13.4204 10.4205
      vertex -0.43372 13.0155 11.0687
    endloop
  endfacet
  facet normal -0.380311 0.728077 0.570323
    outer loop
      vertex -0.43372 13.0155 11.0687
      vertex -0.630624 13.4204 10.4205
      vertex -1.1927 13.1268 10.4205
    endloop
  endfacet
  facet normal -0.380377 0.727993 0.570386
    outer loop
      vertex -0.43372 13.0155 11.0687
      vertex -1.1927 13.1268 10.4205
      vertex -0.976877 12.7317 11.0687
    endloop
  endfacet
  facet normal -0.410652 0.711387 0.570345
    outer loop
      vertex -0.976877 12.7317 11.0687
      vertex -1.1927 13.1268 10.4205
      vertex -1.74185 12.8098 10.4205
    endloop
  endfacet
  facet normal -0.410689 0.711337 0.570381
    outer loop
      vertex -0.976877 12.7317 11.0687
      vertex -1.74185 12.8098 10.4205
      vertex -1.50758 12.4253 11.0687
    endloop
  endfacet
  facet normal -0.440292 0.693369 0.570422
    outer loop
      vertex -1.50758 12.4253 11.0687
      vertex -1.74185 12.8098 10.4205
      vertex -2.0249 12.0968 11.0687
    endloop
  endfacet
  facet normal -0.440443 0.693348 0.570333
    outer loop
      vertex -2.0249 12.0968 11.0687
      vertex -1.74185 12.8098 10.4205
      vertex -2.27708 12.4698 10.4205
    endloop
  endfacet
  facet normal -0.469117 0.674174 0.570455
    outer loop
      vertex -2.0249 12.0968 11.0687
      vertex -2.27708 12.4698 10.4205
      vertex -2.52789 11.7468 11.0687
    endloop
  endfacet
  facet normal -0.469467 0.674108 0.570245
    outer loop
      vertex -2.52789 11.7468 11.0687
      vertex -2.27708 12.4698 10.4205
      vertex -2.79745 12.1074 10.4205
    endloop
  endfacet
  facet normal -0.497212 0.653734 0.570449
    outer loop
      vertex -2.52789 11.7468 11.0687
      vertex -2.79745 12.1074 10.4205
      vertex -3.01568 11.3758 11.0687
    endloop
  endfacet
  facet normal -0.497482 0.65367 0.570287
    outer loop
      vertex -3.01568 11.3758 11.0687
      vertex -2.79745 12.1074 10.4205
      vertex -3.30201 11.7234 10.4205
    endloop
  endfacet
  facet normal -0.524167 0.632217 0.57057
    outer loop
      vertex -3.01568 11.3758 11.0687
      vertex -3.30201 11.7234 10.4205
      vertex -3.4874 10.9847 11.0687
    endloop
  endfacet
  facet normal -0.524817 0.632034 0.570176
    outer loop
      vertex -3.4874 10.9847 11.0687
      vertex -3.30201 11.7234 10.4205
      vertex -3.78987 11.3183 10.4205
    endloop
  endfacet
  facet normal -0.550502 0.609452 0.570539
    outer loop
      vertex -3.4874 10.9847 11.0687
      vertex -3.78987 11.3183 10.4205
      vertex -3.94219 10.5739 11.0687
    endloop
  endfacet
  facet normal -0.551119 0.609249 0.570161
    outer loop
      vertex -3.94219 10.5739 11.0687
      vertex -3.78987 11.3183 10.4205
      vertex -4.26014 10.8929 10.4205
    endloop
  endfacet
  facet normal -0.5756 0.585745 0.570603
    outer loop
      vertex -3.94219 10.5739 11.0687
      vertex -4.26014 10.8929 10.4205
      vertex -4.37926 10.1444 11.0687
    endloop
  endfacet
  facet normal -0.576342 0.585464 0.570142
    outer loop
      vertex -4.37926 10.1444 11.0687
      vertex -4.26014 10.8929 10.4205
      vertex -4.71198 10.4481 10.4205
    endloop
  endfacet
  facet normal -0.59979 0.560888 0.570663
    outer loop
      vertex -4.37926 10.1444 11.0687
      vertex -4.71198 10.4481 10.4205
      vertex -4.79782 9.69681 11.0687
    endloop
  endfacet
  facet normal -0.600718 0.56049 0.570078
    outer loop
      vertex -4.79782 9.69681 11.0687
      vertex -4.71198 10.4481 10.4205
      vertex -5.14459 9.98444 10.4205
    endloop
  endfacet
  facet normal -0.622896 0.535098 0.570676
    outer loop
      vertex -4.79782 9.69681 11.0687
      vertex -5.14459 9.98444 10.4205
      vertex -5.19714 9.23197 11.0687
    endloop
  endfacet
  facet normal -0.623893 0.534617 0.570037
    outer loop
      vertex -5.19714 9.23197 11.0687
      vertex -5.14459 9.98444 10.4205
      vertex -5.55719 9.50294 10.4205
    endloop
  endfacet
  facet normal -0.644891 0.508334 0.570713
    outer loop
      vertex -5.19714 9.23197 11.0687
      vertex -5.55719 9.50294 10.4205
      vertex -5.5765 8.7507 11.0687
    endloop
  endfacet
  facet normal -0.645989 0.507744 0.569996
    outer loop
      vertex -5.5765 8.7507 11.0687
      vertex -5.55719 9.50294 10.4205
      vertex -5.94904 9.0044 10.4205
    endloop
  endfacet
  facet normal -0.665738 0.480665 0.570748
    outer loop
      vertex -5.5765 8.7507 11.0687
      vertex -5.94904 9.0044 10.4205
      vertex -5.93522 8.25386 11.0687
    endloop
  endfacet
  facet normal -0.666913 0.479967 0.569964
    outer loop
      vertex -5.93522 8.25386 11.0687
      vertex -5.94904 9.0044 10.4205
      vertex -6.31944 8.48973 10.4205
    endloop
  endfacet
  facet normal -0.685391 0.452144 0.570793
    outer loop
      vertex -5.93522 8.25386 11.0687
      vertex -6.31944 8.48973 10.4205
      vertex -6.27267 7.74233 11.0687
    endloop
  endfacet
  facet normal -0.686654 0.451316 0.56993
    outer loop
      vertex -6.27267 7.74233 11.0687
      vertex -6.31944 8.48973 10.4205
      vertex -6.66772 7.95984 10.4205
    endloop
  endfacet
  facet normal -0.703822 0.422829 0.570833
    outer loop
      vertex -6.27267 7.74233 11.0687
      vertex -6.66772 7.95984 10.4205
      vertex -6.58825 7.21703 11.0687
    endloop
  endfacet
  facet normal -0.705166 0.421861 0.569889
    outer loop
      vertex -6.58825 7.21703 11.0687
      vertex -6.66772 7.95984 10.4205
      vertex -6.99326 7.41568 10.4205
    endloop
  endfacet
  facet normal -0.721007 0.392759 0.570868
    outer loop
      vertex -6.58825 7.21703 11.0687
      vertex -6.99326 7.41568 10.4205
      vertex -6.8814 6.67888 11.0687
    endloop
  endfacet
  facet normal -0.72241 0.391653 0.569853
    outer loop
      vertex -6.8814 6.67888 11.0687
      vertex -6.99326 7.41568 10.4205
      vertex -7.29548 6.85823 10.4205
    endloop
  endfacet
  facet normal -0.736904 0.361994 0.570905
    outer loop
      vertex -6.8814 6.67888 11.0687
      vertex -7.29548 6.85823 10.4205
      vertex -7.15159 6.12886 11.0687
    endloop
  endfacet
  facet normal -0.738367 0.360734 0.569812
    outer loop
      vertex -7.15159 6.12886 11.0687
      vertex -7.29548 6.85823 10.4205
      vertex -7.57383 6.28849 10.4205
    endloop
  endfacet
  facet normal -0.751499 0.330574 0.570938
    outer loop
      vertex -7.15159 6.12886 11.0687
      vertex -7.57383 6.28849 10.4205
      vertex -7.39834 5.56792 11.0687
    endloop
  endfacet
  facet normal -0.752994 0.329168 0.56978
    outer loop
      vertex -7.39834 5.56792 11.0687
      vertex -7.57383 6.28849 10.4205
      vertex -7.82782 5.70747 10.4205
    endloop
  endfacet
  facet normal -0.764745 0.298575 0.57098
    outer loop
      vertex -7.39834 5.56792 11.0687
      vertex -7.82782 5.70747 10.4205
      vertex -7.62121 4.99708 11.0687
    endloop
  endfacet
  facet normal -0.766277 0.297003 0.569745
    outer loop
      vertex -7.62121 4.99708 11.0687
      vertex -7.82782 5.70747 10.4205
      vertex -8.05698 5.11623 10.4205
    endloop
  endfacet
  facet normal -0.776627 0.266065 0.571016
    outer loop
      vertex -7.62121 4.99708 11.0687
      vertex -8.05698 5.11623 10.4205
      vertex -7.81982 4.41735 11.0687
    endloop
  endfacet
  facet normal -0.778182 0.264323 0.569707
    outer loop
      vertex -7.81982 4.41735 11.0687
      vertex -8.05698 5.11623 10.4205
      vertex -8.26092 4.51582 10.4205
    endloop
  endfacet
  facet normal -0.787135 0.233064 0.571051
    outer loop
      vertex -7.81982 4.41735 11.0687
      vertex -8.26092 4.51582 10.4205
      vertex -7.9938 3.82976 11.0687
    endloop
  endfacet
  facet normal -0.788699 0.231149 0.569669
    outer loop
      vertex -7.9938 3.82976 11.0687
      vertex -8.26092 4.51582 10.4205
      vertex -8.43926 3.90731 10.4205
    endloop
  endfacet
  facet normal -0.796243 0.199647 0.571085
    outer loop
      vertex -7.9938 3.82976 11.0687
      vertex -8.43926 3.90731 10.4205
      vertex -8.14284 3.23535 11.0687
    endloop
  endfacet
  facet normal -0.797793 0.197572 0.569642
    outer loop
      vertex -8.14284 3.23535 11.0687
      vertex -8.43926 3.90731 10.4205
      vertex -8.59169 3.2918 10.4205
    endloop
  endfacet
  facet normal -0.803924 0.165886 0.571129
    outer loop
      vertex -8.14284 3.23535 11.0687
      vertex -8.59169 3.2918 10.4205
      vertex -8.26668 2.63519 11.0687
    endloop
  endfacet
  facet normal -0.805468 0.163619 0.569606
    outer loop
      vertex -8.26668 2.63519 11.0687
      vertex -8.59169 3.2918 10.4205
      vertex -8.71792 2.67039 10.4205
    endloop
  endfacet
  facet normal -0.81018 0.131844 0.571161
    outer loop
      vertex -8.26668 2.63519 11.0687
      vertex -8.71792 2.67039 10.4205
      vertex -8.36511 2.03034 11.0687
    endloop
  endfacet
  facet normal -0.811698 0.129392 0.569565
    outer loop
      vertex -8.36511 2.03034 11.0687
      vertex -8.71792 2.67039 10.4205
      vertex -8.81774 2.0442 10.4205
    endloop
  endfacet
  facet normal -0.815001 0.0975371 0.571191
    outer loop
      vertex -8.36511 2.03034 11.0687
      vertex -8.81774 2.0442 10.4205
      vertex -8.43793 1.42187 11.0687
    endloop
  endfacet
  facet normal 0.491924 -0.65706 0.571212
    outer loop
      vertex 14.4803 -11.81 11.0687
      vertex 15.2092 -11.8278 10.4205
      vertex 14.9709 -11.4427 11.0687
    endloop
  endfacet
  facet normal 0.517936 -0.638217 0.56958
    outer loop
      vertex 14.9709 -11.4427 11.0687
      vertex 15.2092 -11.8278 10.4205
      vertex 15.7016 -11.4282 10.4205
    endloop
  endfacet
  facet normal 0.519294 -0.63569 0.571167
    outer loop
      vertex 14.9709 -11.4427 11.0687
      vertex 15.7016 -11.4282 10.4205
      vertex 15.4455 -11.055 11.0687
    endloop
  endfacet
  facet normal 0.544439 -0.615734 0.569612
    outer loop
      vertex 15.4455 -11.055 11.0687
      vertex 15.7016 -11.4282 10.4205
      vertex 16.1766 -11.0082 10.4205
    endloop
  endfacet
  facet normal 0.545625 -0.613275 0.571128
    outer loop
      vertex 15.4455 -11.055 11.0687
      vertex 16.1766 -11.0082 10.4205
      vertex 15.9033 -10.6477 11.0687
    endloop
  endfacet
  facet normal 0.570047 -0.592081 0.569637
    outer loop
      vertex 15.9033 -10.6477 11.0687
      vertex 16.1766 -11.0082 10.4205
      vertex 16.6334 -10.5684 10.4205
    endloop
  endfacet
  facet normal 0.571033 -0.589786 0.571029
    outer loop
      vertex 15.9033 -10.6477 11.0687
      vertex 16.6334 -10.5684 10.4205
      vertex 16.3436 -10.2214 11.0687
    endloop
  endfacet
  facet normal 0.594502 -0.567544 0.569615
    outer loop
      vertex 16.3436 -10.2214 11.0687
      vertex 16.6334 -10.5684 10.4205
      vertex 17.0713 -10.1097 10.4205
    endloop
  endfacet
  facet normal 0.595432 -0.565088 0.571083
    outer loop
      vertex 16.3436 -10.2214 11.0687
      vertex 17.0713 -10.1097 10.4205
      vertex 16.7654 -9.77695 11.0687
    endloop
  endfacet
  facet normal 0.61797 -0.541761 0.569744
    outer loop
      vertex 16.7654 -9.77695 11.0687
      vertex 17.0713 -10.1097 10.4205
      vertex 17.4893 -9.6329 10.4205
    endloop
  endfacet
  facet normal 0.618691 -0.539576 0.571034
    outer loop
      vertex 16.7654 -9.77695 11.0687
      vertex 17.4893 -9.6329 10.4205
      vertex 17.1682 -9.31509 11.0687
    endloop
  endfacet
  facet normal 0.640374 -0.515068 0.569759
    outer loop
      vertex 17.1682 -9.31509 11.0687
      vertex 17.4893 -9.6329 10.4205
      vertex 17.8867 -9.13882 10.4205
    endloop
  endfacet
  facet normal 0.640966 -0.512971 0.570985
    outer loop
      vertex 17.1682 -9.31509 11.0687
      vertex 17.8867 -9.13882 10.4205
      vertex 17.5511 -8.83665 11.0687
    endloop
  endfacet
  facet normal 0.661549 -0.48754 0.569787
    outer loop
      vertex 17.5511 -8.83665 11.0687
      vertex 17.8867 -9.13882 10.4205
      vertex 18.2629 -8.62835 10.4205
    endloop
  endfacet
  facet normal 0.662027 -0.485508 0.570965
    outer loop
      vertex 17.5511 -8.83665 11.0687
      vertex 18.2629 -8.62835 10.4205
      vertex 17.9135 -8.34249 11.0687
    endloop
  endfacet
  facet normal 0.681594 -0.459036 0.569838
    outer loop
      vertex 17.9135 -8.34249 11.0687
      vertex 18.2629 -8.62835 10.4205
      vertex 18.6171 -8.10242 10.4205
    endloop
  endfacet
  facet normal 0.681932 -0.457256 0.570864
    outer loop
      vertex 17.9135 -8.34249 11.0687
      vertex 18.6171 -8.10242 10.4205
      vertex 18.2548 -7.83349 11.0687
    endloop
  endfacet
  facet normal 0.700384 -0.429859 0.56981
    outer loop
      vertex 18.2548 -7.83349 11.0687
      vertex 18.6171 -8.10242 10.4205
      vertex 18.9488 -7.56197 10.4205
    endloop
  endfacet
  facet normal 0.700662 -0.42794 0.570912
    outer loop
      vertex 18.2548 -7.83349 11.0687
      vertex 18.9488 -7.56197 10.4205
      vertex 18.5742 -7.31054 11.0687
    endloop
  endfacet
  facet normal 0.717891 -0.399757 0.569936
    outer loop
      vertex 18.5742 -7.31054 11.0687
      vertex 18.9488 -7.56197 10.4205
      vertex 19.2573 -7.00796 10.4205
    endloop
  endfacet
  facet normal 0.718049 -0.398179 0.57084
    outer loop
      vertex 18.5742 -7.31054 11.0687
      vertex 19.2573 -7.00796 10.4205
      vertex 18.8714 -6.77459 11.0687
    endloop
  endfacet
  facet normal 0.734206 -0.368943 0.569932
    outer loop
      vertex 18.8714 -6.77459 11.0687
      vertex 19.2573 -7.00796 10.4205
      vertex 19.542 -6.4414 10.4205
    endloop
  endfacet
  facet normal 0.734292 -0.367414 0.570808
    outer loop
      vertex 18.8714 -6.77459 11.0687
      vertex 19.542 -6.4414 10.4205
      vertex 19.1456 -6.22659 11.0687
    endloop
  endfacet
  facet normal 0.749067 -0.337664 0.569984
    outer loop
      vertex 19.1456 -6.22659 11.0687
      vertex 19.542 -6.4414 10.4205
      vertex 19.8026 -5.86329 10.4205
    endloop
  endfacet
  facet normal 0.749085 -0.336297 0.570768
    outer loop
      vertex 19.1456 -6.22659 11.0687
      vertex 19.8026 -5.86329 10.4205
      vertex 19.3966 -5.6675 11.0687
    endloop
  endfacet
  facet normal 0.762712 -0.305541 0.570014
    outer loop
      vertex 19.3966 -5.6675 11.0687
      vertex 19.8026 -5.86329 10.4205
      vertex 20.0384 -5.27467 10.4205
    endloop
  endfacet
  facet normal 0.762674 -0.304314 0.57072
    outer loop
      vertex 19.3966 -5.6675 11.0687
      vertex 20.0384 -5.27467 10.4205
      vertex 19.6237 -5.09834 11.0687
    endloop
  endfacet
  facet normal 0.774931 -0.273004 0.570044
    outer loop
      vertex 19.6237 -5.09834 11.0687
      vertex 20.0384 -5.27467 10.4205
      vertex 20.2491 -4.67659 10.4205
    endloop
  endfacet
  facet normal 0.774848 -0.271888 0.57069
    outer loop
      vertex 19.6237 -5.09834 11.0687
      vertex 20.2491 -4.67659 10.4205
      vertex 19.8266 -4.5201 11.0687
    endloop
  endfacet
  facet normal 0.785758 -0.239958 0.570092
    outer loop
      vertex 19.8266 -4.5201 11.0687
      vertex 20.2491 -4.67659 10.4205
      vertex 20.4343 -4.07014 10.4205
    endloop
  endfacet
  facet normal 0.785635 -0.238924 0.570695
    outer loop
      vertex 19.8266 -4.5201 11.0687
      vertex 20.4343 -4.07014 10.4205
      vertex 20.0049 -3.93381 11.0687
    endloop
  endfacet
  facet normal 0.795178 -0.206387 0.570173
    outer loop
      vertex 20.0049 -3.93381 11.0687
      vertex 20.4343 -4.07014 10.4205
      vertex 20.5936 -3.45638 10.4205
    endloop
  endfacet
  facet normal 0.795067 -0.205709 0.570572
    outer loop
      vertex 20.0049 -3.93381 11.0687
      vertex 20.5936 -3.45638 10.4205
      vertex 20.1584 -3.34053 11.0687
    endloop
  endfacet
  facet normal 0.803196 -0.172704 0.570131
    outer loop
      vertex 20.1584 -3.34053 11.0687
      vertex 20.5936 -3.45638 10.4205
      vertex 20.7269 -2.83644 10.4205
    endloop
  endfacet
  facet normal 0.803037 -0.171937 0.570587
    outer loop
      vertex 20.1584 -3.34053 11.0687
      vertex 20.7269 -2.83644 10.4205
      vertex 20.2867 -2.7413 11.0687
    endloop
  endfacet
  facet normal 0.809754 -0.138364 0.570222
    outer loop
      vertex 20.2867 -2.7413 11.0687
      vertex 20.7269 -2.83644 10.4205
      vertex 20.8337 -2.21141 10.4205
    endloop
  endfacet
  facet normal 0.809639 -0.137911 0.570495
    outer loop
      vertex 20.2867 -2.7413 11.0687
      vertex 20.8337 -2.21141 10.4205
      vertex 20.3896 -2.1372 11.0687
    endloop
  endfacet
  facet normal 0.814867 -0.104158 0.570213
    outer loop
      vertex 20.3896 -2.1372 11.0687
      vertex 20.8337 -2.21141 10.4205
      vertex 20.9141 -1.58241 10.4205
    endloop
  endfacet
  facet normal 0.814697 -0.103594 0.570558
    outer loop
      vertex 20.3896 -2.1372 11.0687
      vertex 20.9141 -1.58241 10.4205
      vertex 20.4669 -1.52929 11.0687
    endloop
  endfacet
  facet normal 0.818459 -0.0694329 0.570354
    outer loop
      vertex 20.4669 -1.52929 11.0687
      vertex 20.9141 -1.58241 10.4205
      vertex 20.9677 -0.950585 10.4205
    endloop
  endfacet
  facet normal 0.81841 -0.0692928 0.570441
    outer loop
      vertex 20.4669 -1.52929 11.0687
      vertex 20.9677 -0.950585 10.4205
      vertex 20.5186 -0.918666 11.0687
    endloop
  endfacet
  facet normal 0.82069 -0.0347171 0.570318
    outer loop
      vertex 20.5186 -0.918666 11.0687
      vertex 20.9677 -0.950585 10.4205
      vertex 20.9945 -0.317051 10.4205
    endloop
  endfacet
  facet normal 0.820636 -0.0345806 0.570405
    outer loop
      vertex 20.5186 -0.918666 11.0687
      vertex 20.9945 -0.317051 10.4205
      vertex 20.5444 -0.306404 11.0687
    endloop
  endfacet
  facet normal 0.821393 -2.24571e-17 0.570363
    outer loop
      vertex 20.5444 -0.306404 11.0687
      vertex 20.9945 -0.317051 10.4205
      vertex 20.9945 0.317051 10.4205
    endloop
  endfacet
  facet normal 0.821393 -0 0.570363
    outer loop
      vertex 20.5444 -0.306404 11.0687
      vertex 20.9945 0.317051 10.4205
      vertex 20.5444 0.306404 11.0687
    endloop
  endfacet
  facet normal 0.820636 0.0345806 0.570405
    outer loop
      vertex 20.5444 0.306404 11.0687
      vertex 20.9945 0.317051 10.4205
      vertex 20.5186 0.918666 11.0687
    endloop
  endfacet
  facet normal 0.82069 0.0347171 0.570318
    outer loop
      vertex 20.5186 0.918666 11.0687
      vertex 20.9945 0.317051 10.4205
      vertex 20.9677 0.950585 10.4205
    endloop
  endfacet
  facet normal 0.81841 0.0692928 0.570441
    outer loop
      vertex 20.5186 0.918666 11.0687
      vertex 20.9677 0.950585 10.4205
      vertex 20.4669 1.52929 11.0687
    endloop
  endfacet
  facet normal 0.818459 0.0694329 0.570354
    outer loop
      vertex 20.4669 1.52929 11.0687
      vertex 20.9677 0.950585 10.4205
      vertex 20.9141 1.58241 10.4205
    endloop
  endfacet
  facet normal 0.814697 0.103594 0.570558
    outer loop
      vertex 20.4669 1.52929 11.0687
      vertex 20.9141 1.58241 10.4205
      vertex 20.3896 2.1372 11.0687
    endloop
  endfacet
  facet normal 0.814867 0.104158 0.570213
    outer loop
      vertex 20.3896 2.1372 11.0687
      vertex 20.9141 1.58241 10.4205
      vertex 20.8337 2.21141 10.4205
    endloop
  endfacet
  facet normal 0.809639 0.137911 0.570495
    outer loop
      vertex 20.3896 2.1372 11.0687
      vertex 20.8337 2.21141 10.4205
      vertex 20.2867 2.7413 11.0687
    endloop
  endfacet
  facet normal 0.809754 0.138364 0.570222
    outer loop
      vertex 20.2867 2.7413 11.0687
      vertex 20.8337 2.21141 10.4205
      vertex 20.7269 2.83644 10.4205
    endloop
  endfacet
  facet normal 0.803037 0.171937 0.570587
    outer loop
      vertex 20.2867 2.7413 11.0687
      vertex 20.7269 2.83644 10.4205
      vertex 20.1584 3.34053 11.0687
    endloop
  endfacet
  facet normal 0.803196 0.172704 0.570131
    outer loop
      vertex 20.1584 3.34053 11.0687
      vertex 20.7269 2.83644 10.4205
      vertex 20.5936 3.45638 10.4205
    endloop
  endfacet
  facet normal 0.795067 0.205709 0.570572
    outer loop
      vertex 20.1584 3.34053 11.0687
      vertex 20.5936 3.45638 10.4205
      vertex 20.0049 3.93381 11.0687
    endloop
  endfacet
  facet normal 0.795178 0.206387 0.570173
    outer loop
      vertex 20.0049 3.93381 11.0687
      vertex 20.5936 3.45638 10.4205
      vertex 20.4343 4.07014 10.4205
    endloop
  endfacet
  facet normal 0.785635 0.238924 0.570695
    outer loop
      vertex 20.0049 3.93381 11.0687
      vertex 20.4343 4.07014 10.4205
      vertex 19.8266 4.5201 11.0687
    endloop
  endfacet
  facet normal 0.785758 0.239958 0.570092
    outer loop
      vertex 19.8266 4.5201 11.0687
      vertex 20.4343 4.07014 10.4205
      vertex 20.2491 4.67659 10.4205
    endloop
  endfacet
  facet normal 0.774848 0.271888 0.57069
    outer loop
      vertex 19.8266 4.5201 11.0687
      vertex 20.2491 4.67659 10.4205
      vertex 19.6237 5.09834 11.0687
    endloop
  endfacet
  facet normal 0.774931 0.273004 0.570044
    outer loop
      vertex 19.6237 5.09834 11.0687
      vertex 20.2491 4.67659 10.4205
      vertex 20.0384 5.27467 10.4205
    endloop
  endfacet
  facet normal 0.762674 0.304314 0.57072
    outer loop
      vertex 19.6237 5.09834 11.0687
      vertex 20.0384 5.27467 10.4205
      vertex 19.3966 5.6675 11.0687
    endloop
  endfacet
  facet normal 0.762712 0.305541 0.570014
    outer loop
      vertex 19.3966 5.6675 11.0687
      vertex 20.0384 5.27467 10.4205
      vertex 19.8026 5.86329 10.4205
    endloop
  endfacet
  facet normal 0.749085 0.336297 0.570768
    outer loop
      vertex 19.3966 5.6675 11.0687
      vertex 19.8026 5.86329 10.4205
      vertex 19.1456 6.22659 11.0687
    endloop
  endfacet
  facet normal 0.749067 0.337664 0.569984
    outer loop
      vertex 19.1456 6.22659 11.0687
      vertex 19.8026 5.86329 10.4205
      vertex 19.542 6.4414 10.4205
    endloop
  endfacet
  facet normal 0.734292 0.367414 0.570808
    outer loop
      vertex 19.1456 6.22659 11.0687
      vertex 19.542 6.4414 10.4205
      vertex 18.8714 6.77459 11.0687
    endloop
  endfacet
  facet normal 0.734206 0.368943 0.569932
    outer loop
      vertex 18.8714 6.77459 11.0687
      vertex 19.542 6.4414 10.4205
      vertex 19.2573 7.00796 10.4205
    endloop
  endfacet
  facet normal 0.718049 0.398179 0.57084
    outer loop
      vertex 18.8714 6.77459 11.0687
      vertex 19.2573 7.00796 10.4205
      vertex 18.5742 7.31054 11.0687
    endloop
  endfacet
  facet normal 0.717891 0.399757 0.569936
    outer loop
      vertex 18.5742 7.31054 11.0687
      vertex 19.2573 7.00796 10.4205
      vertex 18.9488 7.56197 10.4205
    endloop
  endfacet
  facet normal 0.700662 0.42794 0.570912
    outer loop
      vertex 18.5742 7.31054 11.0687
      vertex 18.9488 7.56197 10.4205
      vertex 18.2548 7.83349 11.0687
    endloop
  endfacet
  facet normal 0.700384 0.429859 0.56981
    outer loop
      vertex 18.2548 7.83349 11.0687
      vertex 18.9488 7.56197 10.4205
      vertex 18.6171 8.10242 10.4205
    endloop
  endfacet
  facet normal 0.681932 0.457256 0.570864
    outer loop
      vertex 18.2548 7.83349 11.0687
      vertex 18.6171 8.10242 10.4205
      vertex 17.9135 8.34249 11.0687
    endloop
  endfacet
  facet normal 0.681594 0.459036 0.569838
    outer loop
      vertex 17.9135 8.34249 11.0687
      vertex 18.6171 8.10242 10.4205
      vertex 18.2629 8.62835 10.4205
    endloop
  endfacet
  facet normal 0.662027 0.485508 0.570965
    outer loop
      vertex 17.9135 8.34249 11.0687
      vertex 18.2629 8.62835 10.4205
      vertex 17.5511 8.83665 11.0687
    endloop
  endfacet
  facet normal 0.661549 0.48754 0.569787
    outer loop
      vertex 17.5511 8.83665 11.0687
      vertex 18.2629 8.62835 10.4205
      vertex 17.8867 9.13882 10.4205
    endloop
  endfacet
  facet normal 0.640966 0.512971 0.570985
    outer loop
      vertex 17.5511 8.83665 11.0687
      vertex 17.8867 9.13882 10.4205
      vertex 17.1682 9.31509 11.0687
    endloop
  endfacet
  facet normal 0.640374 0.515068 0.569759
    outer loop
      vertex 17.1682 9.31509 11.0687
      vertex 17.8867 9.13882 10.4205
      vertex 17.4893 9.6329 10.4205
    endloop
  endfacet
  facet normal 0.618691 0.539576 0.571034
    outer loop
      vertex 17.1682 9.31509 11.0687
      vertex 17.4893 9.6329 10.4205
      vertex 16.7654 9.77695 11.0687
    endloop
  endfacet
  facet normal 0.61797 0.541761 0.569744
    outer loop
      vertex 16.7654 9.77695 11.0687
      vertex 17.4893 9.6329 10.4205
      vertex 17.0713 10.1097 10.4205
    endloop
  endfacet
  facet normal 0.595432 0.565088 0.571083
    outer loop
      vertex 16.7654 9.77695 11.0687
      vertex 17.0713 10.1097 10.4205
      vertex 16.3436 10.2214 11.0687
    endloop
  endfacet
  facet normal 0.594502 0.567544 0.569615
    outer loop
      vertex 16.3436 10.2214 11.0687
      vertex 17.0713 10.1097 10.4205
      vertex 16.6334 10.5684 10.4205
    endloop
  endfacet
  facet normal 0.571033 0.589786 0.571029
    outer loop
      vertex 16.3436 10.2214 11.0687
      vertex 16.6334 10.5684 10.4205
      vertex 15.9033 10.6477 11.0687
    endloop
  endfacet
  facet normal 0.570047 0.592081 0.569637
    outer loop
      vertex 15.9033 10.6477 11.0687
      vertex 16.6334 10.5684 10.4205
      vertex 16.1766 11.0082 10.4205
    endloop
  endfacet
  facet normal 0.545625 0.613275 0.571128
    outer loop
      vertex 15.9033 10.6477 11.0687
      vertex 16.1766 11.0082 10.4205
      vertex 15.4455 11.055 11.0687
    endloop
  endfacet
  facet normal 0.544439 0.615734 0.569612
    outer loop
      vertex 15.4455 11.055 11.0687
      vertex 16.1766 11.0082 10.4205
      vertex 15.7016 11.4282 10.4205
    endloop
  endfacet
  facet normal 0.519294 0.63569 0.571167
    outer loop
      vertex 15.4455 11.055 11.0687
      vertex 15.7016 11.4282 10.4205
      vertex 14.9709 11.4427 11.0687
    endloop
  endfacet
  facet normal 0.517936 0.638217 0.56958
    outer loop
      vertex 14.9709 11.4427 11.0687
      vertex 15.7016 11.4282 10.4205
      vertex 15.2092 11.8278 10.4205
    endloop
  endfacet
  facet normal 0.491924 0.65706 0.571212
    outer loop
      vertex 14.9709 11.4427 11.0687
      vertex 15.2092 11.8278 10.4205
      vertex 14.4803 11.81 11.0687
    endloop
  endfacet
  facet normal -0.815001 -0.0975371 0.571191
    outer loop
      vertex -8.43793 -1.42187 11.0687
      vertex -8.81774 -2.0442 10.4205
      vertex -8.36511 -2.03034 11.0687
    endloop
  endfacet
  facet normal -0.811698 -0.129392 0.569565
    outer loop
      vertex -8.36511 -2.03034 11.0687
      vertex -8.81774 -2.0442 10.4205
      vertex -8.71792 -2.67039 10.4205
    endloop
  endfacet
  facet normal -0.81018 -0.131844 0.571161
    outer loop
      vertex -8.36511 -2.03034 11.0687
      vertex -8.71792 -2.67039 10.4205
      vertex -8.26668 -2.63519 11.0687
    endloop
  endfacet
  facet normal -0.805468 -0.163619 0.569606
    outer loop
      vertex -8.26668 -2.63519 11.0687
      vertex -8.71792 -2.67039 10.4205
      vertex -8.59169 -3.2918 10.4205
    endloop
  endfacet
  facet normal -0.803924 -0.165886 0.571129
    outer loop
      vertex -8.26668 -2.63519 11.0687
      vertex -8.59169 -3.2918 10.4205
      vertex -8.14284 -3.23535 11.0687
    endloop
  endfacet
  facet normal -0.797793 -0.197572 0.569642
    outer loop
      vertex -8.14284 -3.23535 11.0687
      vertex -8.59169 -3.2918 10.4205
      vertex -8.43926 -3.90731 10.4205
    endloop
  endfacet
  facet normal -0.796243 -0.199647 0.571085
    outer loop
      vertex -8.14284 -3.23535 11.0687
      vertex -8.43926 -3.90731 10.4205
      vertex -7.9938 -3.82976 11.0687
    endloop
  endfacet
  facet normal -0.788699 -0.231149 0.569669
    outer loop
      vertex -7.9938 -3.82976 11.0687
      vertex -8.43926 -3.90731 10.4205
      vertex -8.26092 -4.51582 10.4205
    endloop
  endfacet
  facet normal -0.787135 -0.233064 0.571051
    outer loop
      vertex -7.9938 -3.82976 11.0687
      vertex -8.26092 -4.51582 10.4205
      vertex -7.81982 -4.41735 11.0687
    endloop
  endfacet
  facet normal -0.778182 -0.264323 0.569707
    outer loop
      vertex -7.81982 -4.41735 11.0687
      vertex -8.26092 -4.51582 10.4205
      vertex -8.05698 -5.11623 10.4205
    endloop
  endfacet
  facet normal -0.776627 -0.266065 0.571016
    outer loop
      vertex -7.81982 -4.41735 11.0687
      vertex -8.05698 -5.11623 10.4205
      vertex -7.62121 -4.99708 11.0687
    endloop
  endfacet
  facet normal -0.766277 -0.297003 0.569745
    outer loop
      vertex -7.62121 -4.99708 11.0687
      vertex -8.05698 -5.11623 10.4205
      vertex -7.82782 -5.70747 10.4205
    endloop
  endfacet
  facet normal -0.764745 -0.298575 0.57098
    outer loop
      vertex -7.62121 -4.99708 11.0687
      vertex -7.82782 -5.70747 10.4205
      vertex -7.39834 -5.56792 11.0687
    endloop
  endfacet
  facet normal -0.752994 -0.329168 0.56978
    outer loop
      vertex -7.39834 -5.56792 11.0687
      vertex -7.82782 -5.70747 10.4205
      vertex -7.57383 -6.28849 10.4205
    endloop
  endfacet
  facet normal -0.751499 -0.330574 0.570938
    outer loop
      vertex -7.39834 -5.56792 11.0687
      vertex -7.57383 -6.28849 10.4205
      vertex -7.15159 -6.12886 11.0687
    endloop
  endfacet
  facet normal -0.738367 -0.360734 0.569812
    outer loop
      vertex -7.15159 -6.12886 11.0687
      vertex -7.57383 -6.28849 10.4205
      vertex -7.29548 -6.85823 10.4205
    endloop
  endfacet
  facet normal -0.736904 -0.361994 0.570905
    outer loop
      vertex -7.15159 -6.12886 11.0687
      vertex -7.29548 -6.85823 10.4205
      vertex -6.8814 -6.67888 11.0687
    endloop
  endfacet
  facet normal -0.72241 -0.391653 0.569853
    outer loop
      vertex -6.8814 -6.67888 11.0687
      vertex -7.29548 -6.85823 10.4205
      vertex -6.99326 -7.41568 10.4205
    endloop
  endfacet
  facet normal -0.721007 -0.392759 0.570868
    outer loop
      vertex -6.8814 -6.67888 11.0687
      vertex -6.99326 -7.41568 10.4205
      vertex -6.58825 -7.21703 11.0687
    endloop
  endfacet
  facet normal -0.705166 -0.421861 0.569889
    outer loop
      vertex -6.58825 -7.21703 11.0687
      vertex -6.99326 -7.41568 10.4205
      vertex -6.66772 -7.95984 10.4205
    endloop
  endfacet
  facet normal -0.703822 -0.422829 0.570833
    outer loop
      vertex -6.58825 -7.21703 11.0687
      vertex -6.66772 -7.95984 10.4205
      vertex -6.27267 -7.74233 11.0687
    endloop
  endfacet
  facet normal -0.686654 -0.451316 0.56993
    outer loop
      vertex -6.27267 -7.74233 11.0687
      vertex -6.66772 -7.95984 10.4205
      vertex -6.31944 -8.48973 10.4205
    endloop
  endfacet
  facet normal -0.685391 -0.452144 0.570793
    outer loop
      vertex -6.27267 -7.74233 11.0687
      vertex -6.31944 -8.48973 10.4205
      vertex -5.93522 -8.25386 11.0687
    endloop
  endfacet
  facet normal -0.666913 -0.479967 0.569964
    outer loop
      vertex -5.93522 -8.25386 11.0687
      vertex -6.31944 -8.48973 10.4205
      vertex -5.94904 -9.0044 10.4205
    endloop
  endfacet
  facet normal -0.665738 -0.480665 0.570748
    outer loop
      vertex -5.93522 -8.25386 11.0687
      vertex -5.94904 -9.0044 10.4205
      vertex -5.5765 -8.7507 11.0687
    endloop
  endfacet
  facet normal -0.645989 -0.507744 0.569996
    outer loop
      vertex -5.5765 -8.7507 11.0687
      vertex -5.94904 -9.0044 10.4205
      vertex -5.55719 -9.50294 10.4205
    endloop
  endfacet
  facet normal -0.644891 -0.508334 0.570713
    outer loop
      vertex -5.5765 -8.7507 11.0687
      vertex -5.55719 -9.50294 10.4205
      vertex -5.19714 -9.23197 11.0687
    endloop
  endfacet
  facet normal -0.623893 -0.534617 0.570037
    outer loop
      vertex -5.19714 -9.23197 11.0687
      vertex -5.55719 -9.50294 10.4205
      vertex -5.14459 -9.98444 10.4205
    endloop
  endfacet
  facet normal -0.622896 -0.535098 0.570676
    outer loop
      vertex -5.19714 -9.23197 11.0687
      vertex -5.14459 -9.98444 10.4205
      vertex -4.79782 -9.69681 11.0687
    endloop
  endfacet
  facet normal -0.600718 -0.56049 0.570078
    outer loop
      vertex -4.79782 -9.69681 11.0687
      vertex -5.14459 -9.98444 10.4205
      vertex -4.71198 -10.4481 10.4205
    endloop
  endfacet
  facet normal -0.59979 -0.560888 0.570663
    outer loop
      vertex -4.79782 -9.69681 11.0687
      vertex -4.71198 -10.4481 10.4205
      vertex -4.37926 -10.1444 11.0687
    endloop
  endfacet
  facet normal -0.576342 -0.585464 0.570142
    outer loop
      vertex -4.37926 -10.1444 11.0687
      vertex -4.71198 -10.4481 10.4205
      vertex -4.26014 -10.8929 10.4205
    endloop
  endfacet
  facet normal -0.5756 -0.585745 0.570603
    outer loop
      vertex -4.37926 -10.1444 11.0687
      vertex -4.26014 -10.8929 10.4205
      vertex -3.94219 -10.5739 11.0687
    endloop
  endfacet
  facet normal -0.551119 -0.609249 0.570161
    outer loop
      vertex -3.94219 -10.5739 11.0687
      vertex -4.26014 -10.8929 10.4205
      vertex -3.78987 -11.3183 10.4205
    endloop
  endfacet
  facet normal -0.550502 -0.609452 0.570539
    outer loop
      vertex -3.94219 -10.5739 11.0687
      vertex -3.78987 -11.3183 10.4205
      vertex -3.4874 -10.9847 11.0687
    endloop
  endfacet
  facet normal -0.524817 -0.632034 0.570176
    outer loop
      vertex -3.4874 -10.9847 11.0687
      vertex -3.78987 -11.3183 10.4205
      vertex -3.30201 -11.7234 10.4205
    endloop
  endfacet
  facet normal -0.524167 -0.632217 0.57057
    outer loop
      vertex -3.4874 -10.9847 11.0687
      vertex -3.30201 -11.7234 10.4205
      vertex -3.01568 -11.3758 11.0687
    endloop
  endfacet
  facet normal -0.497482 -0.65367 0.570287
    outer loop
      vertex -3.01568 -11.3758 11.0687
      vertex -3.30201 -11.7234 10.4205
      vertex -2.79745 -12.1074 10.4205
    endloop
  endfacet
  facet normal -0.497212 -0.653734 0.570449
    outer loop
      vertex -3.01568 -11.3758 11.0687
      vertex -2.79745 -12.1074 10.4205
      vertex -2.52789 -11.7468 11.0687
    endloop
  endfacet
  facet normal -0.469467 -0.674108 0.570245
    outer loop
      vertex -2.52789 -11.7468 11.0687
      vertex -2.79745 -12.1074 10.4205
      vertex -2.27708 -12.4698 10.4205
    endloop
  endfacet
  facet normal -0.469117 -0.674174 0.570455
    outer loop
      vertex -2.52789 -11.7468 11.0687
      vertex -2.27708 -12.4698 10.4205
      vertex -2.0249 -12.0968 11.0687
    endloop
  endfacet
  facet normal -0.440443 -0.693348 0.570333
    outer loop
      vertex -2.0249 -12.0968 11.0687
      vertex -2.27708 -12.4698 10.4205
      vertex -1.74185 -12.8098 10.4205
    endloop
  endfacet
  facet normal -0.440292 -0.693369 0.570422
    outer loop
      vertex -2.0249 -12.0968 11.0687
      vertex -1.74185 -12.8098 10.4205
      vertex -1.50758 -12.4253 11.0687
    endloop
  endfacet
  facet normal -0.41064 -0.711366 0.570381
    outer loop
      vertex -1.50758 -12.4253 11.0687
      vertex -1.74185 -12.8098 10.4205
      vertex -1.1927 -13.1268 10.4205
    endloop
  endfacet
  facet normal -0.410701 -0.711359 0.570344
    outer loop
      vertex -1.50758 -12.4253 11.0687
      vertex -1.1927 -13.1268 10.4205
      vertex -0.976877 -12.7317 11.0687
    endloop
  endfacet
  facet normal -0.380377 -0.727993 0.570386
    outer loop
      vertex -0.976877 -12.7317 11.0687
      vertex -1.1927 -13.1268 10.4205
      vertex -0.43372 -13.0155 11.0687
    endloop
  endfacet
  facet normal -0.380311 -0.728077 0.570323
    outer loop
      vertex -0.43372 -13.0155 11.0687
      vertex -1.1927 -13.1268 10.4205
      vertex -0.630624 -13.4204 10.4205
    endloop
  endfacet
  facet normal -0.349275 -0.743369 0.570447
    outer loop
      vertex -0.43372 -13.0155 11.0687
      vertex -0.630624 -13.4204 10.4205
      vertex 0.12092 -13.2761 11.0687
    endloop
  endfacet
  facet normal -0.349028 -0.743655 0.570225
    outer loop
      vertex 0.12092 -13.2761 11.0687
      vertex -0.630624 -13.4204 10.4205
      vertex -0.0566284 -13.6898 10.4205
    endloop
  endfacet
  facet normal -0.317532 -0.757488 0.570426
    outer loop
      vertex 0.12092 -13.2761 11.0687
      vertex -0.0566284 -13.6898 10.4205
      vertex 0.686057 -13.513 11.0687
    endloop
  endfacet
  facet normal -0.317371 -0.757659 0.570288
    outer loop
      vertex 0.686057 -13.513 11.0687
      vertex -0.0566284 -13.6898 10.4205
      vertex 0.528259 -13.9348 10.4205
    endloop
  endfacet
  facet normal -0.285439 -0.770045 0.570575
    outer loop
      vertex 0.686057 -13.513 11.0687
      vertex 0.528259 -13.9348 10.4205
      vertex 1.26068 -13.726 11.0687
    endloop
  endfacet
  facet normal -0.284912 -0.770558 0.570145
    outer loop
      vertex 1.26068 -13.726 11.0687
      vertex 0.528259 -13.9348 10.4205
      vertex 1.12299 -14.1547 10.4205
    endloop
  endfacet
  facet normal -0.252629 -0.781474 0.570506
    outer loop
      vertex 1.26068 -13.726 11.0687
      vertex 1.12299 -14.1547 10.4205
      vertex 1.84378 -13.9145 11.0687
    endloop
  endfacet
  facet normal -0.252128 -0.781921 0.570115
    outer loop
      vertex 1.84378 -13.9145 11.0687
      vertex 1.12299 -14.1547 10.4205
      vertex 1.7265 -14.3493 10.4205
    endloop
  endfacet
  facet normal -0.219386 -0.791412 0.570558
    outer loop
      vertex 1.84378 -13.9145 11.0687
      vertex 1.7265 -14.3493 10.4205
      vertex 2.43431 -14.0782 11.0687
    endloop
  endfacet
  facet normal -0.218827 -0.79187 0.570138
    outer loop
      vertex 2.43431 -14.0782 11.0687
      vertex 1.7265 -14.3493 10.4205
      vertex 2.3377 -14.5182 10.4205
    endloop
  endfacet
  facet normal -0.185865 -0.799876 0.57066
    outer loop
      vertex 2.43431 -14.0782 11.0687
      vertex 2.3377 -14.5182 10.4205
      vertex 3.03121 -14.2169 11.0687
    endloop
  endfacet
  facet normal -0.18503 -0.8005 0.570056
    outer loop
      vertex 3.03121 -14.2169 11.0687
      vertex 2.3377 -14.5182 10.4205
      vertex 2.9555 -14.661 10.4205
    endloop
  endfacet
  facet normal -0.15196 -0.807009 0.570653
    outer loop
      vertex 3.03121 -14.2169 11.0687
      vertex 2.9555 -14.661 10.4205
      vertex 3.63344 -14.3303 11.0687
    endloop
  endfacet
  facet normal -0.151078 -0.807609 0.570038
    outer loop
      vertex 3.63344 -14.3303 11.0687
      vertex 2.9555 -14.661 10.4205
      vertex 3.5788 -14.7776 10.4205
    endloop
  endfacet
  facet normal -0.117784 -0.812657 0.570715
    outer loop
      vertex 3.63344 -14.3303 11.0687
      vertex 3.5788 -14.7776 10.4205
      vertex 4.23991 -14.4182 11.0687
    endloop
  endfacet
  facet normal -0.116747 -0.813299 0.570013
    outer loop
      vertex 4.23991 -14.4182 11.0687
      vertex 3.5788 -14.7776 10.4205
      vertex 4.20647 -14.8677 10.4205
    endloop
  endfacet
  facet normal -0.0833433 -0.816872 0.570767
    outer loop
      vertex 4.23991 -14.4182 11.0687
      vertex 4.20647 -14.8677 10.4205
      vertex 4.84955 -14.4804 11.0687
    endloop
  endfacet
  facet normal -0.082153 -0.817539 0.569984
    outer loop
      vertex 4.84955 -14.4804 11.0687
      vertex 4.20647 -14.8677 10.4205
      vertex 4.83739 -14.9311 10.4205
    endloop
  endfacet
  facet normal -0.0489052 -0.819624 0.57081
    outer loop
      vertex 4.84955 -14.4804 11.0687
      vertex 4.83739 -14.9311 10.4205
      vertex 5.46127 -14.5169 11.0687
    endloop
  endfacet
  facet normal -0.0475565 -0.820304 0.569947
    outer loop
      vertex 5.46127 -14.5169 11.0687
      vertex 4.83739 -14.9311 10.4205
      vertex 5.47043 -14.9678 10.4205
    endloop
  endfacet
  facet normal -0.0143362 -0.820929 0.570851
    outer loop
      vertex 5.46127 -14.5169 11.0687
      vertex 5.47043 -14.9678 10.4205
      vertex 6.07398 -14.5276 11.0687
    endloop
  endfacet
  facet normal -0.0127004 -0.821666 0.569828
    outer loop
      vertex 6.07398 -14.5276 11.0687
      vertex 5.47043 -14.9678 10.4205
      vertex 6.10445 -14.9776 10.4205
    endloop
  endfacet
  facet normal 0.0203661 -0.820833 0.570805
    outer loop
      vertex 6.07398 -14.5276 11.0687
      vertex 6.10445 -14.9776 10.4205
      vertex 6.6866 -14.5124 11.0687
    endloop
  endfacet
  facet normal 0.0219007 -0.821446 0.569866
    outer loop
      vertex 6.6866 -14.5124 11.0687
      vertex 6.10445 -14.9776 10.4205
      vertex 6.73833 -14.9607 10.4205
    endloop
  endfacet
  facet normal 0.055063 -0.819153 0.570926
    outer loop
      vertex 6.6866 -14.5124 11.0687
      vertex 6.73833 -14.9607 10.4205
      vertex 7.29803 -14.4713 11.0687
    endloop
  endfacet
  facet normal 0.0568922 -0.819791 0.569829
    outer loop
      vertex 7.29803 -14.4713 11.0687
      vertex 6.73833 -14.9607 10.4205
      vertex 7.37091 -14.9168 10.4205
    endloop
  endfacet
  facet normal 0.0893598 -0.816108 0.570948
    outer loop
      vertex 7.29803 -14.4713 11.0687
      vertex 7.37091 -14.9168 10.4205
      vertex 7.90719 -14.4046 11.0687
    endloop
  endfacet
  facet normal 0.0913695 -0.816713 0.569764
    outer loop
      vertex 7.90719 -14.4046 11.0687
      vertex 7.37091 -14.9168 10.4205
      vertex 8.00108 -14.8463 10.4205
    endloop
  endfacet
  facet normal 0.123788 -0.811587 0.570967
    outer loop
      vertex 7.90719 -14.4046 11.0687
      vertex 8.00108 -14.8463 10.4205
      vertex 8.51299 -14.3122 11.0687
    endloop
  endfacet
  facet normal 0.12598 -0.812144 0.569694
    outer loop
      vertex 8.51299 -14.3122 11.0687
      vertex 8.00108 -14.8463 10.4205
      vertex 8.62769 -14.7491 10.4205
    endloop
  endfacet
  facet normal 0.157947 -0.805637 0.570965
    outer loop
      vertex 8.51299 -14.3122 11.0687
      vertex 8.62769 -14.7491 10.4205
      vertex 9.11436 -14.1943 11.0687
    endloop
  endfacet
  facet normal 0.1602 -0.806106 0.569675
    outer loop
      vertex 9.11436 -14.1943 11.0687
      vertex 8.62769 -14.7491 10.4205
      vertex 9.24963 -14.6255 10.4205
    endloop
  endfacet
  facet normal 0.191703 -0.798241 0.571017
    outer loop
      vertex 9.11436 -14.1943 11.0687
      vertex 9.24963 -14.6255 10.4205
      vertex 9.71022 -14.0512 11.0687
    endloop
  endfacet
  facet normal 0.194165 -0.798642 0.569623
    outer loop
      vertex 9.71022 -14.0512 11.0687
      vertex 9.24963 -14.6255 10.4205
      vertex 9.86579 -14.4757 10.4205
    endloop
  endfacet
  facet normal 0.225319 -0.789393 0.571043
    outer loop
      vertex 9.71022 -14.0512 11.0687
      vertex 9.86579 -14.4757 10.4205
      vertex 10.2995 -13.883 11.0687
    endloop
  endfacet
  facet normal 0.227749 -0.78968 0.56968
    outer loop
      vertex 10.2995 -13.883 11.0687
      vertex 9.86579 -14.4757 10.4205
      vertex 10.475 -14.3 10.4205
    endloop
  endfacet
  facet normal 0.258245 -0.779154 0.571165
    outer loop
      vertex 10.2995 -13.883 11.0687
      vertex 10.475 -14.3 10.4205
      vertex 10.8812 -13.6902 11.0687
    endloop
  endfacet
  facet normal 0.26104 -0.779362 0.569608
    outer loop
      vertex 10.8812 -13.6902 11.0687
      vertex 10.475 -14.3 10.4205
      vertex 11.0763 -14.0986 10.4205
    endloop
  endfacet
  facet normal 0.290943 -0.767544 0.571163
    outer loop
      vertex 10.8812 -13.6902 11.0687
      vertex 11.0763 -14.0986 10.4205
      vertex 11.4542 -13.473 11.0687
    endloop
  endfacet
  facet normal 0.293726 -0.767629 0.569623
    outer loop
      vertex 11.4542 -13.473 11.0687
      vertex 11.0763 -14.0986 10.4205
      vertex 11.6685 -13.872 10.4205
    endloop
  endfacet
  facet normal 0.322917 -0.754588 0.571246
    outer loop
      vertex 11.4542 -13.473 11.0687
      vertex 11.6685 -13.872 10.4205
      vertex 12.0176 -13.2319 11.0687
    endloop
  endfacet
  facet normal -0.594387 0.386679 0.705112
    outer loop
      vertex 18.0572 24.9999 9.68096
      vertex 18.0395 24.9691 9.68293
      vertex 18.0622 25 9.68512
    endloop
  endfacet
  facet normal -0.594601 0.386856 0.704835
    outer loop
      vertex 18.0622 25 9.68512
      vertex 18.0395 24.9691 9.68293
      vertex 18.6576 24.6562 10.3761
    endloop
  endfacet
  facet normal -0.594062 0.38779 0.704776
    outer loop
      vertex 18.6576 24.6562 10.3761
      vertex 18.0395 24.9691 9.68293
      vertex 18.4874 24.3613 10.3949
    endloop
  endfacet
  facet normal -0.593901 0.387959 0.704819
    outer loop
      vertex 18.4874 24.3613 10.3949
      vertex 18.0395 24.9691 9.68293
      vertex 17.8673 24.6709 9.70197
    endloop
  endfacet
  facet normal -0.593789 0.388154 0.704806
    outer loop
      vertex 18.4874 24.3613 10.3949
      vertex 17.8673 24.6709 9.70197
      vertex 18.3209 24.073 10.4134
    endloop
  endfacet
  facet normal -0.593976 0.387955 0.704758
    outer loop
      vertex 18.3209 24.073 10.4134
      vertex 17.8673 24.6709 9.70197
      vertex 17.699 24.3794 9.72059
    endloop
  endfacet
  facet normal -0.593945 0.388009 0.704754
    outer loop
      vertex 18.3209 24.073 10.4134
      vertex 17.699 24.3794 9.72059
      vertex 18.1581 23.7911 10.4314
    endloop
  endfacet
  facet normal -0.594033 0.387915 0.704732
    outer loop
      vertex 18.1581 23.7911 10.4314
      vertex 17.699 24.3794 9.72059
      vertex 17.5346 24.0946 9.73878
    endloop
  endfacet
  facet normal -0.594117 0.387765 0.704743
    outer loop
      vertex 18.1581 23.7911 10.4314
      vertex 17.5346 24.0946 9.73878
      vertex 17.9991 23.5155 10.449
    endloop
  endfacet
  facet normal -0.593878 0.388028 0.7048
    outer loop
      vertex 17.9991 23.5155 10.449
      vertex 17.5346 24.0946 9.73878
      vertex 17.3738 23.8162 9.75656
    endloop
  endfacet
  facet normal -0.593774 0.388211 0.704786
    outer loop
      vertex 17.9991 23.5155 10.449
      vertex 17.3738 23.8162 9.75656
      vertex 17.8435 23.2461 10.4663
    endloop
  endfacet
  facet normal -0.594012 0.387947 0.704732
    outer loop
      vertex 17.8435 23.2461 10.4663
      vertex 17.3738 23.8162 9.75656
      vertex 17.2167 23.5441 9.77393
    endloop
  endfacet
  facet normal -0.594007 0.387957 0.704731
    outer loop
      vertex 17.8435 23.2461 10.4663
      vertex 17.2167 23.5441 9.77393
      vertex 17.6914 22.9827 10.4831
    endloop
  endfacet
  facet normal -0.594118 0.387831 0.704706
    outer loop
      vertex 17.6914 22.9827 10.4831
      vertex 17.2167 23.5441 9.77393
      vertex 17.0632 23.2781 9.79091
    endloop
  endfacet
  facet normal -0.593959 0.388117 0.704683
    outer loop
      vertex 17.6914 22.9827 10.4831
      vertex 17.0632 23.2781 9.79091
      vertex 16.913 23.0181 9.80751
    endloop
  endfacet
  facet normal -0.593994 0.387999 0.704718
    outer loop
      vertex 17.6914 22.9827 10.4831
      vertex 16.913 23.0181 9.80751
      vertex 17.3974 22.4734 10.5157
    endloop
  endfacet
  facet normal -0.594115 0.387859 0.704693
    outer loop
      vertex 17.3974 22.4734 10.5157
      vertex 16.913 23.0181 9.80751
      vertex 16.7663 22.7639 9.82374
    endloop
  endfacet
  facet normal -0.594006 0.388057 0.704676
    outer loop
      vertex 17.3974 22.4734 10.5157
      vertex 16.7663 22.7639 9.82374
      vertex 17.116 21.986 10.5469
    endloop
  endfacet
  facet normal -0.594137 0.38795 0.704624
    outer loop
      vertex 17.116 21.986 10.5469
      vertex 16.7663 22.7639 9.82374
      vertex 16.4824 22.2721 9.85513
    endloop
  endfacet
  facet normal -0.594081 0.388054 0.704615
    outer loop
      vertex 17.116 21.986 10.5469
      vertex 16.4824 22.2721 9.85513
      vertex 16.8463 21.519 10.5767
    endloop
  endfacet
  facet normal -0.594095 0.388041 0.70461
    outer loop
      vertex 16.8463 21.519 10.5767
      vertex 16.4824 22.2721 9.85513
      vertex 16.2104 21.8011 9.88518
    endloop
  endfacet
  facet normal -0.594067 0.388094 0.704605
    outer loop
      vertex 16.8463 21.519 10.5767
      vertex 16.2104 21.8011 9.88518
      vertex 16.5878 21.0712 10.6054
    endloop
  endfacet
  facet normal -0.594179 0.387996 0.704564
    outer loop
      vertex 16.5878 21.0712 10.6054
      vertex 16.2104 21.8011 9.88518
      vertex 15.9498 21.3497 9.91399
    endloop
  endfacet
  facet normal -0.594217 0.387926 0.704571
    outer loop
      vertex 16.5878 21.0712 10.6054
      vertex 15.9498 21.3497 9.91399
      vertex 16.3397 20.6414 10.6328
    endloop
  endfacet
  facet normal -0.594105 0.388026 0.70461
    outer loop
      vertex 16.3397 20.6414 10.6328
      vertex 15.9498 21.3497 9.91399
      vertex 15.6997 20.9166 9.94162
    endloop
  endfacet
  facet normal -0.594065 0.388102 0.704602
    outer loop
      vertex 16.3397 20.6414 10.6328
      vertex 15.6997 20.9166 9.94162
      vertex 16.1012 20.2284 10.6592
    endloop
  endfacet
  facet normal -0.594218 0.387959 0.704551
    outer loop
      vertex 16.1012 20.2284 10.6592
      vertex 15.6997 20.9166 9.94162
      vertex 15.4595 20.5005 9.96816
    endloop
  endfacet
  facet normal -0.594164 0.38806 0.704541
    outer loop
      vertex 16.1012 20.2284 10.6592
      vertex 15.4595 20.5005 9.96816
      vertex 15.8719 19.8312 10.6846
    endloop
  endfacet
  facet normal -0.594261 0.387967 0.704511
    outer loop
      vertex 15.8719 19.8312 10.6846
      vertex 15.4595 20.5005 9.96816
      vertex 15.2286 20.1005 9.99367
    endloop
  endfacet
  facet normal -0.594121 0.388232 0.704483
    outer loop
      vertex 15.8719 19.8312 10.6846
      vertex 15.2286 20.1005 9.99367
      vertex 15.6512 19.449 10.7091
    endloop
  endfacet
  facet normal -0.594319 0.388037 0.704423
    outer loop
      vertex 15.6512 19.449 10.7091
      vertex 15.2286 20.1005 9.99367
      vertex 15.0065 19.7158 10.0182
    endloop
  endfacet
  facet normal -0.594311 0.388053 0.704421
    outer loop
      vertex 15.6512 19.449 10.7091
      vertex 15.0065 19.7158 10.0182
      vertex 15.4389 19.0812 10.7326
    endloop
  endfacet
  facet normal -0.594293 0.388071 0.704426
    outer loop
      vertex 15.4389 19.0812 10.7326
      vertex 15.0065 19.7158 10.0182
      vertex 14.7928 19.3457 10.0418
    endloop
  endfacet
  facet normal -0.594272 0.388112 0.704422
    outer loop
      vertex 15.4389 19.0812 10.7326
      vertex 14.7928 19.3457 10.0418
      vertex 15.2343 18.7269 10.7552
    endloop
  endfacet
  facet normal -0.594327 0.388054 0.704407
    outer loop
      vertex 15.2343 18.7269 10.7552
      vertex 14.7928 19.3457 10.0418
      vertex 14.587 18.9893 10.0645
    endloop
  endfacet
  facet normal -0.594308 0.388091 0.704403
    outer loop
      vertex 15.2343 18.7269 10.7552
      vertex 14.587 18.9893 10.0645
      vertex 15.0372 18.3855 10.777
    endloop
  endfacet
  facet normal -0.594402 0.387992 0.704378
    outer loop
      vertex 15.0372 18.3855 10.777
      vertex 14.587 18.9893 10.0645
      vertex 14.3888 18.6459 10.0864
    endloop
  endfacet
  facet normal -0.594265 0.388255 0.704349
    outer loop
      vertex 15.0372 18.3855 10.777
      vertex 14.3888 18.6459 10.0864
      vertex 14.847 18.0561 10.7981
    endloop
  endfacet
  facet normal -0.594387 0.388124 0.704318
    outer loop
      vertex 14.847 18.0561 10.7981
      vertex 14.3888 18.6459 10.0864
      vertex 14.1976 18.3148 10.1075
    endloop
  endfacet
  facet normal -0.59443 0.388039 0.704328
    outer loop
      vertex 14.847 18.0561 10.7981
      vertex 14.1976 18.3148 10.1075
      vertex 14.6634 17.738 10.8184
    endloop
  endfacet
  facet normal -0.594421 0.38805 0.70433
    outer loop
      vertex 14.6634 17.738 10.8184
      vertex 14.1976 18.3148 10.1075
      vertex 14.013 17.995 10.1279
    endloop
  endfacet
  facet normal -0.594385 0.38812 0.704322
    outer loop
      vertex 14.6634 17.738 10.8184
      vertex 14.013 17.995 10.1279
      vertex 14.4859 17.4306 10.838
    endloop
  endfacet
  facet normal -0.594475 0.388018 0.704302
    outer loop
      vertex 14.4859 17.4306 10.838
      vertex 14.013 17.995 10.1279
      vertex 13.8346 17.6861 10.1475
    endloop
  endfacet
  facet normal -0.594428 0.388111 0.704291
    outer loop
      vertex 14.4859 17.4306 10.838
      vertex 13.8346 17.6861 10.1475
      vertex 14.3143 17.1333 10.857
    endloop
  endfacet
  facet normal -0.594346 0.388204 0.704308
    outer loop
      vertex 14.3143 17.1333 10.857
      vertex 13.8346 17.6861 10.1475
      vertex 13.6622 17.3875 10.1666
    endloop
  endfacet
  facet normal -0.59433 0.388236 0.704305
    outer loop
      vertex 14.3143 17.1333 10.857
      vertex 13.6622 17.3875 10.1666
      vertex 14.1483 16.8458 10.8754
    endloop
  endfacet
  facet normal -0.594648 0.387865 0.70424
    outer loop
      vertex 14.1483 16.8458 10.8754
      vertex 13.6622 17.3875 10.1666
      vertex 13.4955 17.0987 10.1849
    endloop
  endfacet
  facet normal -0.594462 0.388229 0.704197
    outer loop
      vertex 14.1483 16.8458 10.8754
      vertex 13.4955 17.0987 10.1849
      vertex 13.9877 16.5676 10.8932
    endloop
  endfacet
  facet normal -0.594527 0.388153 0.704184
    outer loop
      vertex 13.9877 16.5676 10.8932
      vertex 13.4955 17.0987 10.1849
      vertex 13.3343 16.8195 10.2027
    endloop
  endfacet
  facet normal -0.594424 0.388353 0.704161
    outer loop
      vertex 13.9877 16.5676 10.8932
      vertex 13.3343 16.8195 10.2027
      vertex 13.8322 16.2984 10.9104
    endloop
  endfacet
  facet normal -0.594572 0.388175 0.704134
    outer loop
      vertex 13.8322 16.2984 10.9104
      vertex 13.3343 16.8195 10.2027
      vertex 13.1782 16.5492 10.2199
    endloop
  endfacet
  facet normal -0.59461 0.3881 0.704143
    outer loop
      vertex 13.8322 16.2984 10.9104
      vertex 13.1782 16.5492 10.2199
      vertex 13.6817 16.0377 10.927
    endloop
  endfacet
  facet normal -0.594571 0.388148 0.70415
    outer loop
      vertex 13.6817 16.0377 10.927
      vertex 13.1782 16.5492 10.2199
      vertex 13.0272 16.2876 10.2366
    endloop
  endfacet
  facet normal -0.594571 0.388147 0.70415
    outer loop
      vertex 13.6817 16.0377 10.927
      vertex 13.0272 16.2876 10.2366
      vertex 13.5358 15.785 10.9431
    endloop
  endfacet
  facet normal -0.5946 0.388111 0.704145
    outer loop
      vertex 13.5358 15.785 10.9431
      vertex 13.0272 16.2876 10.2366
      vertex 12.8808 16.0341 10.2527
    endloop
  endfacet
  facet normal -0.59453 0.38825 0.704128
    outer loop
      vertex 13.5358 15.785 10.9431
      vertex 12.8808 16.0341 10.2527
      vertex 13.3944 15.54 10.9588
    endloop
  endfacet
  facet normal -0.594716 0.388016 0.7041
    outer loop
      vertex 13.3944 15.54 10.9588
      vertex 12.8808 16.0341 10.2527
      vertex 12.7389 15.7883 10.2683
    endloop
  endfacet
  facet normal -0.59451 0.388422 0.70405
    outer loop
      vertex 13.3944 15.54 10.9588
      vertex 12.7389 15.7883 10.2683
      vertex 13.2571 15.3023 10.974
    endloop
  endfacet
  facet normal -0.594635 0.388263 0.704032
    outer loop
      vertex 13.2571 15.3023 10.974
      vertex 12.7389 15.7883 10.2683
      vertex 12.6013 15.55 10.2835
    endloop
  endfacet
  facet normal -0.594734 0.388066 0.704056
    outer loop
      vertex 13.2571 15.3023 10.974
      vertex 12.6013 15.55 10.2835
      vertex 13.1241 15.0718 10.9887
    endloop
  endfacet
  facet normal -0.594802 0.387979 0.704047
    outer loop
      vertex 13.1241 15.0718 10.9887
      vertex 12.6013 15.55 10.2835
      vertex 12.4681 15.3193 10.2981
    endloop
  endfacet
  facet normal -0.594711 0.38816 0.704025
    outer loop
      vertex 13.1241 15.0718 10.9887
      vertex 12.4681 15.3193 10.2981
      vertex 12.9951 14.8484 11.0029
    endloop
  endfacet
  facet normal -0.594896 0.387918 0.704002
    outer loop
      vertex 12.9951 14.8484 11.0029
      vertex 12.4681 15.3193 10.2981
      vertex 12.3391 15.0957 10.3123
    endloop
  endfacet
  facet normal -0.59463 0.388442 0.703937
    outer loop
      vertex 12.9951 14.8484 11.0029
      vertex 12.3391 15.0957 10.3123
      vertex 12.8698 14.6314 11.0168
    endloop
  endfacet
  facet normal -0.594707 0.38834 0.703928
    outer loop
      vertex 12.8698 14.6314 11.0168
      vertex 12.3391 15.0957 10.3123
      vertex 12.2138 14.8788 10.3261
    endloop
  endfacet
  facet normal -0.594736 0.388283 0.703935
    outer loop
      vertex 12.8698 14.6314 11.0168
      vertex 12.2138 14.8788 10.3261
      vertex 12.6293 14.2148 11.0434
    endloop
  endfacet
  facet normal -0.594843 0.38818 0.703902
    outer loop
      vertex 12.6293 14.2148 11.0434
      vertex 12.2138 14.8788 10.3261
      vertex 11.9731 14.4619 10.3526
    endloop
  endfacet
  facet normal -0.594784 0.388296 0.703888
    outer loop
      vertex 12.6293 14.2148 11.0434
      vertex 11.9731 14.4619 10.3526
      vertex 12.4 13.8177 11.0687
    endloop
  endfacet
  facet normal -0.594961 0.388121 0.703835
    outer loop
      vertex 12.4 13.8177 11.0687
      vertex 11.9731 14.4619 10.3526
      vertex 11.7432 14.0636 10.3779
    endloop
  endfacet
  facet normal -0.595132 0.387781 0.703877
    outer loop
      vertex 12.4 13.8177 11.0687
      vertex 11.7432 14.0636 10.3779
      vertex 11.6882 13.9683 10.3839
    endloop
  endfacet
  facet normal -0.595939 0.388928 0.702561
    outer loop
      vertex 11.6336 13.8738 10.3899
      vertex 11.6685 13.872 10.4205
      vertex 11.6882 13.9683 10.3839
    endloop
  endfacet
  facet normal -0.59461 0.389056 0.703615
    outer loop
      vertex 11.6882 13.9683 10.3839
      vertex 11.6685 13.872 10.4205
      vertex 12.4 13.8177 11.0687
    endloop
  endfacet
  facet normal -0.594851 0.388308 0.703824
    outer loop
      vertex 11.6685 13.872 10.4205
      vertex 12.0176 13.2319 11.0687
      vertex 12.4 13.8177 11.0687
    endloop
  endfacet
  facet normal 0.499967 0.866044 -0.000489785
    outer loop
      vertex 21.0541 23.2727 10.3761
      vertex 21.2029 23.1867 10.2033
      vertex 18.6576 24.6562 10.3761
    endloop
  endfacet
  facet normal 0.50001 0.866019 0.000350054
    outer loop
      vertex 18.6576 24.6562 10.3761
      vertex 21.2029 23.1867 10.2033
      vertex 21.3518 23.1008 10.0306
    endloop
  endfacet
  facet normal 0.499984 0.866035 7.57391e-05
    outer loop
      vertex 18.6576 24.6562 10.3761
      vertex 21.3518 23.1008 10.0306
      vertex 18.0622 25 9.68512
    endloop
  endfacet
  facet normal 0.500002 0.866024 -0.000160315
    outer loop
      vertex 18.0622 25 9.68512
      vertex 21.3518 23.1008 10.0306
      vertex 21.5007 23.0148 9.85785
    endloop
  endfacet
  facet normal 0.499995 0.866028 4.27819e-05
    outer loop
      vertex 18.0622 25 9.68512
      vertex 21.5007 23.0148 9.85785
      vertex 21.6495 22.9289 9.68512
    endloop
  endfacet
  facet normal 0.0310248 0.0456998 0.998473
    outer loop
      vertex 14.7964 12.4341 11.0687
      vertex 15.0257 12.8312 11.0434
      vertex 14.338 12.7453 11.0687
    endloop
  endfacet
  facet normal 0.0310064 0.0458451 0.998467
    outer loop
      vertex 14.338 12.7453 11.0687
      vertex 15.0257 12.8312 11.0434
      vertex 15.2663 13.2478 11.0168
    endloop
  endfacet
  facet normal 0.030831 0.0461683 0.998458
    outer loop
      vertex 14.338 12.7453 11.0687
      vertex 15.2663 13.2478 11.0168
      vertex 15.3915 13.4648 11.0029
    endloop
  endfacet
  facet normal 0.0314025 0.0453333 0.998478
    outer loop
      vertex 15.3915 13.4648 11.0029
      vertex 15.5205 13.6882 10.9887
      vertex 14.338 12.7453 11.0687
    endloop
  endfacet
  facet normal 0.0310905 0.0457239 0.99847
    outer loop
      vertex 14.338 12.7453 11.0687
      vertex 15.5205 13.6882 10.9887
      vertex 15.6536 13.9187 10.974
    endloop
  endfacet
  facet normal 0.0307612 0.0460926 0.998463
    outer loop
      vertex 14.338 12.7453 11.0687
      vertex 15.6536 13.9187 10.974
      vertex 15.7908 14.1564 10.9588
    endloop
  endfacet
  facet normal 0.0304858 0.0463758 0.998459
    outer loop
      vertex 15.7908 14.1564 10.9588
      vertex 15.9323 14.4014 10.9431
      vertex 14.338 12.7453 11.0687
    endloop
  endfacet
  facet normal 0.0314295 0.0454682 0.998471
    outer loop
      vertex 14.338 12.7453 11.0687
      vertex 15.9323 14.4014 10.9431
      vertex 16.0782 14.6541 10.927
    endloop
  endfacet
  facet normal 0.0315337 0.0453733 0.998472
    outer loop
      vertex 14.338 12.7453 11.0687
      vertex 16.0782 14.6541 10.927
      vertex 16.2287 14.9148 10.9104
    endloop
  endfacet
  facet normal 0.03079 0.046021 0.998466
    outer loop
      vertex 16.2287 14.9148 10.9104
      vertex 16.3841 15.184 10.8932
      vertex 14.338 12.7453 11.0687
    endloop
  endfacet
  facet normal 0.0304495 0.0463064 0.998463
    outer loop
      vertex 14.338 12.7453 11.0687
      vertex 16.3841 15.184 10.8932
      vertex 16.5447 15.4622 10.8754
    endloop
  endfacet
  facet normal 0.0303903 0.0463545 0.998463
    outer loop
      vertex 14.338 12.7453 11.0687
      vertex 16.5447 15.4622 10.8754
      vertex 16.7107 15.7497 10.857
    endloop
  endfacet
  facet normal 0.0308408 0.0459989 0.998465
    outer loop
      vertex 16.7107 15.7497 10.857
      vertex 16.8824 16.047 10.838
      vertex 14.338 12.7453 11.0687
    endloop
  endfacet
  facet normal 0.0315883 0.0454231 0.998468
    outer loop
      vertex 14.338 12.7453 11.0687
      vertex 16.8824 16.047 10.838
      vertex 17.0599 16.3544 10.8184
    endloop
  endfacet
  facet normal 0.0312292 0.0456938 0.998467
    outer loop
      vertex 14.338 12.7453 11.0687
      vertex 17.0599 16.3544 10.8184
      vertex 17.2435 16.6725 10.7981
    endloop
  endfacet
  facet normal 0.0298026 0.0467489 0.998462
    outer loop
      vertex 17.2435 16.6725 10.7981
      vertex 17.4337 17.0019 10.777
      vertex 14.338 12.7453 11.0687
    endloop
  endfacet
  facet normal 0.0311253 0.0457872 0.998466
    outer loop
      vertex 14.338 12.7453 11.0687
      vertex 17.4337 17.0019 10.777
      vertex 17.6308 17.3433 10.7552
    endloop
  endfacet
  facet normal 0.0315765 0.0454642 0.998467
    outer loop
      vertex 14.338 12.7453 11.0687
      vertex 17.6308 17.3433 10.7552
      vertex 17.8353 17.6976 10.7326
    endloop
  endfacet
  facet normal 0.0308287 0.0459922 0.998466
    outer loop
      vertex 17.8353 17.6976 10.7326
      vertex 18.0477 18.0654 10.7091
      vertex 14.338 12.7453 11.0687
    endloop
  endfacet
  facet normal 0.0290122 0.0472585 0.998461
    outer loop
      vertex 14.338 12.7453 11.0687
      vertex 18.0477 18.0654 10.7091
      vertex 18.2683 18.4476 10.6846
    endloop
  endfacet
  facet normal 0.0304902 0.0462401 0.998465
    outer loop
      vertex 14.338 12.7453 11.0687
      vertex 18.2683 18.4476 10.6846
      vertex 18.4977 18.8448 10.6592
    endloop
  endfacet
  facet normal 0.0306414 0.046137 0.998465
    outer loop
      vertex 18.4977 18.8448 10.6592
      vertex 18.7361 19.2578 10.6328
      vertex 14.338 12.7453 11.0687
    endloop
  endfacet
  facet normal 0.0324703 0.0449018 0.998464
    outer loop
      vertex 14.338 12.7453 11.0687
      vertex 18.7361 19.2578 10.6328
      vertex 18.9843 19.6876 10.6054
    endloop
  endfacet
  facet normal 0.0287002 0.0474249 0.998462
    outer loop
      vertex 14.338 12.7453 11.0687
      vertex 18.9843 19.6876 10.6054
      vertex 19.2428 20.1354 10.5767
    endloop
  endfacet
  facet normal 0.0319427 0.045273 0.998464
    outer loop
      vertex 19.2428 20.1354 10.5767
      vertex 19.5124 20.6024 10.5469
      vertex 14.338 12.7453 11.0687
    endloop
  endfacet
  facet normal 0.0294832 0.0468928 0.998465
    outer loop
      vertex 14.338 12.7453 11.0687
      vertex 19.5124 20.6024 10.5469
      vertex 19.7938 21.0898 10.5157
    endloop
  endfacet
  facet normal 0.0295741 0.0468333 0.998465
    outer loop
      vertex 14.338 12.7453 11.0687
      vertex 19.7938 21.0898 10.5157
      vertex 20.0879 21.5991 10.4831
    endloop
  endfacet
  facet normal 0.0327339 0.044781 0.99846
    outer loop
      vertex 20.0879 21.5991 10.4831
      vertex 20.24 21.8625 10.4663
      vertex 14.338 12.7453 11.0687
    endloop
  endfacet
  facet normal 0.0264228 0.0488662 0.998456
    outer loop
      vertex 14.338 12.7453 11.0687
      vertex 20.24 21.8625 10.4663
      vertex 20.3955 22.1319 10.449
    endloop
  endfacet
  facet normal 0.0316781 0.0454752 0.998463
    outer loop
      vertex 14.338 12.7453 11.0687
      vertex 20.3955 22.1319 10.449
      vertex 20.5546 22.4075 10.4314
    endloop
  endfacet
  facet normal 0.0317396 0.0454356 0.998463
    outer loop
      vertex 20.5546 22.4075 10.4314
      vertex 20.7173 22.6894 10.4134
      vertex 14.338 12.7453 11.0687
    endloop
  endfacet
  facet normal 0.0269787 0.0484896 0.998459
    outer loop
      vertex 14.338 12.7453 11.0687
      vertex 20.7173 22.6894 10.4134
      vertex 20.8838 22.9777 10.3949
    endloop
  endfacet
  facet normal 0.0339217 0.0440476 0.998453
    outer loop
      vertex 14.338 12.7453 11.0687
      vertex 20.8838 22.9777 10.3949
      vertex 21.0541 23.2727 10.3761
    endloop
  endfacet
  facet normal 0.0294165 0.0469226 0.998465
    outer loop
      vertex 14.338 12.7453 11.0687
      vertex 21.0541 23.2727 10.3761
      vertex 13.8684 13.0397 11.0687
    endloop
  endfacet
  facet normal 0.0277597 0.0480855 0.998457
    outer loop
      vertex 13.8684 13.0397 11.0687
      vertex 21.0541 23.2727 10.3761
      vertex 18.6576 24.6562 10.3761
    endloop
  endfacet
  facet normal 0.0277641 0.0480837 0.998457
    outer loop
      vertex 13.8684 13.0397 11.0687
      vertex 18.6576 24.6562 10.3761
      vertex 13.3885 13.3168 11.0687
    endloop
  endfacet
  facet normal 0.0237147 0.049966 0.998469
    outer loop
      vertex 13.3885 13.3168 11.0687
      vertex 18.6576 24.6562 10.3761
      vertex 18.4874 24.3613 10.3949
    endloop
  endfacet
  facet normal 0.0272467 0.0483348 0.998459
    outer loop
      vertex 13.3885 13.3168 11.0687
      vertex 18.4874 24.3613 10.3949
      vertex 18.3209 24.073 10.4134
    endloop
  endfacet
  facet normal 0.0245904 0.0495534 0.998469
    outer loop
      vertex 18.3209 24.073 10.4134
      vertex 18.1581 23.7911 10.4314
      vertex 13.3885 13.3168 11.0687
    endloop
  endfacet
  facet normal 0.0247768 0.0494686 0.998468
    outer loop
      vertex 13.3885 13.3168 11.0687
      vertex 18.1581 23.7911 10.4314
      vertex 17.9991 23.5155 10.449
    endloop
  endfacet
  facet normal 0.0259282 0.0489478 0.998465
    outer loop
      vertex 13.3885 13.3168 11.0687
      vertex 17.9991 23.5155 10.449
      vertex 12.8988 13.5762 11.0687
    endloop
  endfacet
  facet normal 0.0289507 0.0473963 0.998457
    outer loop
      vertex 12.8988 13.5762 11.0687
      vertex 17.9991 23.5155 10.449
      vertex 17.8435 23.2461 10.4663
    endloop
  endfacet
  facet normal 0.0224304 0.0507307 0.99846
    outer loop
      vertex 12.8988 13.5762 11.0687
      vertex 17.8435 23.2461 10.4663
      vertex 17.6914 22.9827 10.4831
    endloop
  endfacet
  facet normal 0.025853 0.0489872 0.998465
    outer loop
      vertex 17.6914 22.9827 10.4831
      vertex 17.3974 22.4734 10.5157
      vertex 12.8988 13.5762 11.0687
    endloop
  endfacet
  facet normal 0.0258735 0.0489768 0.998465
    outer loop
      vertex 12.8988 13.5762 11.0687
      vertex 17.3974 22.4734 10.5157
      vertex 17.116 21.986 10.5469
    endloop
  endfacet
  facet normal 0.0231704 0.0503322 0.998464
    outer loop
      vertex 12.8988 13.5762 11.0687
      vertex 17.116 21.986 10.5469
      vertex 16.8463 21.519 10.5767
    endloop
  endfacet
  facet normal 0.0267194 0.0485683 0.998462
    outer loop
      vertex 16.8463 21.519 10.5767
      vertex 16.5878 21.0712 10.6054
      vertex 12.8988 13.5762 11.0687
    endloop
  endfacet
  facet normal 0.0227284 0.0505328 0.998464
    outer loop
      vertex 12.8988 13.5762 11.0687
      vertex 16.5878 21.0712 10.6054
      vertex 16.3397 20.6414 10.6328
    endloop
  endfacet
  facet normal 0.0245668 0.0496375 0.998465
    outer loop
      vertex 12.8988 13.5762 11.0687
      vertex 16.3397 20.6414 10.6328
      vertex 16.1012 20.2284 10.6592
    endloop
  endfacet
  facet normal 0.0248772 0.0494881 0.998465
    outer loop
      vertex 16.1012 20.2284 10.6592
      vertex 15.8719 19.8312 10.6846
      vertex 12.8988 13.5762 11.0687
    endloop
  endfacet
  facet normal 0.0263539 0.048786 0.998462
    outer loop
      vertex 12.8988 13.5762 11.0687
      vertex 15.8719 19.8312 10.6846
      vertex 15.6512 19.449 10.7091
    endloop
  endfacet
  facet normal 0.0244862 0.0496616 0.998466
    outer loop
      vertex 12.8988 13.5762 11.0687
      vertex 15.6512 19.449 10.7091
      vertex 15.4389 19.0812 10.7326
    endloop
  endfacet
  facet normal 0.0235221 0.0501065 0.998467
    outer loop
      vertex 15.4389 19.0812 10.7326
      vertex 15.2343 18.7269 10.7552
      vertex 12.8988 13.5762 11.0687
    endloop
  endfacet
  facet normal 0.0240899 0.049849 0.998466
    outer loop
      vertex 12.8988 13.5762 11.0687
      vertex 15.2343 18.7269 10.7552
      vertex 15.0372 18.3855 10.777
    endloop
  endfacet
  facet normal 0.025587 0.0491831 0.998462
    outer loop
      vertex 12.8988 13.5762 11.0687
      vertex 15.0372 18.3855 10.777
      vertex 14.847 18.0561 10.7981
    endloop
  endfacet
  facet normal 0.0239495 0.0498955 0.998467
    outer loop
      vertex 14.847 18.0561 10.7981
      vertex 14.6634 17.738 10.8184
      vertex 12.8988 13.5762 11.0687
    endloop
  endfacet
  facet normal 0.0235477 0.0500659 0.998468
    outer loop
      vertex 12.8988 13.5762 11.0687
      vertex 14.6634 17.738 10.8184
      vertex 14.4859 17.4306 10.838
    endloop
  endfacet
  facet normal 0.024473 0.0496847 0.998465
    outer loop
      vertex 12.8988 13.5762 11.0687
      vertex 14.4859 17.4306 10.838
      vertex 14.3143 17.1333 10.857
    endloop
  endfacet
  facet normal 0.0249552 0.0494927 0.998463
    outer loop
      vertex 14.3143 17.1333 10.857
      vertex 14.1483 16.8458 10.8754
      vertex 12.8988 13.5762 11.0687
    endloop
  endfacet
  facet normal 0.0248808 0.0495211 0.998463
    outer loop
      vertex 12.8988 13.5762 11.0687
      vertex 14.1483 16.8458 10.8754
      vertex 13.9877 16.5676 10.8932
    endloop
  endfacet
  facet normal 0.0244202 0.049689 0.998466
    outer loop
      vertex 12.8988 13.5762 11.0687
      vertex 13.9877 16.5676 10.8932
      vertex 13.8322 16.2984 10.9104
    endloop
  endfacet
  facet normal 0.0235265 0.0499958 0.998472
    outer loop
      vertex 13.8322 16.2984 10.9104
      vertex 13.6817 16.0377 10.927
      vertex 12.8988 13.5762 11.0687
    endloop
  endfacet
  facet normal 0.0236631 0.0499523 0.998471
    outer loop
      vertex 12.8988 13.5762 11.0687
      vertex 13.6817 16.0377 10.927
      vertex 13.5358 15.785 10.9431
    endloop
  endfacet
  facet normal 0.0249594 0.0495777 0.998458
    outer loop
      vertex 12.8988 13.5762 11.0687
      vertex 13.5358 15.785 10.9431
      vertex 13.3944 15.54 10.9588
    endloop
  endfacet
  facet normal 0.0245071 0.0496922 0.998464
    outer loop
      vertex 13.3944 15.54 10.9588
      vertex 13.2571 15.3023 10.974
      vertex 12.8988 13.5762 11.0687
    endloop
  endfacet
  facet normal 0.0240837 0.0497804 0.99847
    outer loop
      vertex 12.8988 13.5762 11.0687
      vertex 13.2571 15.3023 10.974
      vertex 13.1241 15.0718 10.9887
    endloop
  endfacet
  facet normal 0.0235651 0.0498589 0.998478
    outer loop
      vertex 12.8988 13.5762 11.0687
      vertex 13.1241 15.0718 10.9887
      vertex 12.9951 14.8484 11.0029
    endloop
  endfacet
  facet normal 0.0245451 0.0497837 0.998458
    outer loop
      vertex 12.9951 14.8484 11.0029
      vertex 12.8698 14.6314 11.0168
      vertex 12.8988 13.5762 11.0687
    endloop
  endfacet
  facet normal 0.0242119 0.049775 0.998467
    outer loop
      vertex 12.8988 13.5762 11.0687
      vertex 12.8698 14.6314 11.0168
      vertex 12.6293 14.2148 11.0434
    endloop
  endfacet
  facet normal 0.0240704 0.0497155 0.998473
    outer loop
      vertex 12.8988 13.5762 11.0687
      vertex 12.6293 14.2148 11.0434
      vertex 12.4 13.8177 11.0687
    endloop
  endfacet
  facet normal 0.63421 -0.321106 0.703327
    outer loop
      vertex 15.2283 11.7985 10.3899
      vertex 15.2828 11.893 10.3839
      vertex 15.2092 11.8278 10.4205
    endloop
  endfacet
  facet normal 0.634855 -0.322526 0.702094
    outer loop
      vertex 15.2092 11.8278 10.4205
      vertex 15.2828 11.893 10.3839
      vertex 15.3378 11.9882 10.3779
    endloop
  endfacet
  facet normal 0.633637 -0.321082 0.703853
    outer loop
      vertex 15.2092 11.8278 10.4205
      vertex 15.3378 11.9882 10.3779
      vertex 14.7964 12.4341 11.0687
    endloop
  endfacet
  facet normal 0.633588 -0.321158 0.703864
    outer loop
      vertex 14.7964 12.4341 11.0687
      vertex 15.3378 11.9882 10.3779
      vertex 15.5678 12.3865 10.3526
    endloop
  endfacet
  facet normal 0.633622 -0.32103 0.703892
    outer loop
      vertex 14.7964 12.4341 11.0687
      vertex 15.5678 12.3865 10.3526
      vertex 15.0257 12.8312 11.0434
    endloop
  endfacet
  facet normal 0.633597 -0.321068 0.703897
    outer loop
      vertex 15.0257 12.8312 11.0434
      vertex 15.5678 12.3865 10.3526
      vertex 15.8085 12.8034 10.3261
    endloop
  endfacet
  facet normal 0.633616 -0.320989 0.703915
    outer loop
      vertex 15.0257 12.8312 11.0434
      vertex 15.8085 12.8034 10.3261
      vertex 15.2663 13.2478 11.0168
    endloop
  endfacet
  facet normal 0.633703 -0.320856 0.703898
    outer loop
      vertex 15.2663 13.2478 11.0168
      vertex 15.8085 12.8034 10.3261
      vertex 15.9337 13.0204 10.3123
    endloop
  endfacet
  facet normal 0.633813 -0.320594 0.703918
    outer loop
      vertex 15.2663 13.2478 11.0168
      vertex 15.9337 13.0204 10.3123
      vertex 15.3915 13.4648 11.0029
    endloop
  endfacet
  facet normal 0.633441 -0.321165 0.703993
    outer loop
      vertex 15.3915 13.4648 11.0029
      vertex 15.9337 13.0204 10.3123
      vertex 16.0628 13.2439 10.2981
    endloop
  endfacet
  facet normal 0.633488 -0.321052 0.704002
    outer loop
      vertex 15.3915 13.4648 11.0029
      vertex 16.0628 13.2439 10.2981
      vertex 15.5205 13.6882 10.9887
    endloop
  endfacet
  facet normal 0.633415 -0.321163 0.704017
    outer loop
      vertex 15.5205 13.6882 10.9887
      vertex 16.0628 13.2439 10.2981
      vertex 16.196 13.4746 10.2835
    endloop
  endfacet
  facet normal 0.633516 -0.320918 0.704038
    outer loop
      vertex 15.5205 13.6882 10.9887
      vertex 16.196 13.4746 10.2835
      vertex 15.6536 13.9187 10.974
    endloop
  endfacet
  facet normal 0.633524 -0.320905 0.704037
    outer loop
      vertex 15.6536 13.9187 10.974
      vertex 16.196 13.4746 10.2835
      vertex 16.3336 13.7129 10.2683
    endloop
  endfacet
  facet normal 0.633608 -0.320696 0.704056
    outer loop
      vertex 15.6536 13.9187 10.974
      vertex 16.3336 13.7129 10.2683
      vertex 15.7908 14.1564 10.9588
    endloop
  endfacet
  facet normal 0.633419 -0.320986 0.704094
    outer loop
      vertex 15.7908 14.1564 10.9588
      vertex 16.3336 13.7129 10.2683
      vertex 16.4755 13.9587 10.2527
    endloop
  endfacet
  facet normal 0.633507 -0.320762 0.704117
    outer loop
      vertex 15.7908 14.1564 10.9588
      vertex 16.4755 13.9587 10.2527
      vertex 15.9323 14.4014 10.9431
    endloop
  endfacet
  facet normal 0.633329 -0.321036 0.704152
    outer loop
      vertex 15.9323 14.4014 10.9431
      vertex 16.4755 13.9587 10.2527
      vertex 16.6219 14.2122 10.2366
    endloop
  endfacet
  facet normal 0.633404 -0.320841 0.704174
    outer loop
      vertex 15.9323 14.4014 10.9431
      vertex 16.6219 14.2122 10.2366
      vertex 16.0782 14.6541 10.927
    endloop
  endfacet
  facet normal 0.63349 -0.320709 0.704157
    outer loop
      vertex 16.0782 14.6541 10.927
      vertex 16.6219 14.2122 10.2366
      vertex 16.7729 14.4738 10.2199
    endloop
  endfacet
  facet normal 0.633439 -0.320843 0.704141
    outer loop
      vertex 16.0782 14.6541 10.927
      vertex 16.7729 14.4738 10.2199
      vertex 16.2287 14.9148 10.9104
    endloop
  endfacet
  facet normal 0.633471 -0.320793 0.704135
    outer loop
      vertex 16.2287 14.9148 10.9104
      vertex 16.7729 14.4738 10.2199
      vertex 16.9289 14.7441 10.2027
    endloop
  endfacet
  facet normal 0.633502 -0.320709 0.704145
    outer loop
      vertex 16.2287 14.9148 10.9104
      vertex 16.9289 14.7441 10.2027
      vertex 16.3841 15.184 10.8932
    endloop
  endfacet
  facet normal 0.633375 -0.320906 0.70417
    outer loop
      vertex 16.3841 15.184 10.8932
      vertex 16.9289 14.7441 10.2027
      vertex 17.0902 15.0234 10.1849
    endloop
  endfacet
  facet normal 0.633472 -0.320636 0.704206
    outer loop
      vertex 16.3841 15.184 10.8932
      vertex 17.0902 15.0234 10.1849
      vertex 16.5447 15.4622 10.8754
    endloop
  endfacet
  facet normal 0.633237 -0.321 0.704251
    outer loop
      vertex 16.5447 15.4622 10.8754
      vertex 17.0902 15.0234 10.1849
      vertex 17.2569 15.3121 10.1666
    endloop
  endfacet
  facet normal 0.633368 -0.320626 0.704304
    outer loop
      vertex 16.5447 15.4622 10.8754
      vertex 17.2569 15.3121 10.1666
      vertex 16.7107 15.7497 10.857
    endloop
  endfacet
  facet normal 0.633366 -0.32063 0.704304
    outer loop
      vertex 16.7107 15.7497 10.857
      vertex 17.2569 15.3121 10.1666
      vertex 17.4293 15.6107 10.1475
    endloop
  endfacet
  facet normal 0.633323 -0.320754 0.704286
    outer loop
      vertex 16.7107 15.7497 10.857
      vertex 17.4293 15.6107 10.1475
      vertex 16.8824 16.047 10.838
    endloop
  endfacet
  facet normal 0.633221 -0.320913 0.704305
    outer loop
      vertex 16.8824 16.047 10.838
      vertex 17.4293 15.6107 10.1475
      vertex 17.6077 15.9197 10.1279
    endloop
  endfacet
  facet normal 0.633272 -0.320758 0.70433
    outer loop
      vertex 16.8824 16.047 10.838
      vertex 17.6077 15.9197 10.1279
      vertex 17.0599 16.3544 10.8184
    endloop
  endfacet
  facet normal 0.63329 -0.320729 0.704327
    outer loop
      vertex 17.0599 16.3544 10.8184
      vertex 17.6077 15.9197 10.1279
      vertex 17.7923 16.2394 10.1075
    endloop
  endfacet
  facet normal 0.633333 -0.320596 0.704349
    outer loop
      vertex 17.0599 16.3544 10.8184
      vertex 17.7923 16.2394 10.1075
      vertex 17.2435 16.6725 10.7981
    endloop
  endfacet
  facet normal 0.633352 -0.320567 0.704345
    outer loop
      vertex 17.2435 16.6725 10.7981
      vertex 17.7923 16.2394 10.1075
      vertex 17.9834 16.5706 10.0864
    endloop
  endfacet
  facet normal 0.633346 -0.320585 0.704342
    outer loop
      vertex 17.2435 16.6725 10.7981
      vertex 17.9834 16.5706 10.0864
      vertex 17.4337 17.0019 10.777
    endloop
  endfacet
  facet normal 0.633197 -0.320819 0.70437
    outer loop
      vertex 17.4337 17.0019 10.777
      vertex 17.9834 16.5706 10.0864
      vertex 18.1817 16.9139 10.0645
    endloop
  endfacet
  facet normal 0.633257 -0.320618 0.704408
    outer loop
      vertex 17.4337 17.0019 10.777
      vertex 18.1817 16.9139 10.0645
      vertex 17.6308 17.3433 10.7552
    endloop
  endfacet
  facet normal 0.633253 -0.320623 0.704408
    outer loop
      vertex 17.6308 17.3433 10.7552
      vertex 18.1817 16.9139 10.0645
      vertex 18.3874 17.2703 10.0418
    endloop
  endfacet
  facet normal 0.633265 -0.320584 0.704416
    outer loop
      vertex 17.6308 17.3433 10.7552
      vertex 18.3874 17.2703 10.0418
      vertex 17.8353 17.6976 10.7326
    endloop
  endfacet
  facet normal 0.633194 -0.320695 0.704429
    outer loop
      vertex 17.8353 17.6976 10.7326
      vertex 18.3874 17.2703 10.0418
      vertex 18.6011 17.6404 10.0182
    endloop
  endfacet
  facet normal 0.633204 -0.320659 0.704436
    outer loop
      vertex 17.8353 17.6976 10.7326
      vertex 18.6011 17.6404 10.0182
      vertex 18.0477 18.0654 10.7091
    endloop
  endfacet
  facet normal 0.633207 -0.320654 0.704436
    outer loop
      vertex 18.0477 18.0654 10.7091
      vertex 18.6011 17.6404 10.0182
      vertex 18.8232 18.0251 9.99367
    endloop
  endfacet
  facet normal 0.633283 -0.320361 0.704501
    outer loop
      vertex 18.0477 18.0654 10.7091
      vertex 18.8232 18.0251 9.99367
      vertex 18.2683 18.4476 10.6846
    endloop
  endfacet
  facet normal 0.633086 -0.320675 0.704535
    outer loop
      vertex 18.2683 18.4476 10.6846
      vertex 18.8232 18.0251 9.99367
      vertex 19.0542 18.4251 9.96816
    endloop
  endfacet
  facet normal 0.633106 -0.320591 0.704555
    outer loop
      vertex 18.2683 18.4476 10.6846
      vertex 19.0542 18.4251 9.96816
      vertex 18.4977 18.8448 10.6592
    endloop
  endfacet
  facet normal 0.633133 -0.320548 0.70455
    outer loop
      vertex 18.4977 18.8448 10.6592
      vertex 19.0542 18.4251 9.96816
      vertex 19.2944 18.8412 9.94162
    endloop
  endfacet
  facet normal 0.633157 -0.320445 0.704576
    outer loop
      vertex 18.4977 18.8448 10.6592
      vertex 19.2944 18.8412 9.94162
      vertex 18.7361 19.2578 10.6328
    endloop
  endfacet
  facet normal 0.633052 -0.320615 0.704593
    outer loop
      vertex 18.7361 19.2578 10.6328
      vertex 19.2944 18.8412 9.94162
      vertex 19.5445 19.2743 9.91399
    endloop
  endfacet
  facet normal 0.633044 -0.320651 0.704584
    outer loop
      vertex 18.7361 19.2578 10.6328
      vertex 19.5445 19.2743 9.91399
      vertex 18.9843 19.6876 10.6054
    endloop
  endfacet
  facet normal 0.633146 -0.320486 0.704567
    outer loop
      vertex 18.9843 19.6876 10.6054
      vertex 19.5445 19.2743 9.91399
      vertex 19.8051 19.7258 9.88518
    endloop
  endfacet
  facet normal 0.633172 -0.32035 0.704605
    outer loop
      vertex 18.9843 19.6876 10.6054
      vertex 19.8051 19.7258 9.88518
      vertex 19.2428 20.1354 10.5767
    endloop
  endfacet
  facet normal 0.633076 -0.320508 0.70462
    outer loop
      vertex 19.2428 20.1354 10.5767
      vertex 19.8051 19.7258 9.88518
      vertex 20.077 20.1968 9.85513
    endloop
  endfacet
  facet normal 0.633075 -0.320513 0.704619
    outer loop
      vertex 19.2428 20.1354 10.5767
      vertex 20.077 20.1968 9.85513
      vertex 19.5124 20.6024 10.5469
    endloop
  endfacet
  facet normal 0.633003 -0.320631 0.70463
    outer loop
      vertex 19.5124 20.6024 10.5469
      vertex 20.077 20.1968 9.85513
      vertex 20.361 20.6885 9.82374
    endloop
  endfacet
  facet normal 0.633044 -0.320377 0.704708
    outer loop
      vertex 19.5124 20.6024 10.5469
      vertex 20.361 20.6885 9.82374
      vertex 19.7938 21.0898 10.5157
    endloop
  endfacet
  facet normal 0.633061 -0.320349 0.704706
    outer loop
      vertex 19.7938 21.0898 10.5157
      vertex 20.361 20.6885 9.82374
      vertex 20.5077 20.9427 9.80751
    endloop
  endfacet
  facet normal 0.633029 -0.320441 0.704693
    outer loop
      vertex 19.7938 21.0898 10.5157
      vertex 20.5077 20.9427 9.80751
      vertex 20.0879 21.5991 10.4831
    endloop
  endfacet
  facet normal 0.633017 -0.320454 0.704697
    outer loop
      vertex 20.0879 21.5991 10.4831
      vertex 20.5077 20.9427 9.80751
      vertex 20.6578 21.2027 9.79091
    endloop
  endfacet
  facet normal 0.632976 -0.320523 0.704703
    outer loop
      vertex 20.0879 21.5991 10.4831
      vertex 20.6578 21.2027 9.79091
      vertex 20.8114 21.4687 9.77393
    endloop
  endfacet
  facet normal 0.632964 -0.320558 0.704698
    outer loop
      vertex 20.0879 21.5991 10.4831
      vertex 20.8114 21.4687 9.77393
      vertex 20.24 21.8625 10.4663
    endloop
  endfacet
  facet normal 0.633006 -0.320488 0.704692
    outer loop
      vertex 20.24 21.8625 10.4663
      vertex 20.8114 21.4687 9.77393
      vertex 20.9685 21.7408 9.75656
    endloop
  endfacet
  facet normal 0.633107 -0.320178 0.704742
    outer loop
      vertex 20.24 21.8625 10.4663
      vertex 20.9685 21.7408 9.75656
      vertex 20.3955 22.1319 10.449
    endloop
  endfacet
  facet normal 0.632993 -0.320371 0.704757
    outer loop
      vertex 20.3955 22.1319 10.449
      vertex 20.9685 21.7408 9.75656
      vertex 21.1292 22.0192 9.73878
    endloop
  endfacet
  facet normal 0.632982 -0.320406 0.704751
    outer loop
      vertex 20.3955 22.1319 10.449
      vertex 21.1292 22.0192 9.73878
      vertex 20.5546 22.4075 10.4314
    endloop
  endfacet
  facet normal 0.632898 -0.320548 0.704762
    outer loop
      vertex 20.5546 22.4075 10.4314
      vertex 21.1292 22.0192 9.73878
      vertex 21.2937 22.304 9.72059
    endloop
  endfacet
  facet normal 0.632969 -0.320318 0.704802
    outer loop
      vertex 20.5546 22.4075 10.4314
      vertex 21.2937 22.304 9.72059
      vertex 20.7173 22.6894 10.4134
    endloop
  endfacet
  facet normal 0.632921 -0.320401 0.704808
    outer loop
      vertex 20.7173 22.6894 10.4134
      vertex 21.2937 22.304 9.72059
      vertex 21.462 22.5955 9.70197
    endloop
  endfacet
  facet normal 0.632947 -0.320314 0.704824
    outer loop
      vertex 20.7173 22.6894 10.4134
      vertex 21.462 22.5955 9.70197
      vertex 20.8838 22.9777 10.3949
    endloop
  endfacet
  facet normal 0.632918 -0.320364 0.704828
    outer loop
      vertex 20.8838 22.9777 10.3949
      vertex 21.462 22.5955 9.70197
      vertex 21.3518 23.1008 10.0306
    endloop
  endfacet
  facet normal 0.632931 -0.320114 0.704929
    outer loop
      vertex 20.8838 22.9777 10.3949
      vertex 21.3518 23.1008 10.0306
      vertex 21.2029 23.1867 10.2033
    endloop
  endfacet
  facet normal 0.632751 -0.320468 0.704931
    outer loop
      vertex 21.3518 23.1008 10.0306
      vertex 21.462 22.5955 9.70197
      vertex 21.5007 23.0148 9.85785
    endloop
  endfacet
  facet normal 0.633108 -0.320394 0.704644
    outer loop
      vertex 21.5007 23.0148 9.85785
      vertex 21.462 22.5955 9.70197
      vertex 21.6341 22.8937 9.68293
    endloop
  endfacet
  facet normal 0.632877 -0.320727 0.704699
    outer loop
      vertex 21.5007 23.0148 9.85785
      vertex 21.6341 22.8937 9.68293
      vertex 21.6495 22.9289 9.68512
    endloop
  endfacet
  facet normal 0.633047 -0.32079 0.704517
    outer loop
      vertex 21.6495 22.9289 9.68512
      vertex 21.6341 22.8937 9.68293
      vertex 21.6519 22.9245 9.68096
    endloop
  endfacet
  facet normal 0.633036 -0.320538 0.704642
    outer loop
      vertex 21.2029 23.1867 10.2033
      vertex 21.0541 23.2727 10.3761
      vertex 20.8838 22.9777 10.3949
    endloop
  endfacet
  facet normal 0.633732 -0.320978 0.703816
    outer loop
      vertex 14.7964 12.4341 11.0687
      vertex 14.4803 11.81 11.0687
      vertex 15.2092 11.8278 10.4205
    endloop
  endfacet
  facet normal -0.0386709 0.709846 0.703295
    outer loop
      vertex -8.80191 2.07538 10.3899
      vertex -8.91103 2.07538 10.3839
      vertex -8.81774 2.0442 10.4205
    endloop
  endfacet
  facet normal -0.0383481 0.710297 0.702857
    outer loop
      vertex -8.81774 2.0442 10.4205
      vertex -8.91103 2.07538 10.3839
      vertex -9.021 2.07538 10.3779
    endloop
  endfacet
  facet normal -0.0387067 0.709303 0.70384
    outer loop
      vertex -8.81774 2.0442 10.4205
      vertex -9.021 2.07538 10.3779
      vertex -9.13645 1.3836 11.0687
    endloop
  endfacet
  facet normal -0.0387187 0.709304 0.703839
    outer loop
      vertex -9.13645 1.3836 11.0687
      vertex -9.021 2.07538 10.3779
      vertex -9.48091 2.07538 10.3526
    endloop
  endfacet
  facet normal -0.0388324 0.709273 0.703864
    outer loop
      vertex -9.13645 1.3836 11.0687
      vertex -9.48091 2.07538 10.3526
      vertex -9.59503 1.3836 11.0434
    endloop
  endfacet
  facet normal -0.0387483 0.709268 0.703873
    outer loop
      vertex -9.59503 1.3836 11.0434
      vertex -9.48091 2.07538 10.3526
      vertex -9.96229 2.07538 10.3261
    endloop
  endfacet
  facet normal -0.0389218 0.709218 0.703914
    outer loop
      vertex -9.59503 1.3836 11.0434
      vertex -9.96229 2.07538 10.3261
      vertex -10.0761 1.3836 11.0168
    endloop
  endfacet
  facet normal -0.0387624 0.709209 0.703931
    outer loop
      vertex -10.0761 1.3836 11.0168
      vertex -9.96229 2.07538 10.3261
      vertex -10.2129 2.07538 10.3123
    endloop
  endfacet
  facet normal -0.0390616 0.709172 0.703953
    outer loop
      vertex -10.0761 1.3836 11.0168
      vertex -10.2129 2.07538 10.3123
      vertex -10.3266 1.3836 11.0029
    endloop
  endfacet
  facet normal -0.0387317 0.709154 0.703989
    outer loop
      vertex -10.3266 1.3836 11.0029
      vertex -10.2129 2.07538 10.3123
      vertex -10.471 2.07538 10.2981
    endloop
  endfacet
  facet normal -0.0387467 0.709152 0.70399
    outer loop
      vertex -10.3266 1.3836 11.0029
      vertex -10.471 2.07538 10.2981
      vertex -10.5846 1.3836 10.9887
    endloop
  endfacet
  facet normal -0.0385974 0.709144 0.704007
    outer loop
      vertex -10.5846 1.3836 10.9887
      vertex -10.471 2.07538 10.2981
      vertex -10.7373 2.07538 10.2835
    endloop
  endfacet
  facet normal -0.0388923 0.709104 0.704031
    outer loop
      vertex -10.5846 1.3836 10.9887
      vertex -10.7373 2.07538 10.2835
      vertex -10.8507 1.3836 10.974
    endloop
  endfacet
  facet normal -0.0388714 0.709102 0.704033
    outer loop
      vertex -10.8507 1.3836 10.974
      vertex -10.7373 2.07538 10.2835
      vertex -11.0126 2.07538 10.2683
    endloop
  endfacet
  facet normal -0.0389853 0.709086 0.704043
    outer loop
      vertex -10.8507 1.3836 10.974
      vertex -11.0126 2.07538 10.2683
      vertex -11.1252 1.3836 10.9588
    endloop
  endfacet
  facet normal -0.0387018 0.709071 0.704074
    outer loop
      vertex -11.1252 1.3836 10.9588
      vertex -11.0126 2.07538 10.2683
      vertex -11.2964 2.07538 10.2527
    endloop
  endfacet
  facet normal -0.0390757 0.709015 0.70411
    outer loop
      vertex -11.1252 1.3836 10.9588
      vertex -11.2964 2.07538 10.2527
      vertex -11.4081 1.3836 10.9431
    endloop
  endfacet
  facet normal -0.0387317 0.708997 0.704147
    outer loop
      vertex -11.4081 1.3836 10.9431
      vertex -11.2964 2.07538 10.2527
      vertex -11.5891 2.07538 10.2366
    endloop
  endfacet
  facet normal -0.0388519 0.708978 0.70416
    outer loop
      vertex -11.4081 1.3836 10.9431
      vertex -11.5891 2.07538 10.2366
      vertex -11.6999 1.3836 10.927
    endloop
  endfacet
  facet normal -0.0389253 0.708982 0.704152
    outer loop
      vertex -11.6999 1.3836 10.927
      vertex -11.5891 2.07538 10.2366
      vertex -11.8912 2.07538 10.2199
    endloop
  endfacet
  facet normal -0.0388331 0.708997 0.704142
    outer loop
      vertex -11.6999 1.3836 10.927
      vertex -11.8912 2.07538 10.2199
      vertex -12.0009 1.3836 10.9104
    endloop
  endfacet
  facet normal -0.0388182 0.708996 0.704143
    outer loop
      vertex -12.0009 1.3836 10.9104
      vertex -11.8912 2.07538 10.2199
      vertex -12.2032 2.07538 10.2027
    endloop
  endfacet
  facet normal -0.0389564 0.708972 0.70416
    outer loop
      vertex -12.0009 1.3836 10.9104
      vertex -12.2032 2.07538 10.2027
      vertex -12.3118 1.3836 10.8932
    endloop
  endfacet
  facet normal -0.0388658 0.708968 0.704169
    outer loop
      vertex -12.3118 1.3836 10.8932
      vertex -12.2032 2.07538 10.2027
      vertex -12.5257 2.07538 10.1849
    endloop
  endfacet
  facet normal -0.0390242 0.708939 0.704189
    outer loop
      vertex -12.3118 1.3836 10.8932
      vertex -12.5257 2.07538 10.1849
      vertex -12.633 1.3836 10.8754
    endloop
  endfacet
  facet normal -0.0386544 0.708921 0.704228
    outer loop
      vertex -12.633 1.3836 10.8754
      vertex -12.5257 2.07538 10.1849
      vertex -12.8591 2.07538 10.1666
    endloop
  endfacet
  facet normal -0.0390323 0.708849 0.704279
    outer loop
      vertex -12.633 1.3836 10.8754
      vertex -12.8591 2.07538 10.1666
      vertex -12.965 1.3836 10.857
    endloop
  endfacet
  facet normal -0.0390133 0.708848 0.704281
    outer loop
      vertex -12.965 1.3836 10.857
      vertex -12.8591 2.07538 10.1666
      vertex -13.2039 2.07538 10.1475
    endloop
  endfacet
  facet normal -0.0389783 0.708855 0.704276
    outer loop
      vertex -12.965 1.3836 10.857
      vertex -13.2039 2.07538 10.1475
      vertex -13.3083 1.3836 10.838
    endloop
  endfacet
  facet normal -0.0386894 0.708842 0.704306
    outer loop
      vertex -13.3083 1.3836 10.838
      vertex -13.2039 2.07538 10.1475
      vertex -13.5607 2.07538 10.1279
    endloop
  endfacet
  facet normal -0.0388873 0.708801 0.704336
    outer loop
      vertex -13.3083 1.3836 10.838
      vertex -13.5607 2.07538 10.1279
      vertex -13.6633 1.3836 10.8184
    endloop
  endfacet
  facet normal -0.0389177 0.708802 0.704333
    outer loop
      vertex -13.6633 1.3836 10.8184
      vertex -13.5607 2.07538 10.1279
      vertex -13.9299 2.07538 10.1075
    endloop
  endfacet
  facet normal -0.0389273 0.7088 0.704335
    outer loop
      vertex -13.6633 1.3836 10.8184
      vertex -13.9299 2.07538 10.1075
      vertex -14.0306 1.3836 10.7981
    endloop
  endfacet
  facet normal -0.038864 0.708797 0.704341
    outer loop
      vertex -14.0306 1.3836 10.7981
      vertex -13.9299 2.07538 10.1075
      vertex -14.3123 2.07538 10.0864
    endloop
  endfacet
  facet normal -0.0390807 0.708748 0.704379
    outer loop
      vertex -14.0306 1.3836 10.7981
      vertex -14.3123 2.07538 10.0864
      vertex -14.4109 1.3836 10.777
    endloop
  endfacet
  facet normal -0.0389061 0.70874 0.704396
    outer loop
      vertex -14.4109 1.3836 10.777
      vertex -14.3123 2.07538 10.0864
      vertex -14.7088 2.07538 10.0645
    endloop
  endfacet
  facet normal -0.0389449 0.708731 0.704403
    outer loop
      vertex -14.4109 1.3836 10.777
      vertex -14.7088 2.07538 10.0645
      vertex -14.8052 1.3836 10.7552
    endloop
  endfacet
  facet normal -0.0388676 0.708727 0.704411
    outer loop
      vertex -14.8052 1.3836 10.7552
      vertex -14.7088 2.07538 10.0645
      vertex -15.1202 2.07538 10.0418
    endloop
  endfacet
  facet normal -0.0389416 0.708709 0.704426
    outer loop
      vertex -14.8052 1.3836 10.7552
      vertex -15.1202 2.07538 10.0418
      vertex -15.2142 1.38359 10.7326
    endloop
  endfacet
  facet normal -0.0388969 0.708707 0.70443
    outer loop
      vertex -15.2142 1.38359 10.7326
      vertex -15.1202 2.07538 10.0418
      vertex -15.5476 2.07538 10.0182
    endloop
  endfacet
  facet normal -0.03897 0.708688 0.704445
    outer loop
      vertex -15.2142 1.38359 10.7326
      vertex -15.5476 2.07538 10.0182
      vertex -15.639 1.38359 10.7091
    endloop
  endfacet
  facet normal -0.0389018 0.708685 0.704452
    outer loop
      vertex -15.639 1.38359 10.7091
      vertex -15.5476 2.07538 10.0182
      vertex -15.9918 2.07538 9.99367
    endloop
  endfacet
  facet normal -0.0391212 0.708624 0.704501
    outer loop
      vertex -15.639 1.38359 10.7091
      vertex -15.9918 2.07538 9.99367
      vertex -16.0802 1.38359 10.6846
    endloop
  endfacet
  facet normal -0.0389095 0.708616 0.70452
    outer loop
      vertex -16.0802 1.38359 10.6846
      vertex -15.9918 2.07538 9.99367
      vertex -16.4537 2.07538 9.96816
    endloop
  endfacet
  facet normal -0.0390134 0.708586 0.704545
    outer loop
      vertex -16.0802 1.38359 10.6846
      vertex -16.4537 2.07538 9.96816
      vertex -16.5389 1.38359 10.6592
    endloop
  endfacet
  facet normal -0.0389154 0.708583 0.704554
    outer loop
      vertex -16.5389 1.38359 10.6592
      vertex -16.4537 2.07538 9.96816
      vertex -16.9342 2.07538 9.94162
    endloop
  endfacet
  facet normal -0.0390036 0.708556 0.704576
    outer loop
      vertex -16.5389 1.38359 10.6592
      vertex -16.9342 2.07538 9.94162
      vertex -17.0158 1.38359 10.6328
    endloop
  endfacet
  facet normal -0.0389275 0.708553 0.704583
    outer loop
      vertex -17.0158 1.38359 10.6328
      vertex -16.9342 2.07538 9.94162
      vertex -17.4343 2.07538 9.91399
    endloop
  endfacet
  facet normal -0.0388986 0.708563 0.704575
    outer loop
      vertex -17.0158 1.38359 10.6328
      vertex -17.4343 2.07538 9.91399
      vertex -17.5121 1.38359 10.6054
    endloop
  endfacet
  facet normal -0.0389386 0.708564 0.704572
    outer loop
      vertex -17.5121 1.38359 10.6054
      vertex -17.4343 2.07538 9.91399
      vertex -17.9556 2.07538 9.88518
    endloop
  endfacet
  facet normal -0.0391077 0.708506 0.70462
    outer loop
      vertex -17.5121 1.38359 10.6054
      vertex -17.9556 2.07538 9.88518
      vertex -18.0292 1.38359 10.5767
    endloop
  endfacet
  facet normal -0.0389376 0.708502 0.704634
    outer loop
      vertex -18.0292 1.38359 10.5767
      vertex -17.9556 2.07538 9.88518
      vertex -18.4994 2.07538 9.85513
    endloop
  endfacet
  facet normal -0.0389432 0.7085 0.704636
    outer loop
      vertex -18.0292 1.38359 10.5767
      vertex -18.4994 2.07538 9.85513
      vertex -18.5684 1.38359 10.5469
    endloop
  endfacet
  facet normal -0.0389479 0.7085 0.704635
    outer loop
      vertex -18.5684 1.38359 10.5469
      vertex -18.4994 2.07538 9.85513
      vertex -19.0673 2.07538 9.82374
    endloop
  endfacet
  facet normal -0.0390651 0.708455 0.704674
    outer loop
      vertex -18.5684 1.38359 10.5469
      vertex -19.0673 2.07538 9.82374
      vertex -19.1312 1.38359 10.5157
    endloop
  endfacet
  facet normal -0.0389675 0.708453 0.704681
    outer loop
      vertex -19.1312 1.38359 10.5157
      vertex -19.0673 2.07538 9.82374
      vertex -19.3608 2.07538 9.80751
    endloop
  endfacet
  facet normal -0.0390564 0.708436 0.704693
    outer loop
      vertex -19.1312 1.38359 10.5157
      vertex -19.3608 2.07538 9.80751
      vertex -19.7194 1.38359 10.4831
    endloop
  endfacet
  facet normal -0.0389685 0.708416 0.704719
    outer loop
      vertex -19.7194 1.38359 10.4831
      vertex -19.3608 2.07538 9.80751
      vertex -19.661 2.07538 9.79091
    endloop
  endfacet
  facet normal -0.0389649 0.708416 0.704719
    outer loop
      vertex -19.7194 1.38359 10.4831
      vertex -19.661 2.07538 9.79091
      vertex -19.9681 2.07538 9.77393
    endloop
  endfacet
  facet normal -0.0389319 0.708423 0.704714
    outer loop
      vertex -19.7194 1.38359 10.4831
      vertex -19.9681 2.07538 9.77393
      vertex -20.0235 1.38359 10.4663
    endloop
  endfacet
  facet normal -0.0389588 0.708423 0.704712
    outer loop
      vertex -20.0235 1.38359 10.4663
      vertex -19.9681 2.07538 9.77393
      vertex -20.2823 2.07538 9.75656
    endloop
  endfacet
  facet normal -0.0391905 0.708374 0.704749
    outer loop
      vertex -20.0235 1.38359 10.4663
      vertex -20.2823 2.07538 9.75656
      vertex -20.3346 1.38359 10.449
    endloop
  endfacet
  facet normal -0.0389757 0.708372 0.704763
    outer loop
      vertex -20.3346 1.38359 10.449
      vertex -20.2823 2.07538 9.75656
      vertex -20.6038 2.07538 9.73878
    endloop
  endfacet
  facet normal -0.0389813 0.70837 0.704764
    outer loop
      vertex -20.3346 1.38359 10.449
      vertex -20.6038 2.07538 9.73878
      vertex -20.6528 1.38359 10.4314
    endloop
  endfacet
  facet normal -0.0389774 0.70837 0.704764
    outer loop
      vertex -20.6528 1.38359 10.4314
      vertex -20.6038 2.07538 9.73878
      vertex -20.9327 2.07538 9.72059
    endloop
  endfacet
  facet normal -0.0389731 0.708371 0.704763
    outer loop
      vertex -20.6528 1.38359 10.4314
      vertex -20.9327 2.07538 9.72059
      vertex -20.9783 1.38359 10.4134
    endloop
  endfacet
  facet normal -0.038986 0.708371 0.704762
    outer loop
      vertex -20.9783 1.38359 10.4134
      vertex -20.9327 2.07538 9.72059
      vertex -21.2693 2.07538 9.70197
    endloop
  endfacet
  facet normal -0.039167 0.708329 0.704795
    outer loop
      vertex -20.9783 1.38359 10.4134
      vertex -21.2693 2.07538 9.70197
      vertex -21.3112 1.38359 10.3949
    endloop
  endfacet
  facet normal -0.0389504 0.708328 0.704808
    outer loop
      vertex -21.3112 1.38359 10.3949
      vertex -21.2693 2.07538 9.70197
      vertex -21.6518 1.72735 10.0306
    endloop
  endfacet
  facet normal -0.0391141 0.708245 0.704882
    outer loop
      vertex -21.3112 1.38359 10.3949
      vertex -21.6518 1.72735 10.0306
      vertex -21.6518 1.55547 10.2033
    endloop
  endfacet
  facet normal -0.0389918 0.70835 0.704783
    outer loop
      vertex -21.6518 1.72735 10.0306
      vertex -21.2693 2.07538 9.70197
      vertex -21.6518 1.89923 9.85785
    endloop
  endfacet
  facet normal -0.038976 0.708333 0.704802
    outer loop
      vertex -21.6518 1.89923 9.85785
      vertex -21.2693 2.07538 9.70197
      vertex -21.6136 2.07538 9.68293
    endloop
  endfacet
  facet normal -0.0387678 0.708316 0.70483
    outer loop
      vertex -21.6518 1.89923 9.85785
      vertex -21.6136 2.07538 9.68293
      vertex -21.6518 2.07111 9.68512
    endloop
  endfacet
  facet normal -0.0389447 0.709357 0.703773
    outer loop
      vertex -21.6518 2.07111 9.68512
      vertex -21.6136 2.07538 9.68293
      vertex -21.6492 2.07538 9.68096
    endloop
  endfacet
  facet normal -0.0388962 0.708455 0.704683
    outer loop
      vertex -21.6518 1.55547 10.2033
      vertex -21.6518 1.38359 10.3761
      vertex -21.3112 1.38359 10.3949
    endloop
  endfacet
  facet normal -0.0388626 0.709336 0.703798
    outer loop
      vertex -9.13645 1.3836 11.0687
      vertex -8.43793 1.42187 11.0687
      vertex -8.81774 2.0442 10.4205
    endloop
  endfacet
  facet normal 0 0 1
    outer loop
      vertex 14.9709 -11.4427 11.0687
      vertex 13.0419 -8.55622 11.0687
      vertex 14.4803 -11.81 11.0687
    endloop
  endfacet
  facet normal 0 0 1
    outer loop
      vertex 14.4803 -11.81 11.0687
      vertex 13.0419 -8.55622 11.0687
      vertex 12.6136 -8.89047 11.0687
    endloop
  endfacet
  facet normal 0 0 1
    outer loop
      vertex 14.4803 -11.81 11.0687
      vertex 12.6136 -8.89047 11.0687
      vertex 12.1694 -9.20329 11.0687
    endloop
  endfacet
  facet normal 0 -0 1
    outer loop
      vertex 14.9709 -11.4427 11.0687
      vertex 15.4455 -11.055 11.0687
      vertex 13.0419 -8.55622 11.0687
    endloop
  endfacet
  facet normal -0 0 1
    outer loop
      vertex 13.0419 -8.55622 11.0687
      vertex 15.4455 -11.055 11.0687
      vertex 13.4533 -8.20137 11.0687
    endloop
  endfacet
  facet normal 0 0 1
    outer loop
      vertex 13.4533 -8.20137 11.0687
      vertex 15.4455 -11.055 11.0687
      vertex 15.9033 -10.6477 11.0687
    endloop
  endfacet
  facet normal -0 0 1
    outer loop
      vertex 13.4533 -8.20137 11.0687
      vertex 15.9033 -10.6477 11.0687
      vertex 13.8467 -7.82676 11.0687
    endloop
  endfacet
  facet normal 0 0 1
    outer loop
      vertex 13.8467 -7.82676 11.0687
      vertex 15.9033 -10.6477 11.0687
      vertex 16.3436 -10.2214 11.0687
    endloop
  endfacet
  facet normal -0 0 1
    outer loop
      vertex 13.8467 -7.82676 11.0687
      vertex 16.3436 -10.2214 11.0687
      vertex 14.2214 -7.43329 11.0687
    endloop
  endfacet
  facet normal 0 0 1
    outer loop
      vertex 14.2214 -7.43329 11.0687
      vertex 16.3436 -10.2214 11.0687
      vertex 16.7654 -9.77695 11.0687
    endloop
  endfacet
  facet normal -0 0 1
    outer loop
      vertex 14.2214 -7.43329 11.0687
      vertex 16.7654 -9.77695 11.0687
      vertex 14.5762 -7.02191 11.0687
    endloop
  endfacet
  facet normal 0 0 1
    outer loop
      vertex 14.5762 -7.02191 11.0687
      vertex 16.7654 -9.77695 11.0687
      vertex 17.1682 -9.31509 11.0687
    endloop
  endfacet
  facet normal -0 0 1
    outer loop
      vertex 14.5762 -7.02191 11.0687
      vertex 17.1682 -9.31509 11.0687
      vertex 14.9105 -6.59362 11.0687
    endloop
  endfacet
  facet normal 0 0 1
    outer loop
      vertex 14.9105 -6.59362 11.0687
      vertex 17.1682 -9.31509 11.0687
      vertex 17.5511 -8.83665 11.0687
    endloop
  endfacet
  facet normal -0 0 1
    outer loop
      vertex 14.9105 -6.59362 11.0687
      vertex 17.5511 -8.83665 11.0687
      vertex 15.2233 -6.14944 11.0687
    endloop
  endfacet
  facet normal 0 0 1
    outer loop
      vertex 15.2233 -6.14944 11.0687
      vertex 17.5511 -8.83665 11.0687
      vertex 17.9135 -8.34249 11.0687
    endloop
  endfacet
  facet normal 0 0 1
    outer loop
      vertex 15.2233 -6.14944 11.0687
      vertex 17.9135 -8.34249 11.0687
      vertex 18.2548 -7.83349 11.0687
    endloop
  endfacet
  facet normal -0 0 1
    outer loop
      vertex 15.2233 -6.14944 11.0687
      vertex 18.2548 -7.83349 11.0687
      vertex 15.5139 -5.69045 11.0687
    endloop
  endfacet
  facet normal 0 0 1
    outer loop
      vertex 15.5139 -5.69045 11.0687
      vertex 18.2548 -7.83349 11.0687
      vertex 18.5742 -7.31054 11.0687
    endloop
  endfacet
  facet normal -0 0 1
    outer loop
      vertex 15.5139 -5.69045 11.0687
      vertex 18.5742 -7.31054 11.0687
      vertex 15.7817 -5.21775 11.0687
    endloop
  endfacet
  facet normal 0 0 1
    outer loop
      vertex 15.7817 -5.21775 11.0687
      vertex 18.5742 -7.31054 11.0687
      vertex 18.8714 -6.77459 11.0687
    endloop
  endfacet
  facet normal -0 0 1
    outer loop
      vertex 15.7817 -5.21775 11.0687
      vertex 18.8714 -6.77459 11.0687
      vertex 16.026 -4.73248 11.0687
    endloop
  endfacet
  facet normal 0 0 1
    outer loop
      vertex 16.026 -4.73248 11.0687
      vertex 18.8714 -6.77459 11.0687
      vertex 19.1456 -6.22659 11.0687
    endloop
  endfacet
  facet normal -0 0 1
    outer loop
      vertex 16.026 -4.73248 11.0687
      vertex 19.1456 -6.22659 11.0687
      vertex 16.2461 -4.23581 11.0687
    endloop
  endfacet
  facet normal 0 0 1
    outer loop
      vertex 16.2461 -4.23581 11.0687
      vertex 19.1456 -6.22659 11.0687
      vertex 19.3966 -5.6675 11.0687
    endloop
  endfacet
  facet normal -0 0 1
    outer loop
      vertex 16.2461 -4.23581 11.0687
      vertex 19.3966 -5.6675 11.0687
      vertex 16.4417 -3.72893 11.0687
    endloop
  endfacet
  facet normal 0 0 1
    outer loop
      vertex 16.4417 -3.72893 11.0687
      vertex 19.3966 -5.6675 11.0687
      vertex 19.6237 -5.09834 11.0687
    endloop
  endfacet
  facet normal 0 0 1
    outer loop
      vertex 16.4417 -3.72893 11.0687
      vertex 19.6237 -5.09834 11.0687
      vertex 19.8266 -4.5201 11.0687
    endloop
  endfacet
  facet normal -0 0 1
    outer loop
      vertex 16.4417 -3.72893 11.0687
      vertex 19.8266 -4.5201 11.0687
      vertex 16.6121 -3.21307 11.0687
    endloop
  endfacet
  facet normal 0 0 1
    outer loop
      vertex 16.6121 -3.21307 11.0687
      vertex 19.8266 -4.5201 11.0687
      vertex 20.0049 -3.93381 11.0687
    endloop
  endfacet
  facet normal -0 0 1
    outer loop
      vertex 16.6121 -3.21307 11.0687
      vertex 20.0049 -3.93381 11.0687
      vertex 16.757 -2.68948 11.0687
    endloop
  endfacet
  facet normal 0 0 1
    outer loop
      vertex 16.757 -2.68948 11.0687
      vertex 20.0049 -3.93381 11.0687
      vertex 20.1584 -3.34053 11.0687
    endloop
  endfacet
  facet normal -0 0 1
    outer loop
      vertex 16.757 -2.68948 11.0687
      vertex 20.1584 -3.34053 11.0687
      vertex 16.876 -2.1594 11.0687
    endloop
  endfacet
  facet normal 0 0 1
    outer loop
      vertex 16.876 -2.1594 11.0687
      vertex 20.1584 -3.34053 11.0687
      vertex 20.2867 -2.7413 11.0687
    endloop
  endfacet
  facet normal -0 0 1
    outer loop
      vertex 16.876 -2.1594 11.0687
      vertex 20.2867 -2.7413 11.0687
      vertex 16.9689 -1.62412 11.0687
    endloop
  endfacet
  facet normal 0 0 1
    outer loop
      vertex 16.9689 -1.62412 11.0687
      vertex 20.2867 -2.7413 11.0687
      vertex 20.3896 -2.1372 11.0687
    endloop
  endfacet
  facet normal -0 0 1
    outer loop
      vertex 16.9689 -1.62412 11.0687
      vertex 20.3896 -2.1372 11.0687
      vertex 17.0354 -1.08492 11.0687
    endloop
  endfacet
  facet normal 0 0 1
    outer loop
      vertex 17.0354 -1.08492 11.0687
      vertex 20.3896 -2.1372 11.0687
      vertex 20.4669 -1.52929 11.0687
    endloop
  endfacet
  facet normal -0 0 1
    outer loop
      vertex 17.0354 -1.08492 11.0687
      vertex 20.4669 -1.52929 11.0687
      vertex 20.5186 -0.918666 11.0687
    endloop
  endfacet
  facet normal 0 0 1
    outer loop
      vertex 17.0354 -1.08492 11.0687
      vertex 20.5186 -0.918666 11.0687
      vertex 17.0754 -0.543116 11.0687
    endloop
  endfacet
  facet normal -0 0 1
    outer loop
      vertex 17.0754 -0.543116 11.0687
      vertex 20.5186 -0.918666 11.0687
      vertex 20.5444 -0.306404 11.0687
    endloop
  endfacet
  facet normal 0 0 1
    outer loop
      vertex 17.0754 -0.543116 11.0687
      vertex 20.5444 -0.306404 11.0687
      vertex 17.0887 1.35553e-15 11.0687
    endloop
  endfacet
  facet normal -0 0 1
    outer loop
      vertex 17.0887 1.35553e-15 11.0687
      vertex 20.5444 -0.306404 11.0687
      vertex 20.5444 0.306404 11.0687
    endloop
  endfacet
  facet normal 0 -0 1
    outer loop
      vertex 17.0887 1.35553e-15 11.0687
      vertex 20.5444 0.306404 11.0687
      vertex 17.0754 0.543116 11.0687
    endloop
  endfacet
  facet normal -0 0 1
    outer loop
      vertex 17.0754 0.543116 11.0687
      vertex 20.5444 0.306404 11.0687
      vertex 20.5186 0.918666 11.0687
    endloop
  endfacet
  facet normal 0 -0 1
    outer loop
      vertex 17.0754 0.543116 11.0687
      vertex 20.5186 0.918666 11.0687
      vertex 17.0354 1.08492 11.0687
    endloop
  endfacet
  facet normal -0 0 1
    outer loop
      vertex 17.0354 1.08492 11.0687
      vertex 20.5186 0.918666 11.0687
      vertex 20.4669 1.52929 11.0687
    endloop
  endfacet
  facet normal 0 0 1
    outer loop
      vertex 17.0354 1.08492 11.0687
      vertex 20.4669 1.52929 11.0687
      vertex 20.3896 2.1372 11.0687
    endloop
  endfacet
  facet normal 0 -0 1
    outer loop
      vertex 17.0354 1.08492 11.0687
      vertex 20.3896 2.1372 11.0687
      vertex 16.9689 1.62412 11.0687
    endloop
  endfacet
  facet normal 0 0 1
    outer loop
      vertex 16.9689 1.62412 11.0687
      vertex 20.3896 2.1372 11.0687
      vertex 20.2867 2.7413 11.0687
    endloop
  endfacet
  facet normal 0 -0 1
    outer loop
      vertex 16.9689 1.62412 11.0687
      vertex 20.2867 2.7413 11.0687
      vertex 16.876 2.1594 11.0687
    endloop
  endfacet
  facet normal 0 0 1
    outer loop
      vertex 16.876 2.1594 11.0687
      vertex 20.2867 2.7413 11.0687
      vertex 20.1584 3.34053 11.0687
    endloop
  endfacet
  facet normal 0 -0 1
    outer loop
      vertex 16.876 2.1594 11.0687
      vertex 20.1584 3.34053 11.0687
      vertex 16.757 2.68948 11.0687
    endloop
  endfacet
  facet normal 0 0 1
    outer loop
      vertex 16.757 2.68948 11.0687
      vertex 20.1584 3.34053 11.0687
      vertex 20.0049 3.93381 11.0687
    endloop
  endfacet
  facet normal 0 -0 1
    outer loop
      vertex 16.757 2.68948 11.0687
      vertex 20.0049 3.93381 11.0687
      vertex 16.6121 3.21307 11.0687
    endloop
  endfacet
  facet normal 0 0 1
    outer loop
      vertex 16.6121 3.21307 11.0687
      vertex 20.0049 3.93381 11.0687
      vertex 19.8266 4.5201 11.0687
    endloop
  endfacet
  facet normal 0 -0 1
    outer loop
      vertex 16.6121 3.21307 11.0687
      vertex 19.8266 4.5201 11.0687
      vertex 16.4417 3.72893 11.0687
    endloop
  endfacet
  facet normal 0 0 1
    outer loop
      vertex 16.4417 3.72893 11.0687
      vertex 19.8266 4.5201 11.0687
      vertex 19.6237 5.09834 11.0687
    endloop
  endfacet
  facet normal 0 0 1
    outer loop
      vertex 16.4417 3.72893 11.0687
      vertex 19.6237 5.09834 11.0687
      vertex 19.3966 5.6675 11.0687
    endloop
  endfacet
  facet normal 0 -0 1
    outer loop
      vertex 16.4417 3.72893 11.0687
      vertex 19.3966 5.6675 11.0687
      vertex 16.2461 4.23581 11.0687
    endloop
  endfacet
  facet normal 0 0 1
    outer loop
      vertex 16.2461 4.23581 11.0687
      vertex 19.3966 5.6675 11.0687
      vertex 19.1456 6.22659 11.0687
    endloop
  endfacet
  facet normal 0 -0 1
    outer loop
      vertex 16.2461 4.23581 11.0687
      vertex 19.1456 6.22659 11.0687
      vertex 16.026 4.73248 11.0687
    endloop
  endfacet
  facet normal 0 0 1
    outer loop
      vertex 16.026 4.73248 11.0687
      vertex 19.1456 6.22659 11.0687
      vertex 18.8714 6.77459 11.0687
    endloop
  endfacet
  facet normal 0 -0 1
    outer loop
      vertex 16.026 4.73248 11.0687
      vertex 18.8714 6.77459 11.0687
      vertex 15.7817 5.21775 11.0687
    endloop
  endfacet
  facet normal 0 0 1
    outer loop
      vertex 15.7817 5.21775 11.0687
      vertex 18.8714 6.77459 11.0687
      vertex 18.5742 7.31054 11.0687
    endloop
  endfacet
  facet normal 0 -0 1
    outer loop
      vertex 15.7817 5.21775 11.0687
      vertex 18.5742 7.31054 11.0687
      vertex 15.5139 5.69045 11.0687
    endloop
  endfacet
  facet normal 0 0 1
    outer loop
      vertex 15.5139 5.69045 11.0687
      vertex 18.5742 7.31054 11.0687
      vertex 18.2548 7.83349 11.0687
    endloop
  endfacet
  facet normal 0 -0 1
    outer loop
      vertex 15.5139 5.69045 11.0687
      vertex 18.2548 7.83349 11.0687
      vertex 15.2233 6.14944 11.0687
    endloop
  endfacet
  facet normal 0 0 1
    outer loop
      vertex 15.2233 6.14944 11.0687
      vertex 18.2548 7.83349 11.0687
      vertex 17.9135 8.34249 11.0687
    endloop
  endfacet
  facet normal 0 0 1
    outer loop
      vertex 15.2233 6.14944 11.0687
      vertex 17.9135 8.34249 11.0687
      vertex 17.5511 8.83665 11.0687
    endloop
  endfacet
  facet normal 0 -0 1
    outer loop
      vertex 15.2233 6.14944 11.0687
      vertex 17.5511 8.83665 11.0687
      vertex 14.9105 6.59362 11.0687
    endloop
  endfacet
  facet normal 0 0 1
    outer loop
      vertex 14.9105 6.59362 11.0687
      vertex 17.5511 8.83665 11.0687
      vertex 17.1682 9.31509 11.0687
    endloop
  endfacet
  facet normal 0 -0 1
    outer loop
      vertex 14.9105 6.59362 11.0687
      vertex 17.1682 9.31509 11.0687
      vertex 14.5762 7.02191 11.0687
    endloop
  endfacet
  facet normal 0 0 1
    outer loop
      vertex 14.5762 7.02191 11.0687
      vertex 17.1682 9.31509 11.0687
      vertex 16.7654 9.77695 11.0687
    endloop
  endfacet
  facet normal 0 -0 1
    outer loop
      vertex 14.5762 7.02191 11.0687
      vertex 16.7654 9.77695 11.0687
      vertex 14.2214 7.43329 11.0687
    endloop
  endfacet
  facet normal 0 0 1
    outer loop
      vertex 14.2214 7.43329 11.0687
      vertex 16.7654 9.77695 11.0687
      vertex 16.3436 10.2214 11.0687
    endloop
  endfacet
  facet normal 0 -0 1
    outer loop
      vertex 14.2214 7.43329 11.0687
      vertex 16.3436 10.2214 11.0687
      vertex 13.8467 7.82676 11.0687
    endloop
  endfacet
  facet normal 0 0 1
    outer loop
      vertex 13.8467 7.82676 11.0687
      vertex 16.3436 10.2214 11.0687
      vertex 15.9033 10.6477 11.0687
    endloop
  endfacet
  facet normal 0 -0 1
    outer loop
      vertex 13.8467 7.82676 11.0687
      vertex 15.9033 10.6477 11.0687
      vertex 13.4533 8.20137 11.0687
    endloop
  endfacet
  facet normal 0 0 1
    outer loop
      vertex 13.4533 8.20137 11.0687
      vertex 15.9033 10.6477 11.0687
      vertex 15.4455 11.055 11.0687
    endloop
  endfacet
  facet normal 0 -0 1
    outer loop
      vertex 13.4533 8.20137 11.0687
      vertex 15.4455 11.055 11.0687
      vertex 13.0419 8.55622 11.0687
    endloop
  endfacet
  facet normal 0 0 1
    outer loop
      vertex 13.0419 8.55622 11.0687
      vertex 15.4455 11.055 11.0687
      vertex 14.9709 11.4427 11.0687
    endloop
  endfacet
  facet normal 0 0 1
    outer loop
      vertex 13.0419 8.55622 11.0687
      vertex 14.9709 11.4427 11.0687
      vertex 14.4803 11.81 11.0687
    endloop
  endfacet
  facet normal 0 0 1
    outer loop
      vertex 14.7964 12.4341 11.0687
      vertex 14.338 12.7453 11.0687
      vertex 14.4803 11.81 11.0687
    endloop
  endfacet
  facet normal 0 0 1
    outer loop
      vertex 14.4803 11.81 11.0687
      vertex 14.338 12.7453 11.0687
      vertex 13.8684 13.0397 11.0687
    endloop
  endfacet
  facet normal 0 0 1
    outer loop
      vertex 14.4803 11.81 11.0687
      vertex 13.8684 13.0397 11.0687
      vertex 13.3885 13.3168 11.0687
    endloop
  endfacet
  facet normal 0 0 1
    outer loop
      vertex 12.8988 13.5762 11.0687
      vertex 12.0176 13.2319 11.0687
      vertex 13.3885 13.3168 11.0687
    endloop
  endfacet
  facet normal 0 0 1
    outer loop
      vertex 13.3885 13.3168 11.0687
      vertex 12.0176 13.2319 11.0687
      vertex 11.7104 9.49394 11.0687
    endloop
  endfacet
  facet normal 0 0 1
    outer loop
      vertex 13.3885 13.3168 11.0687
      vertex 11.7104 9.49394 11.0687
      vertex 14.4803 11.81 11.0687
    endloop
  endfacet
  facet normal 0 0 1
    outer loop
      vertex 14.4803 11.81 11.0687
      vertex 11.7104 9.49394 11.0687
      vertex 12.1694 9.20329 11.0687
    endloop
  endfacet
  facet normal 0 0 1
    outer loop
      vertex 14.4803 11.81 11.0687
      vertex 12.1694 9.20329 11.0687
      vertex 12.6136 8.89047 11.0687
    endloop
  endfacet
  facet normal 0 0 1
    outer loop
      vertex 12.8988 13.5762 11.0687
      vertex 12.4 13.8177 11.0687
      vertex 12.0176 13.2319 11.0687
    endloop
  endfacet
  facet normal 0 0 1
    outer loop
      vertex 11.4542 13.473 11.0687
      vertex 10.7525 10.006 11.0687
      vertex 12.0176 13.2319 11.0687
    endloop
  endfacet
  facet normal 0 0 1
    outer loop
      vertex 12.0176 13.2319 11.0687
      vertex 10.7525 10.006 11.0687
      vertex 11.2377 9.76173 11.0687
    endloop
  endfacet
  facet normal 0 0 1
    outer loop
      vertex 12.0176 13.2319 11.0687
      vertex 11.2377 9.76173 11.0687
      vertex 11.7104 9.49394 11.0687
    endloop
  endfacet
  facet normal 0 -0 1
    outer loop
      vertex 10.7525 10.006 11.0687
      vertex 11.4542 13.473 11.0687
      vertex 10.2558 10.2261 11.0687
    endloop
  endfacet
  facet normal 0 0 1
    outer loop
      vertex 10.2558 10.2261 11.0687
      vertex 11.4542 13.473 11.0687
      vertex 10.8812 13.6902 11.0687
    endloop
  endfacet
  facet normal 0 -0 1
    outer loop
      vertex 10.2558 10.2261 11.0687
      vertex 10.8812 13.6902 11.0687
      vertex 9.74893 10.4217 11.0687
    endloop
  endfacet
  facet normal 0 0 1
    outer loop
      vertex 9.74893 10.4217 11.0687
      vertex 10.8812 13.6902 11.0687
      vertex 10.2995 13.883 11.0687
    endloop
  endfacet
  facet normal 0 -0 1
    outer loop
      vertex 9.74893 10.4217 11.0687
      vertex 10.2995 13.883 11.0687
      vertex 9.23307 10.5921 11.0687
    endloop
  endfacet
  facet normal 0 0 1
    outer loop
      vertex 9.23307 10.5921 11.0687
      vertex 10.2995 13.883 11.0687
      vertex 9.71022 14.0512 11.0687
    endloop
  endfacet
  facet normal 0 -0 1
    outer loop
      vertex 9.23307 10.5921 11.0687
      vertex 9.71022 14.0512 11.0687
      vertex 8.70947 10.737 11.0687
    endloop
  endfacet
  facet normal 0 0 1
    outer loop
      vertex 8.70947 10.737 11.0687
      vertex 9.71022 14.0512 11.0687
      vertex 9.11436 14.1943 11.0687
    endloop
  endfacet
  facet normal 0 -0 1
    outer loop
      vertex 8.70947 10.737 11.0687
      vertex 9.11436 14.1943 11.0687
      vertex 8.17939 10.856 11.0687
    endloop
  endfacet
  facet normal 0 0 1
    outer loop
      vertex 8.17939 10.856 11.0687
      vertex 9.11436 14.1943 11.0687
      vertex 8.51299 14.3122 11.0687
    endloop
  endfacet
  facet normal 0 -0 1
    outer loop
      vertex 8.17939 10.856 11.0687
      vertex 8.51299 14.3122 11.0687
      vertex 7.64411 10.9489 11.0687
    endloop
  endfacet
  facet normal 0 0 1
    outer loop
      vertex 7.64411 10.9489 11.0687
      vertex 8.51299 14.3122 11.0687
      vertex 7.90719 14.4046 11.0687
    endloop
  endfacet
  facet normal 0 -0 1
    outer loop
      vertex 7.64411 10.9489 11.0687
      vertex 7.90719 14.4046 11.0687
      vertex 7.10491 11.0154 11.0687
    endloop
  endfacet
  facet normal 0 0 1
    outer loop
      vertex 7.10491 11.0154 11.0687
      vertex 7.90719 14.4046 11.0687
      vertex 7.29803 14.4713 11.0687
    endloop
  endfacet
  facet normal 0 -0 1
    outer loop
      vertex 7.10491 11.0154 11.0687
      vertex 7.29803 14.4713 11.0687
      vertex 6.56311 11.0554 11.0687
    endloop
  endfacet
  facet normal 0 0 1
    outer loop
      vertex 6.56311 11.0554 11.0687
      vertex 7.29803 14.4713 11.0687
      vertex 6.6866 14.5124 11.0687
    endloop
  endfacet
  facet normal 0 -0 1
    outer loop
      vertex 6.56311 11.0554 11.0687
      vertex 6.6866 14.5124 11.0687
      vertex 6.07398 14.5276 11.0687
    endloop
  endfacet
  facet normal 0 0 1
    outer loop
      vertex 6.56311 11.0554 11.0687
      vertex 6.07398 14.5276 11.0687
      vertex 6.01999 11.0687 11.0687
    endloop
  endfacet
  facet normal 0 -0 1
    outer loop
      vertex 6.01999 11.0687 11.0687
      vertex 6.07398 14.5276 11.0687
      vertex 5.46127 14.5169 11.0687
    endloop
  endfacet
  facet normal 0 0 1
    outer loop
      vertex 6.01999 11.0687 11.0687
      vertex 5.46127 14.5169 11.0687
      vertex 5.47688 11.0554 11.0687
    endloop
  endfacet
  facet normal 0 0 1
    outer loop
      vertex 5.47688 11.0554 11.0687
      vertex 5.46127 14.5169 11.0687
      vertex 4.84955 14.4804 11.0687
    endloop
  endfacet
  facet normal 0 0 1
    outer loop
      vertex 5.47688 11.0554 11.0687
      vertex 4.84955 14.4804 11.0687
      vertex 4.93507 11.0154 11.0687
    endloop
  endfacet
  facet normal 0 0 1
    outer loop
      vertex 4.93507 11.0154 11.0687
      vertex 4.84955 14.4804 11.0687
      vertex 4.23991 14.4182 11.0687
    endloop
  endfacet
  facet normal 0 0 1
    outer loop
      vertex 4.93507 11.0154 11.0687
      vertex 4.23991 14.4182 11.0687
      vertex 4.39588 10.9489 11.0687
    endloop
  endfacet
  facet normal 0 0 1
    outer loop
      vertex 4.39588 10.9489 11.0687
      vertex 4.23991 14.4182 11.0687
      vertex 3.63344 14.3303 11.0687
    endloop
  endfacet
  facet normal 0 0 1
    outer loop
      vertex 4.39588 10.9489 11.0687
      vertex 3.63344 14.3303 11.0687
      vertex 3.86059 10.856 11.0687
    endloop
  endfacet
  facet normal 0 0 1
    outer loop
      vertex 3.86059 10.856 11.0687
      vertex 3.63344 14.3303 11.0687
      vertex 3.03121 14.2169 11.0687
    endloop
  endfacet
  facet normal 0 0 1
    outer loop
      vertex 3.86059 10.856 11.0687
      vertex 3.03121 14.2169 11.0687
      vertex 3.33052 10.737 11.0687
    endloop
  endfacet
  facet normal 0 0 1
    outer loop
      vertex 3.33052 10.737 11.0687
      vertex 3.03121 14.2169 11.0687
      vertex 2.43431 14.0782 11.0687
    endloop
  endfacet
  facet normal 0 0 1
    outer loop
      vertex 3.33052 10.737 11.0687
      vertex 2.43431 14.0782 11.0687
      vertex 2.80692 10.5921 11.0687
    endloop
  endfacet
  facet normal 0 0 1
    outer loop
      vertex 2.80692 10.5921 11.0687
      vertex 2.43431 14.0782 11.0687
      vertex 1.84378 13.9145 11.0687
    endloop
  endfacet
  facet normal 0 0 1
    outer loop
      vertex 2.80692 10.5921 11.0687
      vertex 1.84378 13.9145 11.0687
      vertex 2.29106 10.4217 11.0687
    endloop
  endfacet
  facet normal 0 0 1
    outer loop
      vertex 2.29106 10.4217 11.0687
      vertex 1.84378 13.9145 11.0687
      vertex 1.26068 13.726 11.0687
    endloop
  endfacet
  facet normal 0 0 1
    outer loop
      vertex 2.29106 10.4217 11.0687
      vertex 1.26068 13.726 11.0687
      vertex 1.78418 10.2261 11.0687
    endloop
  endfacet
  facet normal 0 0 1
    outer loop
      vertex 1.78418 10.2261 11.0687
      vertex 1.26068 13.726 11.0687
      vertex 0.686057 13.513 11.0687
    endloop
  endfacet
  facet normal 0 0 1
    outer loop
      vertex 1.78418 10.2261 11.0687
      vertex 0.686057 13.513 11.0687
      vertex 0.12092 13.2761 11.0687
    endloop
  endfacet
  facet normal 0 0 1
    outer loop
      vertex 1.78418 10.2261 11.0687
      vertex 0.12092 13.2761 11.0687
      vertex 1.28751 10.006 11.0687
    endloop
  endfacet
  facet normal 0 0 1
    outer loop
      vertex 1.28751 10.006 11.0687
      vertex 0.12092 13.2761 11.0687
      vertex -0.43372 13.0155 11.0687
    endloop
  endfacet
  facet normal 0 0 1
    outer loop
      vertex 1.28751 10.006 11.0687
      vertex -0.43372 13.0155 11.0687
      vertex 0.80224 9.76173 11.0687
    endloop
  endfacet
  facet normal 0 0 1
    outer loop
      vertex 0.80224 9.76173 11.0687
      vertex -0.43372 13.0155 11.0687
      vertex -0.976877 12.7317 11.0687
    endloop
  endfacet
  facet normal 0 0 1
    outer loop
      vertex 0.80224 9.76173 11.0687
      vertex -0.976877 12.7317 11.0687
      vertex 0.32954 9.49394 11.0687
    endloop
  endfacet
  facet normal 0 0 1
    outer loop
      vertex 0.32954 9.49394 11.0687
      vertex -0.976877 12.7317 11.0687
      vertex -1.50758 12.4253 11.0687
    endloop
  endfacet
  facet normal 0 0 1
    outer loop
      vertex 0.32954 9.49394 11.0687
      vertex -1.50758 12.4253 11.0687
      vertex -0.129451 9.20329 11.0687
    endloop
  endfacet
  facet normal 0 0 1
    outer loop
      vertex -0.129451 9.20329 11.0687
      vertex -1.50758 12.4253 11.0687
      vertex -2.0249 12.0968 11.0687
    endloop
  endfacet
  facet normal 0 0 1
    outer loop
      vertex -0.129451 9.20329 11.0687
      vertex -2.0249 12.0968 11.0687
      vertex -0.573628 8.89047 11.0687
    endloop
  endfacet
  facet normal 0 0 1
    outer loop
      vertex -0.573628 8.89047 11.0687
      vertex -2.0249 12.0968 11.0687
      vertex -2.52789 11.7468 11.0687
    endloop
  endfacet
  facet normal 0 0 1
    outer loop
      vertex -0.573628 8.89047 11.0687
      vertex -2.52789 11.7468 11.0687
      vertex -1.00192 8.55622 11.0687
    endloop
  endfacet
  facet normal 0 0 1
    outer loop
      vertex -1.00192 8.55622 11.0687
      vertex -2.52789 11.7468 11.0687
      vertex -3.01568 11.3758 11.0687
    endloop
  endfacet
  facet normal 0 0 1
    outer loop
      vertex -1.00192 8.55622 11.0687
      vertex -3.01568 11.3758 11.0687
      vertex -1.4133 8.20137 11.0687
    endloop
  endfacet
  facet normal 0 0 1
    outer loop
      vertex -1.4133 8.20137 11.0687
      vertex -3.01568 11.3758 11.0687
      vertex -3.4874 10.9847 11.0687
    endloop
  endfacet
  facet normal 0 0 1
    outer loop
      vertex -1.4133 8.20137 11.0687
      vertex -3.4874 10.9847 11.0687
      vertex -3.94219 10.5739 11.0687
    endloop
  endfacet
  facet normal 0 0 1
    outer loop
      vertex -1.4133 8.20137 11.0687
      vertex -3.94219 10.5739 11.0687
      vertex -1.80676 7.82676 11.0687
    endloop
  endfacet
  facet normal 0 0 1
    outer loop
      vertex -1.80676 7.82676 11.0687
      vertex -3.94219 10.5739 11.0687
      vertex -4.37926 10.1444 11.0687
    endloop
  endfacet
  facet normal 0 0 1
    outer loop
      vertex -1.80676 7.82676 11.0687
      vertex -4.37926 10.1444 11.0687
      vertex -2.18138 7.43329 11.0687
    endloop
  endfacet
  facet normal 0 0 1
    outer loop
      vertex -2.18138 7.43329 11.0687
      vertex -4.37926 10.1444 11.0687
      vertex -4.79782 9.69681 11.0687
    endloop
  endfacet
  facet normal 0 0 1
    outer loop
      vertex -2.18138 7.43329 11.0687
      vertex -4.79782 9.69681 11.0687
      vertex -2.53623 7.02191 11.0687
    endloop
  endfacet
  facet normal 0 0 1
    outer loop
      vertex -2.53623 7.02191 11.0687
      vertex -4.79782 9.69681 11.0687
      vertex -5.19714 9.23197 11.0687
    endloop
  endfacet
  facet normal 0 0 1
    outer loop
      vertex -2.53623 7.02191 11.0687
      vertex -5.19714 9.23197 11.0687
      vertex -2.87047 6.59362 11.0687
    endloop
  endfacet
  facet normal 0 0 1
    outer loop
      vertex -2.87047 6.59362 11.0687
      vertex -5.19714 9.23197 11.0687
      vertex -5.5765 8.7507 11.0687
    endloop
  endfacet
  facet normal 0 0 1
    outer loop
      vertex -2.87047 6.59362 11.0687
      vertex -5.5765 8.7507 11.0687
      vertex -3.1833 6.14944 11.0687
    endloop
  endfacet
  facet normal 0 0 1
    outer loop
      vertex -3.1833 6.14944 11.0687
      vertex -5.5765 8.7507 11.0687
      vertex -5.93522 8.25386 11.0687
    endloop
  endfacet
  facet normal 0 0 1
    outer loop
      vertex -3.1833 6.14944 11.0687
      vertex -5.93522 8.25386 11.0687
      vertex -3.47395 5.69045 11.0687
    endloop
  endfacet
  facet normal 0 0 1
    outer loop
      vertex -3.47395 5.69045 11.0687
      vertex -5.93522 8.25386 11.0687
      vertex -6.27267 7.74233 11.0687
    endloop
  endfacet
  facet normal 0 0 1
    outer loop
      vertex -3.47395 5.69045 11.0687
      vertex -6.27267 7.74233 11.0687
      vertex -6.58825 7.21703 11.0687
    endloop
  endfacet
  facet normal 0 0 1
    outer loop
      vertex -3.47395 5.69045 11.0687
      vertex -6.58825 7.21703 11.0687
      vertex -3.74173 5.21775 11.0687
    endloop
  endfacet
  facet normal 0 0 1
    outer loop
      vertex -3.74173 5.21775 11.0687
      vertex -6.58825 7.21703 11.0687
      vertex -6.8814 6.67888 11.0687
    endloop
  endfacet
  facet normal 0 0 1
    outer loop
      vertex -3.74173 5.21775 11.0687
      vertex -6.8814 6.67888 11.0687
      vertex -3.986 4.73248 11.0687
    endloop
  endfacet
  facet normal 0 0 1
    outer loop
      vertex -3.986 4.73248 11.0687
      vertex -6.8814 6.67888 11.0687
      vertex -7.15159 6.12886 11.0687
    endloop
  endfacet
  facet normal 0 0 1
    outer loop
      vertex -3.986 4.73248 11.0687
      vertex -7.15159 6.12886 11.0687
      vertex -4.20616 4.23581 11.0687
    endloop
  endfacet
  facet normal 0 0 1
    outer loop
      vertex -4.20616 4.23581 11.0687
      vertex -7.15159 6.12886 11.0687
      vertex -7.39834 5.56792 11.0687
    endloop
  endfacet
  facet normal 0 0 1
    outer loop
      vertex -4.20616 4.23581 11.0687
      vertex -7.39834 5.56792 11.0687
      vertex -4.40168 3.72893 11.0687
    endloop
  endfacet
  facet normal 0 0 1
    outer loop
      vertex -4.40168 3.72893 11.0687
      vertex -7.39834 5.56792 11.0687
      vertex -7.62121 4.99708 11.0687
    endloop
  endfacet
  facet normal 0 0 1
    outer loop
      vertex -4.40168 3.72893 11.0687
      vertex -7.62121 4.99708 11.0687
      vertex -4.5721 3.21307 11.0687
    endloop
  endfacet
  facet normal 0 0 1
    outer loop
      vertex -4.5721 3.21307 11.0687
      vertex -7.62121 4.99708 11.0687
      vertex -7.81982 4.41735 11.0687
    endloop
  endfacet
  facet normal 0 0 1
    outer loop
      vertex -4.5721 3.21307 11.0687
      vertex -7.81982 4.41735 11.0687
      vertex -7.9938 3.82976 11.0687
    endloop
  endfacet
  facet normal 0 0 1
    outer loop
      vertex -4.5721 3.21307 11.0687
      vertex -7.9938 3.82976 11.0687
      vertex -4.717 2.68948 11.0687
    endloop
  endfacet
  facet normal 0 0 1
    outer loop
      vertex -4.717 2.68948 11.0687
      vertex -7.9938 3.82976 11.0687
      vertex -8.14284 3.23535 11.0687
    endloop
  endfacet
  facet normal 0 0 1
    outer loop
      vertex -4.717 2.68948 11.0687
      vertex -8.14284 3.23535 11.0687
      vertex -4.83603 2.1594 11.0687
    endloop
  endfacet
  facet normal 0 0 1
    outer loop
      vertex -4.83603 2.1594 11.0687
      vertex -8.14284 3.23535 11.0687
      vertex -8.26668 2.63519 11.0687
    endloop
  endfacet
  facet normal 0 0 1
    outer loop
      vertex -4.83603 2.1594 11.0687
      vertex -8.26668 2.63519 11.0687
      vertex -4.92891 1.62412 11.0687
    endloop
  endfacet
  facet normal 0 0 1
    outer loop
      vertex -4.92891 1.62412 11.0687
      vertex -8.26668 2.63519 11.0687
      vertex -8.36511 2.03034 11.0687
    endloop
  endfacet
  facet normal 0 0 1
    outer loop
      vertex -4.92891 1.62412 11.0687
      vertex -8.36511 2.03034 11.0687
      vertex -4.99541 1.08492 11.0687
    endloop
  endfacet
  facet normal 0 0 1
    outer loop
      vertex -4.99541 1.08492 11.0687
      vertex -8.36511 2.03034 11.0687
      vertex -8.43793 1.42187 11.0687
    endloop
  endfacet
  facet normal 0 0 1
    outer loop
      vertex -4.99541 1.08492 11.0687
      vertex -8.43793 1.42187 11.0687
      vertex -5.03538 0.543116 11.0687
    endloop
  endfacet
  facet normal 0 0 1
    outer loop
      vertex -5.03538 0.543116 11.0687
      vertex -8.43793 1.42187 11.0687
      vertex -5.04871 0 11.0687
    endloop
  endfacet
  facet normal 0 0 1
    outer loop
      vertex -5.04871 0 11.0687
      vertex -8.43793 1.42187 11.0687
      vertex -8.43793 -1.42187 11.0687
    endloop
  endfacet
  facet normal 0 0 1
    outer loop
      vertex -5.04871 0 11.0687
      vertex -8.43793 -1.42187 11.0687
      vertex -5.03538 -0.543116 11.0687
    endloop
  endfacet
  facet normal 0 0 1
    outer loop
      vertex -5.03538 -0.543116 11.0687
      vertex -8.43793 -1.42187 11.0687
      vertex -4.99541 -1.08492 11.0687
    endloop
  endfacet
  facet normal 0 0 1
    outer loop
      vertex -4.99541 -1.08492 11.0687
      vertex -8.43793 -1.42187 11.0687
      vertex -8.36511 -2.03034 11.0687
    endloop
  endfacet
  facet normal 0 0 1
    outer loop
      vertex -4.99541 -1.08492 11.0687
      vertex -8.36511 -2.03034 11.0687
      vertex -4.92891 -1.62412 11.0687
    endloop
  endfacet
  facet normal 0 0 1
    outer loop
      vertex -4.92891 -1.62412 11.0687
      vertex -8.36511 -2.03034 11.0687
      vertex -8.26668 -2.63519 11.0687
    endloop
  endfacet
  facet normal 0 0 1
    outer loop
      vertex -4.92891 -1.62412 11.0687
      vertex -8.26668 -2.63519 11.0687
      vertex -4.83603 -2.1594 11.0687
    endloop
  endfacet
  facet normal 0 0 1
    outer loop
      vertex -4.83603 -2.1594 11.0687
      vertex -8.26668 -2.63519 11.0687
      vertex -8.14284 -3.23535 11.0687
    endloop
  endfacet
  facet normal 0 0 1
    outer loop
      vertex -4.83603 -2.1594 11.0687
      vertex -8.14284 -3.23535 11.0687
      vertex -4.717 -2.68948 11.0687
    endloop
  endfacet
  facet normal 0 0 1
    outer loop
      vertex -4.717 -2.68948 11.0687
      vertex -8.14284 -3.23535 11.0687
      vertex -7.9938 -3.82976 11.0687
    endloop
  endfacet
  facet normal 0 0 1
    outer loop
      vertex -4.717 -2.68948 11.0687
      vertex -7.9938 -3.82976 11.0687
      vertex -4.5721 -3.21307 11.0687
    endloop
  endfacet
  facet normal 0 0 1
    outer loop
      vertex -4.5721 -3.21307 11.0687
      vertex -7.9938 -3.82976 11.0687
      vertex -7.81982 -4.41735 11.0687
    endloop
  endfacet
  facet normal 0 0 1
    outer loop
      vertex -4.5721 -3.21307 11.0687
      vertex -7.81982 -4.41735 11.0687
      vertex -7.62121 -4.99708 11.0687
    endloop
  endfacet
  facet normal -0 0 1
    outer loop
      vertex -9.13645 1.3836 11.0687
      vertex -9.17678 0.830895 11.0687
      vertex -8.43793 1.42187 11.0687
    endloop
  endfacet
  facet normal 0 0 1
    outer loop
      vertex -8.43793 1.42187 11.0687
      vertex -9.17678 0.830895 11.0687
      vertex -9.19695 0.277088 11.0687
    endloop
  endfacet
  facet normal 0 0 1
    outer loop
      vertex -8.43793 1.42187 11.0687
      vertex -9.19695 0.277088 11.0687
      vertex -9.19695 -0.277088 11.0687
    endloop
  endfacet
  facet normal 0 0 1
    outer loop
      vertex -8.43793 1.42187 11.0687
      vertex -9.19695 -0.277088 11.0687
      vertex -8.43793 -1.42187 11.0687
    endloop
  endfacet
  facet normal 0 0 1
    outer loop
      vertex -8.43793 -1.42187 11.0687
      vertex -9.19695 -0.277088 11.0687
      vertex -9.17678 -0.830895 11.0687
    endloop
  endfacet
  facet normal 0 0 1
    outer loop
      vertex -8.43793 -1.42187 11.0687
      vertex -9.17678 -0.830895 11.0687
      vertex -9.13645 -1.3836 11.0687
    endloop
  endfacet
  facet normal 0 0 1
    outer loop
      vertex -4.5721 -3.21307 11.0687
      vertex -7.62121 -4.99708 11.0687
      vertex -4.40168 -3.72893 11.0687
    endloop
  endfacet
  facet normal 0 0 1
    outer loop
      vertex -4.40168 -3.72893 11.0687
      vertex -7.62121 -4.99708 11.0687
      vertex -7.39834 -5.56792 11.0687
    endloop
  endfacet
  facet normal 0 0 1
    outer loop
      vertex -4.40168 -3.72893 11.0687
      vertex -7.39834 -5.56792 11.0687
      vertex -4.20616 -4.23581 11.0687
    endloop
  endfacet
  facet normal 0 0 1
    outer loop
      vertex -4.20616 -4.23581 11.0687
      vertex -7.39834 -5.56792 11.0687
      vertex -7.15159 -6.12886 11.0687
    endloop
  endfacet
  facet normal 0 0 1
    outer loop
      vertex -4.20616 -4.23581 11.0687
      vertex -7.15159 -6.12886 11.0687
      vertex -3.986 -4.73248 11.0687
    endloop
  endfacet
  facet normal 0 0 1
    outer loop
      vertex -3.986 -4.73248 11.0687
      vertex -7.15159 -6.12886 11.0687
      vertex -6.8814 -6.67888 11.0687
    endloop
  endfacet
  facet normal 0 0 1
    outer loop
      vertex -3.986 -4.73248 11.0687
      vertex -6.8814 -6.67888 11.0687
      vertex -3.74173 -5.21775 11.0687
    endloop
  endfacet
  facet normal 0 0 1
    outer loop
      vertex -3.74173 -5.21775 11.0687
      vertex -6.8814 -6.67888 11.0687
      vertex -6.58825 -7.21703 11.0687
    endloop
  endfacet
  facet normal 0 0 1
    outer loop
      vertex -3.74173 -5.21775 11.0687
      vertex -6.58825 -7.21703 11.0687
      vertex -3.47395 -5.69045 11.0687
    endloop
  endfacet
  facet normal 0 0 1
    outer loop
      vertex -3.47395 -5.69045 11.0687
      vertex -6.58825 -7.21703 11.0687
      vertex -6.27267 -7.74233 11.0687
    endloop
  endfacet
  facet normal 0 0 1
    outer loop
      vertex -3.47395 -5.69045 11.0687
      vertex -6.27267 -7.74233 11.0687
      vertex -5.93522 -8.25386 11.0687
    endloop
  endfacet
  facet normal 0 0 1
    outer loop
      vertex -3.47395 -5.69045 11.0687
      vertex -5.93522 -8.25386 11.0687
      vertex -3.1833 -6.14944 11.0687
    endloop
  endfacet
  facet normal 0 0 1
    outer loop
      vertex -3.1833 -6.14944 11.0687
      vertex -5.93522 -8.25386 11.0687
      vertex -5.5765 -8.7507 11.0687
    endloop
  endfacet
  facet normal 0 0 1
    outer loop
      vertex -3.1833 -6.14944 11.0687
      vertex -5.5765 -8.7507 11.0687
      vertex -2.87047 -6.59362 11.0687
    endloop
  endfacet
  facet normal 0 0 1
    outer loop
      vertex -2.87047 -6.59362 11.0687
      vertex -5.5765 -8.7507 11.0687
      vertex -5.19714 -9.23197 11.0687
    endloop
  endfacet
  facet normal 0 0 1
    outer loop
      vertex -2.87047 -6.59362 11.0687
      vertex -5.19714 -9.23197 11.0687
      vertex -2.53623 -7.02191 11.0687
    endloop
  endfacet
  facet normal 0 0 1
    outer loop
      vertex -2.53623 -7.02191 11.0687
      vertex -5.19714 -9.23197 11.0687
      vertex -4.79782 -9.69681 11.0687
    endloop
  endfacet
  facet normal 0 0 1
    outer loop
      vertex -2.53623 -7.02191 11.0687
      vertex -4.79782 -9.69681 11.0687
      vertex -2.18138 -7.43329 11.0687
    endloop
  endfacet
  facet normal 0 0 1
    outer loop
      vertex -2.18138 -7.43329 11.0687
      vertex -4.79782 -9.69681 11.0687
      vertex -4.37926 -10.1444 11.0687
    endloop
  endfacet
  facet normal 0 0 1
    outer loop
      vertex -2.18138 -7.43329 11.0687
      vertex -4.37926 -10.1444 11.0687
      vertex -1.80676 -7.82676 11.0687
    endloop
  endfacet
  facet normal 0 0 1
    outer loop
      vertex -1.80676 -7.82676 11.0687
      vertex -4.37926 -10.1444 11.0687
      vertex -3.94219 -10.5739 11.0687
    endloop
  endfacet
  facet normal 0 0 1
    outer loop
      vertex -1.80676 -7.82676 11.0687
      vertex -3.94219 -10.5739 11.0687
      vertex -1.4133 -8.20137 11.0687
    endloop
  endfacet
  facet normal 0 0 1
    outer loop
      vertex -1.4133 -8.20137 11.0687
      vertex -3.94219 -10.5739 11.0687
      vertex -3.4874 -10.9847 11.0687
    endloop
  endfacet
  facet normal 0 0 1
    outer loop
      vertex -1.4133 -8.20137 11.0687
      vertex -3.4874 -10.9847 11.0687
      vertex -3.01568 -11.3758 11.0687
    endloop
  endfacet
  facet normal 0 0 1
    outer loop
      vertex -1.4133 -8.20137 11.0687
      vertex -3.01568 -11.3758 11.0687
      vertex -1.00192 -8.55622 11.0687
    endloop
  endfacet
  facet normal 0 0 1
    outer loop
      vertex -1.00192 -8.55622 11.0687
      vertex -3.01568 -11.3758 11.0687
      vertex -2.52789 -11.7468 11.0687
    endloop
  endfacet
  facet normal 0 0 1
    outer loop
      vertex -1.00192 -8.55622 11.0687
      vertex -2.52789 -11.7468 11.0687
      vertex -0.573628 -8.89047 11.0687
    endloop
  endfacet
  facet normal 0 0 1
    outer loop
      vertex -0.573628 -8.89047 11.0687
      vertex -2.52789 -11.7468 11.0687
      vertex -0.129451 -9.20329 11.0687
    endloop
  endfacet
  facet normal 0 0 1
    outer loop
      vertex -0.129451 -9.20329 11.0687
      vertex -2.52789 -11.7468 11.0687
      vertex 0.32954 -9.49394 11.0687
    endloop
  endfacet
  facet normal 0 0 1
    outer loop
      vertex 0.32954 -9.49394 11.0687
      vertex -2.52789 -11.7468 11.0687
      vertex 0.80224 -9.76173 11.0687
    endloop
  endfacet
  facet normal 0 0 1
    outer loop
      vertex 0.80224 -9.76173 11.0687
      vertex -2.52789 -11.7468 11.0687
      vertex 1.28751 -10.006 11.0687
    endloop
  endfacet
  facet normal 0 0 1
    outer loop
      vertex 1.28751 -10.006 11.0687
      vertex -2.52789 -11.7468 11.0687
      vertex 1.78418 -10.2261 11.0687
    endloop
  endfacet
  facet normal 0 0 1
    outer loop
      vertex 1.78418 -10.2261 11.0687
      vertex -2.52789 -11.7468 11.0687
      vertex 2.29106 -10.4217 11.0687
    endloop
  endfacet
  facet normal 0 0 1
    outer loop
      vertex 2.29106 -10.4217 11.0687
      vertex -2.52789 -11.7468 11.0687
      vertex 2.80692 -10.5921 11.0687
    endloop
  endfacet
  facet normal 0 0 1
    outer loop
      vertex 2.80692 -10.5921 11.0687
      vertex -2.52789 -11.7468 11.0687
      vertex 3.33052 -10.737 11.0687
    endloop
  endfacet
  facet normal 0 0 1
    outer loop
      vertex 3.33052 -10.737 11.0687
      vertex -2.52789 -11.7468 11.0687
      vertex 3.86059 -10.856 11.0687
    endloop
  endfacet
  facet normal 0 0 1
    outer loop
      vertex 3.86059 -10.856 11.0687
      vertex -2.52789 -11.7468 11.0687
      vertex 4.39588 -10.9489 11.0687
    endloop
  endfacet
  facet normal 0 0 1
    outer loop
      vertex 4.39588 -10.9489 11.0687
      vertex -2.52789 -11.7468 11.0687
      vertex 4.93507 -11.0154 11.0687
    endloop
  endfacet
  facet normal 0 0 1
    outer loop
      vertex 4.93507 -11.0154 11.0687
      vertex -2.52789 -11.7468 11.0687
      vertex 5.47688 -11.0554 11.0687
    endloop
  endfacet
  facet normal 0 0 1
    outer loop
      vertex 5.47688 -11.0554 11.0687
      vertex -2.52789 -11.7468 11.0687
      vertex 6.01999 -11.0687 11.0687
    endloop
  endfacet
  facet normal 0 0 1
    outer loop
      vertex 6.01999 -11.0687 11.0687
      vertex -2.52789 -11.7468 11.0687
      vertex -2.0249 -12.0968 11.0687
    endloop
  endfacet
  facet normal 0 0 1
    outer loop
      vertex 6.01999 -11.0687 11.0687
      vertex -2.0249 -12.0968 11.0687
      vertex -1.50758 -12.4253 11.0687
    endloop
  endfacet
  facet normal -0 0 1
    outer loop
      vertex -1.50758 -12.4253 11.0687
      vertex -0.976877 -12.7317 11.0687
      vertex 6.01999 -11.0687 11.0687
    endloop
  endfacet
  facet normal 0 0 1
    outer loop
      vertex 6.01999 -11.0687 11.0687
      vertex -0.976877 -12.7317 11.0687
      vertex -0.43372 -13.0155 11.0687
    endloop
  endfacet
  facet normal 0 0 1
    outer loop
      vertex 6.01999 -11.0687 11.0687
      vertex -0.43372 -13.0155 11.0687
      vertex 0.12092 -13.2761 11.0687
    endloop
  endfacet
  facet normal -0 0 1
    outer loop
      vertex 0.12092 -13.2761 11.0687
      vertex 0.686057 -13.513 11.0687
      vertex 6.01999 -11.0687 11.0687
    endloop
  endfacet
  facet normal 0 0 1
    outer loop
      vertex 6.01999 -11.0687 11.0687
      vertex 0.686057 -13.513 11.0687
      vertex 1.26068 -13.726 11.0687
    endloop
  endfacet
  facet normal 0 0 1
    outer loop
      vertex 6.01999 -11.0687 11.0687
      vertex 1.26068 -13.726 11.0687
      vertex 1.84378 -13.9145 11.0687
    endloop
  endfacet
  facet normal -0 0 1
    outer loop
      vertex 1.84378 -13.9145 11.0687
      vertex 2.43431 -14.0782 11.0687
      vertex 6.01999 -11.0687 11.0687
    endloop
  endfacet
  facet normal 0 0 1
    outer loop
      vertex 6.01999 -11.0687 11.0687
      vertex 2.43431 -14.0782 11.0687
      vertex 3.03121 -14.2169 11.0687
    endloop
  endfacet
  facet normal 0 0 1
    outer loop
      vertex 6.01999 -11.0687 11.0687
      vertex 3.03121 -14.2169 11.0687
      vertex 3.63344 -14.3303 11.0687
    endloop
  endfacet
  facet normal -0 0 1
    outer loop
      vertex 3.63344 -14.3303 11.0687
      vertex 4.23991 -14.4182 11.0687
      vertex 6.01999 -11.0687 11.0687
    endloop
  endfacet
  facet normal 0 0 1
    outer loop
      vertex 6.01999 -11.0687 11.0687
      vertex 4.23991 -14.4182 11.0687
      vertex 4.84955 -14.4804 11.0687
    endloop
  endfacet
  facet normal 0 0 1
    outer loop
      vertex 6.01999 -11.0687 11.0687
      vertex 4.84955 -14.4804 11.0687
      vertex 5.46127 -14.5169 11.0687
    endloop
  endfacet
  facet normal -0 0 1
    outer loop
      vertex 5.46127 -14.5169 11.0687
      vertex 6.07398 -14.5276 11.0687
      vertex 6.01999 -11.0687 11.0687
    endloop
  endfacet
  facet normal -0 0 1
    outer loop
      vertex 6.01999 -11.0687 11.0687
      vertex 6.07398 -14.5276 11.0687
      vertex 6.56311 -11.0554 11.0687
    endloop
  endfacet
  facet normal 0 0 1
    outer loop
      vertex 6.56311 -11.0554 11.0687
      vertex 6.07398 -14.5276 11.0687
      vertex 6.6866 -14.5124 11.0687
    endloop
  endfacet
  facet normal 0 0 1
    outer loop
      vertex 6.56311 -11.0554 11.0687
      vertex 6.6866 -14.5124 11.0687
      vertex 7.29803 -14.4713 11.0687
    endloop
  endfacet
  facet normal -0 0 1
    outer loop
      vertex 6.56311 -11.0554 11.0687
      vertex 7.29803 -14.4713 11.0687
      vertex 7.10491 -11.0154 11.0687
    endloop
  endfacet
  facet normal 0 0 1
    outer loop
      vertex 7.10491 -11.0154 11.0687
      vertex 7.29803 -14.4713 11.0687
      vertex 7.90719 -14.4046 11.0687
    endloop
  endfacet
  facet normal -0 0 1
    outer loop
      vertex 7.10491 -11.0154 11.0687
      vertex 7.90719 -14.4046 11.0687
      vertex 7.64411 -10.9489 11.0687
    endloop
  endfacet
  facet normal 0 0 1
    outer loop
      vertex 7.64411 -10.9489 11.0687
      vertex 7.90719 -14.4046 11.0687
      vertex 8.51299 -14.3122 11.0687
    endloop
  endfacet
  facet normal -0 0 1
    outer loop
      vertex 7.64411 -10.9489 11.0687
      vertex 8.51299 -14.3122 11.0687
      vertex 8.17939 -10.856 11.0687
    endloop
  endfacet
  facet normal 0 0 1
    outer loop
      vertex 8.17939 -10.856 11.0687
      vertex 8.51299 -14.3122 11.0687
      vertex 9.11436 -14.1943 11.0687
    endloop
  endfacet
  facet normal -0 0 1
    outer loop
      vertex 8.17939 -10.856 11.0687
      vertex 9.11436 -14.1943 11.0687
      vertex 8.70947 -10.737 11.0687
    endloop
  endfacet
  facet normal 0 0 1
    outer loop
      vertex 8.70947 -10.737 11.0687
      vertex 9.11436 -14.1943 11.0687
      vertex 9.71022 -14.0512 11.0687
    endloop
  endfacet
  facet normal -0 0 1
    outer loop
      vertex 8.70947 -10.737 11.0687
      vertex 9.71022 -14.0512 11.0687
      vertex 9.23307 -10.5921 11.0687
    endloop
  endfacet
  facet normal 0 0 1
    outer loop
      vertex 9.23307 -10.5921 11.0687
      vertex 9.71022 -14.0512 11.0687
      vertex 10.2995 -13.883 11.0687
    endloop
  endfacet
  facet normal -0 0 1
    outer loop
      vertex 9.23307 -10.5921 11.0687
      vertex 10.2995 -13.883 11.0687
      vertex 9.74893 -10.4217 11.0687
    endloop
  endfacet
  facet normal 0 0 1
    outer loop
      vertex 9.74893 -10.4217 11.0687
      vertex 10.2995 -13.883 11.0687
      vertex 10.8812 -13.6902 11.0687
    endloop
  endfacet
  facet normal -0 0 1
    outer loop
      vertex 9.74893 -10.4217 11.0687
      vertex 10.8812 -13.6902 11.0687
      vertex 10.2558 -10.2261 11.0687
    endloop
  endfacet
  facet normal 0 0 1
    outer loop
      vertex 10.2558 -10.2261 11.0687
      vertex 10.8812 -13.6902 11.0687
      vertex 11.4542 -13.473 11.0687
    endloop
  endfacet
  facet normal -0 0 1
    outer loop
      vertex 10.2558 -10.2261 11.0687
      vertex 11.4542 -13.473 11.0687
      vertex 10.7525 -10.006 11.0687
    endloop
  endfacet
  facet normal 0 0 1
    outer loop
      vertex 10.7525 -10.006 11.0687
      vertex 11.4542 -13.473 11.0687
      vertex 12.0176 -13.2319 11.0687
    endloop
  endfacet
  facet normal -0 0 1
    outer loop
      vertex 10.7525 -10.006 11.0687
      vertex 12.0176 -13.2319 11.0687
      vertex 11.2377 -9.76173 11.0687
    endloop
  endfacet
  facet normal -0 0 1
    outer loop
      vertex 11.2377 -9.76173 11.0687
      vertex 12.0176 -13.2319 11.0687
      vertex 11.7104 -9.49394 11.0687
    endloop
  endfacet
  facet normal 0 0 1
    outer loop
      vertex 11.7104 -9.49394 11.0687
      vertex 12.0176 -13.2319 11.0687
      vertex 13.3885 -13.3168 11.0687
    endloop
  endfacet
  facet normal 0 0 1
    outer loop
      vertex 11.7104 -9.49394 11.0687
      vertex 13.3885 -13.3168 11.0687
      vertex 14.4803 -11.81 11.0687
    endloop
  endfacet
  facet normal 0 0 1
    outer loop
      vertex 14.4803 -11.81 11.0687
      vertex 13.3885 -13.3168 11.0687
      vertex 13.8684 -13.0397 11.0687
    endloop
  endfacet
  facet normal 0 0 1
    outer loop
      vertex 14.4803 -11.81 11.0687
      vertex 13.8684 -13.0397 11.0687
      vertex 14.338 -12.7453 11.0687
    endloop
  endfacet
  facet normal 0 -0 1
    outer loop
      vertex 12.4 -13.8177 11.0687
      vertex 12.8988 -13.5762 11.0687
      vertex 12.0176 -13.2319 11.0687
    endloop
  endfacet
  facet normal 0 0 1
    outer loop
      vertex 12.0176 -13.2319 11.0687
      vertex 12.8988 -13.5762 11.0687
      vertex 13.3885 -13.3168 11.0687
    endloop
  endfacet
  facet normal 0 0 1
    outer loop
      vertex 14.338 -12.7453 11.0687
      vertex 14.7964 -12.4341 11.0687
      vertex 14.4803 -11.81 11.0687
    endloop
  endfacet
  facet normal 0 0 1
    outer loop
      vertex 12.1694 -9.20329 11.0687
      vertex 11.7104 -9.49394 11.0687
      vertex 14.4803 -11.81 11.0687
    endloop
  endfacet
  facet normal -0 0 1
    outer loop
      vertex 12.6136 8.89047 11.0687
      vertex 13.0419 8.55622 11.0687
      vertex 14.4803 11.81 11.0687
    endloop
  endfacet
  facet normal -0.0551122 -0.00463206 0.998469
    outer loop
      vertex -21.3112 -1.38359 10.3949
      vertex -9.19695 -0.277088 11.0687
      vertex -21.6518 -1.38359 10.3761
    endloop
  endfacet
  facet normal -0.0555231 9.54515e-17 0.998457
    outer loop
      vertex -21.6518 -1.38359 10.3761
      vertex -9.19695 -0.277088 11.0687
      vertex -9.19695 0.277088 11.0687
    endloop
  endfacet
  facet normal -0.0555231 0 0.998457
    outer loop
      vertex -21.6518 -1.38359 10.3761
      vertex -9.19695 0.277088 11.0687
      vertex -21.6518 1.38359 10.3761
    endloop
  endfacet
  facet normal -0.0553444 0.00201568 0.998465
    outer loop
      vertex -21.6518 1.38359 10.3761
      vertex -9.19695 0.277088 11.0687
      vertex -9.17678 0.830895 11.0687
    endloop
  endfacet
  facet normal -0.0551114 0.00726206 0.998454
    outer loop
      vertex -21.6518 1.38359 10.3761
      vertex -9.17678 0.830895 11.0687
      vertex -21.3112 1.38359 10.3949
    endloop
  endfacet
  facet normal -0.0554866 -0.000970012 0.998459
    outer loop
      vertex -21.3112 1.38359 10.3949
      vertex -9.17678 0.830895 11.0687
      vertex -20.9783 1.38359 10.4134
    endloop
  endfacet
  facet normal -0.0552145 0.00484401 0.998463
    outer loop
      vertex -20.9783 1.38359 10.4134
      vertex -9.17678 0.830895 11.0687
      vertex -20.6528 1.38359 10.4314
    endloop
  endfacet
  facet normal -0.0552261 0.00460382 0.998463
    outer loop
      vertex -20.6528 1.38359 10.4314
      vertex -9.17678 0.830895 11.0687
      vertex -20.3346 1.38359 10.449
    endloop
  endfacet
  facet normal -0.0555233 -0.00140304 0.998456
    outer loop
      vertex -20.3346 1.38359 10.449
      vertex -9.17678 0.830895 11.0687
      vertex -20.0235 1.38359 10.4663
    endloop
  endfacet
  facet normal -0.05516 0.00573233 0.998461
    outer loop
      vertex -20.0235 1.38359 10.4663
      vertex -9.17678 0.830895 11.0687
      vertex -19.7194 1.38359 10.4831
    endloop
  endfacet
  facet normal -0.0553382 0.00233575 0.998465
    outer loop
      vertex -19.7194 1.38359 10.4831
      vertex -9.17678 0.830895 11.0687
      vertex -19.1312 1.38359 10.5157
    endloop
  endfacet
  facet normal -0.055352 0.00208803 0.998465
    outer loop
      vertex -19.1312 1.38359 10.5157
      vertex -9.17678 0.830895 11.0687
      vertex -18.5684 1.38359 10.5469
    endloop
  endfacet
  facet normal -0.0551822 0.00497295 0.998464
    outer loop
      vertex -18.5684 1.38359 10.5469
      vertex -9.17678 0.830895 11.0687
      vertex -18.0292 1.38359 10.5767
    endloop
  endfacet
  facet normal -0.0554165 0.00121837 0.998463
    outer loop
      vertex -18.0292 1.38359 10.5767
      vertex -9.17678 0.830895 11.0687
      vertex -17.5121 1.38359 10.6054
    endloop
  endfacet
  facet normal -0.0551237 0.00563481 0.998464
    outer loop
      vertex -17.5121 1.38359 10.6054
      vertex -9.17678 0.830895 11.0687
      vertex -17.0158 1.38359 10.6328
    endloop
  endfacet
  facet normal -0.0552725 0.00352513 0.998465
    outer loop
      vertex -17.0158 1.38359 10.6328
      vertex -9.17678 0.830895 11.0687
      vertex -16.5389 1.38359 10.6592
    endloop
  endfacet
  facet normal -0.0552889 0.00330747 0.998465
    outer loop
      vertex -16.5389 1.38359 10.6592
      vertex -9.17678 0.830895 11.0687
      vertex -16.0802 1.38359 10.6846
    endloop
  endfacet
  facet normal -0.0554449 0.00135584 0.998461
    outer loop
      vertex -16.0802 1.38359 10.6846
      vertex -9.17678 0.830895 11.0687
      vertex -15.639 1.38359 10.7091
    endloop
  endfacet
  facet normal -0.0552353 0.00381002 0.998466
    outer loop
      vertex -15.639 1.38359 10.7091
      vertex -9.17678 0.830895 11.0687
      vertex -15.2142 1.38359 10.7326
    endloop
  endfacet
  facet normal -0.0551721 0.00450061 0.998467
    outer loop
      vertex -15.2142 1.38359 10.7326
      vertex -9.17678 0.830895 11.0687
      vertex -14.8052 1.3836 10.7552
    endloop
  endfacet
  facet normal -0.0552031 0.00418523 0.998466
    outer loop
      vertex -14.8052 1.3836 10.7552
      vertex -9.17678 0.830895 11.0687
      vertex -14.4109 1.3836 10.777
    endloop
  endfacet
  facet normal -0.0553972 0.00234459 0.998462
    outer loop
      vertex -14.4109 1.3836 10.777
      vertex -9.17678 0.830895 11.0687
      vertex -14.0306 1.3836 10.7981
    endloop
  endfacet
  facet normal -0.0551835 0.00422405 0.998467
    outer loop
      vertex -14.0306 1.3836 10.7981
      vertex -9.17678 0.830895 11.0687
      vertex -13.6633 1.3836 10.8184
    endloop
  endfacet
  facet normal -0.0551267 0.00468527 0.998468
    outer loop
      vertex -13.6633 1.3836 10.8184
      vertex -9.17678 0.830895 11.0687
      vertex -13.3083 1.3836 10.838
    endloop
  endfacet
  facet normal -0.0552602 0.00368579 0.998465
    outer loop
      vertex -13.3083 1.3836 10.838
      vertex -9.17678 0.830895 11.0687
      vertex -12.965 1.3836 10.857
    endloop
  endfacet
  facet normal -0.0553365 0.00316221 0.998463
    outer loop
      vertex -12.965 1.3836 10.857
      vertex -9.17678 0.830895 11.0687
      vertex -12.633 1.3836 10.8754
    endloop
  endfacet
  facet normal -0.055332 0.00319031 0.998463
    outer loop
      vertex -12.633 1.3836 10.8754
      vertex -9.17678 0.830895 11.0687
      vertex -12.3118 1.3836 10.8932
    endloop
  endfacet
  facet normal -0.0552384 0.00372229 0.998466
    outer loop
      vertex -12.3118 1.3836 10.8932
      vertex -9.17678 0.830895 11.0687
      vertex -12.0009 1.3836 10.9104
    endloop
  endfacet
  facet normal -0.0550652 0.00460877 0.998472
    outer loop
      vertex -12.0009 1.3836 10.9104
      vertex -9.17678 0.830895 11.0687
      vertex -11.6999 1.3836 10.927
    endloop
  endfacet
  facet normal -0.0550904 0.00449356 0.998471
    outer loop
      vertex -11.6999 1.3836 10.927
      vertex -9.17678 0.830895 11.0687
      vertex -11.4081 1.3836 10.9431
    endloop
  endfacet
  facet normal -0.0554111 0.00319611 0.998459
    outer loop
      vertex -11.4081 1.3836 10.9431
      vertex -9.17678 0.830895 11.0687
      vertex -11.1252 1.3836 10.9588
    endloop
  endfacet
  facet normal -0.0552883 0.0036299 0.998464
    outer loop
      vertex -11.1252 1.3836 10.9588
      vertex -9.17678 0.830895 11.0687
      vertex -10.8507 1.3836 10.974
    endloop
  endfacet
  facet normal -0.0551578 0.0040261 0.99847
    outer loop
      vertex -10.8507 1.3836 10.974
      vertex -9.17678 0.830895 11.0687
      vertex -10.5846 1.3836 10.9887
    endloop
  endfacet
  facet normal -0.054955 0.00454403 0.998478
    outer loop
      vertex -10.5846 1.3836 10.9887
      vertex -9.17678 0.830895 11.0687
      vertex -10.3266 1.3836 11.0029
    endloop
  endfacet
  facet normal -0.0554034 0.00360867 0.998458
    outer loop
      vertex -10.3266 1.3836 11.0029
      vertex -9.17678 0.830895 11.0687
      vertex -10.0761 1.3836 11.0168
    endloop
  endfacet
  facet normal -0.0552087 0.00392651 0.998467
    outer loop
      vertex -10.0761 1.3836 11.0168
      vertex -9.17678 0.830895 11.0687
      vertex -9.59503 1.3836 11.0434
    endloop
  endfacet
  facet normal -0.0550861 0.00401954 0.998474
    outer loop
      vertex -9.59503 1.3836 11.0434
      vertex -9.17678 0.830895 11.0687
      vertex -9.13645 1.3836 11.0687
    endloop
  endfacet
  facet normal -0.0554866 -0.000526926 0.998459
    outer loop
      vertex -21.3112 -1.38359 10.3949
      vertex -20.9783 -1.38359 10.4134
      vertex -9.19695 -0.277088 11.0687
    endloop
  endfacet
  facet normal -0.0552149 -0.00342608 0.998469
    outer loop
      vertex -9.19695 -0.277088 11.0687
      vertex -20.9783 -1.38359 10.4134
      vertex -20.6528 -1.38359 10.4314
    endloop
  endfacet
  facet normal -0.0552264 -0.00330631 0.998468
    outer loop
      vertex -9.19695 -0.277088 11.0687
      vertex -20.6528 -1.38359 10.4314
      vertex -20.3346 -1.38359 10.449
    endloop
  endfacet
  facet normal -0.0553544 -0.00201604 0.998465
    outer loop
      vertex -9.19695 -0.277088 11.0687
      vertex -20.3346 -1.38359 10.449
      vertex -9.17678 -0.830895 11.0687
    endloop
  endfacet
  facet normal -0.0555233 0.00140304 0.998456
    outer loop
      vertex -9.17678 -0.830895 11.0687
      vertex -20.3346 -1.38359 10.449
      vertex -20.0235 -1.38359 10.4663
    endloop
  endfacet
  facet normal -0.05516 -0.00573233 0.998461
    outer loop
      vertex -9.17678 -0.830895 11.0687
      vertex -20.0235 -1.38359 10.4663
      vertex -19.7194 -1.38359 10.4831
    endloop
  endfacet
  facet normal -0.0553382 -0.00233575 0.998465
    outer loop
      vertex -19.7194 -1.38359 10.4831
      vertex -19.1312 -1.38359 10.5157
      vertex -9.17678 -0.830895 11.0687
    endloop
  endfacet
  facet normal -0.055352 -0.00208803 0.998465
    outer loop
      vertex -9.17678 -0.830895 11.0687
      vertex -19.1312 -1.38359 10.5157
      vertex -18.5684 -1.38359 10.5469
    endloop
  endfacet
  facet normal -0.0551822 -0.00497295 0.998464
    outer loop
      vertex -9.17678 -0.830895 11.0687
      vertex -18.5684 -1.38359 10.5469
      vertex -18.0292 -1.38359 10.5767
    endloop
  endfacet
  facet normal -0.0554165 -0.00121837 0.998463
    outer loop
      vertex -18.0292 -1.38359 10.5767
      vertex -17.5121 -1.38359 10.6054
      vertex -9.17678 -0.830895 11.0687
    endloop
  endfacet
  facet normal -0.0551237 -0.00563481 0.998464
    outer loop
      vertex -9.17678 -0.830895 11.0687
      vertex -17.5121 -1.38359 10.6054
      vertex -17.0158 -1.38359 10.6328
    endloop
  endfacet
  facet normal -0.0552725 -0.00352513 0.998465
    outer loop
      vertex -9.17678 -0.830895 11.0687
      vertex -17.0158 -1.38359 10.6328
      vertex -16.5389 -1.38359 10.6592
    endloop
  endfacet
  facet normal -0.0552889 -0.00330747 0.998465
    outer loop
      vertex -16.5389 -1.38359 10.6592
      vertex -16.0802 -1.38359 10.6846
      vertex -9.17678 -0.830895 11.0687
    endloop
  endfacet
  facet normal -0.0554449 -0.00135584 0.998461
    outer loop
      vertex -9.17678 -0.830895 11.0687
      vertex -16.0802 -1.38359 10.6846
      vertex -15.639 -1.38359 10.7091
    endloop
  endfacet
  facet normal -0.0552353 -0.00381002 0.998466
    outer loop
      vertex -9.17678 -0.830895 11.0687
      vertex -15.639 -1.38359 10.7091
      vertex -15.2142 -1.38359 10.7326
    endloop
  endfacet
  facet normal -0.0551721 -0.00450061 0.998467
    outer loop
      vertex -15.2142 -1.38359 10.7326
      vertex -14.8052 -1.3836 10.7552
      vertex -9.17678 -0.830895 11.0687
    endloop
  endfacet
  facet normal -0.0552031 -0.00418523 0.998466
    outer loop
      vertex -9.17678 -0.830895 11.0687
      vertex -14.8052 -1.3836 10.7552
      vertex -14.4109 -1.3836 10.777
    endloop
  endfacet
  facet normal -0.0553972 -0.00234459 0.998462
    outer loop
      vertex -9.17678 -0.830895 11.0687
      vertex -14.4109 -1.3836 10.777
      vertex -14.0306 -1.3836 10.7981
    endloop
  endfacet
  facet normal -0.0551835 -0.00422405 0.998467
    outer loop
      vertex -14.0306 -1.3836 10.7981
      vertex -13.6633 -1.3836 10.8184
      vertex -9.17678 -0.830895 11.0687
    endloop
  endfacet
  facet normal -0.0551267 -0.00468527 0.998468
    outer loop
      vertex -9.17678 -0.830895 11.0687
      vertex -13.6633 -1.3836 10.8184
      vertex -13.3083 -1.3836 10.838
    endloop
  endfacet
  facet normal -0.0552602 -0.00368579 0.998465
    outer loop
      vertex -9.17678 -0.830895 11.0687
      vertex -13.3083 -1.3836 10.838
      vertex -12.965 -1.3836 10.857
    endloop
  endfacet
  facet normal -0.0553365 -0.00316221 0.998463
    outer loop
      vertex -12.965 -1.3836 10.857
      vertex -12.633 -1.3836 10.8754
      vertex -9.17678 -0.830895 11.0687
    endloop
  endfacet
  facet normal -0.055332 -0.00319031 0.998463
    outer loop
      vertex -9.17678 -0.830895 11.0687
      vertex -12.633 -1.3836 10.8754
      vertex -12.3118 -1.3836 10.8932
    endloop
  endfacet
  facet normal -0.0552384 -0.00372229 0.998466
    outer loop
      vertex -9.17678 -0.830895 11.0687
      vertex -12.3118 -1.3836 10.8932
      vertex -12.0009 -1.3836 10.9104
    endloop
  endfacet
  facet normal -0.0550652 -0.00460877 0.998472
    outer loop
      vertex -12.0009 -1.3836 10.9104
      vertex -11.6999 -1.3836 10.927
      vertex -9.17678 -0.830895 11.0687
    endloop
  endfacet
  facet normal -0.0550904 -0.00449356 0.998471
    outer loop
      vertex -9.17678 -0.830895 11.0687
      vertex -11.6999 -1.3836 10.927
      vertex -11.4081 -1.3836 10.9431
    endloop
  endfacet
  facet normal -0.0554111 -0.00319611 0.998459
    outer loop
      vertex -9.17678 -0.830895 11.0687
      vertex -11.4081 -1.3836 10.9431
      vertex -11.1252 -1.3836 10.9588
    endloop
  endfacet
  facet normal -0.0552883 -0.0036299 0.998464
    outer loop
      vertex -11.1252 -1.3836 10.9588
      vertex -10.8507 -1.3836 10.974
      vertex -9.17678 -0.830895 11.0687
    endloop
  endfacet
  facet normal -0.0551578 -0.0040261 0.99847
    outer loop
      vertex -9.17678 -0.830895 11.0687
      vertex -10.8507 -1.3836 10.974
      vertex -10.5846 -1.3836 10.9887
    endloop
  endfacet
  facet normal -0.054955 -0.00454403 0.998478
    outer loop
      vertex -9.17678 -0.830895 11.0687
      vertex -10.5846 -1.3836 10.9887
      vertex -10.3266 -1.3836 11.0029
    endloop
  endfacet
  facet normal -0.0554034 -0.00360867 0.998458
    outer loop
      vertex -10.3266 -1.3836 11.0029
      vertex -10.0761 -1.3836 11.0168
      vertex -9.17678 -0.830895 11.0687
    endloop
  endfacet
  facet normal -0.0552087 -0.00392651 0.998467
    outer loop
      vertex -9.17678 -0.830895 11.0687
      vertex -10.0761 -1.3836 11.0168
      vertex -9.59503 -1.3836 11.0434
    endloop
  endfacet
  facet normal -0.0550861 -0.00401954 0.998474
    outer loop
      vertex -9.17678 -0.830895 11.0687
      vertex -9.59503 -1.3836 11.0434
      vertex -9.13645 -1.3836 11.0687
    endloop
  endfacet
  facet normal -1 0 -0
    outer loop
      vertex -21.6518 -1.38359 10.3761
      vertex -21.6518 1.72735 10.0306
      vertex -21.6518 -2.07111 9.68512
    endloop
  endfacet
  facet normal -1 0 0
    outer loop
      vertex -21.6518 -2.07111 9.68512
      vertex -21.6518 1.72735 10.0306
      vertex -21.6518 1.89923 9.85785
    endloop
  endfacet
  facet normal -1 0 0
    outer loop
      vertex -21.6518 -2.07111 9.68512
      vertex -21.6518 1.89923 9.85785
      vertex -21.6518 2.07111 9.68512
    endloop
  endfacet
  facet normal -1 -0 -0
    outer loop
      vertex -21.6518 1.38359 10.3761
      vertex -21.6518 1.55547 10.2033
      vertex -21.6518 -1.38359 10.3761
    endloop
  endfacet
  facet normal -1 0 0
    outer loop
      vertex -21.6518 -1.38359 10.3761
      vertex -21.6518 1.55547 10.2033
      vertex -21.6518 1.72735 10.0306
    endloop
  endfacet
  facet normal -0.0389447 -0.709357 0.703773
    outer loop
      vertex -21.6492 -2.07538 9.68096
      vertex -21.6136 -2.07538 9.68293
      vertex -21.6518 -2.07111 9.68512
    endloop
  endfacet
  facet normal -0.038773 -0.708346 0.704799
    outer loop
      vertex -21.6518 -2.07111 9.68512
      vertex -21.6136 -2.07538 9.68293
      vertex -21.6518 -1.38359 10.3761
    endloop
  endfacet
  facet normal -0.0389022 -0.708346 0.704792
    outer loop
      vertex -21.6518 -1.38359 10.3761
      vertex -21.6136 -2.07538 9.68293
      vertex -21.3112 -1.38359 10.3949
    endloop
  endfacet
  facet normal -0.0389762 -0.708328 0.704806
    outer loop
      vertex -21.3112 -1.38359 10.3949
      vertex -21.6136 -2.07538 9.68293
      vertex -21.2693 -2.07538 9.70197
    endloop
  endfacet
  facet normal -0.039167 -0.708329 0.704795
    outer loop
      vertex -21.3112 -1.38359 10.3949
      vertex -21.2693 -2.07538 9.70197
      vertex -20.9783 -1.38359 10.4134
    endloop
  endfacet
  facet normal -0.038986 -0.708371 0.704762
    outer loop
      vertex -20.9783 -1.38359 10.4134
      vertex -21.2693 -2.07538 9.70197
      vertex -20.9327 -2.07538 9.72059
    endloop
  endfacet
  facet normal -0.0389731 -0.708371 0.704763
    outer loop
      vertex -20.9783 -1.38359 10.4134
      vertex -20.9327 -2.07538 9.72059
      vertex -20.6528 -1.38359 10.4314
    endloop
  endfacet
  facet normal -0.0389774 -0.70837 0.704764
    outer loop
      vertex -20.6528 -1.38359 10.4314
      vertex -20.9327 -2.07538 9.72059
      vertex -20.6038 -2.07538 9.73878
    endloop
  endfacet
  facet normal -0.0389813 -0.70837 0.704764
    outer loop
      vertex -20.6528 -1.38359 10.4314
      vertex -20.6038 -2.07538 9.73878
      vertex -20.3346 -1.38359 10.449
    endloop
  endfacet
  facet normal -0.0389757 -0.708372 0.704763
    outer loop
      vertex -20.3346 -1.38359 10.449
      vertex -20.6038 -2.07538 9.73878
      vertex -20.2823 -2.07538 9.75656
    endloop
  endfacet
  facet normal -0.0391905 -0.708374 0.704749
    outer loop
      vertex -20.3346 -1.38359 10.449
      vertex -20.2823 -2.07538 9.75656
      vertex -20.0235 -1.38359 10.4663
    endloop
  endfacet
  facet normal -0.0389588 -0.708423 0.704712
    outer loop
      vertex -20.0235 -1.38359 10.4663
      vertex -20.2823 -2.07538 9.75656
      vertex -19.9681 -2.07538 9.77393
    endloop
  endfacet
  facet normal -0.0389319 -0.708423 0.704714
    outer loop
      vertex -20.0235 -1.38359 10.4663
      vertex -19.9681 -2.07538 9.77393
      vertex -19.7194 -1.38359 10.4831
    endloop
  endfacet
  facet normal -0.0389649 -0.708416 0.704719
    outer loop
      vertex -19.7194 -1.38359 10.4831
      vertex -19.9681 -2.07538 9.77393
      vertex -19.661 -2.07538 9.79091
    endloop
  endfacet
  facet normal -0.0389685 -0.708416 0.704719
    outer loop
      vertex -19.7194 -1.38359 10.4831
      vertex -19.661 -2.07538 9.79091
      vertex -19.3608 -2.07538 9.80751
    endloop
  endfacet
  facet normal -0.0390564 -0.708436 0.704693
    outer loop
      vertex -19.7194 -1.38359 10.4831
      vertex -19.3608 -2.07538 9.80751
      vertex -19.1312 -1.38359 10.5157
    endloop
  endfacet
  facet normal -0.0389675 -0.708453 0.704681
    outer loop
      vertex -19.1312 -1.38359 10.5157
      vertex -19.3608 -2.07538 9.80751
      vertex -19.0673 -2.07538 9.82374
    endloop
  endfacet
  facet normal -0.0390651 -0.708455 0.704674
    outer loop
      vertex -19.1312 -1.38359 10.5157
      vertex -19.0673 -2.07538 9.82374
      vertex -18.5684 -1.38359 10.5469
    endloop
  endfacet
  facet normal -0.0389479 -0.7085 0.704635
    outer loop
      vertex -18.5684 -1.38359 10.5469
      vertex -19.0673 -2.07538 9.82374
      vertex -18.4994 -2.07538 9.85513
    endloop
  endfacet
  facet normal -0.0389432 -0.7085 0.704636
    outer loop
      vertex -18.5684 -1.38359 10.5469
      vertex -18.4994 -2.07538 9.85513
      vertex -18.0292 -1.38359 10.5767
    endloop
  endfacet
  facet normal -0.0389376 -0.708502 0.704634
    outer loop
      vertex -18.0292 -1.38359 10.5767
      vertex -18.4994 -2.07538 9.85513
      vertex -17.9556 -2.07538 9.88518
    endloop
  endfacet
  facet normal -0.0391077 -0.708506 0.70462
    outer loop
      vertex -18.0292 -1.38359 10.5767
      vertex -17.9556 -2.07538 9.88518
      vertex -17.5121 -1.38359 10.6054
    endloop
  endfacet
  facet normal -0.0389386 -0.708564 0.704572
    outer loop
      vertex -17.5121 -1.38359 10.6054
      vertex -17.9556 -2.07538 9.88518
      vertex -17.4343 -2.07538 9.91399
    endloop
  endfacet
  facet normal -0.0388986 -0.708563 0.704575
    outer loop
      vertex -17.5121 -1.38359 10.6054
      vertex -17.4343 -2.07538 9.91399
      vertex -17.0158 -1.38359 10.6328
    endloop
  endfacet
  facet normal -0.0389275 -0.708553 0.704583
    outer loop
      vertex -17.0158 -1.38359 10.6328
      vertex -17.4343 -2.07538 9.91399
      vertex -16.9342 -2.07538 9.94162
    endloop
  endfacet
  facet normal -0.0390036 -0.708556 0.704576
    outer loop
      vertex -17.0158 -1.38359 10.6328
      vertex -16.9342 -2.07538 9.94162
      vertex -16.5389 -1.38359 10.6592
    endloop
  endfacet
  facet normal -0.0389154 -0.708583 0.704554
    outer loop
      vertex -16.5389 -1.38359 10.6592
      vertex -16.9342 -2.07538 9.94162
      vertex -16.4537 -2.07538 9.96816
    endloop
  endfacet
  facet normal -0.0390134 -0.708586 0.704545
    outer loop
      vertex -16.5389 -1.38359 10.6592
      vertex -16.4537 -2.07538 9.96816
      vertex -16.0802 -1.38359 10.6846
    endloop
  endfacet
  facet normal -0.0389095 -0.708616 0.70452
    outer loop
      vertex -16.0802 -1.38359 10.6846
      vertex -16.4537 -2.07538 9.96816
      vertex -15.9918 -2.07538 9.99367
    endloop
  endfacet
  facet normal -0.0391212 -0.708624 0.704501
    outer loop
      vertex -16.0802 -1.38359 10.6846
      vertex -15.9918 -2.07538 9.99367
      vertex -15.639 -1.38359 10.7091
    endloop
  endfacet
  facet normal -0.0389018 -0.708685 0.704452
    outer loop
      vertex -15.639 -1.38359 10.7091
      vertex -15.9918 -2.07538 9.99367
      vertex -15.5476 -2.07538 10.0182
    endloop
  endfacet
  facet normal -0.03897 -0.708688 0.704445
    outer loop
      vertex -15.639 -1.38359 10.7091
      vertex -15.5476 -2.07538 10.0182
      vertex -15.2142 -1.38359 10.7326
    endloop
  endfacet
  facet normal -0.0388969 -0.708707 0.70443
    outer loop
      vertex -15.2142 -1.38359 10.7326
      vertex -15.5476 -2.07538 10.0182
      vertex -15.1202 -2.07538 10.0418
    endloop
  endfacet
  facet normal -0.0389416 -0.708709 0.704426
    outer loop
      vertex -15.2142 -1.38359 10.7326
      vertex -15.1202 -2.07538 10.0418
      vertex -14.8052 -1.3836 10.7552
    endloop
  endfacet
  facet normal -0.0388676 -0.708727 0.704411
    outer loop
      vertex -14.8052 -1.3836 10.7552
      vertex -15.1202 -2.07538 10.0418
      vertex -14.7088 -2.07538 10.0645
    endloop
  endfacet
  facet normal -0.0389449 -0.708731 0.704403
    outer loop
      vertex -14.8052 -1.3836 10.7552
      vertex -14.7088 -2.07538 10.0645
      vertex -14.4109 -1.3836 10.777
    endloop
  endfacet
  facet normal -0.0389061 -0.70874 0.704396
    outer loop
      vertex -14.4109 -1.3836 10.777
      vertex -14.7088 -2.07538 10.0645
      vertex -14.3123 -2.07538 10.0864
    endloop
  endfacet
  facet normal -0.0390807 -0.708748 0.704379
    outer loop
      vertex -14.4109 -1.3836 10.777
      vertex -14.3123 -2.07538 10.0864
      vertex -14.0306 -1.3836 10.7981
    endloop
  endfacet
  facet normal -0.038864 -0.708797 0.704341
    outer loop
      vertex -14.0306 -1.3836 10.7981
      vertex -14.3123 -2.07538 10.0864
      vertex -13.9299 -2.07538 10.1075
    endloop
  endfacet
  facet normal -0.0389273 -0.7088 0.704335
    outer loop
      vertex -14.0306 -1.3836 10.7981
      vertex -13.9299 -2.07538 10.1075
      vertex -13.6633 -1.3836 10.8184
    endloop
  endfacet
  facet normal -0.0389177 -0.708802 0.704333
    outer loop
      vertex -13.6633 -1.3836 10.8184
      vertex -13.9299 -2.07538 10.1075
      vertex -13.5607 -2.07538 10.1279
    endloop
  endfacet
  facet normal -0.0388873 -0.708801 0.704336
    outer loop
      vertex -13.6633 -1.3836 10.8184
      vertex -13.5607 -2.07538 10.1279
      vertex -13.3083 -1.3836 10.838
    endloop
  endfacet
  facet normal -0.0386894 -0.708842 0.704306
    outer loop
      vertex -13.3083 -1.3836 10.838
      vertex -13.5607 -2.07538 10.1279
      vertex -13.2039 -2.07538 10.1475
    endloop
  endfacet
  facet normal -0.0389783 -0.708855 0.704276
    outer loop
      vertex -13.3083 -1.3836 10.838
      vertex -13.2039 -2.07538 10.1475
      vertex -12.965 -1.3836 10.857
    endloop
  endfacet
  facet normal -0.0390133 -0.708848 0.704281
    outer loop
      vertex -12.965 -1.3836 10.857
      vertex -13.2039 -2.07538 10.1475
      vertex -12.8591 -2.07538 10.1666
    endloop
  endfacet
  facet normal -0.0390323 -0.708849 0.704279
    outer loop
      vertex -12.965 -1.3836 10.857
      vertex -12.8591 -2.07538 10.1666
      vertex -12.633 -1.3836 10.8754
    endloop
  endfacet
  facet normal -0.0386544 -0.708921 0.704228
    outer loop
      vertex -12.633 -1.3836 10.8754
      vertex -12.8591 -2.07538 10.1666
      vertex -12.5257 -2.07538 10.1849
    endloop
  endfacet
  facet normal -0.0390242 -0.708939 0.704189
    outer loop
      vertex -12.633 -1.3836 10.8754
      vertex -12.5257 -2.07538 10.1849
      vertex -12.3118 -1.3836 10.8932
    endloop
  endfacet
  facet normal -0.0388658 -0.708968 0.704169
    outer loop
      vertex -12.3118 -1.3836 10.8932
      vertex -12.5257 -2.07538 10.1849
      vertex -12.2032 -2.07538 10.2027
    endloop
  endfacet
  facet normal -0.0389564 -0.708972 0.70416
    outer loop
      vertex -12.3118 -1.3836 10.8932
      vertex -12.2032 -2.07538 10.2027
      vertex -12.0009 -1.3836 10.9104
    endloop
  endfacet
  facet normal -0.0388182 -0.708996 0.704143
    outer loop
      vertex -12.0009 -1.3836 10.9104
      vertex -12.2032 -2.07538 10.2027
      vertex -11.8912 -2.07538 10.2199
    endloop
  endfacet
  facet normal -0.0388331 -0.708997 0.704142
    outer loop
      vertex -12.0009 -1.3836 10.9104
      vertex -11.8912 -2.07538 10.2199
      vertex -11.6999 -1.3836 10.927
    endloop
  endfacet
  facet normal -0.0389253 -0.708982 0.704152
    outer loop
      vertex -11.6999 -1.3836 10.927
      vertex -11.8912 -2.07538 10.2199
      vertex -11.5891 -2.07538 10.2366
    endloop
  endfacet
  facet normal -0.0388519 -0.708978 0.70416
    outer loop
      vertex -11.6999 -1.3836 10.927
      vertex -11.5891 -2.07538 10.2366
      vertex -11.4081 -1.3836 10.9431
    endloop
  endfacet
  facet normal -0.0387317 -0.708997 0.704147
    outer loop
      vertex -11.4081 -1.3836 10.9431
      vertex -11.5891 -2.07538 10.2366
      vertex -11.2964 -2.07538 10.2527
    endloop
  endfacet
  facet normal -0.0390757 -0.709015 0.70411
    outer loop
      vertex -11.4081 -1.3836 10.9431
      vertex -11.2964 -2.07538 10.2527
      vertex -11.1252 -1.3836 10.9588
    endloop
  endfacet
  facet normal -0.0387018 -0.709071 0.704074
    outer loop
      vertex -11.1252 -1.3836 10.9588
      vertex -11.2964 -2.07538 10.2527
      vertex -11.0126 -2.07538 10.2683
    endloop
  endfacet
  facet normal -0.0389853 -0.709086 0.704043
    outer loop
      vertex -11.1252 -1.3836 10.9588
      vertex -11.0126 -2.07538 10.2683
      vertex -10.8507 -1.3836 10.974
    endloop
  endfacet
  facet normal -0.0388714 -0.709102 0.704033
    outer loop
      vertex -10.8507 -1.3836 10.974
      vertex -11.0126 -2.07538 10.2683
      vertex -10.7373 -2.07538 10.2835
    endloop
  endfacet
  facet normal -0.0388923 -0.709104 0.704031
    outer loop
      vertex -10.8507 -1.3836 10.974
      vertex -10.7373 -2.07538 10.2835
      vertex -10.5846 -1.3836 10.9887
    endloop
  endfacet
  facet normal -0.0385974 -0.709144 0.704007
    outer loop
      vertex -10.5846 -1.3836 10.9887
      vertex -10.7373 -2.07538 10.2835
      vertex -10.471 -2.07538 10.2981
    endloop
  endfacet
  facet normal -0.0387467 -0.709152 0.70399
    outer loop
      vertex -10.5846 -1.3836 10.9887
      vertex -10.471 -2.07538 10.2981
      vertex -10.3266 -1.3836 11.0029
    endloop
  endfacet
  facet normal -0.0387317 -0.709154 0.703989
    outer loop
      vertex -10.3266 -1.3836 11.0029
      vertex -10.471 -2.07538 10.2981
      vertex -10.2129 -2.07538 10.3123
    endloop
  endfacet
  facet normal -0.0390616 -0.709172 0.703953
    outer loop
      vertex -10.3266 -1.3836 11.0029
      vertex -10.2129 -2.07538 10.3123
      vertex -10.0761 -1.3836 11.0168
    endloop
  endfacet
  facet normal -0.0387624 -0.709209 0.703931
    outer loop
      vertex -10.0761 -1.3836 11.0168
      vertex -10.2129 -2.07538 10.3123
      vertex -9.96229 -2.07538 10.3261
    endloop
  endfacet
  facet normal -0.0389218 -0.709218 0.703914
    outer loop
      vertex -10.0761 -1.3836 11.0168
      vertex -9.96229 -2.07538 10.3261
      vertex -9.59503 -1.3836 11.0434
    endloop
  endfacet
  facet normal -0.0387483 -0.709268 0.703873
    outer loop
      vertex -9.59503 -1.3836 11.0434
      vertex -9.96229 -2.07538 10.3261
      vertex -9.48091 -2.07538 10.3526
    endloop
  endfacet
  facet normal -0.0388324 -0.709273 0.703864
    outer loop
      vertex -9.59503 -1.3836 11.0434
      vertex -9.48091 -2.07538 10.3526
      vertex -9.13645 -1.3836 11.0687
    endloop
  endfacet
  facet normal -0.0387187 -0.709304 0.703839
    outer loop
      vertex -9.13645 -1.3836 11.0687
      vertex -9.48091 -2.07538 10.3526
      vertex -9.021 -2.07538 10.3779
    endloop
  endfacet
  facet normal -0.0384036 -0.709286 0.703874
    outer loop
      vertex -9.13645 -1.3836 11.0687
      vertex -9.021 -2.07538 10.3779
      vertex -8.91103 -2.07538 10.3839
    endloop
  endfacet
  facet normal -0.0386709 -0.709846 0.703295
    outer loop
      vertex -8.80191 -2.07538 10.3899
      vertex -8.81774 -2.0442 10.4205
      vertex -8.91103 -2.07538 10.3839
    endloop
  endfacet
  facet normal -0.0390117 -0.709369 0.703757
    outer loop
      vertex -8.91103 -2.07538 10.3839
      vertex -8.81774 -2.0442 10.4205
      vertex -9.13645 -1.3836 11.0687
    endloop
  endfacet
  facet normal -0.0388626 -0.709336 0.703798
    outer loop
      vertex -8.81774 -2.0442 10.4205
      vertex -8.43793 -1.42187 11.0687
      vertex -9.13645 -1.3836 11.0687
    endloop
  endfacet
  facet normal -0.595939 -0.388928 0.702561
    outer loop
      vertex 11.6336 -13.8738 10.3899
      vertex 11.6882 -13.9683 10.3839
      vertex 11.6685 -13.872 10.4205
    endloop
  endfacet
  facet normal -0.597161 -0.388808 0.701589
    outer loop
      vertex 11.6685 -13.872 10.4205
      vertex 11.6882 -13.9683 10.3839
      vertex 11.7432 -14.0636 10.3779
    endloop
  endfacet
  facet normal -0.594825 -0.388389 0.703802
    outer loop
      vertex 11.6685 -13.872 10.4205
      vertex 11.7432 -14.0636 10.3779
      vertex 12.4 -13.8177 11.0687
    endloop
  endfacet
  facet normal -0.594961 -0.388121 0.703835
    outer loop
      vertex 12.4 -13.8177 11.0687
      vertex 11.7432 -14.0636 10.3779
      vertex 11.9731 -14.4619 10.3526
    endloop
  endfacet
  facet normal -0.594784 -0.388296 0.703888
    outer loop
      vertex 12.4 -13.8177 11.0687
      vertex 11.9731 -14.4619 10.3526
      vertex 12.6293 -14.2148 11.0434
    endloop
  endfacet
  facet normal -0.594843 -0.38818 0.703902
    outer loop
      vertex 12.6293 -14.2148 11.0434
      vertex 11.9731 -14.4619 10.3526
      vertex 12.2138 -14.8788 10.3261
    endloop
  endfacet
  facet normal -0.594736 -0.388283 0.703935
    outer loop
      vertex 12.6293 -14.2148 11.0434
      vertex 12.2138 -14.8788 10.3261
      vertex 12.8698 -14.6314 11.0168
    endloop
  endfacet
  facet normal -0.594707 -0.38834 0.703928
    outer loop
      vertex 12.8698 -14.6314 11.0168
      vertex 12.2138 -14.8788 10.3261
      vertex 12.3391 -15.0957 10.3123
    endloop
  endfacet
  facet normal -0.59463 -0.388442 0.703937
    outer loop
      vertex 12.8698 -14.6314 11.0168
      vertex 12.3391 -15.0957 10.3123
      vertex 12.9951 -14.8484 11.0029
    endloop
  endfacet
  facet normal -0.594896 -0.387918 0.704002
    outer loop
      vertex 12.9951 -14.8484 11.0029
      vertex 12.3391 -15.0957 10.3123
      vertex 12.4681 -15.3193 10.2981
    endloop
  endfacet
  facet normal -0.594711 -0.38816 0.704025
    outer loop
      vertex 12.9951 -14.8484 11.0029
      vertex 12.4681 -15.3193 10.2981
      vertex 13.1241 -15.0718 10.9887
    endloop
  endfacet
  facet normal -0.594802 -0.387979 0.704047
    outer loop
      vertex 13.1241 -15.0718 10.9887
      vertex 12.4681 -15.3193 10.2981
      vertex 12.6013 -15.55 10.2835
    endloop
  endfacet
  facet normal -0.594734 -0.388066 0.704056
    outer loop
      vertex 13.1241 -15.0718 10.9887
      vertex 12.6013 -15.55 10.2835
      vertex 13.2571 -15.3023 10.974
    endloop
  endfacet
  facet normal -0.594635 -0.388263 0.704032
    outer loop
      vertex 13.2571 -15.3023 10.974
      vertex 12.6013 -15.55 10.2835
      vertex 12.7389 -15.7883 10.2683
    endloop
  endfacet
  facet normal -0.59451 -0.388422 0.70405
    outer loop
      vertex 13.2571 -15.3023 10.974
      vertex 12.7389 -15.7883 10.2683
      vertex 13.3944 -15.54 10.9588
    endloop
  endfacet
  facet normal -0.594716 -0.388016 0.7041
    outer loop
      vertex 13.3944 -15.54 10.9588
      vertex 12.7389 -15.7883 10.2683
      vertex 12.8808 -16.0341 10.2527
    endloop
  endfacet
  facet normal -0.59453 -0.38825 0.704128
    outer loop
      vertex 13.3944 -15.54 10.9588
      vertex 12.8808 -16.0341 10.2527
      vertex 13.5358 -15.785 10.9431
    endloop
  endfacet
  facet normal -0.5946 -0.388111 0.704145
    outer loop
      vertex 13.5358 -15.785 10.9431
      vertex 12.8808 -16.0341 10.2527
      vertex 13.0272 -16.2876 10.2366
    endloop
  endfacet
  facet normal -0.594571 -0.388147 0.70415
    outer loop
      vertex 13.5358 -15.785 10.9431
      vertex 13.0272 -16.2876 10.2366
      vertex 13.6817 -16.0377 10.927
    endloop
  endfacet
  facet normal -0.594571 -0.388148 0.70415
    outer loop
      vertex 13.6817 -16.0377 10.927
      vertex 13.0272 -16.2876 10.2366
      vertex 13.1782 -16.5492 10.2199
    endloop
  endfacet
  facet normal -0.59461 -0.3881 0.704143
    outer loop
      vertex 13.6817 -16.0377 10.927
      vertex 13.1782 -16.5492 10.2199
      vertex 13.8322 -16.2984 10.9104
    endloop
  endfacet
  facet normal -0.594572 -0.388175 0.704134
    outer loop
      vertex 13.8322 -16.2984 10.9104
      vertex 13.1782 -16.5492 10.2199
      vertex 13.3343 -16.8195 10.2027
    endloop
  endfacet
  facet normal -0.594424 -0.388353 0.704161
    outer loop
      vertex 13.8322 -16.2984 10.9104
      vertex 13.3343 -16.8195 10.2027
      vertex 13.9877 -16.5676 10.8932
    endloop
  endfacet
  facet normal -0.594527 -0.388153 0.704184
    outer loop
      vertex 13.9877 -16.5676 10.8932
      vertex 13.3343 -16.8195 10.2027
      vertex 13.4955 -17.0987 10.1849
    endloop
  endfacet
  facet normal -0.594462 -0.388229 0.704197
    outer loop
      vertex 13.9877 -16.5676 10.8932
      vertex 13.4955 -17.0987 10.1849
      vertex 14.1483 -16.8458 10.8754
    endloop
  endfacet
  facet normal -0.594648 -0.387865 0.70424
    outer loop
      vertex 14.1483 -16.8458 10.8754
      vertex 13.4955 -17.0987 10.1849
      vertex 13.6622 -17.3875 10.1666
    endloop
  endfacet
  facet normal -0.59433 -0.388236 0.704305
    outer loop
      vertex 14.1483 -16.8458 10.8754
      vertex 13.6622 -17.3875 10.1666
      vertex 14.3143 -17.1333 10.857
    endloop
  endfacet
  facet normal -0.594346 -0.388204 0.704308
    outer loop
      vertex 14.3143 -17.1333 10.857
      vertex 13.6622 -17.3875 10.1666
      vertex 13.8346 -17.6861 10.1475
    endloop
  endfacet
  facet normal -0.594428 -0.388111 0.704291
    outer loop
      vertex 14.3143 -17.1333 10.857
      vertex 13.8346 -17.6861 10.1475
      vertex 14.4859 -17.4306 10.838
    endloop
  endfacet
  facet normal -0.594475 -0.388018 0.704302
    outer loop
      vertex 14.4859 -17.4306 10.838
      vertex 13.8346 -17.6861 10.1475
      vertex 14.013 -17.995 10.1279
    endloop
  endfacet
  facet normal -0.594385 -0.38812 0.704322
    outer loop
      vertex 14.4859 -17.4306 10.838
      vertex 14.013 -17.995 10.1279
      vertex 14.6634 -17.738 10.8184
    endloop
  endfacet
  facet normal -0.594421 -0.38805 0.70433
    outer loop
      vertex 14.6634 -17.738 10.8184
      vertex 14.013 -17.995 10.1279
      vertex 14.1976 -18.3148 10.1075
    endloop
  endfacet
  facet normal -0.59443 -0.388039 0.704328
    outer loop
      vertex 14.6634 -17.738 10.8184
      vertex 14.1976 -18.3148 10.1075
      vertex 14.847 -18.0561 10.7981
    endloop
  endfacet
  facet normal -0.594387 -0.388124 0.704318
    outer loop
      vertex 14.847 -18.0561 10.7981
      vertex 14.1976 -18.3148 10.1075
      vertex 14.3888 -18.6459 10.0864
    endloop
  endfacet
  facet normal -0.594265 -0.388255 0.704349
    outer loop
      vertex 14.847 -18.0561 10.7981
      vertex 14.3888 -18.6459 10.0864
      vertex 15.0372 -18.3855 10.777
    endloop
  endfacet
  facet normal -0.594402 -0.387992 0.704378
    outer loop
      vertex 15.0372 -18.3855 10.777
      vertex 14.3888 -18.6459 10.0864
      vertex 14.587 -18.9893 10.0645
    endloop
  endfacet
  facet normal -0.594308 -0.388091 0.704403
    outer loop
      vertex 15.0372 -18.3855 10.777
      vertex 14.587 -18.9893 10.0645
      vertex 15.2343 -18.7269 10.7552
    endloop
  endfacet
  facet normal -0.594327 -0.388054 0.704407
    outer loop
      vertex 15.2343 -18.7269 10.7552
      vertex 14.587 -18.9893 10.0645
      vertex 14.7928 -19.3457 10.0418
    endloop
  endfacet
  facet normal -0.594272 -0.388112 0.704422
    outer loop
      vertex 15.2343 -18.7269 10.7552
      vertex 14.7928 -19.3457 10.0418
      vertex 15.4389 -19.0812 10.7326
    endloop
  endfacet
  facet normal -0.594293 -0.388071 0.704426
    outer loop
      vertex 15.4389 -19.0812 10.7326
      vertex 14.7928 -19.3457 10.0418
      vertex 15.0065 -19.7158 10.0182
    endloop
  endfacet
  facet normal -0.594311 -0.388053 0.704421
    outer loop
      vertex 15.4389 -19.0812 10.7326
      vertex 15.0065 -19.7158 10.0182
      vertex 15.6512 -19.449 10.7091
    endloop
  endfacet
  facet normal -0.594319 -0.388037 0.704423
    outer loop
      vertex 15.6512 -19.449 10.7091
      vertex 15.0065 -19.7158 10.0182
      vertex 15.2286 -20.1005 9.99367
    endloop
  endfacet
  facet normal -0.594121 -0.388232 0.704483
    outer loop
      vertex 15.6512 -19.449 10.7091
      vertex 15.2286 -20.1005 9.99367
      vertex 15.8719 -19.8312 10.6846
    endloop
  endfacet
  facet normal -0.594261 -0.387967 0.704511
    outer loop
      vertex 15.8719 -19.8312 10.6846
      vertex 15.2286 -20.1005 9.99367
      vertex 15.4595 -20.5005 9.96816
    endloop
  endfacet
  facet normal -0.594164 -0.38806 0.704541
    outer loop
      vertex 15.8719 -19.8312 10.6846
      vertex 15.4595 -20.5005 9.96816
      vertex 16.1012 -20.2284 10.6592
    endloop
  endfacet
  facet normal -0.594218 -0.387959 0.704551
    outer loop
      vertex 16.1012 -20.2284 10.6592
      vertex 15.4595 -20.5005 9.96816
      vertex 15.6997 -20.9166 9.94162
    endloop
  endfacet
  facet normal -0.594065 -0.388102 0.704602
    outer loop
      vertex 16.1012 -20.2284 10.6592
      vertex 15.6997 -20.9166 9.94162
      vertex 16.3397 -20.6414 10.6328
    endloop
  endfacet
  facet normal -0.594105 -0.388026 0.70461
    outer loop
      vertex 16.3397 -20.6414 10.6328
      vertex 15.6997 -20.9166 9.94162
      vertex 15.9498 -21.3497 9.91399
    endloop
  endfacet
  facet normal -0.594217 -0.387926 0.704571
    outer loop
      vertex 16.3397 -20.6414 10.6328
      vertex 15.9498 -21.3497 9.91399
      vertex 16.5878 -21.0712 10.6054
    endloop
  endfacet
  facet normal -0.594179 -0.387996 0.704564
    outer loop
      vertex 16.5878 -21.0712 10.6054
      vertex 15.9498 -21.3497 9.91399
      vertex 16.2104 -21.8011 9.88518
    endloop
  endfacet
  facet normal -0.594067 -0.388094 0.704605
    outer loop
      vertex 16.5878 -21.0712 10.6054
      vertex 16.2104 -21.8011 9.88518
      vertex 16.8463 -21.519 10.5767
    endloop
  endfacet
  facet normal -0.594095 -0.388041 0.70461
    outer loop
      vertex 16.8463 -21.519 10.5767
      vertex 16.2104 -21.8011 9.88518
      vertex 16.4824 -22.2721 9.85513
    endloop
  endfacet
  facet normal -0.594081 -0.388054 0.704615
    outer loop
      vertex 16.8463 -21.519 10.5767
      vertex 16.4824 -22.2721 9.85513
      vertex 17.116 -21.986 10.5469
    endloop
  endfacet
  facet normal -0.594137 -0.38795 0.704624
    outer loop
      vertex 17.116 -21.986 10.5469
      vertex 16.4824 -22.2721 9.85513
      vertex 16.7663 -22.7639 9.82374
    endloop
  endfacet
  facet normal -0.594006 -0.388057 0.704676
    outer loop
      vertex 17.116 -21.986 10.5469
      vertex 16.7663 -22.7639 9.82374
      vertex 17.3974 -22.4734 10.5157
    endloop
  endfacet
  facet normal -0.594115 -0.387859 0.704693
    outer loop
      vertex 17.3974 -22.4734 10.5157
      vertex 16.7663 -22.7639 9.82374
      vertex 16.913 -23.0181 9.80751
    endloop
  endfacet
  facet normal -0.593994 -0.387999 0.704718
    outer loop
      vertex 17.3974 -22.4734 10.5157
      vertex 16.913 -23.0181 9.80751
      vertex 17.6914 -22.9827 10.4831
    endloop
  endfacet
  facet normal -0.593959 -0.388117 0.704683
    outer loop
      vertex 17.6914 -22.9827 10.4831
      vertex 16.913 -23.0181 9.80751
      vertex 17.0632 -23.2781 9.79091
    endloop
  endfacet
  facet normal -0.594118 -0.387831 0.704706
    outer loop
      vertex 17.6914 -22.9827 10.4831
      vertex 17.0632 -23.2781 9.79091
      vertex 17.2167 -23.5441 9.77393
    endloop
  endfacet
  facet normal -0.594007 -0.387957 0.704731
    outer loop
      vertex 17.6914 -22.9827 10.4831
      vertex 17.2167 -23.5441 9.77393
      vertex 17.8435 -23.2461 10.4663
    endloop
  endfacet
  facet normal -0.594012 -0.387947 0.704732
    outer loop
      vertex 17.8435 -23.2461 10.4663
      vertex 17.2167 -23.5441 9.77393
      vertex 17.3738 -23.8162 9.75656
    endloop
  endfacet
  facet normal -0.593774 -0.388211 0.704786
    outer loop
      vertex 17.8435 -23.2461 10.4663
      vertex 17.3738 -23.8162 9.75656
      vertex 17.9991 -23.5155 10.449
    endloop
  endfacet
  facet normal -0.593878 -0.388028 0.7048
    outer loop
      vertex 17.9991 -23.5155 10.449
      vertex 17.3738 -23.8162 9.75656
      vertex 17.5346 -24.0946 9.73878
    endloop
  endfacet
  facet normal -0.594117 -0.387765 0.704743
    outer loop
      vertex 17.9991 -23.5155 10.449
      vertex 17.5346 -24.0946 9.73878
      vertex 18.1581 -23.7911 10.4314
    endloop
  endfacet
  facet normal -0.594033 -0.387915 0.704732
    outer loop
      vertex 18.1581 -23.7911 10.4314
      vertex 17.5346 -24.0946 9.73878
      vertex 17.699 -24.3794 9.72059
    endloop
  endfacet
  facet normal -0.593945 -0.388009 0.704754
    outer loop
      vertex 18.1581 -23.7911 10.4314
      vertex 17.699 -24.3794 9.72059
      vertex 18.3209 -24.073 10.4134
    endloop
  endfacet
  facet normal -0.593976 -0.387955 0.704758
    outer loop
      vertex 18.3209 -24.073 10.4134
      vertex 17.699 -24.3794 9.72059
      vertex 17.8673 -24.6709 9.70197
    endloop
  endfacet
  facet normal -0.593789 -0.388154 0.704806
    outer loop
      vertex 18.3209 -24.073 10.4134
      vertex 17.8673 -24.6709 9.70197
      vertex 18.4874 -24.3613 10.3949
    endloop
  endfacet
  facet normal -0.593978 -0.387825 0.704828
    outer loop
      vertex 18.4874 -24.3613 10.3949
      vertex 17.8673 -24.6709 9.70197
      vertex 18.3599 -24.8281 10.0306
    endloop
  endfacet
  facet normal -0.593787 -0.387949 0.70492
    outer loop
      vertex 18.4874 -24.3613 10.3949
      vertex 18.3599 -24.8281 10.0306
      vertex 18.5088 -24.7422 10.2033
    endloop
  endfacet
  facet normal -0.593974 -0.387953 0.70476
    outer loop
      vertex 18.3599 -24.8281 10.0306
      vertex 17.8673 -24.6709 9.70197
      vertex 18.2111 -24.9141 9.85785
    endloop
  endfacet
  facet normal -0.593991 -0.388005 0.704717
    outer loop
      vertex 18.2111 -24.9141 9.85785
      vertex 17.8673 -24.6709 9.70197
      vertex 18.0395 -24.9691 9.68293
    endloop
  endfacet
  facet normal -0.594554 -0.386817 0.704896
    outer loop
      vertex 18.2111 -24.9141 9.85785
      vertex 18.0395 -24.9691 9.68293
      vertex 18.0622 -25 9.68512
    endloop
  endfacet
  facet normal -0.594387 -0.386679 0.705112
    outer loop
      vertex 18.0622 -25 9.68512
      vertex 18.0395 -24.9691 9.68293
      vertex 18.0572 -24.9999 9.68096
    endloop
  endfacet
  facet normal -0.594163 -0.387841 0.704663
    outer loop
      vertex 18.5088 -24.7422 10.2033
      vertex 18.6576 -24.6562 10.3761
      vertex 18.4874 -24.3613 10.3949
    endloop
  endfacet
  facet normal -0.594851 -0.388308 0.703824
    outer loop
      vertex 12.4 -13.8177 11.0687
      vertex 12.0176 -13.2319 11.0687
      vertex 11.6685 -13.872 10.4205
    endloop
  endfacet
  facet normal 0.633047 0.32079 0.704517
    outer loop
      vertex 21.6519 -22.9245 9.68096
      vertex 21.6341 -22.8937 9.68293
      vertex 21.6495 -22.9289 9.68512
    endloop
  endfacet
  facet normal 0.632776 0.32069 0.704807
    outer loop
      vertex 21.6495 -22.9289 9.68512
      vertex 21.6341 -22.8937 9.68293
      vertex 21.0541 -23.2727 10.3761
    endloop
  endfacet
  facet normal 0.63291 0.320456 0.704792
    outer loop
      vertex 21.0541 -23.2727 10.3761
      vertex 21.6341 -22.8937 9.68293
      vertex 20.8838 -22.9777 10.3949
    endloop
  endfacet
  facet normal 0.632958 0.320296 0.704823
    outer loop
      vertex 20.8838 -22.9777 10.3949
      vertex 21.6341 -22.8937 9.68293
      vertex 21.462 -22.5955 9.70197
    endloop
  endfacet
  facet normal 0.632947 0.320314 0.704824
    outer loop
      vertex 20.8838 -22.9777 10.3949
      vertex 21.462 -22.5955 9.70197
      vertex 20.7173 -22.6894 10.4134
    endloop
  endfacet
  facet normal 0.632921 0.320401 0.704808
    outer loop
      vertex 20.7173 -22.6894 10.4134
      vertex 21.462 -22.5955 9.70197
      vertex 21.2937 -22.304 9.72059
    endloop
  endfacet
  facet normal 0.632969 0.320318 0.704802
    outer loop
      vertex 20.7173 -22.6894 10.4134
      vertex 21.2937 -22.304 9.72059
      vertex 20.5546 -22.4075 10.4314
    endloop
  endfacet
  facet normal 0.632898 0.320548 0.704762
    outer loop
      vertex 20.5546 -22.4075 10.4314
      vertex 21.2937 -22.304 9.72059
      vertex 21.1292 -22.0192 9.73878
    endloop
  endfacet
  facet normal 0.632982 0.320406 0.704751
    outer loop
      vertex 20.5546 -22.4075 10.4314
      vertex 21.1292 -22.0192 9.73878
      vertex 20.3955 -22.1319 10.449
    endloop
  endfacet
  facet normal 0.632993 0.320371 0.704757
    outer loop
      vertex 20.3955 -22.1319 10.449
      vertex 21.1292 -22.0192 9.73878
      vertex 20.9685 -21.7408 9.75656
    endloop
  endfacet
  facet normal 0.633107 0.320178 0.704742
    outer loop
      vertex 20.3955 -22.1319 10.449
      vertex 20.9685 -21.7408 9.75656
      vertex 20.24 -21.8625 10.4663
    endloop
  endfacet
  facet normal 0.633006 0.320488 0.704692
    outer loop
      vertex 20.24 -21.8625 10.4663
      vertex 20.9685 -21.7408 9.75656
      vertex 20.8114 -21.4687 9.77393
    endloop
  endfacet
  facet normal 0.632964 0.320558 0.704698
    outer loop
      vertex 20.24 -21.8625 10.4663
      vertex 20.8114 -21.4687 9.77393
      vertex 20.0879 -21.5991 10.4831
    endloop
  endfacet
  facet normal 0.632976 0.320523 0.704703
    outer loop
      vertex 20.0879 -21.5991 10.4831
      vertex 20.8114 -21.4687 9.77393
      vertex 20.6578 -21.2027 9.79091
    endloop
  endfacet
  facet normal 0.633017 0.320454 0.704697
    outer loop
      vertex 20.0879 -21.5991 10.4831
      vertex 20.6578 -21.2027 9.79091
      vertex 20.5077 -20.9427 9.80751
    endloop
  endfacet
  facet normal 0.633029 0.320441 0.704693
    outer loop
      vertex 20.0879 -21.5991 10.4831
      vertex 20.5077 -20.9427 9.80751
      vertex 19.7938 -21.0898 10.5157
    endloop
  endfacet
  facet normal 0.633061 0.320349 0.704706
    outer loop
      vertex 19.7938 -21.0898 10.5157
      vertex 20.5077 -20.9427 9.80751
      vertex 20.361 -20.6885 9.82374
    endloop
  endfacet
  facet normal 0.633044 0.320377 0.704708
    outer loop
      vertex 19.7938 -21.0898 10.5157
      vertex 20.361 -20.6885 9.82374
      vertex 19.5124 -20.6024 10.5469
    endloop
  endfacet
  facet normal 0.633003 0.320631 0.70463
    outer loop
      vertex 19.5124 -20.6024 10.5469
      vertex 20.361 -20.6885 9.82374
      vertex 20.077 -20.1968 9.85513
    endloop
  endfacet
  facet normal 0.633075 0.320513 0.704619
    outer loop
      vertex 19.5124 -20.6024 10.5469
      vertex 20.077 -20.1968 9.85513
      vertex 19.2428 -20.1354 10.5767
    endloop
  endfacet
  facet normal 0.633076 0.320508 0.70462
    outer loop
      vertex 19.2428 -20.1354 10.5767
      vertex 20.077 -20.1968 9.85513
      vertex 19.8051 -19.7258 9.88518
    endloop
  endfacet
  facet normal 0.633172 0.32035 0.704605
    outer loop
      vertex 19.2428 -20.1354 10.5767
      vertex 19.8051 -19.7258 9.88518
      vertex 18.9843 -19.6876 10.6054
    endloop
  endfacet
  facet normal 0.633146 0.320486 0.704567
    outer loop
      vertex 18.9843 -19.6876 10.6054
      vertex 19.8051 -19.7258 9.88518
      vertex 19.5445 -19.2743 9.91399
    endloop
  endfacet
  facet normal 0.633044 0.320651 0.704584
    outer loop
      vertex 18.9843 -19.6876 10.6054
      vertex 19.5445 -19.2743 9.91399
      vertex 18.7361 -19.2578 10.6328
    endloop
  endfacet
  facet normal 0.633052 0.320615 0.704593
    outer loop
      vertex 18.7361 -19.2578 10.6328
      vertex 19.5445 -19.2743 9.91399
      vertex 19.2944 -18.8412 9.94162
    endloop
  endfacet
  facet normal 0.633157 0.320445 0.704576
    outer loop
      vertex 18.7361 -19.2578 10.6328
      vertex 19.2944 -18.8412 9.94162
      vertex 18.4977 -18.8448 10.6592
    endloop
  endfacet
  facet normal 0.633133 0.320548 0.70455
    outer loop
      vertex 18.4977 -18.8448 10.6592
      vertex 19.2944 -18.8412 9.94162
      vertex 19.0542 -18.4251 9.96816
    endloop
  endfacet
  facet normal 0.633106 0.320591 0.704555
    outer loop
      vertex 18.4977 -18.8448 10.6592
      vertex 19.0542 -18.4251 9.96816
      vertex 18.2683 -18.4476 10.6846
    endloop
  endfacet
  facet normal 0.633086 0.320675 0.704535
    outer loop
      vertex 18.2683 -18.4476 10.6846
      vertex 19.0542 -18.4251 9.96816
      vertex 18.8232 -18.0251 9.99367
    endloop
  endfacet
  facet normal 0.633283 0.320361 0.704501
    outer loop
      vertex 18.2683 -18.4476 10.6846
      vertex 18.8232 -18.0251 9.99367
      vertex 18.0477 -18.0654 10.7091
    endloop
  endfacet
  facet normal 0.633207 0.320654 0.704436
    outer loop
      vertex 18.0477 -18.0654 10.7091
      vertex 18.8232 -18.0251 9.99367
      vertex 18.6011 -17.6404 10.0182
    endloop
  endfacet
  facet normal 0.633204 0.320659 0.704436
    outer loop
      vertex 18.0477 -18.0654 10.7091
      vertex 18.6011 -17.6404 10.0182
      vertex 17.8353 -17.6976 10.7326
    endloop
  endfacet
  facet normal 0.633194 0.320695 0.704429
    outer loop
      vertex 17.8353 -17.6976 10.7326
      vertex 18.6011 -17.6404 10.0182
      vertex 18.3874 -17.2703 10.0418
    endloop
  endfacet
  facet normal 0.633265 0.320584 0.704416
    outer loop
      vertex 17.8353 -17.6976 10.7326
      vertex 18.3874 -17.2703 10.0418
      vertex 17.6308 -17.3433 10.7552
    endloop
  endfacet
  facet normal 0.633253 0.320623 0.704408
    outer loop
      vertex 17.6308 -17.3433 10.7552
      vertex 18.3874 -17.2703 10.0418
      vertex 18.1817 -16.9139 10.0645
    endloop
  endfacet
  facet normal 0.633257 0.320618 0.704408
    outer loop
      vertex 17.6308 -17.3433 10.7552
      vertex 18.1817 -16.9139 10.0645
      vertex 17.4337 -17.0019 10.777
    endloop
  endfacet
  facet normal 0.633197 0.320819 0.70437
    outer loop
      vertex 17.4337 -17.0019 10.777
      vertex 18.1817 -16.9139 10.0645
      vertex 17.9834 -16.5706 10.0864
    endloop
  endfacet
  facet normal 0.633346 0.320585 0.704342
    outer loop
      vertex 17.4337 -17.0019 10.777
      vertex 17.9834 -16.5706 10.0864
      vertex 17.2435 -16.6725 10.7981
    endloop
  endfacet
  facet normal 0.633352 0.320567 0.704345
    outer loop
      vertex 17.2435 -16.6725 10.7981
      vertex 17.9834 -16.5706 10.0864
      vertex 17.7923 -16.2394 10.1075
    endloop
  endfacet
  facet normal 0.633333 0.320596 0.704349
    outer loop
      vertex 17.2435 -16.6725 10.7981
      vertex 17.7923 -16.2394 10.1075
      vertex 17.0599 -16.3544 10.8184
    endloop
  endfacet
  facet normal 0.63329 0.320729 0.704327
    outer loop
      vertex 17.0599 -16.3544 10.8184
      vertex 17.7923 -16.2394 10.1075
      vertex 17.6077 -15.9197 10.1279
    endloop
  endfacet
  facet normal 0.633272 0.320758 0.70433
    outer loop
      vertex 17.0599 -16.3544 10.8184
      vertex 17.6077 -15.9197 10.1279
      vertex 16.8824 -16.047 10.838
    endloop
  endfacet
  facet normal 0.633221 0.320913 0.704305
    outer loop
      vertex 16.8824 -16.047 10.838
      vertex 17.6077 -15.9197 10.1279
      vertex 17.4293 -15.6107 10.1475
    endloop
  endfacet
  facet normal 0.633323 0.320754 0.704286
    outer loop
      vertex 16.8824 -16.047 10.838
      vertex 17.4293 -15.6107 10.1475
      vertex 16.7107 -15.7497 10.857
    endloop
  endfacet
  facet normal 0.633366 0.32063 0.704304
    outer loop
      vertex 16.7107 -15.7497 10.857
      vertex 17.4293 -15.6107 10.1475
      vertex 17.2569 -15.3121 10.1666
    endloop
  endfacet
  facet normal 0.633368 0.320626 0.704304
    outer loop
      vertex 16.7107 -15.7497 10.857
      vertex 17.2569 -15.3121 10.1666
      vertex 16.5447 -15.4622 10.8754
    endloop
  endfacet
  facet normal 0.633237 0.321 0.704251
    outer loop
      vertex 16.5447 -15.4622 10.8754
      vertex 17.2569 -15.3121 10.1666
      vertex 17.0902 -15.0234 10.1849
    endloop
  endfacet
  facet normal 0.633472 0.320636 0.704206
    outer loop
      vertex 16.5447 -15.4622 10.8754
      vertex 17.0902 -15.0234 10.1849
      vertex 16.3841 -15.184 10.8932
    endloop
  endfacet
  facet normal 0.633375 0.320906 0.70417
    outer loop
      vertex 16.3841 -15.184 10.8932
      vertex 17.0902 -15.0234 10.1849
      vertex 16.9289 -14.7441 10.2027
    endloop
  endfacet
  facet normal 0.633502 0.320709 0.704145
    outer loop
      vertex 16.3841 -15.184 10.8932
      vertex 16.9289 -14.7441 10.2027
      vertex 16.2287 -14.9148 10.9104
    endloop
  endfacet
  facet normal 0.633471 0.320793 0.704135
    outer loop
      vertex 16.2287 -14.9148 10.9104
      vertex 16.9289 -14.7441 10.2027
      vertex 16.7729 -14.4738 10.2199
    endloop
  endfacet
  facet normal 0.633439 0.320843 0.704141
    outer loop
      vertex 16.2287 -14.9148 10.9104
      vertex 16.7729 -14.4738 10.2199
      vertex 16.0782 -14.6541 10.927
    endloop
  endfacet
  facet normal 0.63349 0.320709 0.704157
    outer loop
      vertex 16.0782 -14.6541 10.927
      vertex 16.7729 -14.4738 10.2199
      vertex 16.6219 -14.2122 10.2366
    endloop
  endfacet
  facet normal 0.633404 0.320841 0.704174
    outer loop
      vertex 16.0782 -14.6541 10.927
      vertex 16.6219 -14.2122 10.2366
      vertex 15.9323 -14.4014 10.9431
    endloop
  endfacet
  facet normal 0.633329 0.321036 0.704152
    outer loop
      vertex 15.9323 -14.4014 10.9431
      vertex 16.6219 -14.2122 10.2366
      vertex 16.4755 -13.9587 10.2527
    endloop
  endfacet
  facet normal 0.633507 0.320762 0.704117
    outer loop
      vertex 15.9323 -14.4014 10.9431
      vertex 16.4755 -13.9587 10.2527
      vertex 15.7908 -14.1564 10.9588
    endloop
  endfacet
  facet normal 0.633419 0.320986 0.704094
    outer loop
      vertex 15.7908 -14.1564 10.9588
      vertex 16.4755 -13.9587 10.2527
      vertex 16.3336 -13.7129 10.2683
    endloop
  endfacet
  facet normal 0.633608 0.320696 0.704056
    outer loop
      vertex 15.7908 -14.1564 10.9588
      vertex 16.3336 -13.7129 10.2683
      vertex 15.6536 -13.9187 10.974
    endloop
  endfacet
  facet normal 0.633524 0.320905 0.704037
    outer loop
      vertex 15.6536 -13.9187 10.974
      vertex 16.3336 -13.7129 10.2683
      vertex 16.196 -13.4746 10.2835
    endloop
  endfacet
  facet normal 0.633516 0.320918 0.704038
    outer loop
      vertex 15.6536 -13.9187 10.974
      vertex 16.196 -13.4746 10.2835
      vertex 15.5205 -13.6882 10.9887
    endloop
  endfacet
  facet normal 0.633415 0.321163 0.704017
    outer loop
      vertex 15.5205 -13.6882 10.9887
      vertex 16.196 -13.4746 10.2835
      vertex 16.0628 -13.2439 10.2981
    endloop
  endfacet
  facet normal 0.633488 0.321052 0.704002
    outer loop
      vertex 15.5205 -13.6882 10.9887
      vertex 16.0628 -13.2439 10.2981
      vertex 15.3915 -13.4648 11.0029
    endloop
  endfacet
  facet normal 0.633441 0.321165 0.703993
    outer loop
      vertex 15.3915 -13.4648 11.0029
      vertex 16.0628 -13.2439 10.2981
      vertex 15.9337 -13.0204 10.3123
    endloop
  endfacet
  facet normal 0.633813 0.320594 0.703918
    outer loop
      vertex 15.3915 -13.4648 11.0029
      vertex 15.9337 -13.0204 10.3123
      vertex 15.2663 -13.2478 11.0168
    endloop
  endfacet
  facet normal 0.633703 0.320856 0.703898
    outer loop
      vertex 15.2663 -13.2478 11.0168
      vertex 15.9337 -13.0204 10.3123
      vertex 15.8085 -12.8034 10.3261
    endloop
  endfacet
  facet normal 0.633616 0.320989 0.703915
    outer loop
      vertex 15.2663 -13.2478 11.0168
      vertex 15.8085 -12.8034 10.3261
      vertex 15.0257 -12.8312 11.0434
    endloop
  endfacet
  facet normal 0.633597 0.321068 0.703897
    outer loop
      vertex 15.0257 -12.8312 11.0434
      vertex 15.8085 -12.8034 10.3261
      vertex 15.5678 -12.3865 10.3526
    endloop
  endfacet
  facet normal 0.633622 0.32103 0.703892
    outer loop
      vertex 15.0257 -12.8312 11.0434
      vertex 15.5678 -12.3865 10.3526
      vertex 14.7964 -12.4341 11.0687
    endloop
  endfacet
  facet normal 0.633588 0.321158 0.703864
    outer loop
      vertex 14.7964 -12.4341 11.0687
      vertex 15.5678 -12.3865 10.3526
      vertex 15.3378 -11.9882 10.3779
    endloop
  endfacet
  facet normal 0.63334 0.321536 0.703914
    outer loop
      vertex 14.7964 -12.4341 11.0687
      vertex 15.3378 -11.9882 10.3779
      vertex 15.2828 -11.893 10.3839
    endloop
  endfacet
  facet normal 0.63421 0.321106 0.703327
    outer loop
      vertex 15.2283 -11.7985 10.3899
      vertex 15.2092 -11.8278 10.4205
      vertex 15.2828 -11.893 10.3839
    endloop
  endfacet
  facet normal 0.634011 0.320669 0.703705
    outer loop
      vertex 15.2828 -11.893 10.3839
      vertex 15.2092 -11.8278 10.4205
      vertex 14.7964 -12.4341 11.0687
    endloop
  endfacet
  facet normal 0.633732 0.320978 0.703816
    outer loop
      vertex 15.2092 -11.8278 10.4205
      vertex 14.4803 -11.81 11.0687
      vertex 14.7964 -12.4341 11.0687
    endloop
  endfacet
  facet normal 1 0 0
    outer loop
      vertex 5.3282 8.27265 1.38359
      vertex 5.3282 10.3769 1.38359
      vertex 5.3282 8.27265 9.68512
    endloop
  endfacet
  facet normal 1 -0 0
    outer loop
      vertex 5.3282 8.27265 9.68512
      vertex 5.3282 10.3769 1.38359
      vertex 5.3282 10.3769 9.68512
    endloop
  endfacet
  facet normal 1 0 0
    outer loop
      vertex 5.3282 -10.3769 1.38359
      vertex 5.3282 -8.27265 1.38359
      vertex 5.3282 -10.3769 9.68512
    endloop
  endfacet
  facet normal 1 -0 0
    outer loop
      vertex 5.3282 -10.3769 9.68512
      vertex 5.3282 -8.27265 1.38359
      vertex 5.3282 -8.27265 9.68512
    endloop
  endfacet
  facet normal 0.866025 0.500001 -0.000104508
    outer loop
      vertex 13.3978 -8.628 0.691794
      vertex 13.4983 -8.80196 1.22189
      vertex 18.8428 -18.059 0.691794
    endloop
  endfacet
  facet normal 0.866031 0.499991 0.000126562
    outer loop
      vertex 18.8428 -18.059 0.691794
      vertex 13.4983 -8.80196 1.22189
      vertex 13.6003 -8.97877 1.76096
    endloop
  endfacet
  facet normal 0.866022 0.500006 -4.91331e-05
    outer loop
      vertex 18.8428 -18.059 0.691794
      vertex 13.6003 -8.97877 1.76096
      vertex 13.7041 -9.1585 2.30923
    endloop
  endfacet
  facet normal 0.866025 0.500001 -9.79537e-06
    outer loop
      vertex 13.7041 -9.1585 2.30923
      vertex 13.8096 -9.34122 2.86692
      vertex 18.8428 -18.059 0.691794
    endloop
  endfacet
  facet normal 0.866021 0.500008 -4.84895e-05
    outer loop
      vertex 18.8428 -18.059 0.691794
      vertex 13.8096 -9.34122 2.86692
      vertex 13.9169 -9.52701 3.43428
    endloop
  endfacet
  facet normal 0.866042 0.499971 0.000105545
    outer loop
      vertex 18.8428 -18.059 0.691794
      vertex 13.9169 -9.52701 3.43428
      vertex 14.0259 -9.71594 4.01154
    endloop
  endfacet
  facet normal 0.866014 0.50002 -5.75083e-05
    outer loop
      vertex 14.0259 -9.71594 4.01154
      vertex 14.1369 -9.90812 4.59897
      vertex 18.8428 -18.059 0.691794
    endloop
  endfacet
  facet normal 0.866016 0.500017 -4.99343e-05
    outer loop
      vertex 18.8428 -18.059 0.691794
      vertex 14.1369 -9.90812 4.59897
      vertex 14.2498 -10.1036 5.19683
    endloop
  endfacet
  facet normal 0.866038 0.499979 4.0421e-05
    outer loop
      vertex 18.8428 -18.059 0.691794
      vertex 14.2498 -10.1036 5.19683
      vertex 14.3646 -10.3025 5.80538
    endloop
  endfacet
  facet normal 0.866044 0.499967 6.35375e-05
    outer loop
      vertex 14.3646 -10.3025 5.80538
      vertex 14.4814 -10.5049 6.42491
      vertex 18.8428 -18.059 0.691794
    endloop
  endfacet
  facet normal 0.866024 0.500002 2.58177e-06
    outer loop
      vertex 18.8428 -18.059 0.691794
      vertex 14.4814 -10.5049 6.42491
      vertex 18.8232 -18.0251 9.99367
    endloop
  endfacet
  facet normal 0.865969 0.500097 2.11843e-06
    outer loop
      vertex 18.8428 -18.059 0.691794
      vertex 18.8232 -18.0251 9.99367
      vertex 19.0542 -18.4251 9.96816
    endloop
  endfacet
  facet normal 0.866051 0.499955 -0.000109799
    outer loop
      vertex 14.6004 -10.7109 7.05572
      vertex 18.3874 -17.2703 10.0418
      vertex 14.4814 -10.5049 6.42491
    endloop
  endfacet
  facet normal 0.866005 0.500035 8.98099e-05
    outer loop
      vertex 14.4814 -10.5049 6.42491
      vertex 18.3874 -17.2703 10.0418
      vertex 18.6011 -17.6404 10.0182
    endloop
  endfacet
  facet normal 0.866031 0.49999 -3.00508e-05
    outer loop
      vertex 14.4814 -10.5049 6.42491
      vertex 18.6011 -17.6404 10.0182
      vertex 18.8232 -18.0251 9.99367
    endloop
  endfacet
  facet normal 0.865996 0.500051 0.000116873
    outer loop
      vertex 14.7214 -10.9206 7.69811
      vertex 17.7923 -16.2394 10.1075
      vertex 14.6004 -10.7109 7.05572
    endloop
  endfacet
  facet normal 0.866145 0.499792 -0.000507771
    outer loop
      vertex 14.6004 -10.7109 7.05572
      vertex 17.7923 -16.2394 10.1075
      vertex 17.9834 -16.5706 10.0864
    endloop
  endfacet
  facet normal 0.865933 0.50016 0.000440546
    outer loop
      vertex 14.6004 -10.7109 7.05572
      vertex 17.9834 -16.5706 10.0864
      vertex 18.1817 -16.9139 10.0645
    endloop
  endfacet
  facet normal 0.866033 0.499988 -5.26725e-05
    outer loop
      vertex 14.8447 -11.1341 8.35239
      vertex 17.2569 -15.3121 10.1666
      vertex 14.7214 -10.9206 7.69811
    endloop
  endfacet
  facet normal 0.866021 0.500007 -6.0128e-06
    outer loop
      vertex 14.7214 -10.9206 7.69811
      vertex 17.2569 -15.3121 10.1666
      vertex 17.4293 -15.6107 10.1475
    endloop
  endfacet
  facet normal 0.866026 0.499999 -2.78136e-05
    outer loop
      vertex 14.7214 -10.9206 7.69811
      vertex 17.4293 -15.6107 10.1475
      vertex 17.6077 -15.9197 10.1279
    endloop
  endfacet
  facet normal 0.86601 0.500027 3.25592e-05
    outer loop
      vertex 14.9702 -11.3515 9.01888
      vertex 16.6219 -14.2122 10.2366
      vertex 14.8447 -11.1341 8.35239
    endloop
  endfacet
  facet normal 0.86607 0.499923 -0.000194785
    outer loop
      vertex 14.8447 -11.1341 8.35239
      vertex 16.6219 -14.2122 10.2366
      vertex 16.7729 -14.4738 10.2199
    endloop
  endfacet
  facet normal 0.866097 0.499876 -0.000306953
    outer loop
      vertex 14.8447 -11.1341 8.35239
      vertex 16.7729 -14.4738 10.2199
      vertex 16.9289 -14.7441 10.2027
    endloop
  endfacet
  facet normal 0.866055 0.499948 -0.000117845
    outer loop
      vertex 15.0981 -11.5729 9.69794
      vertex 16.0628 -13.2439 10.2981
      vertex 14.9702 -11.3515 9.01888
    endloop
  endfacet
  facet normal 0.866017 0.500014 1.30408e-05
    outer loop
      vertex 14.9702 -11.3515 9.01888
      vertex 16.0628 -13.2439 10.2981
      vertex 16.196 -13.4746 10.2835
    endloop
  endfacet
  facet normal 0.866 0.500044 7.89609e-05
    outer loop
      vertex 14.9702 -11.3515 9.01888
      vertex 16.196 -13.4746 10.2835
      vertex 16.3336 -13.7129 10.2683
    endloop
  endfacet
  facet normal 0.866259 0.499596 -0.000112916
    outer loop
      vertex 15.2283 -11.7985 10.3899
      vertex 15.2828 -11.893 10.3839
      vertex 15.0981 -11.5729 9.69794
    endloop
  endfacet
  facet normal 0.86589 0.500234 0.000284148
    outer loop
      vertex 15.0981 -11.5729 9.69794
      vertex 15.2828 -11.893 10.3839
      vertex 15.3378 -11.9882 10.3779
    endloop
  endfacet
  facet normal 0.86599 0.500061 0.000143103
    outer loop
      vertex 15.0981 -11.5729 9.69794
      vertex 15.3378 -11.9882 10.3779
      vertex 15.5678 -12.3865 10.3526
    endloop
  endfacet
  facet normal 0.866024 0.500002 4.58467e-05
    outer loop
      vertex 15.5678 -12.3865 10.3526
      vertex 15.8085 -12.8034 10.3261
      vertex 15.0981 -11.5729 9.69794
    endloop
  endfacet
  facet normal 0.866157 0.499772 -0.000554868
    outer loop
      vertex 15.0981 -11.5729 9.69794
      vertex 15.8085 -12.8034 10.3261
      vertex 15.9337 -13.0204 10.3123
    endloop
  endfacet
  facet normal 0.865938 0.50015 0.00063438
    outer loop
      vertex 15.0981 -11.5729 9.69794
      vertex 15.9337 -13.0204 10.3123
      vertex 16.0628 -13.2439 10.2981
    endloop
  endfacet
  facet normal 0.866042 0.499971 -0.000103388
    outer loop
      vertex 16.3336 -13.7129 10.2683
      vertex 16.4755 -13.9587 10.2527
      vertex 14.9702 -11.3515 9.01888
    endloop
  endfacet
  facet normal 0.86597 0.500095 0.000245401
    outer loop
      vertex 14.9702 -11.3515 9.01888
      vertex 16.4755 -13.9587 10.2527
      vertex 16.6219 -14.2122 10.2366
    endloop
  endfacet
  facet normal 0.865971 0.500095 0.000262213
    outer loop
      vertex 16.9289 -14.7441 10.2027
      vertex 17.0902 -15.0234 10.1849
      vertex 14.8447 -11.1341 8.35239
    endloop
  endfacet
  facet normal 0.866004 0.500038 0.00010166
    outer loop
      vertex 14.8447 -11.1341 8.35239
      vertex 17.0902 -15.0234 10.1849
      vertex 17.2569 -15.3121 10.1666
    endloop
  endfacet
  facet normal 0.866003 0.500039 8.25318e-05
    outer loop
      vertex 17.6077 -15.9197 10.1279
      vertex 17.7923 -16.2394 10.1075
      vertex 14.7214 -10.9206 7.69811
    endloop
  endfacet
  facet normal 0.866088 0.499891 -0.000298577
    outer loop
      vertex 18.1817 -16.9139 10.0645
      vertex 18.3874 -17.2703 10.0418
      vertex 14.6004 -10.7109 7.05572
    endloop
  endfacet
  facet normal 0.866057 0.499945 -5.89067e-06
    outer loop
      vertex 19.0542 -18.4251 9.96816
      vertex 19.2944 -18.8412 9.94162
      vertex 18.8428 -18.059 0.691794
    endloop
  endfacet
  facet normal 0.865983 0.500074 8.65615e-06
    outer loop
      vertex 18.8428 -18.059 0.691794
      vertex 19.2944 -18.8412 9.94162
      vertex 19.5445 -19.2743 9.91399
    endloop
  endfacet
  facet normal 0.866086 0.499895 -2.27658e-05
    outer loop
      vertex 18.8428 -18.059 0.691794
      vertex 19.5445 -19.2743 9.91399
      vertex 19.8051 -19.7258 9.88518
    endloop
  endfacet
  facet normal 0.866051 0.499956 -7.98396e-06
    outer loop
      vertex 19.8051 -19.7258 9.88518
      vertex 20.077 -20.1968 9.85513
      vertex 18.8428 -18.059 0.691794
    endloop
  endfacet
  facet normal 0.865938 0.500152 5.28457e-05
    outer loop
      vertex 18.8428 -18.059 0.691794
      vertex 20.077 -20.1968 9.85513
      vertex 20.361 -20.6885 9.82374
    endloop
  endfacet
  facet normal 0.866116 0.499844 -6.55041e-05
    outer loop
      vertex 18.8428 -18.059 0.691794
      vertex 20.361 -20.6885 9.82374
      vertex 20.5077 -20.9427 9.80751
    endloop
  endfacet
  facet normal 0.866041 0.499973 -1.09708e-05
    outer loop
      vertex 20.5077 -20.9427 9.80751
      vertex 20.6578 -21.2027 9.79091
      vertex 18.8428 -18.059 0.691794
    endloop
  endfacet
  facet normal 0.865991 0.500059 2.8818e-05
    outer loop
      vertex 18.8428 -18.059 0.691794
      vertex 20.6578 -21.2027 9.79091
      vertex 20.8114 -21.4687 9.77393
    endloop
  endfacet
  facet normal 0.866021 0.500007 2.67287e-06
    outer loop
      vertex 18.8428 -18.059 0.691794
      vertex 20.8114 -21.4687 9.77393
      vertex 20.9685 -21.7408 9.75656
    endloop
  endfacet
  facet normal 0.86607 0.499922 -4.33588e-05
    outer loop
      vertex 20.9685 -21.7408 9.75656
      vertex 21.1292 -22.0192 9.73878
      vertex 18.8428 -18.059 0.691794
    endloop
  endfacet
  facet normal 0.865935 0.500157 9.35632e-05
    outer loop
      vertex 18.8428 -18.059 0.691794
      vertex 21.1292 -22.0192 9.73878
      vertex 21.2937 -22.304 9.72059
    endloop
  endfacet
  facet normal 0.866022 0.500005 -1.2299e-06
    outer loop
      vertex 18.8428 -18.059 0.691794
      vertex 21.2937 -22.304 9.72059
      vertex 21.462 -22.5955 9.70197
    endloop
  endfacet
  facet normal 0.866105 0.499861 -9.80003e-05
    outer loop
      vertex 21.462 -22.5955 9.70197
      vertex 21.6341 -22.8937 9.68293
      vertex 18.8428 -18.059 0.691794
    endloop
  endfacet
  facet normal 0.865818 0.500359 0.000258792
    outer loop
      vertex 18.8428 -18.059 0.691794
      vertex 21.6341 -22.8937 9.68293
      vertex 21.6519 -22.9245 9.68096
    endloop
  endfacet
  facet normal 0.424004 -0.734384 -0.53
    outer loop
      vertex 15.3063 -20.0249 0.58664
      vertex 18.7189 -18.0546 0.58664
      vertex 21.6495 -22.9289 9.68512
    endloop
  endfacet
  facet normal 0.423724 -0.734548 -0.529998
    outer loop
      vertex 21.6495 -22.9289 9.68512
      vertex 18.7189 -18.0546 0.58664
      vertex 18.8428 -18.059 0.691794
    endloop
  endfacet
  facet normal 0.425806 -0.733344 -0.529996
    outer loop
      vertex 21.6495 -22.9289 9.68512
      vertex 18.8428 -18.059 0.691794
      vertex 21.6519 -22.9245 9.68096
    endloop
  endfacet
  facet normal 0.423996 -0.734392 -0.529996
    outer loop
      vertex 21.6495 -22.9289 9.68512
      vertex 18.0622 -25 9.68512
      vertex 15.3063 -20.0249 0.58664
    endloop
  endfacet
  facet normal 0.424063 -0.734353 -0.529996
    outer loop
      vertex 15.3063 -20.0249 0.58664
      vertex 18.0622 -25 9.68512
      vertex 15.2481 -20.1344 0.691794
    endloop
  endfacet
  facet normal 0.426295 -0.733061 -0.529995
    outer loop
      vertex 15.2481 -20.1344 0.691794
      vertex 18.0622 -25 9.68512
      vertex 18.0572 -24.9999 9.68096
    endloop
  endfacet
  facet normal -0.866027 -0.499997 6.45856e-05
    outer loop
      vertex 9.80315 -10.7034 0.691794
      vertex 15.2481 -20.1344 0.691794
      vertex 9.90359 -10.8773 1.22189
    endloop
  endfacet
  facet normal -0.866029 -0.499993 -3.42968e-05
    outer loop
      vertex 9.90359 -10.8773 1.22189
      vertex 15.2481 -20.1344 0.691794
      vertex 10.0057 -11.0542 1.76096
    endloop
  endfacet
  facet normal -0.866031 -0.499989 -7.41227e-05
    outer loop
      vertex 10.0057 -11.0542 1.76096
      vertex 15.2481 -20.1344 0.691794
      vertex 10.1094 -11.2339 2.30923
    endloop
  endfacet
  facet normal -0.866024 -0.500003 2.6719e-05
    outer loop
      vertex 10.1094 -11.2339 2.30923
      vertex 15.2481 -20.1344 0.691794
      vertex 10.2149 -11.4166 2.86692
    endloop
  endfacet
  facet normal -0.866022 -0.500006 4.06897e-05
    outer loop
      vertex 10.2149 -11.4166 2.86692
      vertex 15.2481 -20.1344 0.691794
      vertex 10.3222 -11.6024 3.43428
    endloop
  endfacet
  facet normal -0.86602 -0.500009 5.38856e-05
    outer loop
      vertex 10.3222 -11.6024 3.43428
      vertex 15.2481 -20.1344 0.691794
      vertex 10.4313 -11.7913 4.01154
    endloop
  endfacet
  facet normal -0.866044 -0.499968 -8.43007e-05
    outer loop
      vertex 10.4313 -11.7913 4.01154
      vertex 15.2481 -20.1344 0.691794
      vertex 10.5422 -11.9835 4.59897
    endloop
  endfacet
  facet normal -0.866019 -0.500011 3.5821e-05
    outer loop
      vertex 10.5422 -11.9835 4.59897
      vertex 15.2481 -20.1344 0.691794
      vertex 10.6551 -12.179 5.19683
    endloop
  endfacet
  facet normal -0.866038 -0.499979 -4.0421e-05
    outer loop
      vertex 10.6551 -12.179 5.19683
      vertex 15.2481 -20.1344 0.691794
      vertex 10.7699 -12.3779 5.80538
    endloop
  endfacet
  facet normal -0.866012 -0.500024 5.14784e-05
    outer loop
      vertex 10.7699 -12.3779 5.80538
      vertex 15.2481 -20.1344 0.691794
      vertex 10.8868 -12.5803 6.42491
    endloop
  endfacet
  facet normal -0.866026 -0.499999 6.71238e-06
    outer loop
      vertex 10.8868 -12.5803 6.42491
      vertex 15.2481 -20.1344 0.691794
      vertex 15.2286 -20.1005 9.99367
    endloop
  endfacet
  facet normal -0.866031 -0.49999 3.00508e-05
    outer loop
      vertex 10.8868 -12.5803 6.42491
      vertex 15.2286 -20.1005 9.99367
      vertex 15.0065 -19.7158 10.0182
    endloop
  endfacet
  facet normal -0.866994 -0.498318 0.00121348
    outer loop
      vertex 18.0572 -24.9999 9.68096
      vertex 18.0395 -24.9691 9.68293
      vertex 15.2481 -20.1344 0.691794
    endloop
  endfacet
  facet normal -0.865984 -0.500072 -4.36738e-05
    outer loop
      vertex 15.2481 -20.1344 0.691794
      vertex 18.0395 -24.9691 9.68293
      vertex 17.8673 -24.6709 9.70197
    endloop
  endfacet
  facet normal -0.866022 -0.500005 1.2299e-06
    outer loop
      vertex 15.2481 -20.1344 0.691794
      vertex 17.8673 -24.6709 9.70197
      vertex 17.699 -24.3794 9.72059
    endloop
  endfacet
  facet normal -0.866063 -0.499935 4.52288e-05
    outer loop
      vertex 17.699 -24.3794 9.72059
      vertex 17.5346 -24.0946 9.73878
      vertex 15.2481 -20.1344 0.691794
    endloop
  endfacet
  facet normal -0.865939 -0.500149 -7.97879e-05
    outer loop
      vertex 15.2481 -20.1344 0.691794
      vertex 17.5346 -24.0946 9.73878
      vertex 17.3738 -23.8162 9.75656
    endloop
  endfacet
  facet normal -0.866021 -0.500007 -2.67287e-06
    outer loop
      vertex 15.2481 -20.1344 0.691794
      vertex 17.3738 -23.8162 9.75656
      vertex 17.2167 -23.5441 9.77393
    endloop
  endfacet
  facet normal -0.866129 -0.499821 9.05608e-05
    outer loop
      vertex 17.2167 -23.5441 9.77393
      vertex 17.0632 -23.2781 9.79091
      vertex 15.2481 -20.1344 0.691794
    endloop
  endfacet
  facet normal -0.8659 -0.500218 -9.22999e-05
    outer loop
      vertex 15.2481 -20.1344 0.691794
      vertex 17.0632 -23.2781 9.79091
      vertex 16.913 -23.0181 9.80751
    endloop
  endfacet
  facet normal -0.866116 -0.499844 6.55041e-05
    outer loop
      vertex 15.2481 -20.1344 0.691794
      vertex 16.913 -23.0181 9.80751
      vertex 16.7663 -22.7639 9.82374
    endloop
  endfacet
  facet normal -0.866056 -0.499947 2.56978e-05
    outer loop
      vertex 16.7663 -22.7639 9.82374
      vertex 16.4824 -22.2721 9.85513
      vertex 15.2481 -20.1344 0.691794
    endloop
  endfacet
  facet normal -0.865972 -0.500093 -1.95923e-05
    outer loop
      vertex 15.2481 -20.1344 0.691794
      vertex 16.4824 -22.2721 9.85513
      vertex 16.2104 -21.8011 9.88518
    endloop
  endfacet
  facet normal -0.866038 -0.499978 8.29335e-06
    outer loop
      vertex 15.2481 -20.1344 0.691794
      vertex 16.2104 -21.8011 9.88518
      vertex 15.9498 -21.3497 9.91399
    endloop
  endfacet
  facet normal -0.865983 -0.500074 -8.65615e-06
    outer loop
      vertex 15.9498 -21.3497 9.91399
      vertex 15.6997 -20.9166 9.94162
      vertex 15.2481 -20.1344 0.691794
    endloop
  endfacet
  facet normal -0.866057 -0.499945 5.89067e-06
    outer loop
      vertex 15.2481 -20.1344 0.691794
      vertex 15.6997 -20.9166 9.94162
      vertex 15.4595 -20.5005 9.96816
    endloop
  endfacet
  facet normal -0.866063 -0.499935 6.40487e-06
    outer loop
      vertex 15.2481 -20.1344 0.691794
      vertex 15.4595 -20.5005 9.96816
      vertex 15.2286 -20.1005 9.99367
    endloop
  endfacet
  facet normal -0.866005 -0.500035 -8.98099e-05
    outer loop
      vertex 15.0065 -19.7158 10.0182
      vertex 14.7928 -19.3457 10.0418
      vertex 10.8868 -12.5803 6.42491
    endloop
  endfacet
  facet normal -0.866013 -0.500022 -5.65295e-05
    outer loop
      vertex 10.8868 -12.5803 6.42491
      vertex 14.7928 -19.3457 10.0418
      vertex 11.0057 -12.7863 7.05572
    endloop
  endfacet
  facet normal -0.865995 -0.500052 -0.000144254
    outer loop
      vertex 11.0057 -12.7863 7.05572
      vertex 14.7928 -19.3457 10.0418
      vertex 14.587 -18.9893 10.0645
    endloop
  endfacet
  facet normal -0.866085 -0.499896 0.000284349
    outer loop
      vertex 11.0057 -12.7863 7.05572
      vertex 14.587 -18.9893 10.0645
      vertex 14.3888 -18.6459 10.0864
    endloop
  endfacet
  facet normal -0.865985 -0.500069 -0.000162203
    outer loop
      vertex 14.3888 -18.6459 10.0864
      vertex 14.1976 -18.3148 10.1075
      vertex 11.0057 -12.7863 7.05572
    endloop
  endfacet
  facet normal -0.866035 -0.499983 4.75688e-05
    outer loop
      vertex 11.0057 -12.7863 7.05572
      vertex 14.1976 -18.3148 10.1075
      vertex 11.1268 -12.996 7.69811
    endloop
  endfacet
  facet normal -0.866063 -0.499935 0.000188538
    outer loop
      vertex 11.1268 -12.996 7.69811
      vertex 14.1976 -18.3148 10.1075
      vertex 14.013 -17.995 10.1279
    endloop
  endfacet
  facet normal -0.865964 -0.500105 -0.000280054
    outer loop
      vertex 11.1268 -12.996 7.69811
      vertex 14.013 -17.995 10.1279
      vertex 13.8346 -17.6861 10.1475
    endloop
  endfacet
  facet normal -0.866022 -0.500006 -2.54859e-05
    outer loop
      vertex 13.8346 -17.6861 10.1475
      vertex 13.6622 -17.3875 10.1666
      vertex 11.1268 -12.996 7.69811
    endloop
  endfacet
  facet normal -0.866004 -0.500038 -0.00010154
    outer loop
      vertex 11.1268 -12.996 7.69811
      vertex 13.6622 -17.3875 10.1666
      vertex 11.25 -13.2095 8.35239
    endloop
  endfacet
  facet normal -0.866069 -0.499925 0.000246318
    outer loop
      vertex 11.25 -13.2095 8.35239
      vertex 13.6622 -17.3875 10.1666
      vertex 13.4955 -17.0987 10.1849
    endloop
  endfacet
  facet normal -0.86602 -0.500009 6.79858e-06
    outer loop
      vertex 11.25 -13.2095 8.35239
      vertex 13.4955 -17.0987 10.1849
      vertex 13.3343 -16.8195 10.2027
    endloop
  endfacet
  facet normal -0.865973 -0.500092 -0.000207486
    outer loop
      vertex 13.3343 -16.8195 10.2027
      vertex 13.1782 -16.5492 10.2199
      vertex 11.25 -13.2095 8.35239
    endloop
  endfacet
  facet normal -0.86607 -0.499923 0.000194785
    outer loop
      vertex 11.25 -13.2095 8.35239
      vertex 13.1782 -16.5492 10.2199
      vertex 13.0272 -16.2876 10.2366
    endloop
  endfacet
  facet normal -0.866053 -0.499953 0.0001298
    outer loop
      vertex 11.25 -13.2095 8.35239
      vertex 13.0272 -16.2876 10.2366
      vertex 11.3756 -13.4269 9.01888
    endloop
  endfacet
  facet normal -0.865972 -0.500092 -0.000307283
    outer loop
      vertex 11.3756 -13.4269 9.01888
      vertex 13.0272 -16.2876 10.2366
      vertex 12.8808 -16.0341 10.2527
    endloop
  endfacet
  facet normal -0.866044 -0.499968 4.14961e-05
    outer loop
      vertex 11.3756 -13.4269 9.01888
      vertex 12.8808 -16.0341 10.2527
      vertex 12.7389 -15.7883 10.2683
    endloop
  endfacet
  facet normal -0.866002 -0.500041 -0.000140816
    outer loop
      vertex 12.7389 -15.7883 10.2683
      vertex 12.6013 -15.55 10.2835
      vertex 11.3756 -13.4269 9.01888
    endloop
  endfacet
  facet normal -0.866019 -0.500011 -7.49443e-05
    outer loop
      vertex 11.3756 -13.4269 9.01888
      vertex 12.6013 -15.55 10.2835
      vertex 12.4681 -15.3193 10.2981
    endloop
  endfacet
  facet normal -0.866033 -0.499987 -2.66077e-05
    outer loop
      vertex 11.3756 -13.4269 9.01888
      vertex 12.4681 -15.3193 10.2981
      vertex 11.5034 -13.6483 9.69794
    endloop
  endfacet
  facet normal -0.866163 -0.499761 0.000811294
    outer loop
      vertex 11.5034 -13.6483 9.69794
      vertex 12.4681 -15.3193 10.2981
      vertex 12.3391 -15.0957 10.3123
    endloop
  endfacet
  facet normal -0.865914 -0.500192 -0.000541886
    outer loop
      vertex 11.5034 -13.6483 9.69794
      vertex 12.3391 -15.0957 10.3123
      vertex 12.2138 -14.8788 10.3261
    endloop
  endfacet
  facet normal -0.866024 -0.500002 -4.58467e-05
    outer loop
      vertex 12.2138 -14.8788 10.3261
      vertex 11.9731 -14.4619 10.3526
      vertex 11.5034 -13.6483 9.69794
    endloop
  endfacet
  facet normal -0.866078 -0.49991 0.000107346
    outer loop
      vertex 11.5034 -13.6483 9.69794
      vertex 11.9731 -14.4619 10.3526
      vertex 11.7432 -14.0636 10.3779
    endloop
  endfacet
  facet normal -0.866106 -0.499861 0.000147243
    outer loop
      vertex 11.5034 -13.6483 9.69794
      vertex 11.7432 -14.0636 10.3779
      vertex 11.6882 -13.9683 10.3839
    endloop
  endfacet
  facet normal -0.865868 -0.500272 -0.000108974
    outer loop
      vertex 11.6882 -13.9683 10.3839
      vertex 11.6336 -13.8738 10.3899
      vertex 11.5034 -13.6483 9.69794
    endloop
  endfacet
  facet normal -0.911121 -0.188765 -0.36637
    outer loop
      vertex -5.1325 -2.03183 0.648242
      vertex -5.02174 -2.56644 0.648242
      vertex -5.14099 -2.07538 0.691794
    endloop
  endfacet
  facet normal -0.917183 -0.191752 -0.349294
    outer loop
      vertex -5.14099 -2.07538 0.691794
      vertex -5.02174 -2.56644 0.648242
      vertex -8.59169 -3.2918 10.4205
    endloop
  endfacet
  facet normal -0.918346 -0.186548 -0.349056
    outer loop
      vertex -5.14099 -2.07538 0.691794
      vertex -8.59169 -3.2918 10.4205
      vertex -8.71792 -2.67039 10.4205
    endloop
  endfacet
  facet normal -0.909635 -0.22527 -0.349024
    outer loop
      vertex -8.59169 -3.2918 10.4205
      vertex -5.02174 -2.56644 0.648242
      vertex -8.43926 -3.90731 10.4205
    endloop
  endfacet
  facet normal -0.907273 -0.234039 -0.349401
    outer loop
      vertex -8.43926 -3.90731 10.4205
      vertex -5.02174 -2.56644 0.648242
      vertex -4.88537 -3.09509 0.648242
    endloop
  endfacet
  facet normal -0.899311 -0.263567 -0.34896
    outer loop
      vertex -8.43926 -3.90731 10.4205
      vertex -4.88537 -3.09509 0.648242
      vertex -8.26092 -4.51582 10.4205
    endloop
  endfacet
  facet normal -0.894929 -0.277447 -0.349464
    outer loop
      vertex -8.26092 -4.51582 10.4205
      vertex -4.88537 -3.09509 0.648242
      vertex -4.7237 -3.61657 0.648242
    endloop
  endfacet
  facet normal -0.887357 -0.301407 -0.348928
    outer loop
      vertex -8.26092 -4.51582 10.4205
      vertex -4.7237 -3.61657 0.648242
      vertex -8.05698 -5.11623 10.4205
    endloop
  endfacet
  facet normal -0.880524 -0.320217 -0.349484
    outer loop
      vertex -8.05698 -5.11623 10.4205
      vertex -4.7237 -3.61657 0.648242
      vertex -4.53711 -4.12965 0.648242
    endloop
  endfacet
  facet normal -0.873809 -0.338682 -0.34893
    outer loop
      vertex -8.05698 -5.11623 10.4205
      vertex -4.53711 -4.12965 0.648242
      vertex -7.82782 -5.70747 10.4205
    endloop
  endfacet
  facet normal -0.864093 -0.362243 -0.349462
    outer loop
      vertex -7.82782 -5.70747 10.4205
      vertex -4.53711 -4.12965 0.648242
      vertex -4.32603 -4.63316 0.648242
    endloop
  endfacet
  facet normal -0.858676 -0.375366 -0.348964
    outer loop
      vertex -7.82782 -5.70747 10.4205
      vertex -4.32603 -4.63316 0.648242
      vertex -7.57383 -6.28849 10.4205
    endloop
  endfacet
  facet normal -0.845676 -0.403428 -0.349397
    outer loop
      vertex -7.57383 -6.28849 10.4205
      vertex -4.32603 -4.63316 0.648242
      vertex -4.09096 -5.12592 0.648242
    endloop
  endfacet
  facet normal -0.841997 -0.411363 -0.349029
    outer loop
      vertex -7.57383 -6.28849 10.4205
      vertex -4.09096 -5.12592 0.648242
      vertex -7.29548 -6.85823 10.4205
    endloop
  endfacet
  facet normal -0.825301 -0.443707 -0.349288
    outer loop
      vertex -7.29548 -6.85823 10.4205
      vertex -4.09096 -5.12592 0.648242
      vertex -3.83243 -5.60679 0.648242
    endloop
  endfacet
  facet normal -0.823797 -0.446619 -0.349128
    outer loop
      vertex -7.29548 -6.85823 10.4205
      vertex -3.83243 -5.60679 0.648242
      vertex -6.99326 -7.41568 10.4205
    endloop
  endfacet
  facet normal -0.80415 -0.481077 -0.349152
    outer loop
      vertex -6.99326 -7.41568 10.4205
      vertex -3.83243 -5.60679 0.648242
      vertex -6.66772 -7.95984 10.4205
    endloop
  endfacet
  facet normal -0.803002 -0.482913 -0.34926
    outer loop
      vertex -6.66772 -7.95984 10.4205
      vertex -3.83243 -5.60679 0.648242
      vertex -3.55106 -6.07466 0.648242
    endloop
  endfacet
  facet normal -0.783099 -0.514706 -0.349046
    outer loop
      vertex -6.66772 -7.95984 10.4205
      vertex -3.55106 -6.07466 0.648242
      vertex -6.31944 -8.48973 10.4205
    endloop
  endfacet
  facet normal -0.77877 -0.521011 -0.349378
    outer loop
      vertex -6.31944 -8.48973 10.4205
      vertex -3.55106 -6.07466 0.648242
      vertex -3.24748 -6.52843 0.648242
    endloop
  endfacet
  facet normal -0.760629 -0.547413 -0.348974
    outer loop
      vertex -6.31944 -8.48973 10.4205
      vertex -3.24748 -6.52843 0.648242
      vertex -5.94904 -9.0044 10.4205
    endloop
  endfacet
  facet normal -0.752758 -0.557888 -0.349452
    outer loop
      vertex -5.94904 -9.0044 10.4205
      vertex -3.24748 -6.52843 0.648242
      vertex -2.9224 -6.96706 0.648242
    endloop
  endfacet
  facet normal -0.736796 -0.579118 -0.348934
    outer loop
      vertex -5.94904 -9.0044 10.4205
      vertex -2.9224 -6.96706 0.648242
      vertex -5.55719 -9.50294 10.4205
    endloop
  endfacet
  facet normal -0.725032 -0.593456 -0.349483
    outer loop
      vertex -5.55719 -9.50294 10.4205
      vertex -2.9224 -6.96706 0.648242
      vertex -2.57659 -7.38954 0.648242
    endloop
  endfacet
  facet normal -0.711621 -0.609792 -0.348926
    outer loop
      vertex -5.55719 -9.50294 10.4205
      vertex -2.57659 -7.38954 0.648242
      vertex -5.14459 -9.98444 10.4205
    endloop
  endfacet
  facet normal -0.695605 -0.627697 -0.349471
    outer loop
      vertex -5.14459 -9.98444 10.4205
      vertex -2.57659 -7.38954 0.648242
      vertex -2.21083 -7.79487 0.648242
    endloop
  endfacet
  facet normal -0.685204 -0.639318 -0.348953
    outer loop
      vertex -5.14459 -9.98444 10.4205
      vertex -2.21083 -7.79487 0.648242
      vertex -4.71198 -10.4481 10.4205
    endloop
  endfacet
  facet normal -0.664591 -0.660472 -0.349421
    outer loop
      vertex -4.71198 -10.4481 10.4205
      vertex -2.21083 -7.79487 0.648242
      vertex -1.82598 -8.18212 0.648242
    endloop
  endfacet
  facet normal -0.657421 -0.667826 -0.349008
    outer loop
      vertex -4.71198 -10.4481 10.4205
      vertex -1.82598 -8.18212 0.648242
      vertex -4.26014 -10.8929 10.4205
    endloop
  endfacet
  facet normal -0.632053 -0.691726 -0.349319
    outer loop
      vertex -4.26014 -10.8929 10.4205
      vertex -1.82598 -8.18212 0.648242
      vertex -1.42293 -8.5504 0.648242
    endloop
  endfacet
  facet normal -0.628637 -0.694943 -0.349098
    outer loop
      vertex -4.26014 -10.8929 10.4205
      vertex -1.42293 -8.5504 0.648242
      vertex -3.78987 -11.3183 10.4205
    endloop
  endfacet
  facet normal -0.598622 -0.720917 -0.349185
    outer loop
      vertex -3.78987 -11.3183 10.4205
      vertex -1.42293 -8.5504 0.648242
      vertex -3.30201 -11.7234 10.4205
    endloop
  endfacet
  facet normal -0.598034 -0.721386 -0.349224
    outer loop
      vertex -3.30201 -11.7234 10.4205
      vertex -1.42293 -8.5504 0.648242
      vertex -1.00262 -8.89884 0.648242
    endloop
  endfacet
  facet normal -0.567521 -0.7457 -0.349072
    outer loop
      vertex -3.30201 -11.7234 10.4205
      vertex -1.00262 -8.89884 0.648242
      vertex -2.79745 -12.1074 10.4205
    endloop
  endfacet
  facet normal -0.562582 -0.749305 -0.349349
    outer loop
      vertex -2.79745 -12.1074 10.4205
      vertex -1.00262 -8.89884 0.648242
      vertex -0.566022 -9.22664 0.648242
    endloop
  endfacet
  facet normal -0.535562 -0.769013 -0.348989
    outer loop
      vertex -2.79745 -12.1074 10.4205
      vertex -0.566022 -9.22664 0.648242
      vertex -2.27708 -12.4698 10.4205
    endloop
  endfacet
  facet normal -0.525822 -0.775503 -0.349437
    outer loop
      vertex -2.27708 -12.4698 10.4205
      vertex -0.566022 -9.22664 0.648242
      vertex -0.114146 -9.53303 0.648242
    endloop
  endfacet
  facet normal -0.502497 -0.791034 -0.348942
    outer loop
      vertex -2.27708 -12.4698 10.4205
      vertex -0.114146 -9.53303 0.648242
      vertex -1.74185 -12.8098 10.4205
    endloop
  endfacet
  facet normal -0.48788 -0.799898 -0.34948
    outer loop
      vertex -1.74185 -12.8098 10.4205
      vertex -0.114146 -9.53303 0.648242
      vertex 0.351958 -9.81732 0.648242
    endloop
  endfacet
  facet normal -0.468518 -0.81163 -0.348924
    outer loop
      vertex -1.74185 -12.8098 10.4205
      vertex 0.351958 -9.81732 0.648242
      vertex -1.1927 -13.1268 10.4205
    endloop
  endfacet
  facet normal -0.44875 -0.822489 -0.349477
    outer loop
      vertex -1.1927 -13.1268 10.4205
      vertex 0.351958 -9.81732 0.648242
      vertex 0.83121 -10.0788 0.648242
    endloop
  endfacet
  facet normal -0.433889 -0.830649 -0.348944
    outer loop
      vertex -1.1927 -13.1268 10.4205
      vertex 0.83121 -10.0788 0.648242
      vertex -0.630624 -13.4204 10.4205
    endloop
  endfacet
  facet normal -0.408769 -0.843089 -0.34944
    outer loop
      vertex -0.630624 -13.4204 10.4205
      vertex 0.83121 -10.0788 0.648242
      vertex 1.3225 -10.317 0.648242
    endloop
  endfacet
  facet normal -0.39816 -0.848338 -0.348987
    outer loop
      vertex -0.630624 -13.4204 10.4205
      vertex 1.3225 -10.317 0.648242
      vertex -0.0566284 -13.6898 10.4205
    endloop
  endfacet
  facet normal -0.36762 -0.861866 -0.349346
    outer loop
      vertex -0.0566284 -13.6898 10.4205
      vertex 1.3225 -10.317 0.648242
      vertex 1.82468 -10.5312 0.648242
    endloop
  endfacet
  facet normal -0.362054 -0.86433 -0.349071
    outer loop
      vertex -0.0566284 -13.6898 10.4205
      vertex 1.82468 -10.5312 0.648242
      vertex 0.528259 -13.9348 10.4205
    endloop
  endfacet
  facet normal -0.325755 -0.878594 -0.349223
    outer loop
      vertex 0.528259 -13.9348 10.4205
      vertex 1.82468 -10.5312 0.648242
      vertex 2.33659 -10.721 0.648242
    endloop
  endfacet
  facet normal -0.324971 -0.878901 -0.349179
    outer loop
      vertex 0.528259 -13.9348 10.4205
      vertex 2.33659 -10.721 0.648242
      vertex 1.12299 -14.1547 10.4205
    endloop
  endfacet
  facet normal -0.287581 -0.89187 -0.349092
    outer loop
      vertex 1.12299 -14.1547 10.4205
      vertex 2.33659 -10.721 0.648242
      vertex 1.7265 -14.3493 10.4205
    endloop
  endfacet
  facet normal -0.283011 -0.893243 -0.349317
    outer loop
      vertex 1.7265 -14.3493 10.4205
      vertex 2.33659 -10.721 0.648242
      vertex 2.85705 -10.8859 0.648242
    endloop
  endfacet
  facet normal -0.24961 -0.903266 -0.349005
    outer loop
      vertex 1.7265 -14.3493 10.4205
      vertex 2.85705 -10.8859 0.648242
      vertex 2.3377 -14.5182 10.4205
    endloop
  endfacet
  facet normal -0.239583 -0.905817 -0.349421
    outer loop
      vertex 2.3377 -14.5182 10.4205
      vertex 2.85705 -10.8859 0.648242
      vertex 3.38485 -11.0255 0.648242
    endloop
  endfacet
  facet normal -0.211049 -0.913066 -0.348954
    outer loop
      vertex 2.3377 -14.5182 10.4205
      vertex 3.38485 -11.0255 0.648242
      vertex 2.9555 -14.661 10.4205
    endloop
  endfacet
  facet normal -0.195814 -0.916257 -0.349471
    outer loop
      vertex 2.9555 -14.661 10.4205
      vertex 3.38485 -11.0255 0.648242
      vertex 3.91875 -11.1396 0.648242
    endloop
  endfacet
  facet normal -0.172322 -0.921171 -0.348926
    outer loop
      vertex 2.9555 -14.661 10.4205
      vertex 3.91875 -11.1396 0.648242
      vertex 3.5788 -14.7776 10.4205
    endloop
  endfacet
  facet normal -0.151533 -0.924608 -0.349483
    outer loop
      vertex 3.5788 -14.7776 10.4205
      vertex 3.91875 -11.1396 0.648242
      vertex 4.45753 -11.2279 0.648242
    endloop
  endfacet
  facet normal -0.13316 -0.927639 -0.348932
    outer loop
      vertex 3.5788 -14.7776 10.4205
      vertex 4.45753 -11.2279 0.648242
      vertex 4.20647 -14.8677 10.4205
    endloop
  endfacet
  facet normal -0.106744 -0.930854 -0.349451
    outer loop
      vertex 4.20647 -14.8677 10.4205
      vertex 4.45753 -11.2279 0.648242
      vertex 4.99994 -11.2901 0.648242
    endloop
  endfacet
  facet normal -0.0936989 -0.932437 -0.348971
    outer loop
      vertex 4.20647 -14.8677 10.4205
      vertex 4.99994 -11.2901 0.648242
      vertex 4.83739 -14.9311 10.4205
    endloop
  endfacet
  facet normal -0.0617838 -0.934944 -0.349374
    outer loop
      vertex 4.83739 -14.9311 10.4205
      vertex 4.99994 -11.2901 0.648242
      vertex 5.54471 -11.3261 0.648242
    endloop
  endfacet
  facet normal -0.0542369 -0.935535 -0.349046
    outer loop
      vertex 4.83739 -14.9311 10.4205
      vertex 5.54471 -11.3261 0.648242
      vertex 5.47043 -14.9678 10.4205
    endloop
  endfacet
  facet normal -0.0166481 -0.936878 -0.349261
    outer loop
      vertex 5.47043 -14.9678 10.4205
      vertex 5.54471 -11.3261 0.648242
      vertex 6.09058 -11.3358 0.648242
    endloop
  endfacet
  facet normal -0.0144824 -0.936954 -0.349152
    outer loop
      vertex 5.47043 -14.9678 10.4205
      vertex 6.09058 -11.3358 0.648242
      vertex 6.10445 -14.9776 10.4205
    endloop
  endfacet
  facet normal 0.0249747 -0.936742 -0.349128
    outer loop
      vertex 6.10445 -14.9776 10.4205
      vertex 6.09058 -11.3358 0.648242
      vertex 6.73833 -14.9607 10.4205
    endloop
  endfacet
  facet normal 0.0283185 -0.936586 -0.349292
    outer loop
      vertex 6.73833 -14.9607 10.4205
      vertex 6.09058 -11.3358 0.648242
      vertex 6.63629 -11.3193 0.648242
    endloop
  endfacet
  facet normal 0.0648779 -0.934862 -0.349032
    outer loop
      vertex 6.73833 -14.9607 10.4205
      vertex 6.63629 -11.3193 0.648242
      vertex 7.37091 -14.9168 10.4205
    endloop
  endfacet
  facet normal 0.0734533 -0.934093 -0.349393
    outer loop
      vertex 7.37091 -14.9168 10.4205
      vertex 6.63629 -11.3193 0.648242
      vertex 7.18057 -11.2765 0.648242
    endloop
  endfacet
  facet normal 0.104192 -0.931327 -0.348961
    outer loop
      vertex 7.37091 -14.9168 10.4205
      vertex 7.18057 -11.2765 0.648242
      vertex 8.00108 -14.8463 10.4205
    endloop
  endfacet
  facet normal 0.118413 -0.929437 -0.349465
    outer loop
      vertex 8.00108 -14.8463 10.4205
      vertex 7.18057 -11.2765 0.648242
      vertex 7.72216 -11.2075 0.648242
    endloop
  endfacet
  facet normal 0.143653 -0.926072 -0.348933
    outer loop
      vertex 8.00108 -14.8463 10.4205
      vertex 7.72216 -11.2075 0.648242
      vertex 8.62769 -14.7491 10.4205
    endloop
  endfacet
  facet normal 0.162864 -0.922679 -0.349483
    outer loop
      vertex 8.62769 -14.7491 10.4205
      vertex 7.72216 -11.2075 0.648242
      vertex 8.2598 -11.1126 0.648242
    endloop
  endfacet
  facet normal 0.18267 -0.919175 -0.348925
    outer loop
      vertex 8.62769 -14.7491 10.4205
      vertex 8.2598 -11.1126 0.648242
      vertex 9.24963 -14.6255 10.4205
    endloop
  endfacet
  facet normal 0.207144 -0.913767 -0.349459
    outer loop
      vertex 9.24963 -14.6255 10.4205
      vertex 8.2598 -11.1126 0.648242
      vertex 8.79224 -10.9919 0.648242
    endloop
  endfacet
  facet normal 0.221387 -0.910614 -0.348954
    outer loop
      vertex 9.24963 -14.6255 10.4205
      vertex 8.79224 -10.9919 0.648242
      vertex 9.86579 -14.4757 10.4205
    endloop
  endfacet
  facet normal 0.251068 -0.902711 -0.349397
    outer loop
      vertex 9.86579 -14.4757 10.4205
      vertex 8.79224 -10.9919 0.648242
      vertex 9.31826 -10.8456 0.648242
    endloop
  endfacet
  facet normal 0.259685 -0.900413 -0.349026
    outer loop
      vertex 9.86579 -14.4757 10.4205
      vertex 9.31826 -10.8456 0.648242
      vertex 10.475 -14.3 10.4205
    endloop
  endfacet
  facet normal 0.292438 -0.890209 -0.349296
    outer loop
      vertex 10.475 -14.3 10.4205
      vertex 9.31826 -10.8456 0.648242
      vertex 9.80315 -10.7034 0.691794
    endloop
  endfacet
  facet normal 0.297623 -0.888584 -0.349054
    outer loop
      vertex 10.475 -14.3 10.4205
      vertex 9.80315 -10.7034 0.691794
      vertex 11.0763 -14.0986 10.4205
    endloop
  endfacet
  facet normal 0.315188 -0.882445 -0.34921
    outer loop
      vertex 11.0763 -14.0986 10.4205
      vertex 9.80315 -10.7034 0.691794
      vertex 9.90359 -10.8773 1.22189
    endloop
  endfacet
  facet normal 0.314128 -0.882824 -0.349207
    outer loop
      vertex 11.0763 -14.0986 10.4205
      vertex 9.90359 -10.8773 1.22189
      vertex 10.0057 -11.0542 1.76096
    endloop
  endfacet
  facet normal 0.292005 -0.883618 -0.365996
    outer loop
      vertex 9.31826 -10.8456 0.648242
      vertex 9.83662 -10.6743 0.648242
      vertex 9.80315 -10.7034 0.691794
    endloop
  endfacet
  facet normal 0.320073 -0.880692 -0.349193
    outer loop
      vertex 10.0057 -11.0542 1.76096
      vertex 10.1094 -11.2339 2.30923
      vertex 11.0763 -14.0986 10.4205
    endloop
  endfacet
  facet normal 0.321685 -0.88011 -0.349179
    outer loop
      vertex 11.0763 -14.0986 10.4205
      vertex 10.1094 -11.2339 2.30923
      vertex 10.2149 -11.4166 2.86692
    endloop
  endfacet
  facet normal 0.323119 -0.879592 -0.349159
    outer loop
      vertex 11.0763 -14.0986 10.4205
      vertex 10.2149 -11.4166 2.86692
      vertex 10.3222 -11.6024 3.43428
    endloop
  endfacet
  facet normal 0.325915 -0.878583 -0.3491
    outer loop
      vertex 10.3222 -11.6024 3.43428
      vertex 10.4313 -11.7913 4.01154
      vertex 11.0763 -14.0986 10.4205
    endloop
  endfacet
  facet normal 0.327011 -0.878189 -0.349069
    outer loop
      vertex 11.0763 -14.0986 10.4205
      vertex 10.4313 -11.7913 4.01154
      vertex 10.5422 -11.9835 4.59897
    endloop
  endfacet
  facet normal 0.328359 -0.877706 -0.349017
    outer loop
      vertex 11.0763 -14.0986 10.4205
      vertex 10.5422 -11.9835 4.59897
      vertex 10.6551 -12.179 5.19683
    endloop
  endfacet
  facet normal 0.334071 -0.875663 -0.348727
    outer loop
      vertex 11.0763 -14.0986 10.4205
      vertex 10.6551 -12.179 5.19683
      vertex 11.6336 -13.8738 10.3899
    endloop
  endfacet
  facet normal -0.909258 -0.414673 0.0359942
    outer loop
      vertex 11.6336 -13.8738 10.3899
      vertex 10.6551 -12.179 5.19683
      vertex 10.7699 -12.3779 5.80538
    endloop
  endfacet
  facet normal -0.806549 -0.589779 -0.0404913
    outer loop
      vertex 11.6336 -13.8738 10.3899
      vertex 10.7699 -12.3779 5.80538
      vertex 10.8868 -12.5803 6.42491
    endloop
  endfacet
  facet normal -0.921848 -0.384546 0.0481782
    outer loop
      vertex 10.8868 -12.5803 6.42491
      vertex 11.0057 -12.7863 7.05572
      vertex 11.6336 -13.8738 10.3899
    endloop
  endfacet
  facet normal -0.813631 -0.580264 -0.0360382
    outer loop
      vertex 11.6336 -13.8738 10.3899
      vertex 11.0057 -12.7863 7.05572
      vertex 11.1268 -12.996 7.69811
    endloop
  endfacet
  facet normal -0.883282 -0.468649 0.0134731
    outer loop
      vertex 11.6336 -13.8738 10.3899
      vertex 11.1268 -12.996 7.69811
      vertex 11.5034 -13.6483 9.69794
    endloop
  endfacet
  facet normal -0.769408 -0.635697 -0.0624585
    outer loop
      vertex 11.5034 -13.6483 9.69794
      vertex 11.1268 -12.996 7.69811
      vertex 11.3756 -13.4269 9.01888
    endloop
  endfacet
  facet normal -0.6011 0.71945 0.347952
    outer loop
      vertex 11.3756 -13.4269 9.01888
      vertex 11.1268 -12.996 7.69811
      vertex 11.25 -13.2095 8.35239
    endloop
  endfacet
  facet normal 0.337029 -0.880797 -0.332578
    outer loop
      vertex 11.6336 -13.8738 10.3899
      vertex 11.6685 -13.872 10.4205
      vertex 11.0763 -14.0986 10.4205
    endloop
  endfacet
  facet normal -0.931955 -0.148561 -0.330742
    outer loop
      vertex -8.81774 -2.0442 10.4205
      vertex -8.80191 -2.07538 10.3899
      vertex -8.71792 -2.67039 10.4205
    endloop
  endfacet
  facet normal -0.925461 -0.148558 -0.348502
    outer loop
      vertex -8.71792 -2.67039 10.4205
      vertex -8.80191 -2.07538 10.3899
      vertex -7.78826 -2.07538 7.69811
    endloop
  endfacet
  facet normal -0.925138 -0.150052 -0.348718
    outer loop
      vertex -8.71792 -2.67039 10.4205
      vertex -7.78826 -2.07538 7.69811
      vertex -7.54612 -2.07538 7.05572
    endloop
  endfacet
  facet normal 0 -1 0
    outer loop
      vertex -8.80191 -2.07538 10.3899
      vertex -8.54148 -2.07538 9.69794
      vertex -7.78826 -2.07538 7.69811
    endloop
  endfacet
  facet normal 0 -1 0
    outer loop
      vertex -7.78826 -2.07538 7.69811
      vertex -8.54148 -2.07538 9.69794
      vertex -8.28581 -2.07538 9.01888
    endloop
  endfacet
  facet normal 0 -1 0
    outer loop
      vertex -7.78826 -2.07538 7.69811
      vertex -8.28581 -2.07538 9.01888
      vertex -8.03478 -2.07538 8.35239
    endloop
  endfacet
  facet normal -0.925 -0.150734 -0.34879
    outer loop
      vertex -7.54612 -2.07538 7.05572
      vertex -7.30826 -2.07538 6.42491
      vertex -8.71792 -2.67039 10.4205
    endloop
  endfacet
  facet normal -0.924786 -0.151835 -0.348879
    outer loop
      vertex -8.71792 -2.67039 10.4205
      vertex -7.30826 -2.07538 6.42491
      vertex -7.07454 -2.07538 5.80538
    endloop
  endfacet
  facet normal -0.924588 -0.15289 -0.348944
    outer loop
      vertex -8.71792 -2.67039 10.4205
      vertex -7.07454 -2.07538 5.80538
      vertex -6.84487 -2.07538 5.19683
    endloop
  endfacet
  facet normal -0.924359 -0.154134 -0.349004
    outer loop
      vertex -6.84487 -2.07538 5.19683
      vertex -6.61914 -2.07538 4.59897
      vertex -8.71792 -2.67039 10.4205
    endloop
  endfacet
  facet normal -0.924066 -0.155747 -0.349063
    outer loop
      vertex -8.71792 -2.67039 10.4205
      vertex -6.61914 -2.07538 4.59897
      vertex -6.39724 -2.07538 4.01154
    endloop
  endfacet
  facet normal -0.923729 -0.157616 -0.349115
    outer loop
      vertex -8.71792 -2.67039 10.4205
      vertex -6.39724 -2.07538 4.01154
      vertex -6.17907 -2.07538 3.43428
    endloop
  endfacet
  facet normal -0.923392 -0.1595 -0.349153
    outer loop
      vertex -6.17907 -2.07538 3.43428
      vertex -5.96454 -2.07538 2.86692
      vertex -8.71792 -2.67039 10.4205
    endloop
  endfacet
  facet normal -0.923003 -0.161668 -0.349182
    outer loop
      vertex -8.71792 -2.67039 10.4205
      vertex -5.96454 -2.07538 2.86692
      vertex -5.75356 -2.07538 2.30923
    endloop
  endfacet
  facet normal -0.92255 -0.164197 -0.349202
    outer loop
      vertex -8.71792 -2.67039 10.4205
      vertex -5.75356 -2.07538 2.30923
      vertex -5.54603 -2.07538 1.76096
    endloop
  endfacet
  facet normal -0.922017 -0.167148 -0.349209
    outer loop
      vertex -5.54603 -2.07538 1.76096
      vertex -5.34186 -2.07538 1.22189
      vertex -8.71792 -2.67039 10.4205
    endloop
  endfacet
  facet normal -0.921549 -0.16972 -0.349204
    outer loop
      vertex -8.71792 -2.67039 10.4205
      vertex -5.34186 -2.07538 1.22189
      vertex -5.14099 -2.07538 0.691794
    endloop
  endfacet
  facet normal 0 -1 0
    outer loop
      vertex -5.14099 -2.07538 0.691794
      vertex -5.34186 -2.07538 1.22189
      vertex -16.0309 -2.07538 0.691794
    endloop
  endfacet
  facet normal 0 -1 0
    outer loop
      vertex -16.0309 -2.07538 0.691794
      vertex -5.34186 -2.07538 1.22189
      vertex -5.54603 -2.07538 1.76096
    endloop
  endfacet
  facet normal 0 -1 0
    outer loop
      vertex -16.0309 -2.07538 0.691794
      vertex -5.54603 -2.07538 1.76096
      vertex -5.75356 -2.07538 2.30923
    endloop
  endfacet
  facet normal -0 -1 0
    outer loop
      vertex -5.75356 -2.07538 2.30923
      vertex -5.96454 -2.07538 2.86692
      vertex -16.0309 -2.07538 0.691794
    endloop
  endfacet
  facet normal 0 -1 0
    outer loop
      vertex -16.0309 -2.07538 0.691794
      vertex -5.96454 -2.07538 2.86692
      vertex -6.17907 -2.07538 3.43428
    endloop
  endfacet
  facet normal 0 -1 0
    outer loop
      vertex -16.0309 -2.07538 0.691794
      vertex -6.17907 -2.07538 3.43428
      vertex -6.39724 -2.07538 4.01154
    endloop
  endfacet
  facet normal -0 -1 0
    outer loop
      vertex -6.39724 -2.07538 4.01154
      vertex -6.61914 -2.07538 4.59897
      vertex -16.0309 -2.07538 0.691794
    endloop
  endfacet
  facet normal 0 -1 0
    outer loop
      vertex -16.0309 -2.07538 0.691794
      vertex -6.61914 -2.07538 4.59897
      vertex -6.84487 -2.07538 5.19683
    endloop
  endfacet
  facet normal 0 -1 0
    outer loop
      vertex -16.0309 -2.07538 0.691794
      vertex -6.84487 -2.07538 5.19683
      vertex -7.07454 -2.07538 5.80538
    endloop
  endfacet
  facet normal -0 -1 0
    outer loop
      vertex -7.07454 -2.07538 5.80538
      vertex -7.30826 -2.07538 6.42491
      vertex -16.0309 -2.07538 0.691794
    endloop
  endfacet
  facet normal 0 -1 0
    outer loop
      vertex -16.0309 -2.07538 0.691794
      vertex -7.30826 -2.07538 6.42491
      vertex -15.9918 -2.07538 9.99367
    endloop
  endfacet
  facet normal 0 -1 0
    outer loop
      vertex -16.0309 -2.07538 0.691794
      vertex -15.9918 -2.07538 9.99367
      vertex -16.4537 -2.07538 9.96816
    endloop
  endfacet
  facet normal -0 -1 -0
    outer loop
      vertex -7.54612 -2.07538 7.05572
      vertex -15.1202 -2.07538 10.0418
      vertex -7.30826 -2.07538 6.42491
    endloop
  endfacet
  facet normal 0 -1 0
    outer loop
      vertex -7.30826 -2.07538 6.42491
      vertex -15.1202 -2.07538 10.0418
      vertex -15.5476 -2.07538 10.0182
    endloop
  endfacet
  facet normal 0 -1 0
    outer loop
      vertex -7.30826 -2.07538 6.42491
      vertex -15.5476 -2.07538 10.0182
      vertex -15.9918 -2.07538 9.99367
    endloop
  endfacet
  facet normal -0 -1 -0
    outer loop
      vertex -7.78826 -2.07538 7.69811
      vertex -13.9299 -2.07538 10.1075
      vertex -7.54612 -2.07538 7.05572
    endloop
  endfacet
  facet normal 0 -1 0
    outer loop
      vertex -7.54612 -2.07538 7.05572
      vertex -13.9299 -2.07538 10.1075
      vertex -14.3123 -2.07538 10.0864
    endloop
  endfacet
  facet normal 0 -1 0
    outer loop
      vertex -7.54612 -2.07538 7.05572
      vertex -14.3123 -2.07538 10.0864
      vertex -14.7088 -2.07538 10.0645
    endloop
  endfacet
  facet normal -0 -1 -0
    outer loop
      vertex -8.03478 -2.07538 8.35239
      vertex -12.8591 -2.07538 10.1666
      vertex -7.78826 -2.07538 7.69811
    endloop
  endfacet
  facet normal 0 -1 0
    outer loop
      vertex -7.78826 -2.07538 7.69811
      vertex -12.8591 -2.07538 10.1666
      vertex -13.2039 -2.07538 10.1475
    endloop
  endfacet
  facet normal 0 -1 0
    outer loop
      vertex -7.78826 -2.07538 7.69811
      vertex -13.2039 -2.07538 10.1475
      vertex -13.5607 -2.07538 10.1279
    endloop
  endfacet
  facet normal -0 -1 -0
    outer loop
      vertex -8.28581 -2.07538 9.01888
      vertex -11.5891 -2.07538 10.2366
      vertex -8.03478 -2.07538 8.35239
    endloop
  endfacet
  facet normal 0 -1 0
    outer loop
      vertex -8.03478 -2.07538 8.35239
      vertex -11.5891 -2.07538 10.2366
      vertex -11.8912 -2.07538 10.2199
    endloop
  endfacet
  facet normal 0 -1 0
    outer loop
      vertex -8.03478 -2.07538 8.35239
      vertex -11.8912 -2.07538 10.2199
      vertex -12.2032 -2.07538 10.2027
    endloop
  endfacet
  facet normal -0 -1 -0
    outer loop
      vertex -8.54148 -2.07538 9.69794
      vertex -10.471 -2.07538 10.2981
      vertex -8.28581 -2.07538 9.01888
    endloop
  endfacet
  facet normal 0 -1 0
    outer loop
      vertex -8.28581 -2.07538 9.01888
      vertex -10.471 -2.07538 10.2981
      vertex -10.7373 -2.07538 10.2835
    endloop
  endfacet
  facet normal 0 -1 0
    outer loop
      vertex -8.28581 -2.07538 9.01888
      vertex -10.7373 -2.07538 10.2835
      vertex -11.0126 -2.07538 10.2683
    endloop
  endfacet
  facet normal 0 -1 -0
    outer loop
      vertex -8.80191 -2.07538 10.3899
      vertex -8.91103 -2.07538 10.3839
      vertex -8.54148 -2.07538 9.69794
    endloop
  endfacet
  facet normal 0 -1 0
    outer loop
      vertex -8.54148 -2.07538 9.69794
      vertex -8.91103 -2.07538 10.3839
      vertex -9.021 -2.07538 10.3779
    endloop
  endfacet
  facet normal 0 -1 0
    outer loop
      vertex -8.54148 -2.07538 9.69794
      vertex -9.021 -2.07538 10.3779
      vertex -9.48091 -2.07538 10.3526
    endloop
  endfacet
  facet normal 0 -1 -0
    outer loop
      vertex -9.48091 -2.07538 10.3526
      vertex -9.96229 -2.07538 10.3261
      vertex -8.54148 -2.07538 9.69794
    endloop
  endfacet
  facet normal 0 -1 0
    outer loop
      vertex -8.54148 -2.07538 9.69794
      vertex -9.96229 -2.07538 10.3261
      vertex -10.2129 -2.07538 10.3123
    endloop
  endfacet
  facet normal 0 -1 0
    outer loop
      vertex -8.54148 -2.07538 9.69794
      vertex -10.2129 -2.07538 10.3123
      vertex -10.471 -2.07538 10.2981
    endloop
  endfacet
  facet normal 0 -1 -0
    outer loop
      vertex -11.0126 -2.07538 10.2683
      vertex -11.2964 -2.07538 10.2527
      vertex -8.28581 -2.07538 9.01888
    endloop
  endfacet
  facet normal 0 -1 0
    outer loop
      vertex -8.28581 -2.07538 9.01888
      vertex -11.2964 -2.07538 10.2527
      vertex -11.5891 -2.07538 10.2366
    endloop
  endfacet
  facet normal 0 -1 -0
    outer loop
      vertex -12.2032 -2.07538 10.2027
      vertex -12.5257 -2.07538 10.1849
      vertex -8.03478 -2.07538 8.35239
    endloop
  endfacet
  facet normal 0 -1 0
    outer loop
      vertex -8.03478 -2.07538 8.35239
      vertex -12.5257 -2.07538 10.1849
      vertex -12.8591 -2.07538 10.1666
    endloop
  endfacet
  facet normal 0 -1 -0
    outer loop
      vertex -13.5607 -2.07538 10.1279
      vertex -13.9299 -2.07538 10.1075
      vertex -7.78826 -2.07538 7.69811
    endloop
  endfacet
  facet normal 0 -1 -0
    outer loop
      vertex -14.7088 -2.07538 10.0645
      vertex -15.1202 -2.07538 10.0418
      vertex -7.54612 -2.07538 7.05572
    endloop
  endfacet
  facet normal 0 -1 -0
    outer loop
      vertex -16.4537 -2.07538 9.96816
      vertex -16.9342 -2.07538 9.94162
      vertex -16.0309 -2.07538 0.691794
    endloop
  endfacet
  facet normal 0 -1 0
    outer loop
      vertex -16.0309 -2.07538 0.691794
      vertex -16.9342 -2.07538 9.94162
      vertex -17.4343 -2.07538 9.91399
    endloop
  endfacet
  facet normal 0 -1 0
    outer loop
      vertex -16.0309 -2.07538 0.691794
      vertex -17.4343 -2.07538 9.91399
      vertex -17.9556 -2.07538 9.88518
    endloop
  endfacet
  facet normal 0 -1 -0
    outer loop
      vertex -17.9556 -2.07538 9.88518
      vertex -18.4994 -2.07538 9.85513
      vertex -16.0309 -2.07538 0.691794
    endloop
  endfacet
  facet normal 0 -1 0
    outer loop
      vertex -16.0309 -2.07538 0.691794
      vertex -18.4994 -2.07538 9.85513
      vertex -19.0673 -2.07538 9.82374
    endloop
  endfacet
  facet normal 0 -1 0
    outer loop
      vertex -16.0309 -2.07538 0.691794
      vertex -19.0673 -2.07538 9.82374
      vertex -19.3608 -2.07538 9.80751
    endloop
  endfacet
  facet normal 0 -1 -0
    outer loop
      vertex -19.3608 -2.07538 9.80751
      vertex -19.661 -2.07538 9.79091
      vertex -16.0309 -2.07538 0.691794
    endloop
  endfacet
  facet normal 0 -1 0
    outer loop
      vertex -16.0309 -2.07538 0.691794
      vertex -19.661 -2.07538 9.79091
      vertex -19.9681 -2.07538 9.77393
    endloop
  endfacet
  facet normal 0 -1 0
    outer loop
      vertex -16.0309 -2.07538 0.691794
      vertex -19.9681 -2.07538 9.77393
      vertex -20.2823 -2.07538 9.75656
    endloop
  endfacet
  facet normal 0 -1 -0
    outer loop
      vertex -20.2823 -2.07538 9.75656
      vertex -20.6038 -2.07538 9.73878
      vertex -16.0309 -2.07538 0.691794
    endloop
  endfacet
  facet normal 0 -1 0
    outer loop
      vertex -16.0309 -2.07538 0.691794
      vertex -20.6038 -2.07538 9.73878
      vertex -20.9327 -2.07538 9.72059
    endloop
  endfacet
  facet normal 0 -1 0
    outer loop
      vertex -16.0309 -2.07538 0.691794
      vertex -20.9327 -2.07538 9.72059
      vertex -21.2693 -2.07538 9.70197
    endloop
  endfacet
  facet normal 0 -1 -0
    outer loop
      vertex -21.2693 -2.07538 9.70197
      vertex -21.6136 -2.07538 9.68293
      vertex -16.0309 -2.07538 0.691794
    endloop
  endfacet
  facet normal 0 -1 0
    outer loop
      vertex -16.0309 -2.07538 0.691794
      vertex -21.6136 -2.07538 9.68293
      vertex -21.6492 -2.07538 9.68096
    endloop
  endfacet
  facet normal -1 0 0
    outer loop
      vertex 6.71179 3.86619 1.38359
      vertex 6.71179 3.9071 3.42633
      vertex 6.71179 6.88326 1.38359
    endloop
  endfacet
  facet normal -1 0 0
    outer loop
      vertex 6.71179 6.88326 1.38359
      vertex 6.71179 3.9071 3.42633
      vertex 6.71179 3.94842 5.49061
    endloop
  endfacet
  facet normal -1 0 0
    outer loop
      vertex 6.71179 6.88326 1.38359
      vertex 6.71179 3.94842 5.49061
      vertex 6.71179 6.88326 9.68512
    endloop
  endfacet
  facet normal -1 0 0
    outer loop
      vertex 6.71179 6.88326 9.68512
      vertex 6.71179 3.94842 5.49061
      vertex 6.71179 3.99017 7.57676
    endloop
  endfacet
  facet normal -1 -0 0
    outer loop
      vertex 6.71179 6.88326 9.68512
      vertex 6.71179 3.99017 7.57676
      vertex 6.71179 4.03236 9.68512
    endloop
  endfacet
  facet normal -0.216287 -0.976089 0.0216975
    outer loop
      vertex 7.02607 3.79655 1.38359
      vertex 6.81107 3.87497 2.76822
      vertex 6.71179 3.86619 1.38359
    endloop
  endfacet
  facet normal -0.187318 -0.982103 0.0196585
    outer loop
      vertex 6.71179 3.86619 1.38359
      vertex 6.81107 3.87497 2.76822
      vertex 6.71179 4.03236 9.68512
    endloop
  endfacet
  facet normal -1 0 0
    outer loop
      vertex 6.71179 3.86619 1.38359
      vertex 6.71179 4.03236 9.68512
      vertex 6.71179 3.99017 7.57676
    endloop
  endfacet
  facet normal -0.295479 -0.955104 0.0216283
    outer loop
      vertex 7.3336 3.70141 1.38359
      vertex 7.12031 3.79875 2.76822
      vertex 7.02607 3.79655 1.38359
    endloop
  endfacet
  facet normal -0.266142 -0.963734 0.0196453
    outer loop
      vertex 7.02607 3.79655 1.38359
      vertex 7.12031 3.79875 2.76822
      vertex 7.03202 3.96413 9.68512
    endloop
  endfacet
  facet normal -0.227487 -0.973579 0.0198163
    outer loop
      vertex 7.02607 3.79655 1.38359
      vertex 7.03202 3.96413 9.68512
      vertex 6.81107 3.87497 2.76822
    endloop
  endfacet
  facet normal -0.208349 -0.977865 0.0192602
    outer loop
      vertex 6.81107 3.87497 2.76822
      vertex 7.03202 3.96413 9.68512
      vertex 6.71179 4.03236 9.68512
    endloop
  endfacet
  facet normal -0.372712 -0.927697 0.02155
    outer loop
      vertex 7.63231 3.5814 1.38359
      vertex 7.42242 3.69789 2.76822
      vertex 7.3336 3.70141 1.38359
    endloop
  endfacet
  facet normal -0.343233 -0.939045 0.0196302
    outer loop
      vertex 7.3336 3.70141 1.38359
      vertex 7.42242 3.69789 2.76822
      vertex 7.34577 3.8705 9.68512
    endloop
  endfacet
  facet normal -0.305657 -0.951935 0.0198376
    outer loop
      vertex 7.3336 3.70141 1.38359
      vertex 7.34577 3.8705 9.68512
      vertex 7.12031 3.79875 2.76822
    endloop
  endfacet
  facet normal -0.285908 -0.958064 0.0192574
    outer loop
      vertex 7.12031 3.79875 2.76822
      vertex 7.34577 3.8705 9.68512
      vertex 7.03202 3.96413 9.68512
    endloop
  endfacet
  facet normal -0.447433 -0.89406 0.021468
    outer loop
      vertex 7.92019 3.43733 1.38359
      vertex 7.71543 3.57305 2.76822
      vertex 7.63231 3.5814 1.38359
    endloop
  endfacet
  facet normal -0.41802 -0.908226 0.0196169
    outer loop
      vertex 7.63231 3.5814 1.38359
      vertex 7.71543 3.57305 2.76822
      vertex 7.65103 3.75209 9.68512
    endloop
  endfacet
  facet normal -0.381822 -0.924023 0.0198601
    outer loop
      vertex 7.63231 3.5814 1.38359
      vertex 7.65103 3.75209 9.68512
      vertex 7.42242 3.69789 2.76822
    endloop
  endfacet
  facet normal -0.361577 -0.932143 0.0192546
    outer loop
      vertex 7.42242 3.69789 2.76822
      vertex 7.65103 3.75209 9.68512
      vertex 7.34577 3.8705 9.68512
    endloop
  endfacet
  facet normal -0.464647 -0.885312 0.0180651
    outer loop
      vertex 7.71543 3.57305 2.76822
      vertex 7.92019 3.43733 1.38359
      vertex 7.99744 3.42504 2.76822
    endloop
  endfacet
  facet normal -0.519129 -0.854428 0.0213789
    outer loop
      vertex 7.99744 3.42504 2.76822
      vertex 7.92019 3.43733 1.38359
      vertex 8.1953 3.27018 1.38359
    endloop
  endfacet
  facet normal -0.534388 -0.845044 0.0181489
    outer loop
      vertex 7.99744 3.42504 2.76822
      vertex 8.1953 3.27018 1.38359
      vertex 8.26663 3.25481 2.76822
    endloop
  endfacet
  facet normal -0.587394 -0.809021 0.0212794
    outer loop
      vertex 8.26663 3.25481 2.76822
      vertex 8.1953 3.27018 1.38359
      vertex 8.45579 3.08105 1.38359
    endloop
  endfacet
  facet normal -0.600633 -0.799316 0.0182529
    outer loop
      vertex 8.26663 3.25481 2.76822
      vertex 8.45579 3.08105 1.38359
      vertex 8.52125 3.06348 2.76822
    endloop
  endfacet
  facet normal -0.651642 -0.758231 0.0211857
    outer loop
      vertex 8.52125 3.06348 2.76822
      vertex 8.45579 3.08105 1.38359
      vertex 8.69993 2.87123 1.38359
    endloop
  endfacet
  facet normal -0.66302 -0.748377 0.0183494
    outer loop
      vertex 8.52125 3.06348 2.76822
      vertex 8.69993 2.87123 1.38359
      vertex 8.75964 2.85228 2.76822
    endloop
  endfacet
  facet normal -0.711562 -0.702307 0.0210733
    outer loop
      vertex 8.75964 2.85228 2.76822
      vertex 8.69993 2.87123 1.38359
      vertex 8.92606 2.64212 1.38359
    endloop
  endfacet
  facet normal -0.721079 -0.692607 0.018457
    outer loop
      vertex 8.75964 2.85228 2.76822
      vertex 8.92606 2.64212 1.38359
      vertex 8.98027 2.62258 2.76822
    endloop
  endfacet
  facet normal -0.766686 -0.64168 0.0209613
    outer loop
      vertex 8.98027 2.62258 2.76822
      vertex 8.92606 2.64212 1.38359
      vertex 9.13267 2.39526 1.38359
    endloop
  endfacet
  facet normal -0.774475 -0.632332 0.0185693
    outer loop
      vertex 8.98027 2.62258 2.76822
      vertex 9.13267 2.39526 1.38359
      vertex 9.1817 2.37587 2.76822
    endloop
  endfacet
  facet normal -0.816661 -0.576741 0.0208416
    outer loop
      vertex 9.1817 2.37587 2.76822
      vertex 9.13267 2.39526 1.38359
      vertex 9.31837 2.13231 1.38359
    endloop
  endfacet
  facet normal -0.822828 -0.567984 0.0186925
    outer loop
      vertex 9.1817 2.37587 2.76822
      vertex 9.31837 2.13231 1.38359
      vertex 9.36263 2.11376 2.76822
    endloop
  endfacet
  facet normal -0.861159 -0.507913 0.0207226
    outer loop
      vertex 9.36263 2.11376 2.76822
      vertex 9.31837 2.13231 1.38359
      vertex 9.48191 1.85503 1.38359
    endloop
  endfacet
  facet normal -0.865873 -0.49991 0.0188213
    outer loop
      vertex 9.36263 2.11376 2.76822
      vertex 9.48191 1.85503 1.38359
      vertex 9.52188 1.83793 2.76822
    endloop
  endfacet
  facet normal -0.899861 -0.43569 0.0205955
    outer loop
      vertex 9.52188 1.83793 2.76822
      vertex 9.48191 1.85503 1.38359
      vertex 9.62219 1.5653 1.38359
    endloop
  endfacet
  facet normal -0.903293 -0.428604 0.0189517
    outer loop
      vertex 9.52188 1.83793 2.76822
      vertex 9.62219 1.5653 1.38359
      vertex 9.65841 1.55019 2.76822
    endloop
  endfacet
  facet normal -0.932519 -0.360541 0.0204589
    outer loop
      vertex 9.65841 1.55019 2.76822
      vertex 9.62219 1.5653 1.38359
      vertex 9.73828 1.26504 1.38359
    endloop
  endfacet
  facet normal -0.934847 -0.354539 0.0190885
    outer loop
      vertex 9.65841 1.55019 2.76822
      vertex 9.73828 1.26504 1.38359
      vertex 9.77135 1.25239 2.76822
    endloop
  endfacet
  facet normal -0.958913 -0.282973 0.0203171
    outer loop
      vertex 9.77135 1.25239 2.76822
      vertex 9.73828 1.26504 1.38359
      vertex 9.82939 0.956295 1.38359
    endloop
  endfacet
  facet normal -0.960342 -0.278162 0.0192283
    outer loop
      vertex 9.77135 1.25239 2.76822
      vertex 9.82939 0.956295 1.38359
      vertex 9.85996 0.946468 2.76822
    endloop
  endfacet
  facet normal -0.978869 -0.203493 0.0201673
    outer loop
      vertex 9.85996 0.946468 2.76822
      vertex 9.82939 0.956295 1.38359
      vertex 9.89491 0.641122 1.38359
    endloop
  endfacet
  facet normal -0.979605 -0.199997 0.0193778
    outer loop
      vertex 9.85996 0.946468 2.76822
      vertex 9.89491 0.641122 1.38359
      vertex 9.92367 0.63441 2.76822
    endloop
  endfacet
  facet normal -0.992252 -0.122618 0.0200156
    outer loop
      vertex 9.92367 0.63441 2.76822
      vertex 9.89491 0.641122 1.38359
      vertex 9.93439 0.321641 1.38359
    endloop
  endfacet
  facet normal -0.99252 -0.120513 0.0195379
    outer loop
      vertex 9.92367 0.63441 2.76822
      vertex 9.93439 0.321641 1.38359
      vertex 9.96206 0.318237 2.76822
    endloop
  endfacet
  facet normal -0.998962 -0.0409969 0.0198621
    outer loop
      vertex 9.96206 0.318237 2.76822
      vertex 9.93439 0.321641 1.38359
      vertex 9.94759 4.80992e-16 1.38359
    endloop
  endfacet
  facet normal -0.998996 -0.040244 0.0196894
    outer loop
      vertex 9.96206 0.318237 2.76822
      vertex 9.94759 4.80992e-16 1.38359
      vertex 9.97488 -4.84335e-16 2.76822
    endloop
  endfacet
  facet normal -0.998996 0.040244 0.0196894
    outer loop
      vertex 9.97488 -4.84335e-16 2.76822
      vertex 9.94759 4.80992e-16 1.38359
      vertex 9.96206 -0.318237 2.76822
    endloop
  endfacet
  facet normal -0.998986 0.0402436 0.0201786
    outer loop
      vertex 9.97488 -4.84335e-16 2.76822
      vertex 9.96206 -0.318237 2.76822
      vertex 10.108 -0.163711 9.68512
    endloop
  endfacet
  facet normal -0.996609 0.0800038 0.0192402
    outer loop
      vertex 10.108 -0.163711 9.68512
      vertex 9.96206 -0.318237 2.76822
      vertex 10.0818 -0.490085 9.68512
    endloop
  endfacet
  facet normal -0.992507 0.120511 0.0201756
    outer loop
      vertex 10.0818 -0.490085 9.68512
      vertex 9.96206 -0.318237 2.76822
      vertex 9.92367 -0.63441 2.76822
    endloop
  endfacet
  facet normal -0.987027 0.159397 0.0192389
    outer loop
      vertex 10.0818 -0.490085 9.68512
      vertex 9.92367 -0.63441 2.76822
      vertex 10.0296 -0.81332 9.68512
    endloop
  endfacet
  facet normal -0.979589 0.199994 0.020175
    outer loop
      vertex 10.0296 -0.81332 9.68512
      vertex 9.92367 -0.63441 2.76822
      vertex 9.85996 -0.946468 2.76822
    endloop
  endfacet
  facet normal -0.971128 0.237782 0.0192401
    outer loop
      vertex 10.0296 -0.81332 9.68512
      vertex 9.85996 -0.946468 2.76822
      vertex 9.95173 -1.13135 9.68512
    endloop
  endfacet
  facet normal -0.960324 0.278157 0.020176
    outer loop
      vertex 9.95173 -1.13135 9.68512
      vertex 9.85996 -0.946468 2.76822
      vertex 9.77135 -1.25239 2.76822
    endloop
  endfacet
  facet normal -0.948992 0.314712 0.0192408
    outer loop
      vertex 9.95173 -1.13135 9.68512
      vertex 9.77135 -1.25239 2.76822
      vertex 9.84867 -1.44212 9.68512
    endloop
  endfacet
  facet normal -0.934827 0.354531 0.0201746
    outer loop
      vertex 9.84867 -1.44212 9.68512
      vertex 9.77135 -1.25239 2.76822
      vertex 9.65841 -1.55019 2.76822
    endloop
  endfacet
  facet normal -0.920795 0.389571 0.0192412
    outer loop
      vertex 9.84867 -1.44212 9.68512
      vertex 9.65841 -1.55019 2.76822
      vertex 9.72109 -1.74367 9.68512
    endloop
  endfacet
  facet normal -0.903272 0.428594 0.020174
    outer loop
      vertex 9.72109 -1.74367 9.68512
      vertex 9.65841 -1.55019 2.76822
      vertex 9.52188 -1.83793 2.76822
    endloop
  endfacet
  facet normal -0.88668 0.461983 0.0192411
    outer loop
      vertex 9.72109 -1.74367 9.68512
      vertex 9.52188 -1.83793 2.76822
      vertex 9.5698 -2.03404 9.68512
    endloop
  endfacet
  facet normal -0.86585 0.499897 0.0201718
    outer loop
      vertex 9.5698 -2.03404 9.68512
      vertex 9.52188 -1.83793 2.76822
      vertex 9.36263 -2.11376 2.76822
    endloop
  endfacet
  facet normal -0.846912 0.531385 0.0192417
    outer loop
      vertex 9.5698 -2.03404 9.68512
      vertex 9.36263 -2.11376 2.76822
      vertex 9.39578 -2.31139 9.68512
    endloop
  endfacet
  facet normal -0.822804 0.567967 0.0201714
    outer loop
      vertex 9.39578 -2.31139 9.68512
      vertex 9.36263 -2.11376 2.76822
      vertex 9.1817 -2.37587 2.76822
    endloop
  endfacet
  facet normal -0.801713 0.597399 0.0192442
    outer loop
      vertex 9.39578 -2.31139 9.68512
      vertex 9.1817 -2.37587 2.76822
      vertex 9.20014 -2.57394 9.68512
    endloop
  endfacet
  facet normal -0.774451 0.632312 0.0201713
    outer loop
      vertex 9.20014 -2.57394 9.68512
      vertex 9.1817 -2.37587 2.76822
      vertex 8.98027 -2.62258 2.76822
    endloop
  endfacet
  facet normal -0.751366 0.659605 0.0192456
    outer loop
      vertex 9.20014 -2.57394 9.68512
      vertex 8.98027 -2.62258 2.76822
      vertex 8.98413 -2.82 9.68512
    endloop
  endfacet
  facet normal -0.721055 0.692584 0.0201699
    outer loop
      vertex 8.98413 -2.82 9.68512
      vertex 8.98027 -2.62258 2.76822
      vertex 8.75964 -2.85228 2.76822
    endloop
  endfacet
  facet normal -0.696207 0.717583 0.0192468
    outer loop
      vertex 8.98413 -2.82 9.68512
      vertex 8.75964 -2.85228 2.76822
      vertex 8.74914 -3.04799 9.68512
    endloop
  endfacet
  facet normal -0.662996 0.748351 0.0201677
    outer loop
      vertex 8.74914 -3.04799 9.68512
      vertex 8.75964 -2.85228 2.76822
      vertex 8.52125 -3.06348 2.76822
    endloop
  endfacet
  facet normal -0.636599 0.770955 0.0192474
    outer loop
      vertex 8.74914 -3.04799 9.68512
      vertex 8.52125 -3.06348 2.76822
      vertex 8.49666 -3.25647 9.68512
    endloop
  endfacet
  facet normal -0.600611 0.799287 0.0201659
    outer loop
      vertex 8.49666 -3.25647 9.68512
      vertex 8.52125 -3.06348 2.76822
      vertex 8.26663 -3.25481 2.76822
    endloop
  endfacet
  facet normal -0.572924 0.819383 0.0192499
    outer loop
      vertex 8.49666 -3.25647 9.68512
      vertex 8.26663 -3.25481 2.76822
      vertex 8.22833 -3.44409 9.68512
    endloop
  endfacet
  facet normal -0.534367 0.845012 0.0201647
    outer loop
      vertex 8.22833 -3.44409 9.68512
      vertex 8.26663 -3.25481 2.76822
      vertex 7.99744 -3.42504 2.76822
    endloop
  endfacet
  facet normal -0.505554 0.86258 0.0192513
    outer loop
      vertex 8.22833 -3.44409 9.68512
      vertex 7.99744 -3.42504 2.76822
      vertex 7.94585 -3.60965 9.68512
    endloop
  endfacet
  facet normal -0.464628 0.885276 0.0201623
    outer loop
      vertex 7.94585 -3.60965 9.68512
      vertex 7.99744 -3.42504 2.76822
      vertex 7.71543 -3.57305 2.76822
    endloop
  endfacet
  facet normal -0.434949 0.900249 0.0192528
    outer loop
      vertex 7.94585 -3.60965 9.68512
      vertex 7.71543 -3.57305 2.76822
      vertex 7.65103 -3.75209 9.68512
    endloop
  endfacet
  facet normal -0.41802 0.908226 0.0196169
    outer loop
      vertex 7.65103 -3.75209 9.68512
      vertex 7.71543 -3.57305 2.76822
      vertex 7.63231 -3.5814 1.38359
    endloop
  endfacet
  facet normal -0.381822 0.924023 0.0198601
    outer loop
      vertex 7.65103 -3.75209 9.68512
      vertex 7.63231 -3.5814 1.38359
      vertex 7.42242 -3.69789 2.76822
    endloop
  endfacet
  facet normal -0.372712 0.927697 0.02155
    outer loop
      vertex 7.42242 -3.69789 2.76822
      vertex 7.63231 -3.5814 1.38359
      vertex 7.3336 -3.70141 1.38359
    endloop
  endfacet
  facet normal -0.343233 0.939045 0.0196302
    outer loop
      vertex 7.42242 -3.69789 2.76822
      vertex 7.3336 -3.70141 1.38359
      vertex 7.34577 -3.8705 9.68512
    endloop
  endfacet
  facet normal -0.305657 0.951935 0.0198376
    outer loop
      vertex 7.34577 -3.8705 9.68512
      vertex 7.3336 -3.70141 1.38359
      vertex 7.12031 -3.79875 2.76822
    endloop
  endfacet
  facet normal -0.285908 0.958064 0.0192574
    outer loop
      vertex 7.34577 -3.8705 9.68512
      vertex 7.12031 -3.79875 2.76822
      vertex 7.03202 -3.96413 9.68512
    endloop
  endfacet
  facet normal -0.266142 0.963734 0.0196453
    outer loop
      vertex 7.03202 -3.96413 9.68512
      vertex 7.12031 -3.79875 2.76822
      vertex 7.02607 -3.79655 1.38359
    endloop
  endfacet
  facet normal -0.227487 0.973579 0.0198163
    outer loop
      vertex 7.03202 -3.96413 9.68512
      vertex 7.02607 -3.79655 1.38359
      vertex 6.81107 -3.87497 2.76822
    endloop
  endfacet
  facet normal -0.216287 0.976089 0.0216975
    outer loop
      vertex 6.81107 -3.87497 2.76822
      vertex 7.02607 -3.79655 1.38359
      vertex 6.71179 -3.86619 1.38359
    endloop
  endfacet
  facet normal -0.187453 0.982077 0.0196681
    outer loop
      vertex 6.81107 -3.87497 2.76822
      vertex 6.71179 -3.86619 1.38359
      vertex 6.71179 -3.9071 3.42633
    endloop
  endfacet
  facet normal -0.998962 0.0409969 0.0198621
    outer loop
      vertex 9.94759 4.80992e-16 1.38359
      vertex 9.93439 -0.321641 1.38359
      vertex 9.96206 -0.318237 2.76822
    endloop
  endfacet
  facet normal -0.99252 0.120513 0.0195379
    outer loop
      vertex 9.96206 -0.318237 2.76822
      vertex 9.93439 -0.321641 1.38359
      vertex 9.92367 -0.63441 2.76822
    endloop
  endfacet
  facet normal -0.992252 0.122618 0.0200156
    outer loop
      vertex 9.93439 -0.321641 1.38359
      vertex 9.89491 -0.641122 1.38359
      vertex 9.92367 -0.63441 2.76822
    endloop
  endfacet
  facet normal -0.979605 0.199997 0.0193778
    outer loop
      vertex 9.92367 -0.63441 2.76822
      vertex 9.89491 -0.641122 1.38359
      vertex 9.85996 -0.946468 2.76822
    endloop
  endfacet
  facet normal -0.978869 0.203493 0.0201673
    outer loop
      vertex 9.89491 -0.641122 1.38359
      vertex 9.82939 -0.956295 1.38359
      vertex 9.85996 -0.946468 2.76822
    endloop
  endfacet
  facet normal -0.960342 0.278162 0.0192283
    outer loop
      vertex 9.85996 -0.946468 2.76822
      vertex 9.82939 -0.956295 1.38359
      vertex 9.77135 -1.25239 2.76822
    endloop
  endfacet
  facet normal -0.958913 0.282973 0.0203171
    outer loop
      vertex 9.82939 -0.956295 1.38359
      vertex 9.73828 -1.26504 1.38359
      vertex 9.77135 -1.25239 2.76822
    endloop
  endfacet
  facet normal -0.934847 0.354539 0.0190885
    outer loop
      vertex 9.77135 -1.25239 2.76822
      vertex 9.73828 -1.26504 1.38359
      vertex 9.65841 -1.55019 2.76822
    endloop
  endfacet
  facet normal -0.932519 0.360541 0.0204589
    outer loop
      vertex 9.73828 -1.26504 1.38359
      vertex 9.62219 -1.5653 1.38359
      vertex 9.65841 -1.55019 2.76822
    endloop
  endfacet
  facet normal -0.903293 0.428604 0.0189517
    outer loop
      vertex 9.65841 -1.55019 2.76822
      vertex 9.62219 -1.5653 1.38359
      vertex 9.52188 -1.83793 2.76822
    endloop
  endfacet
  facet normal -0.899861 0.43569 0.0205955
    outer loop
      vertex 9.62219 -1.5653 1.38359
      vertex 9.48191 -1.85503 1.38359
      vertex 9.52188 -1.83793 2.76822
    endloop
  endfacet
  facet normal -0.865873 0.49991 0.0188213
    outer loop
      vertex 9.52188 -1.83793 2.76822
      vertex 9.48191 -1.85503 1.38359
      vertex 9.36263 -2.11376 2.76822
    endloop
  endfacet
  facet normal -0.861159 0.507913 0.0207226
    outer loop
      vertex 9.48191 -1.85503 1.38359
      vertex 9.31837 -2.13231 1.38359
      vertex 9.36263 -2.11376 2.76822
    endloop
  endfacet
  facet normal -0.822828 0.567984 0.0186925
    outer loop
      vertex 9.36263 -2.11376 2.76822
      vertex 9.31837 -2.13231 1.38359
      vertex 9.1817 -2.37587 2.76822
    endloop
  endfacet
  facet normal -0.816661 0.576741 0.0208416
    outer loop
      vertex 9.31837 -2.13231 1.38359
      vertex 9.13267 -2.39526 1.38359
      vertex 9.1817 -2.37587 2.76822
    endloop
  endfacet
  facet normal -0.774475 0.632332 0.0185693
    outer loop
      vertex 9.1817 -2.37587 2.76822
      vertex 9.13267 -2.39526 1.38359
      vertex 8.98027 -2.62258 2.76822
    endloop
  endfacet
  facet normal -0.766686 0.64168 0.0209613
    outer loop
      vertex 9.13267 -2.39526 1.38359
      vertex 8.92606 -2.64212 1.38359
      vertex 8.98027 -2.62258 2.76822
    endloop
  endfacet
  facet normal -0.721079 0.692607 0.018457
    outer loop
      vertex 8.98027 -2.62258 2.76822
      vertex 8.92606 -2.64212 1.38359
      vertex 8.75964 -2.85228 2.76822
    endloop
  endfacet
  facet normal -0.711562 0.702307 0.0210733
    outer loop
      vertex 8.92606 -2.64212 1.38359
      vertex 8.69993 -2.87123 1.38359
      vertex 8.75964 -2.85228 2.76822
    endloop
  endfacet
  facet normal -0.66302 0.748377 0.0183494
    outer loop
      vertex 8.75964 -2.85228 2.76822
      vertex 8.69993 -2.87123 1.38359
      vertex 8.52125 -3.06348 2.76822
    endloop
  endfacet
  facet normal -0.651642 0.758231 0.0211857
    outer loop
      vertex 8.69993 -2.87123 1.38359
      vertex 8.45579 -3.08105 1.38359
      vertex 8.52125 -3.06348 2.76822
    endloop
  endfacet
  facet normal -0.600633 0.799316 0.0182529
    outer loop
      vertex 8.52125 -3.06348 2.76822
      vertex 8.45579 -3.08105 1.38359
      vertex 8.26663 -3.25481 2.76822
    endloop
  endfacet
  facet normal -0.587394 0.809021 0.0212794
    outer loop
      vertex 8.45579 -3.08105 1.38359
      vertex 8.1953 -3.27018 1.38359
      vertex 8.26663 -3.25481 2.76822
    endloop
  endfacet
  facet normal -0.534388 0.845044 0.0181489
    outer loop
      vertex 8.26663 -3.25481 2.76822
      vertex 8.1953 -3.27018 1.38359
      vertex 7.99744 -3.42504 2.76822
    endloop
  endfacet
  facet normal -0.519129 0.854428 0.0213789
    outer loop
      vertex 8.1953 -3.27018 1.38359
      vertex 7.92019 -3.43733 1.38359
      vertex 7.99744 -3.42504 2.76822
    endloop
  endfacet
  facet normal -0.464647 0.885312 0.0180651
    outer loop
      vertex 7.99744 -3.42504 2.76822
      vertex 7.92019 -3.43733 1.38359
      vertex 7.71543 -3.57305 2.76822
    endloop
  endfacet
  facet normal -0.447433 0.89406 0.021468
    outer loop
      vertex 7.92019 -3.43733 1.38359
      vertex 7.63231 -3.5814 1.38359
      vertex 7.71543 -3.57305 2.76822
    endloop
  endfacet
  facet normal -0.295479 0.955104 0.0216283
    outer loop
      vertex 7.3336 -3.70141 1.38359
      vertex 7.02607 -3.79655 1.38359
      vertex 7.12031 -3.79875 2.76822
    endloop
  endfacet
  facet normal -0.187518 0.982064 0.0196577
    outer loop
      vertex 6.71179 -3.9071 3.42633
      vertex 6.71179 -3.94842 5.49061
      vertex 6.81107 -3.87497 2.76822
    endloop
  endfacet
  facet normal -0.201686 0.979265 0.0190654
    outer loop
      vertex 6.81107 -3.87497 2.76822
      vertex 6.71179 -3.94842 5.49061
      vertex 7.03202 -3.96413 9.68512
    endloop
  endfacet
  facet normal -0.208361 0.977856 0.0195698
    outer loop
      vertex 6.71179 -3.94842 5.49061
      vertex 6.71179 -3.99017 7.57676
      vertex 7.03202 -3.96413 9.68512
    endloop
  endfacet
  facet normal -0.208348 0.977859 0.0195678
    outer loop
      vertex 7.03202 -3.96413 9.68512
      vertex 6.71179 -3.99017 7.57676
      vertex 6.71179 -4.03236 9.68512
    endloop
  endfacet
  facet normal -0.361577 0.932143 0.0192546
    outer loop
      vertex 7.34577 -3.8705 9.68512
      vertex 7.65103 -3.75209 9.68512
      vertex 7.42242 -3.69789 2.76822
    endloop
  endfacet
  facet normal -0.999815 0 0.0192421
    outer loop
      vertex 10.108 -0.163711 9.68512
      vertex 10.108 0.163711 9.68512
      vertex 9.97488 -4.84335e-16 2.76822
    endloop
  endfacet
  facet normal -0.998986 -0.0402436 0.0201786
    outer loop
      vertex 9.97488 -4.84335e-16 2.76822
      vertex 10.108 0.163711 9.68512
      vertex 9.96206 0.318237 2.76822
    endloop
  endfacet
  facet normal -0.996609 -0.0800038 0.0192402
    outer loop
      vertex 10.108 0.163711 9.68512
      vertex 10.0818 0.490085 9.68512
      vertex 9.96206 0.318237 2.76822
    endloop
  endfacet
  facet normal -0.992507 -0.120511 0.0201756
    outer loop
      vertex 9.96206 0.318237 2.76822
      vertex 10.0818 0.490085 9.68512
      vertex 9.92367 0.63441 2.76822
    endloop
  endfacet
  facet normal -0.987027 -0.159397 0.0192389
    outer loop
      vertex 10.0818 0.490085 9.68512
      vertex 10.0296 0.81332 9.68512
      vertex 9.92367 0.63441 2.76822
    endloop
  endfacet
  facet normal -0.979589 -0.199994 0.020175
    outer loop
      vertex 9.92367 0.63441 2.76822
      vertex 10.0296 0.81332 9.68512
      vertex 9.85996 0.946468 2.76822
    endloop
  endfacet
  facet normal -0.971128 -0.237782 0.0192401
    outer loop
      vertex 10.0296 0.81332 9.68512
      vertex 9.95173 1.13135 9.68512
      vertex 9.85996 0.946468 2.76822
    endloop
  endfacet
  facet normal -0.960324 -0.278157 0.020176
    outer loop
      vertex 9.85996 0.946468 2.76822
      vertex 9.95173 1.13135 9.68512
      vertex 9.77135 1.25239 2.76822
    endloop
  endfacet
  facet normal -0.948992 -0.314712 0.0192408
    outer loop
      vertex 9.95173 1.13135 9.68512
      vertex 9.84867 1.44212 9.68512
      vertex 9.77135 1.25239 2.76822
    endloop
  endfacet
  facet normal -0.934827 -0.354531 0.0201746
    outer loop
      vertex 9.77135 1.25239 2.76822
      vertex 9.84867 1.44212 9.68512
      vertex 9.65841 1.55019 2.76822
    endloop
  endfacet
  facet normal -0.920795 -0.389571 0.0192412
    outer loop
      vertex 9.84867 1.44212 9.68512
      vertex 9.72109 1.74367 9.68512
      vertex 9.65841 1.55019 2.76822
    endloop
  endfacet
  facet normal -0.903272 -0.428594 0.020174
    outer loop
      vertex 9.65841 1.55019 2.76822
      vertex 9.72109 1.74367 9.68512
      vertex 9.52188 1.83793 2.76822
    endloop
  endfacet
  facet normal -0.88668 -0.461983 0.0192411
    outer loop
      vertex 9.72109 1.74367 9.68512
      vertex 9.5698 2.03404 9.68512
      vertex 9.52188 1.83793 2.76822
    endloop
  endfacet
  facet normal -0.86585 -0.499897 0.0201718
    outer loop
      vertex 9.52188 1.83793 2.76822
      vertex 9.5698 2.03404 9.68512
      vertex 9.36263 2.11376 2.76822
    endloop
  endfacet
  facet normal -0.846912 -0.531385 0.0192417
    outer loop
      vertex 9.5698 2.03404 9.68512
      vertex 9.39578 2.31139 9.68512
      vertex 9.36263 2.11376 2.76822
    endloop
  endfacet
  facet normal -0.822804 -0.567967 0.0201714
    outer loop
      vertex 9.36263 2.11376 2.76822
      vertex 9.39578 2.31139 9.68512
      vertex 9.1817 2.37587 2.76822
    endloop
  endfacet
  facet normal -0.801713 -0.597399 0.0192442
    outer loop
      vertex 9.39578 2.31139 9.68512
      vertex 9.20014 2.57394 9.68512
      vertex 9.1817 2.37587 2.76822
    endloop
  endfacet
  facet normal -0.774451 -0.632312 0.0201713
    outer loop
      vertex 9.1817 2.37587 2.76822
      vertex 9.20014 2.57394 9.68512
      vertex 8.98027 2.62258 2.76822
    endloop
  endfacet
  facet normal -0.751366 -0.659605 0.0192456
    outer loop
      vertex 9.20014 2.57394 9.68512
      vertex 8.98413 2.82 9.68512
      vertex 8.98027 2.62258 2.76822
    endloop
  endfacet
  facet normal -0.721055 -0.692584 0.0201699
    outer loop
      vertex 8.98027 2.62258 2.76822
      vertex 8.98413 2.82 9.68512
      vertex 8.75964 2.85228 2.76822
    endloop
  endfacet
  facet normal -0.696207 -0.717583 0.0192468
    outer loop
      vertex 8.98413 2.82 9.68512
      vertex 8.74914 3.04799 9.68512
      vertex 8.75964 2.85228 2.76822
    endloop
  endfacet
  facet normal -0.662996 -0.748351 0.0201677
    outer loop
      vertex 8.75964 2.85228 2.76822
      vertex 8.74914 3.04799 9.68512
      vertex 8.52125 3.06348 2.76822
    endloop
  endfacet
  facet normal -0.636599 -0.770955 0.0192474
    outer loop
      vertex 8.74914 3.04799 9.68512
      vertex 8.49666 3.25647 9.68512
      vertex 8.52125 3.06348 2.76822
    endloop
  endfacet
  facet normal -0.600611 -0.799287 0.0201659
    outer loop
      vertex 8.52125 3.06348 2.76822
      vertex 8.49666 3.25647 9.68512
      vertex 8.26663 3.25481 2.76822
    endloop
  endfacet
  facet normal -0.572924 -0.819383 0.0192499
    outer loop
      vertex 8.49666 3.25647 9.68512
      vertex 8.22833 3.44409 9.68512
      vertex 8.26663 3.25481 2.76822
    endloop
  endfacet
  facet normal -0.534367 -0.845012 0.0201647
    outer loop
      vertex 8.26663 3.25481 2.76822
      vertex 8.22833 3.44409 9.68512
      vertex 7.99744 3.42504 2.76822
    endloop
  endfacet
  facet normal -0.505554 -0.86258 0.0192513
    outer loop
      vertex 8.22833 3.44409 9.68512
      vertex 7.94585 3.60965 9.68512
      vertex 7.99744 3.42504 2.76822
    endloop
  endfacet
  facet normal -0.464628 -0.885276 0.0201623
    outer loop
      vertex 7.99744 3.42504 2.76822
      vertex 7.94585 3.60965 9.68512
      vertex 7.71543 3.57305 2.76822
    endloop
  endfacet
  facet normal -0.434949 -0.900249 0.0192528
    outer loop
      vertex 7.94585 3.60965 9.68512
      vertex 7.65103 3.75209 9.68512
      vertex 7.71543 3.57305 2.76822
    endloop
  endfacet
  facet normal -1 0 0
    outer loop
      vertex 6.71179 3.99017 7.57676
      vertex 6.71179 3.94842 5.49061
      vertex 6.71179 3.86619 1.38359
    endloop
  endfacet
  facet normal -1 0 0
    outer loop
      vertex 6.71179 3.86619 1.38359
      vertex 6.71179 3.94842 5.49061
      vertex 6.71179 3.9071 3.42633
    endloop
  endfacet
  facet normal 1 0 0
    outer loop
      vertex 5.3282 -3.86619 1.38359
      vertex 5.3282 -3.9071 3.42633
      vertex 5.3282 -6.88326 1.38359
    endloop
  endfacet
  facet normal 1 0 0
    outer loop
      vertex 5.3282 -6.88326 1.38359
      vertex 5.3282 -3.9071 3.42633
      vertex 5.3282 -3.94842 5.49061
    endloop
  endfacet
  facet normal 1 0 0
    outer loop
      vertex 5.3282 -6.88326 1.38359
      vertex 5.3282 -3.94842 5.49061
      vertex 5.3282 -6.88326 9.68512
    endloop
  endfacet
  facet normal 1 0 0
    outer loop
      vertex 5.3282 -6.88326 9.68512
      vertex 5.3282 -3.94842 5.49061
      vertex 5.3282 -3.99017 7.57676
    endloop
  endfacet
  facet normal 1 -0 0
    outer loop
      vertex 5.3282 -6.88326 9.68512
      vertex 5.3282 -3.99017 7.57676
      vertex 5.3282 -4.03236 9.68512
    endloop
  endfacet
  facet normal 0.216281 0.97609 0.0216986
    outer loop
      vertex 5.01391 -3.79655 1.38359
      vertex 5.22891 -3.87497 2.76822
      vertex 5.3282 -3.86619 1.38359
    endloop
  endfacet
  facet normal 0.1873 0.982106 0.0196586
    outer loop
      vertex 5.3282 -3.86619 1.38359
      vertex 5.22891 -3.87497 2.76822
      vertex 5.3282 -4.03236 9.68512
    endloop
  endfacet
  facet normal 1 0 0
    outer loop
      vertex 5.3282 -3.86619 1.38359
      vertex 5.3282 -4.03236 9.68512
      vertex 5.3282 -3.99017 7.57676
    endloop
  endfacet
  facet normal 0.295479 0.955104 0.0216283
    outer loop
      vertex 4.70638 -3.70141 1.38359
      vertex 4.91967 -3.79875 2.76822
      vertex 5.01391 -3.79655 1.38359
    endloop
  endfacet
  facet normal 0.266142 0.963734 0.0196453
    outer loop
      vertex 5.01391 -3.79655 1.38359
      vertex 4.91967 -3.79875 2.76822
      vertex 5.00796 -3.96413 9.68512
    endloop
  endfacet
  facet normal 0.227487 0.973579 0.0198163
    outer loop
      vertex 5.01391 -3.79655 1.38359
      vertex 5.00796 -3.96413 9.68512
      vertex 5.22891 -3.87497 2.76822
    endloop
  endfacet
  facet normal 0.208343 0.977866 0.0192601
    outer loop
      vertex 5.22891 -3.87497 2.76822
      vertex 5.00796 -3.96413 9.68512
      vertex 5.3282 -4.03236 9.68512
    endloop
  endfacet
  facet normal 0.372712 0.927697 0.0215473
    outer loop
      vertex 4.40767 -3.5814 1.38359
      vertex 4.61757 -3.69789 2.76822
      vertex 4.70638 -3.70141 1.38359
    endloop
  endfacet
  facet normal 0.343268 0.939032 0.0196299
    outer loop
      vertex 4.70638 -3.70141 1.38359
      vertex 4.61757 -3.69789 2.76822
      vertex 4.69421 -3.8705 9.68512
    endloop
  endfacet
  facet normal 0.305657 0.951935 0.0198376
    outer loop
      vertex 4.70638 -3.70141 1.38359
      vertex 4.69421 -3.8705 9.68512
      vertex 4.91967 -3.79875 2.76822
    endloop
  endfacet
  facet normal 0.285908 0.958064 0.0192574
    outer loop
      vertex 4.91967 -3.79875 2.76822
      vertex 4.69421 -3.8705 9.68512
      vertex 5.00796 -3.96413 9.68512
    endloop
  endfacet
  facet normal 0.447446 0.894053 0.0214656
    outer loop
      vertex 4.1198 -3.43733 1.38359
      vertex 4.32456 -3.57305 2.76822
      vertex 4.40767 -3.5814 1.38359
    endloop
  endfacet
  facet normal 0.418064 0.908206 0.0196166
    outer loop
      vertex 4.40767 -3.5814 1.38359
      vertex 4.32456 -3.57305 2.76822
      vertex 4.38895 -3.75209 9.68512
    endloop
  endfacet
  facet normal 0.381806 0.924029 0.0198602
    outer loop
      vertex 4.40767 -3.5814 1.38359
      vertex 4.38895 -3.75209 9.68512
      vertex 4.61757 -3.69789 2.76822
    endloop
  endfacet
  facet normal 0.361577 0.932143 0.0192552
    outer loop
      vertex 4.61757 -3.69789 2.76822
      vertex 4.38895 -3.75209 9.68512
      vertex 4.69421 -3.8705 9.68512
    endloop
  endfacet
  facet normal 0.464634 0.885319 0.0180677
    outer loop
      vertex 4.32456 -3.57305 2.76822
      vertex 4.1198 -3.43733 1.38359
      vertex 4.04254 -3.42504 2.76822
    endloop
  endfacet
  facet normal 0.519129 0.854428 0.0213826
    outer loop
      vertex 4.04254 -3.42504 2.76822
      vertex 4.1198 -3.43733 1.38359
      vertex 3.84469 -3.27018 1.38359
    endloop
  endfacet
  facet normal 0.534402 0.845035 0.0181498
    outer loop
      vertex 4.04254 -3.42504 2.76822
      vertex 3.84469 -3.27018 1.38359
      vertex 3.77336 -3.25481 2.76822
    endloop
  endfacet
  facet normal 0.587379 0.809032 0.0212786
    outer loop
      vertex 3.77336 -3.25481 2.76822
      vertex 3.84469 -3.27018 1.38359
      vertex 3.58419 -3.08105 1.38359
    endloop
  endfacet
  facet normal 0.600633 0.799316 0.0182485
    outer loop
      vertex 3.77336 -3.25481 2.76822
      vertex 3.58419 -3.08105 1.38359
      vertex 3.51874 -3.06348 2.76822
    endloop
  endfacet
  facet normal 0.651658 0.758217 0.0211819
    outer loop
      vertex 3.51874 -3.06348 2.76822
      vertex 3.58419 -3.08105 1.38359
      vertex 3.34006 -2.87123 1.38359
    endloop
  endfacet
  facet normal 0.663004 0.748391 0.0183533
    outer loop
      vertex 3.51874 -3.06348 2.76822
      vertex 3.34006 -2.87123 1.38359
      vertex 3.28034 -2.85228 2.76822
    endloop
  endfacet
  facet normal 0.711562 0.702307 0.0210784
    outer loop
      vertex 3.28034 -2.85228 2.76822
      vertex 3.34006 -2.87123 1.38359
      vertex 3.11393 -2.64212 1.38359
    endloop
  endfacet
  facet normal 0.721079 0.692607 0.0184623
    outer loop
      vertex 3.28034 -2.85228 2.76822
      vertex 3.11393 -2.64212 1.38359
      vertex 3.05971 -2.62258 2.76822
    endloop
  endfacet
  facet normal 0.766686 0.64168 0.0209668
    outer loop
      vertex 3.05971 -2.62258 2.76822
      vertex 3.11393 -2.64212 1.38359
      vertex 2.90732 -2.39526 1.38359
    endloop
  endfacet
  facet normal 0.774475 0.632332 0.0185749
    outer loop
      vertex 3.05971 -2.62258 2.76822
      vertex 2.90732 -2.39526 1.38359
      vertex 2.85828 -2.37587 2.76822
    endloop
  endfacet
  facet normal 0.816661 0.576741 0.0208475
    outer loop
      vertex 2.85828 -2.37587 2.76822
      vertex 2.90732 -2.39526 1.38359
      vertex 2.72162 -2.13231 1.38359
    endloop
  endfacet
  facet normal 0.822827 0.567984 0.0186985
    outer loop
      vertex 2.85828 -2.37587 2.76822
      vertex 2.72162 -2.13231 1.38359
      vertex 2.67735 -2.11376 2.76822
    endloop
  endfacet
  facet normal 0.861159 0.507913 0.0207288
    outer loop
      vertex 2.67735 -2.11376 2.76822
      vertex 2.72162 -2.13231 1.38359
      vertex 2.55808 -1.85503 1.38359
    endloop
  endfacet
  facet normal 0.865886 0.499887 0.0188219
    outer loop
      vertex 2.67735 -2.11376 2.76822
      vertex 2.55808 -1.85503 1.38359
      vertex 2.51811 -1.83793 2.76822
    endloop
  endfacet
  facet normal 0.899849 0.435715 0.0205948
    outer loop
      vertex 2.51811 -1.83793 2.76822
      vertex 2.55808 -1.85503 1.38359
      vertex 2.41779 -1.5653 1.38359
    endloop
  endfacet
  facet normal 0.903281 0.42863 0.0189511
    outer loop
      vertex 2.51811 -1.83793 2.76822
      vertex 2.41779 -1.5653 1.38359
      vertex 2.38157 -1.55019 2.76822
    endloop
  endfacet
  facet normal 0.932519 0.360541 0.0204589
    outer loop
      vertex 2.38157 -1.55019 2.76822
      vertex 2.41779 -1.5653 1.38359
      vertex 2.3017 -1.26504 1.38359
    endloop
  endfacet
  facet normal 0.934847 0.354539 0.0190885
    outer loop
      vertex 2.38157 -1.55019 2.76822
      vertex 2.3017 -1.26504 1.38359
      vertex 2.26863 -1.25239 2.76822
    endloop
  endfacet
  facet normal 0.958921 0.282945 0.0203175
    outer loop
      vertex 2.26863 -1.25239 2.76822
      vertex 2.3017 -1.26504 1.38359
      vertex 2.2106 -0.956295 1.38359
    endloop
  endfacet
  facet normal 0.960342 0.278162 0.0192353
    outer loop
      vertex 2.26863 -1.25239 2.76822
      vertex 2.2106 -0.956295 1.38359
      vertex 2.18002 -0.946468 2.76822
    endloop
  endfacet
  facet normal 0.978869 0.203493 0.0201744
    outer loop
      vertex 2.18002 -0.946468 2.76822
      vertex 2.2106 -0.956295 1.38359
      vertex 2.14508 -0.641122 1.38359
    endloop
  endfacet
  facet normal 0.979605 0.199997 0.0193849
    outer loop
      vertex 2.18002 -0.946468 2.76822
      vertex 2.14508 -0.641122 1.38359
      vertex 2.11631 -0.63441 2.76822
    endloop
  endfacet
  facet normal 0.992248 0.122649 0.0200225
    outer loop
      vertex 2.11631 -0.63441 2.76822
      vertex 2.14508 -0.641122 1.38359
      vertex 2.10559 -0.321641 1.38359
    endloop
  endfacet
  facet normal 0.99252 0.120513 0.0195379
    outer loop
      vertex 2.11631 -0.63441 2.76822
      vertex 2.10559 -0.321641 1.38359
      vertex 2.07792 -0.318237 2.76822
    endloop
  endfacet
  facet normal 0.998963 0.0409659 0.0198622
    outer loop
      vertex 2.07792 -0.318237 2.76822
      vertex 2.10559 -0.321641 1.38359
      vertex 2.0924 0 1.38359
    endloop
  endfacet
  facet normal 0.998996 0.040244 0.0196967
    outer loop
      vertex 2.07792 -0.318237 2.76822
      vertex 2.0924 0 1.38359
      vertex 2.0651 0 2.76822
    endloop
  endfacet
  facet normal 0.998996 -0.040244 0.0196967
    outer loop
      vertex 2.0651 0 2.76822
      vertex 2.0924 0 1.38359
      vertex 2.07792 0.318237 2.76822
    endloop
  endfacet
  facet normal 0.998986 -0.0402436 0.0201757
    outer loop
      vertex 2.0651 0 2.76822
      vertex 2.07792 0.318237 2.76822
      vertex 1.932 0.163711 9.68512
    endloop
  endfacet
  facet normal 0.996614 -0.0799431 0.0192388
    outer loop
      vertex 1.932 0.163711 9.68512
      vertex 2.07792 0.318237 2.76822
      vertex 1.95818 0.490085 9.68512
    endloop
  endfacet
  facet normal 0.992507 -0.120511 0.0201756
    outer loop
      vertex 1.95818 0.490085 9.68512
      vertex 2.07792 0.318237 2.76822
      vertex 2.11631 0.63441 2.76822
    endloop
  endfacet
  facet normal 0.987027 -0.159397 0.0192389
    outer loop
      vertex 1.95818 0.490085 9.68512
      vertex 2.11631 0.63441 2.76822
      vertex 2.01038 0.81332 9.68512
    endloop
  endfacet
  facet normal 0.979589 -0.199994 0.020175
    outer loop
      vertex 2.01038 0.81332 9.68512
      vertex 2.11631 0.63441 2.76822
      vertex 2.18002 0.946468 2.76822
    endloop
  endfacet
  facet normal 0.971121 -0.237811 0.0192394
    outer loop
      vertex 2.01038 0.81332 9.68512
      vertex 2.18002 0.946468 2.76822
      vertex 2.08826 1.13135 9.68512
    endloop
  endfacet
  facet normal 0.960324 -0.278157 0.0201746
    outer loop
      vertex 2.08826 1.13135 9.68512
      vertex 2.18002 0.946468 2.76822
      vertex 2.26863 1.25239 2.76822
    endloop
  endfacet
  facet normal 0.949001 -0.314685 0.0192401
    outer loop
      vertex 2.08826 1.13135 9.68512
      vertex 2.26863 1.25239 2.76822
      vertex 2.19131 1.44212 9.68512
    endloop
  endfacet
  facet normal 0.934827 -0.354531 0.0201746
    outer loop
      vertex 2.19131 1.44212 9.68512
      vertex 2.26863 1.25239 2.76822
      vertex 2.38157 1.55019 2.76822
    endloop
  endfacet
  facet normal 0.920785 -0.389597 0.0192405
    outer loop
      vertex 2.19131 1.44212 9.68512
      vertex 2.38157 1.55019 2.76822
      vertex 2.3189 1.74367 9.68512
    endloop
  endfacet
  facet normal 0.90326 -0.42862 0.0201733
    outer loop
      vertex 2.3189 1.74367 9.68512
      vertex 2.38157 1.55019 2.76822
      vertex 2.51811 1.83793 2.76822
    endloop
  endfacet
  facet normal 0.886693 -0.461958 0.0192418
    outer loop
      vertex 2.3189 1.74367 9.68512
      vertex 2.51811 1.83793 2.76822
      vertex 2.47018 2.03404 9.68512
    endloop
  endfacet
  facet normal 0.865863 -0.499873 0.0201725
    outer loop
      vertex 2.47018 2.03404 9.68512
      vertex 2.51811 1.83793 2.76822
      vertex 2.67735 2.11376 2.76822
    endloop
  endfacet
  facet normal 0.846912 -0.531385 0.0192417
    outer loop
      vertex 2.47018 2.03404 9.68512
      vertex 2.67735 2.11376 2.76822
      vertex 2.6442 2.31139 9.68512
    endloop
  endfacet
  facet normal 0.822804 -0.567967 0.0201714
    outer loop
      vertex 2.6442 2.31139 9.68512
      vertex 2.67735 2.11376 2.76822
      vertex 2.85828 2.37587 2.76822
    endloop
  endfacet
  facet normal 0.801713 -0.597399 0.0192442
    outer loop
      vertex 2.6442 2.31139 9.68512
      vertex 2.85828 2.37587 2.76822
      vertex 2.83984 2.57394 9.68512
    endloop
  endfacet
  facet normal 0.774451 -0.632312 0.0201713
    outer loop
      vertex 2.83984 2.57394 9.68512
      vertex 2.85828 2.37587 2.76822
      vertex 3.05971 2.62258 2.76822
    endloop
  endfacet
  facet normal 0.751366 -0.659605 0.0192456
    outer loop
      vertex 2.83984 2.57394 9.68512
      vertex 3.05971 2.62258 2.76822
      vertex 3.05585 2.82 9.68512
    endloop
  endfacet
  facet normal 0.721055 -0.692584 0.0201699
    outer loop
      vertex 3.05585 2.82 9.68512
      vertex 3.05971 2.62258 2.76822
      vertex 3.28034 2.85228 2.76822
    endloop
  endfacet
  facet normal 0.696192 -0.717598 0.0192462
    outer loop
      vertex 3.05585 2.82 9.68512
      vertex 3.28034 2.85228 2.76822
      vertex 3.29085 3.04799 9.68512
    endloop
  endfacet
  facet normal 0.662981 -0.748365 0.0201672
    outer loop
      vertex 3.29085 3.04799 9.68512
      vertex 3.28034 2.85228 2.76822
      vertex 3.51874 3.06348 2.76822
    endloop
  endfacet
  facet normal 0.636614 -0.770942 0.0192479
    outer loop
      vertex 3.29085 3.04799 9.68512
      vertex 3.51874 3.06348 2.76822
      vertex 3.54332 3.25647 9.68512
    endloop
  endfacet
  facet normal 0.600611 -0.799287 0.0201667
    outer loop
      vertex 3.54332 3.25647 9.68512
      vertex 3.51874 3.06348 2.76822
      vertex 3.77336 3.25481 2.76822
    endloop
  endfacet
  facet normal 0.572909 -0.819393 0.0192503
    outer loop
      vertex 3.54332 3.25647 9.68512
      vertex 3.77336 3.25481 2.76822
      vertex 3.81166 3.44409 9.68512
    endloop
  endfacet
  facet normal 0.534382 -0.845003 0.0201644
    outer loop
      vertex 3.81166 3.44409 9.68512
      vertex 3.77336 3.25481 2.76822
      vertex 4.04254 3.42504 2.76822
    endloop
  endfacet
  facet normal 0.505554 -0.86258 0.0192506
    outer loop
      vertex 3.81166 3.44409 9.68512
      vertex 4.04254 3.42504 2.76822
      vertex 4.09414 3.60965 9.68512
    endloop
  endfacet
  facet normal 0.464615 -0.885283 0.0201619
    outer loop
      vertex 4.09414 3.60965 9.68512
      vertex 4.04254 3.42504 2.76822
      vertex 4.32456 3.57305 2.76822
    endloop
  endfacet
  facet normal 0.434961 -0.900244 0.0192532
    outer loop
      vertex 4.09414 3.60965 9.68512
      vertex 4.32456 3.57305 2.76822
      vertex 4.38895 3.75209 9.68512
    endloop
  endfacet
  facet normal 0.418064 -0.908206 0.0196166
    outer loop
      vertex 4.38895 3.75209 9.68512
      vertex 4.32456 3.57305 2.76822
      vertex 4.40767 3.5814 1.38359
    endloop
  endfacet
  facet normal 0.381806 -0.924029 0.0198602
    outer loop
      vertex 4.38895 3.75209 9.68512
      vertex 4.40767 3.5814 1.38359
      vertex 4.61757 3.69789 2.76822
    endloop
  endfacet
  facet normal 0.372712 -0.927697 0.0215473
    outer loop
      vertex 4.61757 3.69789 2.76822
      vertex 4.40767 3.5814 1.38359
      vertex 4.70638 3.70141 1.38359
    endloop
  endfacet
  facet normal 0.343268 -0.939032 0.0196299
    outer loop
      vertex 4.61757 3.69789 2.76822
      vertex 4.70638 3.70141 1.38359
      vertex 4.69421 3.8705 9.68512
    endloop
  endfacet
  facet normal 0.305657 -0.951935 0.0198376
    outer loop
      vertex 4.69421 3.8705 9.68512
      vertex 4.70638 3.70141 1.38359
      vertex 4.91967 3.79875 2.76822
    endloop
  endfacet
  facet normal 0.285908 -0.958064 0.0192574
    outer loop
      vertex 4.69421 3.8705 9.68512
      vertex 4.91967 3.79875 2.76822
      vertex 5.00796 3.96413 9.68512
    endloop
  endfacet
  facet normal 0.266142 -0.963734 0.0196453
    outer loop
      vertex 5.00796 3.96413 9.68512
      vertex 4.91967 3.79875 2.76822
      vertex 5.01391 3.79655 1.38359
    endloop
  endfacet
  facet normal 0.227487 -0.973579 0.0198163
    outer loop
      vertex 5.00796 3.96413 9.68512
      vertex 5.01391 3.79655 1.38359
      vertex 5.22891 3.87497 2.76822
    endloop
  endfacet
  facet normal 0.216281 -0.97609 0.0216986
    outer loop
      vertex 5.22891 3.87497 2.76822
      vertex 5.01391 3.79655 1.38359
      vertex 5.3282 3.86619 1.38359
    endloop
  endfacet
  facet normal 0.187435 -0.98208 0.0196681
    outer loop
      vertex 5.22891 3.87497 2.76822
      vertex 5.3282 3.86619 1.38359
      vertex 5.3282 3.9071 3.42633
    endloop
  endfacet
  facet normal 0.998963 -0.0409659 0.0198622
    outer loop
      vertex 2.0924 0 1.38359
      vertex 2.10559 0.321641 1.38359
      vertex 2.07792 0.318237 2.76822
    endloop
  endfacet
  facet normal 0.99252 -0.120513 0.0195379
    outer loop
      vertex 2.07792 0.318237 2.76822
      vertex 2.10559 0.321641 1.38359
      vertex 2.11631 0.63441 2.76822
    endloop
  endfacet
  facet normal 0.992248 -0.122649 0.0200225
    outer loop
      vertex 2.10559 0.321641 1.38359
      vertex 2.14508 0.641122 1.38359
      vertex 2.11631 0.63441 2.76822
    endloop
  endfacet
  facet normal 0.979605 -0.199997 0.0193849
    outer loop
      vertex 2.11631 0.63441 2.76822
      vertex 2.14508 0.641122 1.38359
      vertex 2.18002 0.946468 2.76822
    endloop
  endfacet
  facet normal 0.978869 -0.203493 0.0201744
    outer loop
      vertex 2.14508 0.641122 1.38359
      vertex 2.2106 0.956295 1.38359
      vertex 2.18002 0.946468 2.76822
    endloop
  endfacet
  facet normal 0.960342 -0.278162 0.0192353
    outer loop
      vertex 2.18002 0.946468 2.76822
      vertex 2.2106 0.956295 1.38359
      vertex 2.26863 1.25239 2.76822
    endloop
  endfacet
  facet normal 0.958921 -0.282945 0.0203175
    outer loop
      vertex 2.2106 0.956295 1.38359
      vertex 2.3017 1.26504 1.38359
      vertex 2.26863 1.25239 2.76822
    endloop
  endfacet
  facet normal 0.934847 -0.354539 0.0190885
    outer loop
      vertex 2.26863 1.25239 2.76822
      vertex 2.3017 1.26504 1.38359
      vertex 2.38157 1.55019 2.76822
    endloop
  endfacet
  facet normal 0.932519 -0.360541 0.0204589
    outer loop
      vertex 2.3017 1.26504 1.38359
      vertex 2.41779 1.5653 1.38359
      vertex 2.38157 1.55019 2.76822
    endloop
  endfacet
  facet normal 0.903281 -0.42863 0.0189511
    outer loop
      vertex 2.38157 1.55019 2.76822
      vertex 2.41779 1.5653 1.38359
      vertex 2.51811 1.83793 2.76822
    endloop
  endfacet
  facet normal 0.899849 -0.435715 0.0205948
    outer loop
      vertex 2.41779 1.5653 1.38359
      vertex 2.55808 1.85503 1.38359
      vertex 2.51811 1.83793 2.76822
    endloop
  endfacet
  facet normal 0.865886 -0.499887 0.0188219
    outer loop
      vertex 2.51811 1.83793 2.76822
      vertex 2.55808 1.85503 1.38359
      vertex 2.67735 2.11376 2.76822
    endloop
  endfacet
  facet normal 0.861159 -0.507913 0.0207288
    outer loop
      vertex 2.55808 1.85503 1.38359
      vertex 2.72162 2.13231 1.38359
      vertex 2.67735 2.11376 2.76822
    endloop
  endfacet
  facet normal 0.822827 -0.567984 0.0186985
    outer loop
      vertex 2.67735 2.11376 2.76822
      vertex 2.72162 2.13231 1.38359
      vertex 2.85828 2.37587 2.76822
    endloop
  endfacet
  facet normal 0.816661 -0.576741 0.0208475
    outer loop
      vertex 2.72162 2.13231 1.38359
      vertex 2.90732 2.39526 1.38359
      vertex 2.85828 2.37587 2.76822
    endloop
  endfacet
  facet normal 0.774475 -0.632332 0.0185749
    outer loop
      vertex 2.85828 2.37587 2.76822
      vertex 2.90732 2.39526 1.38359
      vertex 3.05971 2.62258 2.76822
    endloop
  endfacet
  facet normal 0.766686 -0.64168 0.0209668
    outer loop
      vertex 2.90732 2.39526 1.38359
      vertex 3.11393 2.64212 1.38359
      vertex 3.05971 2.62258 2.76822
    endloop
  endfacet
  facet normal 0.721079 -0.692607 0.0184623
    outer loop
      vertex 3.05971 2.62258 2.76822
      vertex 3.11393 2.64212 1.38359
      vertex 3.28034 2.85228 2.76822
    endloop
  endfacet
  facet normal 0.711562 -0.702307 0.0210784
    outer loop
      vertex 3.11393 2.64212 1.38359
      vertex 3.34006 2.87123 1.38359
      vertex 3.28034 2.85228 2.76822
    endloop
  endfacet
  facet normal 0.663004 -0.748391 0.0183533
    outer loop
      vertex 3.28034 2.85228 2.76822
      vertex 3.34006 2.87123 1.38359
      vertex 3.51874 3.06348 2.76822
    endloop
  endfacet
  facet normal 0.651658 -0.758217 0.0211819
    outer loop
      vertex 3.34006 2.87123 1.38359
      vertex 3.58419 3.08105 1.38359
      vertex 3.51874 3.06348 2.76822
    endloop
  endfacet
  facet normal 0.600633 -0.799316 0.0182485
    outer loop
      vertex 3.51874 3.06348 2.76822
      vertex 3.58419 3.08105 1.38359
      vertex 3.77336 3.25481 2.76822
    endloop
  endfacet
  facet normal 0.587379 -0.809032 0.0212786
    outer loop
      vertex 3.58419 3.08105 1.38359
      vertex 3.84469 3.27018 1.38359
      vertex 3.77336 3.25481 2.76822
    endloop
  endfacet
  facet normal 0.534402 -0.845035 0.0181498
    outer loop
      vertex 3.77336 3.25481 2.76822
      vertex 3.84469 3.27018 1.38359
      vertex 4.04254 3.42504 2.76822
    endloop
  endfacet
  facet normal 0.519129 -0.854428 0.0213826
    outer loop
      vertex 3.84469 3.27018 1.38359
      vertex 4.1198 3.43733 1.38359
      vertex 4.04254 3.42504 2.76822
    endloop
  endfacet
  facet normal 0.464634 -0.885319 0.0180677
    outer loop
      vertex 4.04254 3.42504 2.76822
      vertex 4.1198 3.43733 1.38359
      vertex 4.32456 3.57305 2.76822
    endloop
  endfacet
  facet normal 0.447446 -0.894053 0.0214656
    outer loop
      vertex 4.1198 3.43733 1.38359
      vertex 4.40767 3.5814 1.38359
      vertex 4.32456 3.57305 2.76822
    endloop
  endfacet
  facet normal 0.295479 -0.955104 0.0216283
    outer loop
      vertex 4.70638 3.70141 1.38359
      vertex 5.01391 3.79655 1.38359
      vertex 4.91967 3.79875 2.76822
    endloop
  endfacet
  facet normal 0.1875 -0.982068 0.0196577
    outer loop
      vertex 5.3282 3.9071 3.42633
      vertex 5.3282 3.94842 5.49061
      vertex 5.22891 3.87497 2.76822
    endloop
  endfacet
  facet normal 0.201676 -0.979267 0.0190651
    outer loop
      vertex 5.22891 3.87497 2.76822
      vertex 5.3282 3.94842 5.49061
      vertex 5.00796 3.96413 9.68512
    endloop
  endfacet
  facet normal 0.208355 -0.977857 0.0195698
    outer loop
      vertex 5.3282 3.94842 5.49061
      vertex 5.3282 3.99017 7.57676
      vertex 5.00796 3.96413 9.68512
    endloop
  endfacet
  facet normal 0.208342 -0.97786 0.0195678
    outer loop
      vertex 5.00796 3.96413 9.68512
      vertex 5.3282 3.99017 7.57676
      vertex 5.3282 4.03236 9.68512
    endloop
  endfacet
  facet normal 0.361577 -0.932143 0.0192552
    outer loop
      vertex 4.69421 3.8705 9.68512
      vertex 4.38895 3.75209 9.68512
      vertex 4.61757 3.69789 2.76822
    endloop
  endfacet
  facet normal 0.999815 0 0.0192392
    outer loop
      vertex 1.932 0.163711 9.68512
      vertex 1.932 -0.163711 9.68512
      vertex 2.0651 0 2.76822
    endloop
  endfacet
  facet normal 0.998986 0.0402436 0.0201757
    outer loop
      vertex 2.0651 0 2.76822
      vertex 1.932 -0.163711 9.68512
      vertex 2.07792 -0.318237 2.76822
    endloop
  endfacet
  facet normal 0.996614 0.0799431 0.0192388
    outer loop
      vertex 1.932 -0.163711 9.68512
      vertex 1.95818 -0.490085 9.68512
      vertex 2.07792 -0.318237 2.76822
    endloop
  endfacet
  facet normal 0.992507 0.120511 0.0201756
    outer loop
      vertex 2.07792 -0.318237 2.76822
      vertex 1.95818 -0.490085 9.68512
      vertex 2.11631 -0.63441 2.76822
    endloop
  endfacet
  facet normal 0.987027 0.159397 0.0192389
    outer loop
      vertex 1.95818 -0.490085 9.68512
      vertex 2.01038 -0.81332 9.68512
      vertex 2.11631 -0.63441 2.76822
    endloop
  endfacet
  facet normal 0.979589 0.199994 0.020175
    outer loop
      vertex 2.11631 -0.63441 2.76822
      vertex 2.01038 -0.81332 9.68512
      vertex 2.18002 -0.946468 2.76822
    endloop
  endfacet
  facet normal 0.971121 0.237811 0.0192394
    outer loop
      vertex 2.01038 -0.81332 9.68512
      vertex 2.08826 -1.13135 9.68512
      vertex 2.18002 -0.946468 2.76822
    endloop
  endfacet
  facet normal 0.960324 0.278157 0.0201746
    outer loop
      vertex 2.18002 -0.946468 2.76822
      vertex 2.08826 -1.13135 9.68512
      vertex 2.26863 -1.25239 2.76822
    endloop
  endfacet
  facet normal 0.949001 0.314685 0.0192401
    outer loop
      vertex 2.08826 -1.13135 9.68512
      vertex 2.19131 -1.44212 9.68512
      vertex 2.26863 -1.25239 2.76822
    endloop
  endfacet
  facet normal 0.934827 0.354531 0.0201746
    outer loop
      vertex 2.26863 -1.25239 2.76822
      vertex 2.19131 -1.44212 9.68512
      vertex 2.38157 -1.55019 2.76822
    endloop
  endfacet
  facet normal 0.920785 0.389597 0.0192405
    outer loop
      vertex 2.19131 -1.44212 9.68512
      vertex 2.3189 -1.74367 9.68512
      vertex 2.38157 -1.55019 2.76822
    endloop
  endfacet
  facet normal 0.90326 0.42862 0.0201733
    outer loop
      vertex 2.38157 -1.55019 2.76822
      vertex 2.3189 -1.74367 9.68512
      vertex 2.51811 -1.83793 2.76822
    endloop
  endfacet
  facet normal 0.886693 0.461958 0.0192418
    outer loop
      vertex 2.3189 -1.74367 9.68512
      vertex 2.47018 -2.03404 9.68512
      vertex 2.51811 -1.83793 2.76822
    endloop
  endfacet
  facet normal 0.865863 0.499873 0.0201725
    outer loop
      vertex 2.51811 -1.83793 2.76822
      vertex 2.47018 -2.03404 9.68512
      vertex 2.67735 -2.11376 2.76822
    endloop
  endfacet
  facet normal 0.846912 0.531385 0.0192417
    outer loop
      vertex 2.47018 -2.03404 9.68512
      vertex 2.6442 -2.31139 9.68512
      vertex 2.67735 -2.11376 2.76822
    endloop
  endfacet
  facet normal 0.822804 0.567967 0.0201714
    outer loop
      vertex 2.67735 -2.11376 2.76822
      vertex 2.6442 -2.31139 9.68512
      vertex 2.85828 -2.37587 2.76822
    endloop
  endfacet
  facet normal 0.801713 0.597399 0.0192442
    outer loop
      vertex 2.6442 -2.31139 9.68512
      vertex 2.83984 -2.57394 9.68512
      vertex 2.85828 -2.37587 2.76822
    endloop
  endfacet
  facet normal 0.774451 0.632312 0.0201713
    outer loop
      vertex 2.85828 -2.37587 2.76822
      vertex 2.83984 -2.57394 9.68512
      vertex 3.05971 -2.62258 2.76822
    endloop
  endfacet
  facet normal 0.751366 0.659605 0.0192456
    outer loop
      vertex 2.83984 -2.57394 9.68512
      vertex 3.05585 -2.82 9.68512
      vertex 3.05971 -2.62258 2.76822
    endloop
  endfacet
  facet normal 0.721055 0.692584 0.0201699
    outer loop
      vertex 3.05971 -2.62258 2.76822
      vertex 3.05585 -2.82 9.68512
      vertex 3.28034 -2.85228 2.76822
    endloop
  endfacet
  facet normal 0.696192 0.717598 0.0192462
    outer loop
      vertex 3.05585 -2.82 9.68512
      vertex 3.29085 -3.04799 9.68512
      vertex 3.28034 -2.85228 2.76822
    endloop
  endfacet
  facet normal 0.662981 0.748365 0.0201672
    outer loop
      vertex 3.28034 -2.85228 2.76822
      vertex 3.29085 -3.04799 9.68512
      vertex 3.51874 -3.06348 2.76822
    endloop
  endfacet
  facet normal 0.636614 0.770942 0.0192479
    outer loop
      vertex 3.29085 -3.04799 9.68512
      vertex 3.54332 -3.25647 9.68512
      vertex 3.51874 -3.06348 2.76822
    endloop
  endfacet
  facet normal 0.600611 0.799287 0.0201667
    outer loop
      vertex 3.51874 -3.06348 2.76822
      vertex 3.54332 -3.25647 9.68512
      vertex 3.77336 -3.25481 2.76822
    endloop
  endfacet
  facet normal 0.572909 0.819393 0.0192503
    outer loop
      vertex 3.54332 -3.25647 9.68512
      vertex 3.81166 -3.44409 9.68512
      vertex 3.77336 -3.25481 2.76822
    endloop
  endfacet
  facet normal 0.534382 0.845003 0.0201644
    outer loop
      vertex 3.77336 -3.25481 2.76822
      vertex 3.81166 -3.44409 9.68512
      vertex 4.04254 -3.42504 2.76822
    endloop
  endfacet
  facet normal 0.505554 0.86258 0.0192506
    outer loop
      vertex 3.81166 -3.44409 9.68512
      vertex 4.09414 -3.60965 9.68512
      vertex 4.04254 -3.42504 2.76822
    endloop
  endfacet
  facet normal 0.464615 0.885283 0.0201619
    outer loop
      vertex 4.04254 -3.42504 2.76822
      vertex 4.09414 -3.60965 9.68512
      vertex 4.32456 -3.57305 2.76822
    endloop
  endfacet
  facet normal 0.434961 0.900244 0.0192532
    outer loop
      vertex 4.09414 -3.60965 9.68512
      vertex 4.38895 -3.75209 9.68512
      vertex 4.32456 -3.57305 2.76822
    endloop
  endfacet
  facet normal 1 0 0
    outer loop
      vertex 5.3282 -3.99017 7.57676
      vertex 5.3282 -3.94842 5.49061
      vertex 5.3282 -3.86619 1.38359
    endloop
  endfacet
  facet normal 1 0 0
    outer loop
      vertex 5.3282 -3.86619 1.38359
      vertex 5.3282 -3.94842 5.49061
      vertex 5.3282 -3.9071 3.42633
    endloop
  endfacet
  facet normal -1 0 0
    outer loop
      vertex 6.71179 -3.86619 1.38359
      vertex 6.71179 -6.88326 1.38359
      vertex 6.71179 -3.9071 3.42633
    endloop
  endfacet
  facet normal -1 -0 0
    outer loop
      vertex 6.71179 -3.9071 3.42633
      vertex 6.71179 -6.88326 1.38359
      vertex 6.71179 -3.94842 5.49061
    endloop
  endfacet
  facet normal -1 -0 0
    outer loop
      vertex 6.71179 -3.94842 5.49061
      vertex 6.71179 -6.88326 1.38359
      vertex 6.71179 -6.88326 9.68512
    endloop
  endfacet
  facet normal -1 0 0
    outer loop
      vertex 6.71179 -3.94842 5.49061
      vertex 6.71179 -6.88326 9.68512
      vertex 6.71179 -3.99017 7.57676
    endloop
  endfacet
  facet normal -1 0 0
    outer loop
      vertex 6.71179 -3.99017 7.57676
      vertex 6.71179 -6.88326 9.68512
      vertex 6.71179 -4.03236 9.68512
    endloop
  endfacet
  facet normal 1 0 0
    outer loop
      vertex 5.3282 3.86619 1.38359
      vertex 5.3282 6.88326 1.38359
      vertex 5.3282 3.9071 3.42633
    endloop
  endfacet
  facet normal 1 -0 0
    outer loop
      vertex 5.3282 3.9071 3.42633
      vertex 5.3282 6.88326 1.38359
      vertex 5.3282 3.94842 5.49061
    endloop
  endfacet
  facet normal 1 -0 0
    outer loop
      vertex 5.3282 3.94842 5.49061
      vertex 5.3282 6.88326 1.38359
      vertex 5.3282 6.88326 9.68512
    endloop
  endfacet
  facet normal 1 0 0
    outer loop
      vertex 5.3282 3.94842 5.49061
      vertex 5.3282 6.88326 9.68512
      vertex 5.3282 3.99017 7.57676
    endloop
  endfacet
  facet normal 1 0 0
    outer loop
      vertex 5.3282 3.99017 7.57676
      vertex 5.3282 6.88326 9.68512
      vertex 5.3282 4.03236 9.68512
    endloop
  endfacet
  facet normal -0.999146 -0.0413288 0
    outer loop
      vertex 2.11922 -0.323227 1.38359
      vertex 2.11922 -0.323227 3.73569
      vertex 2.10585 -4.79343e-16 1.38359
    endloop
  endfacet
  facet normal -0.999146 -0.0413288 1.68451e-17
    outer loop
      vertex 2.10585 -4.79343e-16 1.38359
      vertex 2.11922 -0.323227 3.73569
      vertex 2.10585 4.79343e-16 3.73569
    endloop
  endfacet
  facet normal -0.999146 0.0413288 -1.68451e-17
    outer loop
      vertex 2.10585 -4.79343e-16 1.38359
      vertex 2.10585 4.79343e-16 3.73569
      vertex 2.11922 0.323227 1.38359
    endloop
  endfacet
  facet normal -0.999146 0.0413288 0
    outer loop
      vertex 2.11922 0.323227 1.38359
      vertex 2.10585 4.79343e-16 3.73569
      vertex 2.11922 0.323227 3.73569
    endloop
  endfacet
  facet normal -0.992319 0.123708 0
    outer loop
      vertex 2.11922 0.323227 1.38359
      vertex 2.11922 0.323227 3.73569
      vertex 2.15924 0.644246 1.38359
    endloop
  endfacet
  facet normal -0.992319 0.123708 0
    outer loop
      vertex 2.15924 0.644246 1.38359
      vertex 2.11922 0.323227 3.73569
      vertex 2.15924 0.644246 3.73569
    endloop
  endfacet
  facet normal -0.978715 0.205222 0
    outer loop
      vertex 2.15924 0.644246 1.38359
      vertex 2.15924 0.644246 3.73569
      vertex 2.22563 0.960864 1.38359
    endloop
  endfacet
  facet normal -0.978715 0.205222 0
    outer loop
      vertex 2.22563 0.960864 1.38359
      vertex 2.15924 0.644246 3.73569
      vertex 2.22563 0.960864 3.73569
    endloop
  endfacet
  facet normal -0.958434 0.285314 0
    outer loop
      vertex 2.22563 0.960864 1.38359
      vertex 2.22563 0.960864 3.73569
      vertex 2.31793 1.27092 1.38359
    endloop
  endfacet
  facet normal -0.958434 0.285314 0
    outer loop
      vertex 2.31793 1.27092 1.38359
      vertex 2.22563 0.960864 3.73569
      vertex 2.31793 1.27092 3.73569
    endloop
  endfacet
  facet normal -0.931586 0.363522 0
    outer loop
      vertex 2.31793 1.27092 1.38359
      vertex 2.31793 1.27092 3.73569
      vertex 2.43553 1.57229 1.38359
    endloop
  endfacet
  facet normal -0.931586 0.363522 0
    outer loop
      vertex 2.43553 1.57229 1.38359
      vertex 2.31793 1.27092 3.73569
      vertex 2.43553 1.57229 3.73569
    endloop
  endfacet
  facet normal -0.898391 0.439196 0
    outer loop
      vertex 2.43553 1.57229 1.38359
      vertex 2.43553 1.57229 3.73569
      vertex 2.57761 1.86292 1.38359
    endloop
  endfacet
  facet normal -0.898391 0.439196 0
    outer loop
      vertex 2.57761 1.86292 1.38359
      vertex 2.43553 1.57229 3.73569
      vertex 2.57761 1.86292 3.73569
    endloop
  endfacet
  facet normal -0.859052 0.511889 0
    outer loop
      vertex 2.57761 1.86292 1.38359
      vertex 2.57761 1.86292 3.73569
      vertex 2.74321 2.14083 1.38359
    endloop
  endfacet
  facet normal -0.859052 0.511889 0
    outer loop
      vertex 2.74321 2.14083 1.38359
      vertex 2.57761 1.86292 3.73569
      vertex 2.74321 2.14083 3.73569
    endloop
  endfacet
  facet normal -0.813846 0.58108 0
    outer loop
      vertex 2.74321 2.14083 1.38359
      vertex 2.74321 2.14083 3.73569
      vertex 2.93119 2.40411 1.38359
    endloop
  endfacet
  facet normal -0.813846 0.58108 0
    outer loop
      vertex 2.93119 2.40411 1.38359
      vertex 2.74321 2.14083 3.73569
      vertex 2.93119 2.40411 3.73569
    endloop
  endfacet
  facet normal -0.763084 0.6463 0
    outer loop
      vertex 2.93119 2.40411 1.38359
      vertex 2.93119 2.40411 3.73569
      vertex 3.14027 2.65097 1.38359
    endloop
  endfacet
  facet normal -0.763084 0.6463 0
    outer loop
      vertex 3.14027 2.65097 1.38359
      vertex 2.93119 2.40411 3.73569
      vertex 3.14027 2.65097 3.73569
    endloop
  endfacet
  facet normal -0.707107 0.707107 0
    outer loop
      vertex 3.14027 2.65097 1.38359
      vertex 3.14027 2.65097 3.73569
      vertex 3.36902 2.87972 1.38359
    endloop
  endfacet
  facet normal -0.707107 0.707107 0
    outer loop
      vertex 3.36902 2.87972 1.38359
      vertex 3.14027 2.65097 3.73569
      vertex 3.36902 2.87972 3.73569
    endloop
  endfacet
  facet normal -0.6463 0.763084 0
    outer loop
      vertex 3.36902 2.87972 1.38359
      vertex 3.36902 2.87972 3.73569
      vertex 3.61588 3.0888 1.38359
    endloop
  endfacet
  facet normal -0.6463 0.763084 0
    outer loop
      vertex 3.61588 3.0888 1.38359
      vertex 3.36902 2.87972 3.73569
      vertex 3.61588 3.0888 3.73569
    endloop
  endfacet
  facet normal -0.58108 0.813846 0
    outer loop
      vertex 3.61588 3.0888 1.38359
      vertex 3.61588 3.0888 3.73569
      vertex 3.87916 3.27678 1.38359
    endloop
  endfacet
  facet normal -0.58108 0.813846 0
    outer loop
      vertex 3.87916 3.27678 1.38359
      vertex 3.61588 3.0888 3.73569
      vertex 3.87916 3.27678 3.73569
    endloop
  endfacet
  facet normal -0.511889 0.859052 0
    outer loop
      vertex 3.87916 3.27678 1.38359
      vertex 3.87916 3.27678 3.73569
      vertex 4.15707 3.44238 1.38359
    endloop
  endfacet
  facet normal -0.511889 0.859052 0
    outer loop
      vertex 4.15707 3.44238 1.38359
      vertex 3.87916 3.27678 3.73569
      vertex 4.15707 3.44238 3.73569
    endloop
  endfacet
  facet normal -0.439196 0.898391 0
    outer loop
      vertex 4.15707 3.44238 1.38359
      vertex 4.15707 3.44238 3.73569
      vertex 4.4477 3.58446 1.38359
    endloop
  endfacet
  facet normal -0.439196 0.898391 0
    outer loop
      vertex 4.4477 3.58446 1.38359
      vertex 4.15707 3.44238 3.73569
      vertex 4.4477 3.58446 3.73569
    endloop
  endfacet
  facet normal -0.363522 0.931586 0
    outer loop
      vertex 4.4477 3.58446 1.38359
      vertex 4.4477 3.58446 3.73569
      vertex 4.74907 3.70206 1.38359
    endloop
  endfacet
  facet normal -0.363522 0.931586 0
    outer loop
      vertex 4.74907 3.70206 1.38359
      vertex 4.4477 3.58446 3.73569
      vertex 4.74907 3.70206 3.73569
    endloop
  endfacet
  facet normal -0.285339 0.958427 0
    outer loop
      vertex 4.74907 3.70206 1.38359
      vertex 4.74907 3.70206 3.73569
      vertex 5.05913 3.79437 1.38359
    endloop
  endfacet
  facet normal -0.285339 0.958427 0
    outer loop
      vertex 5.05913 3.79437 1.38359
      vertex 4.74907 3.70206 3.73569
      vertex 5.05913 3.79437 3.73569
    endloop
  endfacet
  facet normal -0.205191 0.978722 0
    outer loop
      vertex 5.05913 3.79437 1.38359
      vertex 5.05913 3.79437 3.73569
      vertex 5.37575 3.86075 1.38359
    endloop
  endfacet
  facet normal -0.205191 0.978722 0
    outer loop
      vertex 5.37575 3.86075 1.38359
      vertex 5.05913 3.79437 3.73569
      vertex 5.37575 3.86075 3.73569
    endloop
  endfacet
  facet normal -0.123711 0.992318 0
    outer loop
      vertex 5.37575 3.86075 1.38359
      vertex 5.37575 3.86075 3.73569
      vertex 5.69676 3.90077 1.38359
    endloop
  endfacet
  facet normal -0.123711 0.992318 0
    outer loop
      vertex 5.69676 3.90077 1.38359
      vertex 5.37575 3.86075 3.73569
      vertex 5.69676 3.90077 3.73569
    endloop
  endfacet
  facet normal -0.0413284 0.999146 0
    outer loop
      vertex 5.69676 3.90077 1.38359
      vertex 5.69676 3.90077 3.73569
      vertex 6.01999 3.91414 1.38359
    endloop
  endfacet
  facet normal -0.0413284 0.999146 0
    outer loop
      vertex 6.01999 3.91414 1.38359
      vertex 5.69676 3.90077 3.73569
      vertex 6.01999 3.91414 3.73569
    endloop
  endfacet
  facet normal 0.0413284 0.999146 -0
    outer loop
      vertex 6.01999 3.91414 1.38359
      vertex 6.01999 3.91414 3.73569
      vertex 6.34322 3.90077 1.38359
    endloop
  endfacet
  facet normal 0.0413284 0.999146 -0
    outer loop
      vertex 6.34322 3.90077 1.38359
      vertex 6.01999 3.91414 3.73569
      vertex 6.34322 3.90077 3.73569
    endloop
  endfacet
  facet normal 0.123708 0.992319 -0
    outer loop
      vertex 6.34322 3.90077 1.38359
      vertex 6.34322 3.90077 3.73569
      vertex 6.66424 3.86075 1.38359
    endloop
  endfacet
  facet normal 0.123708 0.992319 -0
    outer loop
      vertex 6.66424 3.86075 1.38359
      vertex 6.34322 3.90077 3.73569
      vertex 6.66424 3.86075 3.73569
    endloop
  endfacet
  facet normal 0.205197 0.978721 -0
    outer loop
      vertex 6.66424 3.86075 1.38359
      vertex 6.66424 3.86075 3.73569
      vertex 6.98085 3.79437 1.38359
    endloop
  endfacet
  facet normal 0.205197 0.978721 -0
    outer loop
      vertex 6.98085 3.79437 1.38359
      vertex 6.66424 3.86075 3.73569
      vertex 6.98085 3.79437 3.73569
    endloop
  endfacet
  facet normal 0.285339 0.958427 -0
    outer loop
      vertex 6.98085 3.79437 1.38359
      vertex 6.98085 3.79437 3.73569
      vertex 7.29091 3.70206 1.38359
    endloop
  endfacet
  facet normal 0.285339 0.958427 -0
    outer loop
      vertex 7.29091 3.70206 1.38359
      vertex 6.98085 3.79437 3.73569
      vertex 7.29091 3.70206 3.73569
    endloop
  endfacet
  facet normal 0.363522 0.931586 -0
    outer loop
      vertex 7.29091 3.70206 1.38359
      vertex 7.29091 3.70206 3.73569
      vertex 7.59228 3.58446 1.38359
    endloop
  endfacet
  facet normal 0.363522 0.931586 -0
    outer loop
      vertex 7.59228 3.58446 1.38359
      vertex 7.29091 3.70206 3.73569
      vertex 7.59228 3.58446 3.73569
    endloop
  endfacet
  facet normal 0.439196 0.898391 -0
    outer loop
      vertex 7.59228 3.58446 1.38359
      vertex 7.59228 3.58446 3.73569
      vertex 7.88291 3.44238 1.38359
    endloop
  endfacet
  facet normal 0.439196 0.898391 -0
    outer loop
      vertex 7.88291 3.44238 1.38359
      vertex 7.59228 3.58446 3.73569
      vertex 7.88291 3.44238 3.73569
    endloop
  endfacet
  facet normal 0.511889 0.859052 -0
    outer loop
      vertex 7.88291 3.44238 1.38359
      vertex 7.88291 3.44238 3.73569
      vertex 8.16082 3.27678 1.38359
    endloop
  endfacet
  facet normal 0.511889 0.859052 -0
    outer loop
      vertex 8.16082 3.27678 1.38359
      vertex 7.88291 3.44238 3.73569
      vertex 8.16082 3.27678 3.73569
    endloop
  endfacet
  facet normal 0.58108 0.813846 -0
    outer loop
      vertex 8.16082 3.27678 1.38359
      vertex 8.16082 3.27678 3.73569
      vertex 8.4241 3.0888 1.38359
    endloop
  endfacet
  facet normal 0.58108 0.813846 -0
    outer loop
      vertex 8.4241 3.0888 1.38359
      vertex 8.16082 3.27678 3.73569
      vertex 8.4241 3.0888 3.73569
    endloop
  endfacet
  facet normal 0.6463 0.763084 -0
    outer loop
      vertex 8.4241 3.0888 1.38359
      vertex 8.4241 3.0888 3.73569
      vertex 8.67096 2.87972 1.38359
    endloop
  endfacet
  facet normal 0.6463 0.763084 -0
    outer loop
      vertex 8.67096 2.87972 1.38359
      vertex 8.4241 3.0888 3.73569
      vertex 8.67096 2.87972 3.73569
    endloop
  endfacet
  facet normal 0.707091 0.707122 -0
    outer loop
      vertex 8.67096 2.87972 1.38359
      vertex 8.67096 2.87972 3.73569
      vertex 8.89972 2.65097 1.38359
    endloop
  endfacet
  facet normal 0.707091 0.707122 -0
    outer loop
      vertex 8.89972 2.65097 1.38359
      vertex 8.67096 2.87972 3.73569
      vertex 8.89972 2.65097 3.73569
    endloop
  endfacet
  facet normal 0.763084 0.6463 -0
    outer loop
      vertex 8.89972 2.65097 1.38359
      vertex 8.89972 2.65097 3.73569
      vertex 9.1088 2.40411 1.38359
    endloop
  endfacet
  facet normal 0.763084 0.6463 -0
    outer loop
      vertex 9.1088 2.40411 1.38359
      vertex 8.89972 2.65097 3.73569
      vertex 9.1088 2.40411 3.73569
    endloop
  endfacet
  facet normal 0.813846 0.58108 -0
    outer loop
      vertex 9.1088 2.40411 1.38359
      vertex 9.1088 2.40411 3.73569
      vertex 9.29678 2.14083 1.38359
    endloop
  endfacet
  facet normal 0.813846 0.58108 -0
    outer loop
      vertex 9.29678 2.14083 1.38359
      vertex 9.1088 2.40411 3.73569
      vertex 9.29678 2.14083 3.73569
    endloop
  endfacet
  facet normal 0.859065 0.511866 -0
    outer loop
      vertex 9.29678 2.14083 1.38359
      vertex 9.29678 2.14083 3.73569
      vertex 9.46237 1.86292 1.38359
    endloop
  endfacet
  facet normal 0.859065 0.511866 -0
    outer loop
      vertex 9.46237 1.86292 1.38359
      vertex 9.29678 2.14083 3.73569
      vertex 9.46237 1.86292 3.73569
    endloop
  endfacet
  facet normal 0.898391 0.439196 -0
    outer loop
      vertex 9.46237 1.86292 1.38359
      vertex 9.46237 1.86292 3.73569
      vertex 9.60445 1.57229 1.38359
    endloop
  endfacet
  facet normal 0.898391 0.439196 -0
    outer loop
      vertex 9.60445 1.57229 1.38359
      vertex 9.46237 1.86292 3.73569
      vertex 9.60445 1.57229 3.73569
    endloop
  endfacet
  facet normal 0.931586 0.363522 -0
    outer loop
      vertex 9.60445 1.57229 1.38359
      vertex 9.60445 1.57229 3.73569
      vertex 9.72205 1.27092 1.38359
    endloop
  endfacet
  facet normal 0.931586 0.363522 -0
    outer loop
      vertex 9.72205 1.27092 1.38359
      vertex 9.60445 1.57229 3.73569
      vertex 9.72205 1.27092 3.73569
    endloop
  endfacet
  facet normal 0.958426 0.285343 -0
    outer loop
      vertex 9.72205 1.27092 1.38359
      vertex 9.72205 1.27092 3.73569
      vertex 9.81436 0.960864 1.38359
    endloop
  endfacet
  facet normal 0.958426 0.285343 -0
    outer loop
      vertex 9.81436 0.960864 1.38359
      vertex 9.72205 1.27092 3.73569
      vertex 9.81436 0.960864 3.73569
    endloop
  endfacet
  facet normal 0.978722 0.205192 -0
    outer loop
      vertex 9.81436 0.960864 1.38359
      vertex 9.81436 0.960864 3.73569
      vertex 9.88074 0.644246 1.38359
    endloop
  endfacet
  facet normal 0.978722 0.205192 -0
    outer loop
      vertex 9.88074 0.644246 1.38359
      vertex 9.81436 0.960864 3.73569
      vertex 9.88074 0.644246 3.73569
    endloop
  endfacet
  facet normal 0.992319 0.123708 -0
    outer loop
      vertex 9.88074 0.644246 1.38359
      vertex 9.88074 0.644246 3.73569
      vertex 9.92076 0.323227 1.38359
    endloop
  endfacet
  facet normal 0.992319 0.123708 -0
    outer loop
      vertex 9.92076 0.323227 1.38359
      vertex 9.88074 0.644246 3.73569
      vertex 9.92076 0.323227 3.73569
    endloop
  endfacet
  facet normal 0.999146 0.0413288 -0
    outer loop
      vertex 9.92076 0.323227 1.38359
      vertex 9.92076 0.323227 3.73569
      vertex 9.93413 0 1.38359
    endloop
  endfacet
  facet normal 0.999146 0.0413288 -0
    outer loop
      vertex 9.93413 0 1.38359
      vertex 9.92076 0.323227 3.73569
      vertex 9.93413 0 3.73569
    endloop
  endfacet
  facet normal 0.999146 -0.0413288 0
    outer loop
      vertex 9.93413 0 1.38359
      vertex 9.93413 0 3.73569
      vertex 9.92076 -0.323227 1.38359
    endloop
  endfacet
  facet normal 0.999146 -0.0413288 0
    outer loop
      vertex 9.92076 -0.323227 1.38359
      vertex 9.93413 0 3.73569
      vertex 9.92076 -0.323227 3.73569
    endloop
  endfacet
  facet normal 0.992319 -0.123708 0
    outer loop
      vertex 9.92076 -0.323227 1.38359
      vertex 9.92076 -0.323227 3.73569
      vertex 9.88074 -0.644246 1.38359
    endloop
  endfacet
  facet normal 0.992319 -0.123708 0
    outer loop
      vertex 9.88074 -0.644246 1.38359
      vertex 9.92076 -0.323227 3.73569
      vertex 9.88074 -0.644246 3.73569
    endloop
  endfacet
  facet normal 0.978722 -0.205192 0
    outer loop
      vertex 9.88074 -0.644246 1.38359
      vertex 9.88074 -0.644246 3.73569
      vertex 9.81436 -0.960864 1.38359
    endloop
  endfacet
  facet normal 0.978722 -0.205192 0
    outer loop
      vertex 9.81436 -0.960864 1.38359
      vertex 9.88074 -0.644246 3.73569
      vertex 9.81436 -0.960864 3.73569
    endloop
  endfacet
  facet normal 0.958426 -0.285343 0
    outer loop
      vertex 9.81436 -0.960864 1.38359
      vertex 9.81436 -0.960864 3.73569
      vertex 9.72205 -1.27092 1.38359
    endloop
  endfacet
  facet normal 0.958426 -0.285343 0
    outer loop
      vertex 9.72205 -1.27092 1.38359
      vertex 9.81436 -0.960864 3.73569
      vertex 9.72205 -1.27092 3.73569
    endloop
  endfacet
  facet normal 0.931586 -0.363522 0
    outer loop
      vertex 9.72205 -1.27092 1.38359
      vertex 9.72205 -1.27092 3.73569
      vertex 9.60445 -1.57229 1.38359
    endloop
  endfacet
  facet normal 0.931586 -0.363522 0
    outer loop
      vertex 9.60445 -1.57229 1.38359
      vertex 9.72205 -1.27092 3.73569
      vertex 9.60445 -1.57229 3.73569
    endloop
  endfacet
  facet normal 0.898391 -0.439196 0
    outer loop
      vertex 9.60445 -1.57229 1.38359
      vertex 9.60445 -1.57229 3.73569
      vertex 9.46237 -1.86292 1.38359
    endloop
  endfacet
  facet normal 0.898391 -0.439196 0
    outer loop
      vertex 9.46237 -1.86292 1.38359
      vertex 9.60445 -1.57229 3.73569
      vertex 9.46237 -1.86292 3.73569
    endloop
  endfacet
  facet normal 0.859065 -0.511866 0
    outer loop
      vertex 9.46237 -1.86292 1.38359
      vertex 9.46237 -1.86292 3.73569
      vertex 9.29678 -2.14083 1.38359
    endloop
  endfacet
  facet normal 0.859065 -0.511866 0
    outer loop
      vertex 9.29678 -2.14083 1.38359
      vertex 9.46237 -1.86292 3.73569
      vertex 9.29678 -2.14083 3.73569
    endloop
  endfacet
  facet normal 0.813846 -0.58108 0
    outer loop
      vertex 9.29678 -2.14083 1.38359
      vertex 9.29678 -2.14083 3.73569
      vertex 9.1088 -2.40411 1.38359
    endloop
  endfacet
  facet normal 0.813846 -0.58108 0
    outer loop
      vertex 9.1088 -2.40411 1.38359
      vertex 9.29678 -2.14083 3.73569
      vertex 9.1088 -2.40411 3.73569
    endloop
  endfacet
  facet normal 0.763084 -0.6463 0
    outer loop
      vertex 9.1088 -2.40411 1.38359
      vertex 9.1088 -2.40411 3.73569
      vertex 8.89972 -2.65097 1.38359
    endloop
  endfacet
  facet normal 0.763084 -0.6463 0
    outer loop
      vertex 8.89972 -2.65097 1.38359
      vertex 9.1088 -2.40411 3.73569
      vertex 8.89972 -2.65097 3.73569
    endloop
  endfacet
  facet normal 0.707091 -0.707122 0
    outer loop
      vertex 8.89972 -2.65097 1.38359
      vertex 8.89972 -2.65097 3.73569
      vertex 8.67096 -2.87972 1.38359
    endloop
  endfacet
  facet normal 0.707091 -0.707122 0
    outer loop
      vertex 8.67096 -2.87972 1.38359
      vertex 8.89972 -2.65097 3.73569
      vertex 8.67096 -2.87972 3.73569
    endloop
  endfacet
  facet normal 0.6463 -0.763084 0
    outer loop
      vertex 8.67096 -2.87972 1.38359
      vertex 8.67096 -2.87972 3.73569
      vertex 8.4241 -3.0888 1.38359
    endloop
  endfacet
  facet normal 0.6463 -0.763084 0
    outer loop
      vertex 8.4241 -3.0888 1.38359
      vertex 8.67096 -2.87972 3.73569
      vertex 8.4241 -3.0888 3.73569
    endloop
  endfacet
  facet normal 0.58108 -0.813846 0
    outer loop
      vertex 8.4241 -3.0888 1.38359
      vertex 8.4241 -3.0888 3.73569
      vertex 8.16082 -3.27678 1.38359
    endloop
  endfacet
  facet normal 0.58108 -0.813846 0
    outer loop
      vertex 8.16082 -3.27678 1.38359
      vertex 8.4241 -3.0888 3.73569
      vertex 8.16082 -3.27678 3.73569
    endloop
  endfacet
  facet normal 0.511889 -0.859052 0
    outer loop
      vertex 8.16082 -3.27678 1.38359
      vertex 8.16082 -3.27678 3.73569
      vertex 7.88291 -3.44238 1.38359
    endloop
  endfacet
  facet normal 0.511889 -0.859052 0
    outer loop
      vertex 7.88291 -3.44238 1.38359
      vertex 8.16082 -3.27678 3.73569
      vertex 7.88291 -3.44238 3.73569
    endloop
  endfacet
  facet normal 0.439196 -0.898391 0
    outer loop
      vertex 7.88291 -3.44238 1.38359
      vertex 7.88291 -3.44238 3.73569
      vertex 7.59228 -3.58446 1.38359
    endloop
  endfacet
  facet normal 0.439196 -0.898391 0
    outer loop
      vertex 7.59228 -3.58446 1.38359
      vertex 7.88291 -3.44238 3.73569
      vertex 7.59228 -3.58446 3.73569
    endloop
  endfacet
  facet normal 0.363522 -0.931586 0
    outer loop
      vertex 7.59228 -3.58446 1.38359
      vertex 7.59228 -3.58446 3.73569
      vertex 7.29091 -3.70206 1.38359
    endloop
  endfacet
  facet normal 0.363522 -0.931586 0
    outer loop
      vertex 7.29091 -3.70206 1.38359
      vertex 7.59228 -3.58446 3.73569
      vertex 7.29091 -3.70206 3.73569
    endloop
  endfacet
  facet normal 0.285339 -0.958427 0
    outer loop
      vertex 7.29091 -3.70206 1.38359
      vertex 7.29091 -3.70206 3.73569
      vertex 6.98085 -3.79437 1.38359
    endloop
  endfacet
  facet normal 0.285339 -0.958427 0
    outer loop
      vertex 6.98085 -3.79437 1.38359
      vertex 7.29091 -3.70206 3.73569
      vertex 6.98085 -3.79437 3.73569
    endloop
  endfacet
  facet normal 0.205197 -0.978721 0
    outer loop
      vertex 6.98085 -3.79437 1.38359
      vertex 6.98085 -3.79437 3.73569
      vertex 6.66424 -3.86075 1.38359
    endloop
  endfacet
  facet normal 0.205197 -0.978721 0
    outer loop
      vertex 6.66424 -3.86075 1.38359
      vertex 6.98085 -3.79437 3.73569
      vertex 6.66424 -3.86075 3.73569
    endloop
  endfacet
  facet normal 0.123708 -0.992319 0
    outer loop
      vertex 6.66424 -3.86075 1.38359
      vertex 6.66424 -3.86075 3.73569
      vertex 6.34322 -3.90077 1.38359
    endloop
  endfacet
  facet normal 0.123708 -0.992319 0
    outer loop
      vertex 6.34322 -3.90077 1.38359
      vertex 6.66424 -3.86075 3.73569
      vertex 6.34322 -3.90077 3.73569
    endloop
  endfacet
  facet normal 0.0413284 -0.999146 0
    outer loop
      vertex 6.34322 -3.90077 1.38359
      vertex 6.34322 -3.90077 3.73569
      vertex 6.01999 -3.91414 1.38359
    endloop
  endfacet
  facet normal 0.0413284 -0.999146 0
    outer loop
      vertex 6.01999 -3.91414 1.38359
      vertex 6.34322 -3.90077 3.73569
      vertex 6.01999 -3.91414 3.73569
    endloop
  endfacet
  facet normal -0.0413284 -0.999146 0
    outer loop
      vertex 6.01999 -3.91414 1.38359
      vertex 6.01999 -3.91414 3.73569
      vertex 5.69676 -3.90077 1.38359
    endloop
  endfacet
  facet normal -0.0413284 -0.999146 0
    outer loop
      vertex 5.69676 -3.90077 1.38359
      vertex 6.01999 -3.91414 3.73569
      vertex 5.69676 -3.90077 3.73569
    endloop
  endfacet
  facet normal -0.123711 -0.992318 0
    outer loop
      vertex 5.69676 -3.90077 1.38359
      vertex 5.69676 -3.90077 3.73569
      vertex 5.37575 -3.86075 1.38359
    endloop
  endfacet
  facet normal -0.123711 -0.992318 0
    outer loop
      vertex 5.37575 -3.86075 1.38359
      vertex 5.69676 -3.90077 3.73569
      vertex 5.37575 -3.86075 3.73569
    endloop
  endfacet
  facet normal -0.205191 -0.978722 0
    outer loop
      vertex 5.37575 -3.86075 1.38359
      vertex 5.37575 -3.86075 3.73569
      vertex 5.05913 -3.79437 1.38359
    endloop
  endfacet
  facet normal -0.205191 -0.978722 0
    outer loop
      vertex 5.05913 -3.79437 1.38359
      vertex 5.37575 -3.86075 3.73569
      vertex 5.05913 -3.79437 3.73569
    endloop
  endfacet
  facet normal -0.285339 -0.958427 0
    outer loop
      vertex 5.05913 -3.79437 1.38359
      vertex 5.05913 -3.79437 3.73569
      vertex 4.74907 -3.70206 1.38359
    endloop
  endfacet
  facet normal -0.285339 -0.958427 0
    outer loop
      vertex 4.74907 -3.70206 1.38359
      vertex 5.05913 -3.79437 3.73569
      vertex 4.74907 -3.70206 3.73569
    endloop
  endfacet
  facet normal -0.363522 -0.931586 0
    outer loop
      vertex 4.74907 -3.70206 1.38359
      vertex 4.74907 -3.70206 3.73569
      vertex 4.4477 -3.58446 1.38359
    endloop
  endfacet
  facet normal -0.363522 -0.931586 0
    outer loop
      vertex 4.4477 -3.58446 1.38359
      vertex 4.74907 -3.70206 3.73569
      vertex 4.4477 -3.58446 3.73569
    endloop
  endfacet
  facet normal -0.439196 -0.898391 0
    outer loop
      vertex 4.4477 -3.58446 1.38359
      vertex 4.4477 -3.58446 3.73569
      vertex 4.15707 -3.44238 1.38359
    endloop
  endfacet
  facet normal -0.439196 -0.898391 0
    outer loop
      vertex 4.15707 -3.44238 1.38359
      vertex 4.4477 -3.58446 3.73569
      vertex 4.15707 -3.44238 3.73569
    endloop
  endfacet
  facet normal -0.511889 -0.859052 0
    outer loop
      vertex 4.15707 -3.44238 1.38359
      vertex 4.15707 -3.44238 3.73569
      vertex 3.87916 -3.27678 1.38359
    endloop
  endfacet
  facet normal -0.511889 -0.859052 0
    outer loop
      vertex 3.87916 -3.27678 1.38359
      vertex 4.15707 -3.44238 3.73569
      vertex 3.87916 -3.27678 3.73569
    endloop
  endfacet
  facet normal -0.58108 -0.813846 0
    outer loop
      vertex 3.87916 -3.27678 1.38359
      vertex 3.87916 -3.27678 3.73569
      vertex 3.61588 -3.0888 1.38359
    endloop
  endfacet
  facet normal -0.58108 -0.813846 0
    outer loop
      vertex 3.61588 -3.0888 1.38359
      vertex 3.87916 -3.27678 3.73569
      vertex 3.61588 -3.0888 3.73569
    endloop
  endfacet
  facet normal -0.6463 -0.763084 0
    outer loop
      vertex 3.61588 -3.0888 1.38359
      vertex 3.61588 -3.0888 3.73569
      vertex 3.36902 -2.87972 1.38359
    endloop
  endfacet
  facet normal -0.6463 -0.763084 0
    outer loop
      vertex 3.36902 -2.87972 1.38359
      vertex 3.61588 -3.0888 3.73569
      vertex 3.36902 -2.87972 3.73569
    endloop
  endfacet
  facet normal -0.707107 -0.707107 0
    outer loop
      vertex 3.36902 -2.87972 1.38359
      vertex 3.36902 -2.87972 3.73569
      vertex 3.14027 -2.65097 1.38359
    endloop
  endfacet
  facet normal -0.707107 -0.707107 0
    outer loop
      vertex 3.14027 -2.65097 1.38359
      vertex 3.36902 -2.87972 3.73569
      vertex 3.14027 -2.65097 3.73569
    endloop
  endfacet
  facet normal -0.763084 -0.6463 0
    outer loop
      vertex 3.14027 -2.65097 1.38359
      vertex 3.14027 -2.65097 3.73569
      vertex 2.93119 -2.40411 1.38359
    endloop
  endfacet
  facet normal -0.763084 -0.6463 0
    outer loop
      vertex 2.93119 -2.40411 1.38359
      vertex 3.14027 -2.65097 3.73569
      vertex 2.93119 -2.40411 3.73569
    endloop
  endfacet
  facet normal -0.813846 -0.58108 0
    outer loop
      vertex 2.93119 -2.40411 1.38359
      vertex 2.93119 -2.40411 3.73569
      vertex 2.74321 -2.14083 1.38359
    endloop
  endfacet
  facet normal -0.813846 -0.58108 0
    outer loop
      vertex 2.74321 -2.14083 1.38359
      vertex 2.93119 -2.40411 3.73569
      vertex 2.74321 -2.14083 3.73569
    endloop
  endfacet
  facet normal -0.859052 -0.511889 0
    outer loop
      vertex 2.74321 -2.14083 1.38359
      vertex 2.74321 -2.14083 3.73569
      vertex 2.57761 -1.86292 1.38359
    endloop
  endfacet
  facet normal -0.859052 -0.511889 0
    outer loop
      vertex 2.57761 -1.86292 1.38359
      vertex 2.74321 -2.14083 3.73569
      vertex 2.57761 -1.86292 3.73569
    endloop
  endfacet
  facet normal -0.898391 -0.439196 0
    outer loop
      vertex 2.57761 -1.86292 1.38359
      vertex 2.57761 -1.86292 3.73569
      vertex 2.43553 -1.57229 1.38359
    endloop
  endfacet
  facet normal -0.898391 -0.439196 0
    outer loop
      vertex 2.43553 -1.57229 1.38359
      vertex 2.57761 -1.86292 3.73569
      vertex 2.43553 -1.57229 3.73569
    endloop
  endfacet
  facet normal -0.931586 -0.363522 0
    outer loop
      vertex 2.43553 -1.57229 1.38359
      vertex 2.43553 -1.57229 3.73569
      vertex 2.31793 -1.27092 1.38359
    endloop
  endfacet
  facet normal -0.931586 -0.363522 0
    outer loop
      vertex 2.31793 -1.27092 1.38359
      vertex 2.43553 -1.57229 3.73569
      vertex 2.31793 -1.27092 3.73569
    endloop
  endfacet
  facet normal -0.958434 -0.285314 0
    outer loop
      vertex 2.31793 -1.27092 1.38359
      vertex 2.31793 -1.27092 3.73569
      vertex 2.22563 -0.960864 1.38359
    endloop
  endfacet
  facet normal -0.958434 -0.285314 0
    outer loop
      vertex 2.22563 -0.960864 1.38359
      vertex 2.31793 -1.27092 3.73569
      vertex 2.22563 -0.960864 3.73569
    endloop
  endfacet
  facet normal -0.978715 -0.205222 0
    outer loop
      vertex 2.22563 -0.960864 1.38359
      vertex 2.22563 -0.960864 3.73569
      vertex 2.15924 -0.644246 1.38359
    endloop
  endfacet
  facet normal -0.978715 -0.205222 0
    outer loop
      vertex 2.15924 -0.644246 1.38359
      vertex 2.22563 -0.960864 3.73569
      vertex 2.15924 -0.644246 3.73569
    endloop
  endfacet
  facet normal -0.992319 -0.123708 0
    outer loop
      vertex 2.15924 -0.644246 1.38359
      vertex 2.15924 -0.644246 3.73569
      vertex 2.11922 -0.323227 1.38359
    endloop
  endfacet
  facet normal -0.992319 -0.123708 0
    outer loop
      vertex 2.11922 -0.323227 1.38359
      vertex 2.15924 -0.644246 3.73569
      vertex 2.11922 -0.323227 3.73569
    endloop
  endfacet
  facet normal 0 0 1
    outer loop
      vertex 9.92076 0.323227 3.73569
      vertex 2.11922 0.323227 3.73569
      vertex 9.93413 0 3.73569
    endloop
  endfacet
  facet normal 0 0 1
    outer loop
      vertex 9.93413 0 3.73569
      vertex 2.11922 0.323227 3.73569
      vertex 2.10585 4.79343e-16 3.73569
    endloop
  endfacet
  facet normal 0 0 1
    outer loop
      vertex 9.93413 0 3.73569
      vertex 2.10585 4.79343e-16 3.73569
      vertex 9.92076 -0.323227 3.73569
    endloop
  endfacet
  facet normal 0 0 1
    outer loop
      vertex 9.92076 -0.323227 3.73569
      vertex 2.10585 4.79343e-16 3.73569
      vertex 2.11922 -0.323227 3.73569
    endloop
  endfacet
  facet normal 0 0 1
    outer loop
      vertex 9.92076 -0.323227 3.73569
      vertex 2.11922 -0.323227 3.73569
      vertex 9.88074 -0.644246 3.73569
    endloop
  endfacet
  facet normal 0 0 1
    outer loop
      vertex 9.88074 -0.644246 3.73569
      vertex 2.11922 -0.323227 3.73569
      vertex 2.15924 -0.644246 3.73569
    endloop
  endfacet
  facet normal 0 0 1
    outer loop
      vertex 9.88074 -0.644246 3.73569
      vertex 2.15924 -0.644246 3.73569
      vertex 9.81436 -0.960864 3.73569
    endloop
  endfacet
  facet normal 0 0 1
    outer loop
      vertex 9.81436 -0.960864 3.73569
      vertex 2.15924 -0.644246 3.73569
      vertex 2.22563 -0.960864 3.73569
    endloop
  endfacet
  facet normal 0 0 1
    outer loop
      vertex 9.81436 -0.960864 3.73569
      vertex 2.22563 -0.960864 3.73569
      vertex 9.72205 -1.27092 3.73569
    endloop
  endfacet
  facet normal 0 0 1
    outer loop
      vertex 9.72205 -1.27092 3.73569
      vertex 2.22563 -0.960864 3.73569
      vertex 2.31793 -1.27092 3.73569
    endloop
  endfacet
  facet normal 0 0 1
    outer loop
      vertex 9.72205 -1.27092 3.73569
      vertex 2.31793 -1.27092 3.73569
      vertex 9.60445 -1.57229 3.73569
    endloop
  endfacet
  facet normal 0 0 1
    outer loop
      vertex 9.60445 -1.57229 3.73569
      vertex 2.31793 -1.27092 3.73569
      vertex 2.43553 -1.57229 3.73569
    endloop
  endfacet
  facet normal 0 0 1
    outer loop
      vertex 9.60445 -1.57229 3.73569
      vertex 2.43553 -1.57229 3.73569
      vertex 9.46237 -1.86292 3.73569
    endloop
  endfacet
  facet normal 0 0 1
    outer loop
      vertex 9.46237 -1.86292 3.73569
      vertex 2.43553 -1.57229 3.73569
      vertex 2.57761 -1.86292 3.73569
    endloop
  endfacet
  facet normal 0 0 1
    outer loop
      vertex 9.46237 -1.86292 3.73569
      vertex 2.57761 -1.86292 3.73569
      vertex 9.29678 -2.14083 3.73569
    endloop
  endfacet
  facet normal 0 0 1
    outer loop
      vertex 9.29678 -2.14083 3.73569
      vertex 2.57761 -1.86292 3.73569
      vertex 2.74321 -2.14083 3.73569
    endloop
  endfacet
  facet normal 0 0 1
    outer loop
      vertex 9.29678 -2.14083 3.73569
      vertex 2.74321 -2.14083 3.73569
      vertex 9.1088 -2.40411 3.73569
    endloop
  endfacet
  facet normal 0 0 1
    outer loop
      vertex 9.1088 -2.40411 3.73569
      vertex 2.74321 -2.14083 3.73569
      vertex 2.93119 -2.40411 3.73569
    endloop
  endfacet
  facet normal 0 0 1
    outer loop
      vertex 9.1088 -2.40411 3.73569
      vertex 2.93119 -2.40411 3.73569
      vertex 8.89972 -2.65097 3.73569
    endloop
  endfacet
  facet normal 0 0 1
    outer loop
      vertex 8.89972 -2.65097 3.73569
      vertex 2.93119 -2.40411 3.73569
      vertex 3.14027 -2.65097 3.73569
    endloop
  endfacet
  facet normal 0 0 1
    outer loop
      vertex 8.89972 -2.65097 3.73569
      vertex 3.14027 -2.65097 3.73569
      vertex 8.67096 -2.87972 3.73569
    endloop
  endfacet
  facet normal 0 0 1
    outer loop
      vertex 8.67096 -2.87972 3.73569
      vertex 3.14027 -2.65097 3.73569
      vertex 3.36902 -2.87972 3.73569
    endloop
  endfacet
  facet normal 0 0 1
    outer loop
      vertex 8.67096 -2.87972 3.73569
      vertex 3.36902 -2.87972 3.73569
      vertex 8.4241 -3.0888 3.73569
    endloop
  endfacet
  facet normal 0 0 1
    outer loop
      vertex 8.4241 -3.0888 3.73569
      vertex 3.36902 -2.87972 3.73569
      vertex 3.61588 -3.0888 3.73569
    endloop
  endfacet
  facet normal 0 0 1
    outer loop
      vertex 8.4241 -3.0888 3.73569
      vertex 3.61588 -3.0888 3.73569
      vertex 8.16082 -3.27678 3.73569
    endloop
  endfacet
  facet normal 0 0 1
    outer loop
      vertex 8.16082 -3.27678 3.73569
      vertex 3.61588 -3.0888 3.73569
      vertex 3.87916 -3.27678 3.73569
    endloop
  endfacet
  facet normal 0 0 1
    outer loop
      vertex 8.16082 -3.27678 3.73569
      vertex 3.87916 -3.27678 3.73569
      vertex 7.88291 -3.44238 3.73569
    endloop
  endfacet
  facet normal 0 0 1
    outer loop
      vertex 7.88291 -3.44238 3.73569
      vertex 3.87916 -3.27678 3.73569
      vertex 4.15707 -3.44238 3.73569
    endloop
  endfacet
  facet normal 0 0 1
    outer loop
      vertex 7.88291 -3.44238 3.73569
      vertex 4.15707 -3.44238 3.73569
      vertex 7.59228 -3.58446 3.73569
    endloop
  endfacet
  facet normal 0 0 1
    outer loop
      vertex 7.59228 -3.58446 3.73569
      vertex 4.15707 -3.44238 3.73569
      vertex 4.4477 -3.58446 3.73569
    endloop
  endfacet
  facet normal 0 0 1
    outer loop
      vertex 7.59228 -3.58446 3.73569
      vertex 4.4477 -3.58446 3.73569
      vertex 7.29091 -3.70206 3.73569
    endloop
  endfacet
  facet normal 0 0 1
    outer loop
      vertex 7.29091 -3.70206 3.73569
      vertex 4.4477 -3.58446 3.73569
      vertex 4.74907 -3.70206 3.73569
    endloop
  endfacet
  facet normal 0 0 1
    outer loop
      vertex 7.29091 -3.70206 3.73569
      vertex 4.74907 -3.70206 3.73569
      vertex 6.98085 -3.79437 3.73569
    endloop
  endfacet
  facet normal 0 0 1
    outer loop
      vertex 6.98085 -3.79437 3.73569
      vertex 4.74907 -3.70206 3.73569
      vertex 5.05913 -3.79437 3.73569
    endloop
  endfacet
  facet normal 0 0 1
    outer loop
      vertex 6.98085 -3.79437 3.73569
      vertex 5.05913 -3.79437 3.73569
      vertex 6.66424 -3.86075 3.73569
    endloop
  endfacet
  facet normal 0 0 1
    outer loop
      vertex 6.66424 -3.86075 3.73569
      vertex 5.05913 -3.79437 3.73569
      vertex 5.37575 -3.86075 3.73569
    endloop
  endfacet
  facet normal 0 0 1
    outer loop
      vertex 6.66424 -3.86075 3.73569
      vertex 5.37575 -3.86075 3.73569
      vertex 6.34322 -3.90077 3.73569
    endloop
  endfacet
  facet normal 0 0 1
    outer loop
      vertex 6.34322 -3.90077 3.73569
      vertex 5.37575 -3.86075 3.73569
      vertex 5.69676 -3.90077 3.73569
    endloop
  endfacet
  facet normal 0 0 1
    outer loop
      vertex 6.34322 -3.90077 3.73569
      vertex 5.69676 -3.90077 3.73569
      vertex 6.01999 -3.91414 3.73569
    endloop
  endfacet
  facet normal 0 0 1
    outer loop
      vertex 2.11922 0.323227 3.73569
      vertex 9.92076 0.323227 3.73569
      vertex 2.15924 0.644246 3.73569
    endloop
  endfacet
  facet normal -0 0 1
    outer loop
      vertex 2.15924 0.644246 3.73569
      vertex 9.92076 0.323227 3.73569
      vertex 9.88074 0.644246 3.73569
    endloop
  endfacet
  facet normal 0 0 1
    outer loop
      vertex 2.15924 0.644246 3.73569
      vertex 9.88074 0.644246 3.73569
      vertex 2.22563 0.960864 3.73569
    endloop
  endfacet
  facet normal -0 0 1
    outer loop
      vertex 2.22563 0.960864 3.73569
      vertex 9.88074 0.644246 3.73569
      vertex 9.81436 0.960864 3.73569
    endloop
  endfacet
  facet normal 0 0 1
    outer loop
      vertex 2.22563 0.960864 3.73569
      vertex 9.81436 0.960864 3.73569
      vertex 2.31793 1.27092 3.73569
    endloop
  endfacet
  facet normal -0 0 1
    outer loop
      vertex 2.31793 1.27092 3.73569
      vertex 9.81436 0.960864 3.73569
      vertex 9.72205 1.27092 3.73569
    endloop
  endfacet
  facet normal 0 0 1
    outer loop
      vertex 2.31793 1.27092 3.73569
      vertex 9.72205 1.27092 3.73569
      vertex 2.43553 1.57229 3.73569
    endloop
  endfacet
  facet normal -0 0 1
    outer loop
      vertex 2.43553 1.57229 3.73569
      vertex 9.72205 1.27092 3.73569
      vertex 9.60445 1.57229 3.73569
    endloop
  endfacet
  facet normal 0 0 1
    outer loop
      vertex 2.43553 1.57229 3.73569
      vertex 9.60445 1.57229 3.73569
      vertex 2.57761 1.86292 3.73569
    endloop
  endfacet
  facet normal -0 0 1
    outer loop
      vertex 2.57761 1.86292 3.73569
      vertex 9.60445 1.57229 3.73569
      vertex 9.46237 1.86292 3.73569
    endloop
  endfacet
  facet normal 0 0 1
    outer loop
      vertex 2.57761 1.86292 3.73569
      vertex 9.46237 1.86292 3.73569
      vertex 2.74321 2.14083 3.73569
    endloop
  endfacet
  facet normal -0 0 1
    outer loop
      vertex 2.74321 2.14083 3.73569
      vertex 9.46237 1.86292 3.73569
      vertex 9.29678 2.14083 3.73569
    endloop
  endfacet
  facet normal 0 0 1
    outer loop
      vertex 2.74321 2.14083 3.73569
      vertex 9.29678 2.14083 3.73569
      vertex 2.93119 2.40411 3.73569
    endloop
  endfacet
  facet normal -0 0 1
    outer loop
      vertex 2.93119 2.40411 3.73569
      vertex 9.29678 2.14083 3.73569
      vertex 9.1088 2.40411 3.73569
    endloop
  endfacet
  facet normal 0 0 1
    outer loop
      vertex 2.93119 2.40411 3.73569
      vertex 9.1088 2.40411 3.73569
      vertex 3.14027 2.65097 3.73569
    endloop
  endfacet
  facet normal -0 0 1
    outer loop
      vertex 3.14027 2.65097 3.73569
      vertex 9.1088 2.40411 3.73569
      vertex 8.89972 2.65097 3.73569
    endloop
  endfacet
  facet normal 0 0 1
    outer loop
      vertex 3.14027 2.65097 3.73569
      vertex 8.89972 2.65097 3.73569
      vertex 3.36902 2.87972 3.73569
    endloop
  endfacet
  facet normal -0 0 1
    outer loop
      vertex 3.36902 2.87972 3.73569
      vertex 8.89972 2.65097 3.73569
      vertex 8.67096 2.87972 3.73569
    endloop
  endfacet
  facet normal 0 0 1
    outer loop
      vertex 3.36902 2.87972 3.73569
      vertex 8.67096 2.87972 3.73569
      vertex 3.61588 3.0888 3.73569
    endloop
  endfacet
  facet normal -0 0 1
    outer loop
      vertex 3.61588 3.0888 3.73569
      vertex 8.67096 2.87972 3.73569
      vertex 8.4241 3.0888 3.73569
    endloop
  endfacet
  facet normal 0 0 1
    outer loop
      vertex 3.61588 3.0888 3.73569
      vertex 8.4241 3.0888 3.73569
      vertex 3.87916 3.27678 3.73569
    endloop
  endfacet
  facet normal -0 0 1
    outer loop
      vertex 3.87916 3.27678 3.73569
      vertex 8.4241 3.0888 3.73569
      vertex 8.16082 3.27678 3.73569
    endloop
  endfacet
  facet normal 0 0 1
    outer loop
      vertex 3.87916 3.27678 3.73569
      vertex 8.16082 3.27678 3.73569
      vertex 4.15707 3.44238 3.73569
    endloop
  endfacet
  facet normal -0 0 1
    outer loop
      vertex 4.15707 3.44238 3.73569
      vertex 8.16082 3.27678 3.73569
      vertex 7.88291 3.44238 3.73569
    endloop
  endfacet
  facet normal 0 0 1
    outer loop
      vertex 4.15707 3.44238 3.73569
      vertex 7.88291 3.44238 3.73569
      vertex 4.4477 3.58446 3.73569
    endloop
  endfacet
  facet normal -0 0 1
    outer loop
      vertex 4.4477 3.58446 3.73569
      vertex 7.88291 3.44238 3.73569
      vertex 7.59228 3.58446 3.73569
    endloop
  endfacet
  facet normal 0 0 1
    outer loop
      vertex 4.4477 3.58446 3.73569
      vertex 7.59228 3.58446 3.73569
      vertex 4.74907 3.70206 3.73569
    endloop
  endfacet
  facet normal -0 0 1
    outer loop
      vertex 4.74907 3.70206 3.73569
      vertex 7.59228 3.58446 3.73569
      vertex 7.29091 3.70206 3.73569
    endloop
  endfacet
  facet normal 0 0 1
    outer loop
      vertex 4.74907 3.70206 3.73569
      vertex 7.29091 3.70206 3.73569
      vertex 5.05913 3.79437 3.73569
    endloop
  endfacet
  facet normal -0 0 1
    outer loop
      vertex 5.05913 3.79437 3.73569
      vertex 7.29091 3.70206 3.73569
      vertex 6.98085 3.79437 3.73569
    endloop
  endfacet
  facet normal 0 0 1
    outer loop
      vertex 5.05913 3.79437 3.73569
      vertex 6.98085 3.79437 3.73569
      vertex 5.37575 3.86075 3.73569
    endloop
  endfacet
  facet normal -0 0 1
    outer loop
      vertex 5.37575 3.86075 3.73569
      vertex 6.98085 3.79437 3.73569
      vertex 6.66424 3.86075 3.73569
    endloop
  endfacet
  facet normal 0 0 1
    outer loop
      vertex 5.37575 3.86075 3.73569
      vertex 6.66424 3.86075 3.73569
      vertex 5.69676 3.90077 3.73569
    endloop
  endfacet
  facet normal -0 0 1
    outer loop
      vertex 5.69676 3.90077 3.73569
      vertex 6.66424 3.86075 3.73569
      vertex 6.34322 3.90077 3.73569
    endloop
  endfacet
  facet normal 0 0 1
    outer loop
      vertex 5.69676 3.90077 3.73569
      vertex 6.34322 3.90077 3.73569
      vertex 6.01999 3.91414 3.73569
    endloop
  endfacet
  facet normal 0.119778 -0.992801 0
    outer loop
      vertex 6.71179 -6.88326 9.68512
      vertex 6.71179 -6.88326 1.38359
      vertex 6.98515 -6.85028 3.80487
    endloop
  endfacet
  facet normal 0.130429 -0.991457 -0.00122081
    outer loop
      vertex 6.98515 -6.85028 3.80487
      vertex 6.71179 -6.88326 1.38359
      vertex 7.132 -6.82798 1.38359
    endloop
  endfacet
  facet normal 0.170234 -0.985403 0.00124906
    outer loop
      vertex 6.98515 -6.85028 3.80487
      vertex 7.132 -6.82798 1.38359
      vertex 7.40916 -6.77703 3.80487
    endloop
  endfacet
  facet normal 0.190895 -0.98161 -0.00119588
    outer loop
      vertex 7.40916 -6.77703 3.80487
      vertex 7.132 -6.82798 1.38359
      vertex 7.54805 -6.74707 1.38359
    endloop
  endfacet
  facet normal 0.231189 -0.972908 0.00122311
    outer loop
      vertex 7.40916 -6.77703 3.80487
      vertex 7.54805 -6.74707 1.38359
      vertex 7.8278 -6.67755 3.80487
    endloop
  endfacet
  facet normal 0.25066 -0.968075 -0.00116531
    outer loop
      vertex 7.8278 -6.67755 3.80487
      vertex 7.54805 -6.74707 1.38359
      vertex 7.95836 -6.64083 1.38359
    endloop
  endfacet
  facet normal 0.2912 -0.956661 0.00119379
    outer loop
      vertex 7.8278 -6.67755 3.80487
      vertex 7.95836 -6.64083 1.38359
      vertex 8.23944 -6.55225 3.80487
    endloop
  endfacet
  facet normal 0.30946 -0.950912 -0.00113626
    outer loop
      vertex 8.23944 -6.55225 3.80487
      vertex 7.95836 -6.64083 1.38359
      vertex 8.36139 -6.50967 1.38359
    endloop
  endfacet
  facet normal 0.35013 -0.9367 0.00116204
    outer loop
      vertex 8.23944 -6.55225 3.80487
      vertex 8.36139 -6.50967 1.38359
      vertex 8.6425 -6.40159 3.80487
    endloop
  endfacet
  facet normal 0.367123 -0.930172 -0.00110235
    outer loop
      vertex 8.6425 -6.40159 3.80487
      vertex 8.36139 -6.50967 1.38359
      vertex 8.75563 -6.35407 1.38359
    endloop
  endfacet
  facet normal 0.407697 -0.913117 0.00112808
    outer loop
      vertex 8.6425 -6.40159 3.80487
      vertex 8.75563 -6.35407 1.38359
      vertex 9.03541 -6.22616 3.80487
    endloop
  endfacet
  facet normal 0.423388 -0.905948 -0.00106372
    outer loop
      vertex 9.03541 -6.22616 3.80487
      vertex 8.75563 -6.35407 1.38359
      vertex 9.13961 -6.17462 1.38359
    endloop
  endfacet
  facet normal 0.463656 -0.886015 0.00109353
    outer loop
      vertex 9.03541 -6.22616 3.80487
      vertex 9.13961 -6.17462 1.38359
      vertex 9.41666 -6.02665 3.80487
    endloop
  endfacet
  facet normal 0.478086 -0.878312 -0.00102836
    outer loop
      vertex 9.41666 -6.02665 3.80487
      vertex 9.13961 -6.17462 1.38359
      vertex 9.51187 -5.97199 1.38359
    endloop
  endfacet
  facet normal 0.517841 -0.855476 0.00105039
    outer loop
      vertex 9.41666 -6.02665 3.80487
      vertex 9.51187 -5.97199 1.38359
      vertex 9.78476 -5.80383 3.80487
    endloop
  endfacet
  facet normal 0.530957 -0.847398 -0.00098888
    outer loop
      vertex 9.78476 -5.80383 3.80487
      vertex 9.51187 -5.97199 1.38359
      vertex 9.87103 -5.74695 1.38359
    endloop
  endfacet
  facet normal 0.570044 -0.821613 0.00100954
    outer loop
      vertex 9.78476 -5.80383 3.80487
      vertex 9.87103 -5.74695 1.38359
      vertex 10.1383 -5.55854 3.80487
    endloop
  endfacet
  facet normal 0.581905 -0.813256 -0.000949987
    outer loop
      vertex 10.1383 -5.55854 3.80487
      vertex 9.87103 -5.74695 1.38359
      vertex 10.2157 -5.50033 1.38359
    endloop
  endfacet
  facet normal 0.620007 -0.784596 0.000957032
    outer loop
      vertex 10.1383 -5.55854 3.80487
      vertex 10.2157 -5.50033 1.38359
      vertex 10.4759 -5.29176 3.80487
    endloop
  endfacet
  facet normal 0.630518 -0.776174 -0.000897892
    outer loop
      vertex 10.4759 -5.29176 3.80487
      vertex 10.2157 -5.50033 1.38359
      vertex 10.5447 -5.23307 1.38359
    endloop
  endfacet
  facet normal 0.667551 -0.744564 0.000920617
    outer loop
      vertex 10.4759 -5.29176 3.80487
      vertex 10.5447 -5.23307 1.38359
      vertex 10.7963 -5.0045 3.80487
    endloop
  endfacet
  facet normal 0.676877 -0.736095 -0.000847917
    outer loop
      vertex 10.7963 -5.0045 3.80487
      vertex 10.5447 -5.23307 1.38359
      vertex 10.8567 -4.94617 1.38359
    endloop
  endfacet
  facet normal 0.71257 -0.701601 0.00087344
    outer loop
      vertex 10.7963 -5.0045 3.80487
      vertex 10.8567 -4.94617 1.38359
      vertex 11.0982 -4.69788 3.80487
    endloop
  endfacet
  facet normal 0.72074 -0.693205 -0.000802375
    outer loop
      vertex 11.0982 -4.69788 3.80487
      vertex 10.8567 -4.94617 1.38359
      vertex 11.1505 -4.6407 1.38359
    endloop
  endfacet
  facet normal 0.754875 -0.655868 0.000816703
    outer loop
      vertex 11.0982 -4.69788 3.80487
      vertex 11.1505 -4.6407 1.38359
      vertex 11.3804 -4.37308 3.80487
    endloop
  endfacet
  facet normal 0.761888 -0.647708 -0.000751085
    outer loop
      vertex 11.3804 -4.37308 3.80487
      vertex 11.1505 -4.6407 1.38359
      vertex 11.425 -4.31781 1.38359
    endloop
  endfacet
  facet normal 0.794142 -0.607732 0.000755543
    outer loop
      vertex 11.3804 -4.37308 3.80487
      vertex 11.425 -4.31781 1.38359
      vertex 11.6419 -4.03137 3.80487
    endloop
  endfacet
  facet normal 0.800028 -0.599962 -0.000690937
    outer loop
      vertex 11.6419 -4.03137 3.80487
      vertex 11.425 -4.31781 1.38359
      vertex 11.6793 -3.97871 1.38359
    endloop
  endfacet
  facet normal 0.830337 -0.557261 0.000705931
    outer loop
      vertex 11.6419 -4.03137 3.80487
      vertex 11.6793 -3.97871 1.38359
      vertex 11.8817 -3.67406 3.80487
    endloop
  endfacet
  facet normal 0.835324 -0.549757 -0.000655062
    outer loop
      vertex 11.8817 -3.67406 3.80487
      vertex 11.6793 -3.97871 1.38359
      vertex 11.9123 -3.62468 1.38359
    endloop
  endfacet
  facet normal 0.863501 -0.504346 0.000627156
    outer loop
      vertex 11.8817 -3.67406 3.80487
      vertex 11.9123 -3.62468 1.38359
      vertex 12.0987 -3.30253 3.80487
    endloop
  endfacet
  facet normal 0.867408 -0.497597 -0.000571667
    outer loop
      vertex 12.0987 -3.30253 3.80487
      vertex 11.9123 -3.62468 1.38359
      vertex 12.1232 -3.25704 1.38359
    endloop
  endfacet
  facet normal 0.893075 -0.449907 0.000584014
    outer loop
      vertex 12.0987 -3.30253 3.80487
      vertex 12.1232 -3.25704 1.38359
      vertex 12.2923 -2.91823 3.80487
    endloop
  endfacet
  facet normal 0.896241 -0.443567 -0.000524295
    outer loop
      vertex 12.2923 -2.91823 3.80487
      vertex 12.1232 -3.25704 1.38359
      vertex 12.3112 -2.87718 1.38359
    endloop
  endfacet
  facet normal 0.919346 -0.393451 0.000505714
    outer loop
      vertex 12.2923 -2.91823 3.80487
      vertex 12.3112 -2.87718 1.38359
      vertex 12.4616 -2.52264 3.80487
    endloop
  endfacet
  facet normal 0.92171 -0.38788 -0.000456898
    outer loop
      vertex 12.4616 -2.52264 3.80487
      vertex 12.3112 -2.87718 1.38359
      vertex 12.4756 -2.48652 1.38359
    endloop
  endfacet
  facet normal 0.942012 -0.335578 0.000440714
    outer loop
      vertex 12.4616 -2.52264 3.80487
      vertex 12.4756 -2.48652 1.38359
      vertex 12.606 -2.11729 3.80487
    endloop
  endfacet
  facet normal 0.943711 -0.330771 -0.000383866
    outer loop
      vertex 12.606 -2.11729 3.80487
      vertex 12.4756 -2.48652 1.38359
      vertex 12.6158 -2.08652 1.38359
    endloop
  endfacet
  facet normal 0.961067 -0.276317 0.000378388
    outer loop
      vertex 12.606 -2.11729 3.80487
      vertex 12.6158 -2.08652 1.38359
      vertex 12.7249 -1.70374 3.80487
    endloop
  endfacet
  facet normal 0.962221 -0.272271 -0.000313222
    outer loop
      vertex 12.7249 -1.70374 3.80487
      vertex 12.6158 -2.08652 1.38359
      vertex 12.7312 -1.67869 1.38359
    endloop
  endfacet
  facet normal 0.976414 -0.215907 0.00030684
    outer loop
      vertex 12.7249 -1.70374 3.80487
      vertex 12.7312 -1.67869 1.38359
      vertex 12.8178 -1.28361 3.80487
    endloop
  endfacet
  facet normal 0.977092 -0.212817 -0.000221628
    outer loop
      vertex 12.8178 -1.28361 3.80487
      vertex 12.7312 -1.67869 1.38359
      vertex 12.8214 -1.26456 1.38359
    endloop
  endfacet
  facet normal 0.987913 -0.155007 0.000249291
    outer loop
      vertex 12.8178 -1.28361 3.80487
      vertex 12.8214 -1.26456 1.38359
      vertex 12.8845 -0.858508 3.80487
    endloop
  endfacet
  facet normal 0.988315 -0.152422 -0.00019464
    outer loop
      vertex 12.8845 -0.858508 3.80487
      vertex 12.8214 -1.26456 1.38359
      vertex 12.886 -0.84569 1.38359
    endloop
  endfacet
  facet normal 0.99567 -0.0929616 0.000124696
    outer loop
      vertex 12.8845 -0.858508 3.80487
      vertex 12.886 -0.84569 1.38359
      vertex 12.9245 -0.430086 3.80487
    endloop
  endfacet
  facet normal 0.995779 -0.0917802 -7.98351e-05
    outer loop
      vertex 12.9245 -0.430086 3.80487
      vertex 12.886 -0.84569 1.38359
      vertex 12.9249 -0.42364 1.38359
    endloop
  endfacet
  facet normal 0.999515 -0.0311414 8.22161e-05
    outer loop
      vertex 12.9245 -0.430086 3.80487
      vertex 12.9249 -0.42364 1.38359
      vertex 12.9379 -8.47203e-16 3.80487
    endloop
  endfacet
  facet normal 0.99953 -0.030672 0
    outer loop
      vertex 12.9379 -8.47203e-16 3.80487
      vertex 12.9249 -0.42364 1.38359
      vertex 12.9379 -8.47203e-16 1.38359
    endloop
  endfacet
  facet normal 0.99953 0.030672 0
    outer loop
      vertex 12.9379 -8.47203e-16 3.80487
      vertex 12.9379 -8.47203e-16 1.38359
      vertex 12.9249 0.42364 1.38359
    endloop
  endfacet
  facet normal 0.999515 0.0311414 8.22161e-05
    outer loop
      vertex 12.9379 -8.47203e-16 3.80487
      vertex 12.9249 0.42364 1.38359
      vertex 12.9245 0.430086 3.80487
    endloop
  endfacet
  facet normal 0.995779 0.0917802 -7.98351e-05
    outer loop
      vertex 12.9245 0.430086 3.80487
      vertex 12.9249 0.42364 1.38359
      vertex 12.886 0.84569 1.38359
    endloop
  endfacet
  facet normal 0.99567 0.0929616 0.000124696
    outer loop
      vertex 12.9245 0.430086 3.80487
      vertex 12.886 0.84569 1.38359
      vertex 12.8845 0.858508 3.80487
    endloop
  endfacet
  facet normal 0.988315 0.152422 -0.00019464
    outer loop
      vertex 12.8845 0.858508 3.80487
      vertex 12.886 0.84569 1.38359
      vertex 12.8214 1.26456 1.38359
    endloop
  endfacet
  facet normal 0.987913 0.155007 0.000249291
    outer loop
      vertex 12.8845 0.858508 3.80487
      vertex 12.8214 1.26456 1.38359
      vertex 12.8178 1.28361 3.80487
    endloop
  endfacet
  facet normal 0.977092 0.212817 -0.000221628
    outer loop
      vertex 12.8178 1.28361 3.80487
      vertex 12.8214 1.26456 1.38359
      vertex 12.7312 1.67869 1.38359
    endloop
  endfacet
  facet normal 0.976414 0.215907 0.00030684
    outer loop
      vertex 12.8178 1.28361 3.80487
      vertex 12.7312 1.67869 1.38359
      vertex 12.7249 1.70374 3.80487
    endloop
  endfacet
  facet normal 0.962221 0.272271 -0.000313222
    outer loop
      vertex 12.7249 1.70374 3.80487
      vertex 12.7312 1.67869 1.38359
      vertex 12.6158 2.08652 1.38359
    endloop
  endfacet
  facet normal 0.961067 0.276317 0.000378388
    outer loop
      vertex 12.7249 1.70374 3.80487
      vertex 12.6158 2.08652 1.38359
      vertex 12.606 2.11729 3.80487
    endloop
  endfacet
  facet normal 0.943711 0.330771 -0.000383866
    outer loop
      vertex 12.606 2.11729 3.80487
      vertex 12.6158 2.08652 1.38359
      vertex 12.4756 2.48652 1.38359
    endloop
  endfacet
  facet normal 0.942012 0.335578 0.000440714
    outer loop
      vertex 12.606 2.11729 3.80487
      vertex 12.4756 2.48652 1.38359
      vertex 12.4616 2.52264 3.80487
    endloop
  endfacet
  facet normal 0.92171 0.38788 -0.000456898
    outer loop
      vertex 12.4616 2.52264 3.80487
      vertex 12.4756 2.48652 1.38359
      vertex 12.3112 2.87718 1.38359
    endloop
  endfacet
  facet normal 0.919346 0.393451 0.000505714
    outer loop
      vertex 12.4616 2.52264 3.80487
      vertex 12.3112 2.87718 1.38359
      vertex 12.2923 2.91823 3.80487
    endloop
  endfacet
  facet normal 0.896241 0.443567 -0.000524295
    outer loop
      vertex 12.2923 2.91823 3.80487
      vertex 12.3112 2.87718 1.38359
      vertex 12.1232 3.25704 1.38359
    endloop
  endfacet
  facet normal 0.893075 0.449907 0.000584014
    outer loop
      vertex 12.2923 2.91823 3.80487
      vertex 12.1232 3.25704 1.38359
      vertex 12.0987 3.30253 3.80487
    endloop
  endfacet
  facet normal 0.867408 0.497597 -0.000571667
    outer loop
      vertex 12.0987 3.30253 3.80487
      vertex 12.1232 3.25704 1.38359
      vertex 11.9123 3.62468 1.38359
    endloop
  endfacet
  facet normal 0.863501 0.504346 0.000627156
    outer loop
      vertex 12.0987 3.30253 3.80487
      vertex 11.9123 3.62468 1.38359
      vertex 11.8817 3.67406 3.80487
    endloop
  endfacet
  facet normal 0.835324 0.549757 -0.000655062
    outer loop
      vertex 11.8817 3.67406 3.80487
      vertex 11.9123 3.62468 1.38359
      vertex 11.6793 3.97871 1.38359
    endloop
  endfacet
  facet normal 0.830337 0.557261 0.000705931
    outer loop
      vertex 11.8817 3.67406 3.80487
      vertex 11.6793 3.97871 1.38359
      vertex 11.6419 4.03137 3.80487
    endloop
  endfacet
  facet normal 0.800028 0.599962 -0.000690937
    outer loop
      vertex 11.6419 4.03137 3.80487
      vertex 11.6793 3.97871 1.38359
      vertex 11.425 4.31781 1.38359
    endloop
  endfacet
  facet normal 0.794142 0.607732 0.000755543
    outer loop
      vertex 11.6419 4.03137 3.80487
      vertex 11.425 4.31781 1.38359
      vertex 11.3804 4.37308 3.80487
    endloop
  endfacet
  facet normal 0.761888 0.647708 -0.000751085
    outer loop
      vertex 11.3804 4.37308 3.80487
      vertex 11.425 4.31781 1.38359
      vertex 11.1505 4.6407 1.38359
    endloop
  endfacet
  facet normal 0.754875 0.655868 0.000816703
    outer loop
      vertex 11.3804 4.37308 3.80487
      vertex 11.1505 4.6407 1.38359
      vertex 11.0982 4.69788 3.80487
    endloop
  endfacet
  facet normal 0.72074 0.693205 -0.000802375
    outer loop
      vertex 11.0982 4.69788 3.80487
      vertex 11.1505 4.6407 1.38359
      vertex 10.8567 4.94617 1.38359
    endloop
  endfacet
  facet normal 0.71257 0.701601 0.00087344
    outer loop
      vertex 11.0982 4.69788 3.80487
      vertex 10.8567 4.94617 1.38359
      vertex 10.7963 5.0045 3.80487
    endloop
  endfacet
  facet normal 0.676877 0.736095 -0.000847917
    outer loop
      vertex 10.7963 5.0045 3.80487
      vertex 10.8567 4.94617 1.38359
      vertex 10.5447 5.23307 1.38359
    endloop
  endfacet
  facet normal 0.667551 0.744564 0.000920617
    outer loop
      vertex 10.7963 5.0045 3.80487
      vertex 10.5447 5.23307 1.38359
      vertex 10.4759 5.29176 3.80487
    endloop
  endfacet
  facet normal 0.630518 0.776174 -0.000897892
    outer loop
      vertex 10.4759 5.29176 3.80487
      vertex 10.5447 5.23307 1.38359
      vertex 10.2157 5.50033 1.38359
    endloop
  endfacet
  facet normal 0.620007 0.784596 0.000957032
    outer loop
      vertex 10.4759 5.29176 3.80487
      vertex 10.2157 5.50033 1.38359
      vertex 10.1383 5.55854 3.80487
    endloop
  endfacet
  facet normal 0.581905 0.813256 -0.000949987
    outer loop
      vertex 10.1383 5.55854 3.80487
      vertex 10.2157 5.50033 1.38359
      vertex 9.87103 5.74695 1.38359
    endloop
  endfacet
  facet normal 0.570044 0.821613 0.00100954
    outer loop
      vertex 10.1383 5.55854 3.80487
      vertex 9.87103 5.74695 1.38359
      vertex 9.78476 5.80383 3.80487
    endloop
  endfacet
  facet normal 0.530957 0.847398 -0.00098888
    outer loop
      vertex 9.78476 5.80383 3.80487
      vertex 9.87103 5.74695 1.38359
      vertex 9.51187 5.97199 1.38359
    endloop
  endfacet
  facet normal 0.517841 0.855476 0.00105039
    outer loop
      vertex 9.78476 5.80383 3.80487
      vertex 9.51187 5.97199 1.38359
      vertex 9.41666 6.02665 3.80487
    endloop
  endfacet
  facet normal 0.478086 0.878312 -0.00102836
    outer loop
      vertex 9.41666 6.02665 3.80487
      vertex 9.51187 5.97199 1.38359
      vertex 9.13961 6.17462 1.38359
    endloop
  endfacet
  facet normal 0.463656 0.886015 0.00109353
    outer loop
      vertex 9.41666 6.02665 3.80487
      vertex 9.13961 6.17462 1.38359
      vertex 9.03541 6.22616 3.80487
    endloop
  endfacet
  facet normal 0.423388 0.905948 -0.00106372
    outer loop
      vertex 9.03541 6.22616 3.80487
      vertex 9.13961 6.17462 1.38359
      vertex 8.75563 6.35407 1.38359
    endloop
  endfacet
  facet normal 0.407697 0.913117 0.00112808
    outer loop
      vertex 9.03541 6.22616 3.80487
      vertex 8.75563 6.35407 1.38359
      vertex 8.6425 6.40159 3.80487
    endloop
  endfacet
  facet normal 0.367123 0.930172 -0.00110235
    outer loop
      vertex 8.6425 6.40159 3.80487
      vertex 8.75563 6.35407 1.38359
      vertex 8.36139 6.50967 1.38359
    endloop
  endfacet
  facet normal 0.35013 0.9367 0.00116204
    outer loop
      vertex 8.6425 6.40159 3.80487
      vertex 8.36139 6.50967 1.38359
      vertex 8.23944 6.55225 3.80487
    endloop
  endfacet
  facet normal 0.30946 0.950912 -0.00113626
    outer loop
      vertex 8.23944 6.55225 3.80487
      vertex 8.36139 6.50967 1.38359
      vertex 7.95836 6.64083 1.38359
    endloop
  endfacet
  facet normal 0.2912 0.956661 0.00119379
    outer loop
      vertex 8.23944 6.55225 3.80487
      vertex 7.95836 6.64083 1.38359
      vertex 7.8278 6.67755 3.80487
    endloop
  endfacet
  facet normal 0.25066 0.968075 -0.00116531
    outer loop
      vertex 7.8278 6.67755 3.80487
      vertex 7.95836 6.64083 1.38359
      vertex 7.54805 6.74707 1.38359
    endloop
  endfacet
  facet normal 0.231189 0.972908 0.00122311
    outer loop
      vertex 7.8278 6.67755 3.80487
      vertex 7.54805 6.74707 1.38359
      vertex 7.40916 6.77703 3.80487
    endloop
  endfacet
  facet normal 0.190895 0.98161 -0.00119588
    outer loop
      vertex 7.40916 6.77703 3.80487
      vertex 7.54805 6.74707 1.38359
      vertex 7.132 6.82798 1.38359
    endloop
  endfacet
  facet normal 0.170234 0.985403 0.00124906
    outer loop
      vertex 7.40916 6.77703 3.80487
      vertex 7.132 6.82798 1.38359
      vertex 6.98515 6.85028 3.80487
    endloop
  endfacet
  facet normal 0.130429 0.991457 -0.00122081
    outer loop
      vertex 6.98515 6.85028 3.80487
      vertex 7.132 6.82798 1.38359
      vertex 6.71179 6.88326 1.38359
    endloop
  endfacet
  facet normal 0.119778 0.992801 -1.34227e-19
    outer loop
      vertex 6.98515 6.85028 3.80487
      vertex 6.71179 6.88326 1.38359
      vertex 6.71179 6.88326 9.68512
    endloop
  endfacet
  facet normal 0.130429 0.991457 0.000502688
    outer loop
      vertex 6.71179 6.88326 9.68512
      vertex 7.132 6.82798 9.68512
      vertex 6.98515 6.85028 3.80487
    endloop
  endfacet
  facet normal 0.170234 0.985404 -0.000514319
    outer loop
      vertex 6.98515 6.85028 3.80487
      vertex 7.132 6.82798 9.68512
      vertex 7.40916 6.77703 3.80487
    endloop
  endfacet
  facet normal 0.190896 0.98161 0.000492422
    outer loop
      vertex 7.132 6.82798 9.68512
      vertex 7.54805 6.74707 9.68512
      vertex 7.40916 6.77703 3.80487
    endloop
  endfacet
  facet normal 0.231189 0.972909 -0.000503634
    outer loop
      vertex 7.40916 6.77703 3.80487
      vertex 7.54805 6.74707 9.68512
      vertex 7.8278 6.67755 3.80487
    endloop
  endfacet
  facet normal 0.25066 0.968075 0.000479835
    outer loop
      vertex 7.54805 6.74707 9.68512
      vertex 7.95836 6.64083 9.68512
      vertex 7.8278 6.67755 3.80487
    endloop
  endfacet
  facet normal 0.2912 0.956662 -0.000491561
    outer loop
      vertex 7.8278 6.67755 3.80487
      vertex 7.95836 6.64083 9.68512
      vertex 8.23944 6.55225 3.80487
    endloop
  endfacet
  facet normal 0.30946 0.950912 0.000467871
    outer loop
      vertex 7.95836 6.64083 9.68512
      vertex 8.36139 6.50967 9.68512
      vertex 8.23944 6.55225 3.80487
    endloop
  endfacet
  facet normal 0.35013 0.936701 -0.000478486
    outer loop
      vertex 8.23944 6.55225 3.80487
      vertex 8.36139 6.50967 9.68512
      vertex 8.6425 6.40159 3.80487
    endloop
  endfacet
  facet normal 0.367124 0.930172 0.000453908
    outer loop
      vertex 8.36139 6.50967 9.68512
      vertex 8.75563 6.35407 9.68512
      vertex 8.6425 6.40159 3.80487
    endloop
  endfacet
  facet normal 0.407697 0.913117 -0.000464506
    outer loop
      vertex 8.6425 6.40159 3.80487
      vertex 8.75563 6.35407 9.68512
      vertex 9.03541 6.22616 3.80487
    endloop
  endfacet
  facet normal 0.423388 0.905948 0.000438004
    outer loop
      vertex 8.75563 6.35407 9.68512
      vertex 9.13961 6.17462 9.68512
      vertex 9.03541 6.22616 3.80487
    endloop
  endfacet
  facet normal 0.463656 0.886015 -0.000450277
    outer loop
      vertex 9.03541 6.22616 3.80487
      vertex 9.13961 6.17462 9.68512
      vertex 9.41666 6.02665 3.80487
    endloop
  endfacet
  facet normal 0.478087 0.878313 0.000423443
    outer loop
      vertex 9.13961 6.17462 9.68512
      vertex 9.51187 5.97199 9.68512
      vertex 9.41666 6.02665 3.80487
    endloop
  endfacet
  facet normal 0.517841 0.855477 -0.000432515
    outer loop
      vertex 9.41666 6.02665 3.80487
      vertex 9.51187 5.97199 9.68512
      vertex 9.78476 5.80383 3.80487
    endloop
  endfacet
  facet normal 0.530957 0.847399 0.000407186
    outer loop
      vertex 9.51187 5.97199 9.68512
      vertex 9.87103 5.74695 9.68512
      vertex 9.78476 5.80383 3.80487
    endloop
  endfacet
  facet normal 0.570045 0.821614 -0.000415692
    outer loop
      vertex 9.78476 5.80383 3.80487
      vertex 9.87103 5.74695 9.68512
      vertex 10.1383 5.55854 3.80487
    endloop
  endfacet
  facet normal 0.581905 0.813256 0.000391172
    outer loop
      vertex 9.87103 5.74695 9.68512
      vertex 10.2157 5.50033 9.68512
      vertex 10.1383 5.55854 3.80487
    endloop
  endfacet
  facet normal 0.620007 0.784596 -0.000394072
    outer loop
      vertex 10.1383 5.55854 3.80487
      vertex 10.2157 5.50033 9.68512
      vertex 10.4759 5.29176 3.80487
    endloop
  endfacet
  facet normal 0.630518 0.776175 0.00036972
    outer loop
      vertex 10.2157 5.50033 9.68512
      vertex 10.5447 5.23307 9.68512
      vertex 10.4759 5.29176 3.80487
    endloop
  endfacet
  facet normal 0.667551 0.744564 -0.000379078
    outer loop
      vertex 10.4759 5.29176 3.80487
      vertex 10.5447 5.23307 9.68512
      vertex 10.7963 5.0045 3.80487
    endloop
  endfacet
  facet normal 0.676878 0.736096 0.000349143
    outer loop
      vertex 10.5447 5.23307 9.68512
      vertex 10.8567 4.94617 9.68512
      vertex 10.7963 5.0045 3.80487
    endloop
  endfacet
  facet normal 0.71257 0.701601 -0.000359652
    outer loop
      vertex 10.7963 5.0045 3.80487
      vertex 10.8567 4.94617 9.68512
      vertex 11.0982 4.69788 3.80487
    endloop
  endfacet
  facet normal 0.72074 0.693205 0.00033039
    outer loop
      vertex 10.8567 4.94617 9.68512
      vertex 11.1505 4.6407 9.68512
      vertex 11.0982 4.69788 3.80487
    endloop
  endfacet
  facet normal 0.754876 0.655868 -0.00033629
    outer loop
      vertex 11.0982 4.69788 3.80487
      vertex 11.1505 4.6407 9.68512
      vertex 11.3804 4.37308 3.80487
    endloop
  endfacet
  facet normal 0.761889 0.647708 0.00030927
    outer loop
      vertex 11.1505 4.6407 9.68512
      vertex 11.425 4.31781 9.68512
      vertex 11.3804 4.37308 3.80487
    endloop
  endfacet
  facet normal 0.794142 0.607732 -0.000311106
    outer loop
      vertex 11.3804 4.37308 3.80487
      vertex 11.425 4.31781 9.68512
      vertex 11.6419 4.03137 3.80487
    endloop
  endfacet
  facet normal 0.800028 0.599962 0.000284504
    outer loop
      vertex 11.425 4.31781 9.68512
      vertex 11.6793 3.97871 9.68512
      vertex 11.6419 4.03137 3.80487
    endloop
  endfacet
  facet normal 0.830337 0.557261 -0.000290678
    outer loop
      vertex 11.6419 4.03137 3.80487
      vertex 11.6793 3.97871 9.68512
      vertex 11.8817 3.67406 3.80487
    endloop
  endfacet
  facet normal 0.835324 0.549757 0.000269732
    outer loop
      vertex 11.6793 3.97871 9.68512
      vertex 11.9123 3.62468 9.68512
      vertex 11.8817 3.67406 3.80487
    endloop
  endfacet
  facet normal 0.863501 0.504346 -0.000258241
    outer loop
      vertex 11.8817 3.67406 3.80487
      vertex 11.9123 3.62468 9.68512
      vertex 12.0987 3.30253 3.80487
    endloop
  endfacet
  facet normal 0.867408 0.497597 0.000235392
    outer loop
      vertex 11.9123 3.62468 9.68512
      vertex 12.1232 3.25704 9.68512
      vertex 12.0987 3.30253 3.80487
    endloop
  endfacet
  facet normal 0.893075 0.449907 -0.000240476
    outer loop
      vertex 12.0987 3.30253 3.80487
      vertex 12.1232 3.25704 9.68512
      vertex 12.2923 2.91823 3.80487
    endloop
  endfacet
  facet normal 0.896241 0.443567 0.000215886
    outer loop
      vertex 12.1232 3.25704 9.68512
      vertex 12.3112 2.87718 9.68512
      vertex 12.2923 2.91823 3.80487
    endloop
  endfacet
  facet normal 0.919346 0.393451 -0.000208235
    outer loop
      vertex 12.2923 2.91823 3.80487
      vertex 12.3112 2.87718 9.68512
      vertex 12.4616 2.52264 3.80487
    endloop
  endfacet
  facet normal 0.92171 0.38788 0.000188135
    outer loop
      vertex 12.3112 2.87718 9.68512
      vertex 12.4756 2.48652 9.68512
      vertex 12.4616 2.52264 3.80487
    endloop
  endfacet
  facet normal 0.942012 0.335578 -0.00018147
    outer loop
      vertex 12.4616 2.52264 3.80487
      vertex 12.4756 2.48652 9.68512
      vertex 12.606 2.11729 3.80487
    endloop
  endfacet
  facet normal 0.943711 0.330771 0.000158062
    outer loop
      vertex 12.4756 2.48652 9.68512
      vertex 12.6158 2.08652 9.68512
      vertex 12.606 2.11729 3.80487
    endloop
  endfacet
  facet normal 0.961067 0.276317 -0.000155807
    outer loop
      vertex 12.606 2.11729 3.80487
      vertex 12.6158 2.08652 9.68512
      vertex 12.7249 1.70374 3.80487
    endloop
  endfacet
  facet normal 0.962221 0.272271 0.000128974
    outer loop
      vertex 12.6158 2.08652 9.68512
      vertex 12.7312 1.67869 9.68512
      vertex 12.7249 1.70374 3.80487
    endloop
  endfacet
  facet normal 0.976414 0.215907 -0.000126346
    outer loop
      vertex 12.7249 1.70374 3.80487
      vertex 12.7312 1.67869 9.68512
      vertex 12.8178 1.28361 3.80487
    endloop
  endfacet
  facet normal 0.977092 0.212817 9.12586e-05
    outer loop
      vertex 12.7312 1.67869 9.68512
      vertex 12.8214 1.26456 9.68512
      vertex 12.8178 1.28361 3.80487
    endloop
  endfacet
  facet normal 0.987913 0.155007 -0.000102649
    outer loop
      vertex 12.8178 1.28361 3.80487
      vertex 12.8214 1.26456 9.68512
      vertex 12.8845 0.858508 3.80487
    endloop
  endfacet
  facet normal 0.988315 0.152422 8.01458e-05
    outer loop
      vertex 12.8214 1.26456 9.68512
      vertex 12.886 0.84569 9.68512
      vertex 12.8845 0.858508 3.80487
    endloop
  endfacet
  facet normal 0.99567 0.0929616 -5.13453e-05
    outer loop
      vertex 12.8845 0.858508 3.80487
      vertex 12.886 0.84569 9.68512
      vertex 12.9245 0.430086 3.80487
    endloop
  endfacet
  facet normal 0.995779 0.0917802 3.28733e-05
    outer loop
      vertex 12.886 0.84569 9.68512
      vertex 12.9249 0.42364 9.68512
      vertex 12.9245 0.430086 3.80487
    endloop
  endfacet
  facet normal 0.999515 0.0311414 -3.38537e-05
    outer loop
      vertex 12.9245 0.430086 3.80487
      vertex 12.9249 0.42364 9.68512
      vertex 12.9379 -8.47203e-16 3.80487
    endloop
  endfacet
  facet normal 0.99953 0.030672 -4.26125e-18
    outer loop
      vertex 12.9249 0.42364 9.68512
      vertex 12.9379 0 9.68512
      vertex 12.9379 -8.47203e-16 3.80487
    endloop
  endfacet
  facet normal 0.99953 -0.030672 4.4191e-18
    outer loop
      vertex 12.9379 -8.47203e-16 3.80487
      vertex 12.9379 0 9.68512
      vertex 12.9249 -0.42364 9.68512
    endloop
  endfacet
  facet normal 0.999515 -0.0311414 -3.38537e-05
    outer loop
      vertex 12.9379 -8.47203e-16 3.80487
      vertex 12.9249 -0.42364 9.68512
      vertex 12.9245 -0.430086 3.80487
    endloop
  endfacet
  facet normal 0.995779 -0.0917802 3.28733e-05
    outer loop
      vertex 12.9245 -0.430086 3.80487
      vertex 12.9249 -0.42364 9.68512
      vertex 12.886 -0.84569 9.68512
    endloop
  endfacet
  facet normal 0.99567 -0.0929616 -5.13453e-05
    outer loop
      vertex 12.9245 -0.430086 3.80487
      vertex 12.886 -0.84569 9.68512
      vertex 12.8845 -0.858508 3.80487
    endloop
  endfacet
  facet normal 0.988315 -0.152422 8.01458e-05
    outer loop
      vertex 12.8845 -0.858508 3.80487
      vertex 12.886 -0.84569 9.68512
      vertex 12.8214 -1.26456 9.68512
    endloop
  endfacet
  facet normal 0.987913 -0.155007 -0.000102649
    outer loop
      vertex 12.8845 -0.858508 3.80487
      vertex 12.8214 -1.26456 9.68512
      vertex 12.8178 -1.28361 3.80487
    endloop
  endfacet
  facet normal 0.977092 -0.212817 9.12586e-05
    outer loop
      vertex 12.8178 -1.28361 3.80487
      vertex 12.8214 -1.26456 9.68512
      vertex 12.7312 -1.67869 9.68512
    endloop
  endfacet
  facet normal 0.976414 -0.215907 -0.000126346
    outer loop
      vertex 12.8178 -1.28361 3.80487
      vertex 12.7312 -1.67869 9.68512
      vertex 12.7249 -1.70374 3.80487
    endloop
  endfacet
  facet normal 0.962221 -0.272271 0.000128974
    outer loop
      vertex 12.7249 -1.70374 3.80487
      vertex 12.7312 -1.67869 9.68512
      vertex 12.6158 -2.08652 9.68512
    endloop
  endfacet
  facet normal 0.961067 -0.276317 -0.000155807
    outer loop
      vertex 12.7249 -1.70374 3.80487
      vertex 12.6158 -2.08652 9.68512
      vertex 12.606 -2.11729 3.80487
    endloop
  endfacet
  facet normal 0.943711 -0.330771 0.000158062
    outer loop
      vertex 12.606 -2.11729 3.80487
      vertex 12.6158 -2.08652 9.68512
      vertex 12.4756 -2.48652 9.68512
    endloop
  endfacet
  facet normal 0.942012 -0.335578 -0.00018147
    outer loop
      vertex 12.606 -2.11729 3.80487
      vertex 12.4756 -2.48652 9.68512
      vertex 12.4616 -2.52264 3.80487
    endloop
  endfacet
  facet normal 0.92171 -0.38788 0.000188135
    outer loop
      vertex 12.4616 -2.52264 3.80487
      vertex 12.4756 -2.48652 9.68512
      vertex 12.3112 -2.87718 9.68512
    endloop
  endfacet
  facet normal 0.919346 -0.393451 -0.000208235
    outer loop
      vertex 12.4616 -2.52264 3.80487
      vertex 12.3112 -2.87718 9.68512
      vertex 12.2923 -2.91823 3.80487
    endloop
  endfacet
  facet normal 0.896241 -0.443567 0.000215886
    outer loop
      vertex 12.2923 -2.91823 3.80487
      vertex 12.3112 -2.87718 9.68512
      vertex 12.1232 -3.25704 9.68512
    endloop
  endfacet
  facet normal 0.893075 -0.449907 -0.000240476
    outer loop
      vertex 12.2923 -2.91823 3.80487
      vertex 12.1232 -3.25704 9.68512
      vertex 12.0987 -3.30253 3.80487
    endloop
  endfacet
  facet normal 0.867408 -0.497597 0.000235392
    outer loop
      vertex 12.0987 -3.30253 3.80487
      vertex 12.1232 -3.25704 9.68512
      vertex 11.9123 -3.62468 9.68512
    endloop
  endfacet
  facet normal 0.863501 -0.504346 -0.000258241
    outer loop
      vertex 12.0987 -3.30253 3.80487
      vertex 11.9123 -3.62468 9.68512
      vertex 11.8817 -3.67406 3.80487
    endloop
  endfacet
  facet normal 0.835324 -0.549757 0.000269732
    outer loop
      vertex 11.8817 -3.67406 3.80487
      vertex 11.9123 -3.62468 9.68512
      vertex 11.6793 -3.97871 9.68512
    endloop
  endfacet
  facet normal 0.830337 -0.557261 -0.000290678
    outer loop
      vertex 11.8817 -3.67406 3.80487
      vertex 11.6793 -3.97871 9.68512
      vertex 11.6419 -4.03137 3.80487
    endloop
  endfacet
  facet normal 0.800028 -0.599962 0.000284504
    outer loop
      vertex 11.6419 -4.03137 3.80487
      vertex 11.6793 -3.97871 9.68512
      vertex 11.425 -4.31781 9.68512
    endloop
  endfacet
  facet normal 0.794142 -0.607732 -0.000311106
    outer loop
      vertex 11.6419 -4.03137 3.80487
      vertex 11.425 -4.31781 9.68512
      vertex 11.3804 -4.37308 3.80487
    endloop
  endfacet
  facet normal 0.761889 -0.647708 0.00030927
    outer loop
      vertex 11.3804 -4.37308 3.80487
      vertex 11.425 -4.31781 9.68512
      vertex 11.1505 -4.6407 9.68512
    endloop
  endfacet
  facet normal 0.754876 -0.655868 -0.00033629
    outer loop
      vertex 11.3804 -4.37308 3.80487
      vertex 11.1505 -4.6407 9.68512
      vertex 11.0982 -4.69788 3.80487
    endloop
  endfacet
  facet normal 0.72074 -0.693205 0.00033039
    outer loop
      vertex 11.0982 -4.69788 3.80487
      vertex 11.1505 -4.6407 9.68512
      vertex 10.8567 -4.94617 9.68512
    endloop
  endfacet
  facet normal 0.71257 -0.701601 -0.000359652
    outer loop
      vertex 11.0982 -4.69788 3.80487
      vertex 10.8567 -4.94617 9.68512
      vertex 10.7963 -5.0045 3.80487
    endloop
  endfacet
  facet normal 0.676878 -0.736096 0.000349143
    outer loop
      vertex 10.7963 -5.0045 3.80487
      vertex 10.8567 -4.94617 9.68512
      vertex 10.5447 -5.23307 9.68512
    endloop
  endfacet
  facet normal 0.667551 -0.744564 -0.000379078
    outer loop
      vertex 10.7963 -5.0045 3.80487
      vertex 10.5447 -5.23307 9.68512
      vertex 10.4759 -5.29176 3.80487
    endloop
  endfacet
  facet normal 0.630518 -0.776175 0.00036972
    outer loop
      vertex 10.4759 -5.29176 3.80487
      vertex 10.5447 -5.23307 9.68512
      vertex 10.2157 -5.50033 9.68512
    endloop
  endfacet
  facet normal 0.620007 -0.784596 -0.000394072
    outer loop
      vertex 10.4759 -5.29176 3.80487
      vertex 10.2157 -5.50033 9.68512
      vertex 10.1383 -5.55854 3.80487
    endloop
  endfacet
  facet normal 0.581905 -0.813256 0.000391172
    outer loop
      vertex 10.1383 -5.55854 3.80487
      vertex 10.2157 -5.50033 9.68512
      vertex 9.87103 -5.74695 9.68512
    endloop
  endfacet
  facet normal 0.570045 -0.821614 -0.000415692
    outer loop
      vertex 10.1383 -5.55854 3.80487
      vertex 9.87103 -5.74695 9.68512
      vertex 9.78476 -5.80383 3.80487
    endloop
  endfacet
  facet normal 0.530957 -0.847399 0.000407186
    outer loop
      vertex 9.78476 -5.80383 3.80487
      vertex 9.87103 -5.74695 9.68512
      vertex 9.51187 -5.97199 9.68512
    endloop
  endfacet
  facet normal 0.517841 -0.855477 -0.000432515
    outer loop
      vertex 9.78476 -5.80383 3.80487
      vertex 9.51187 -5.97199 9.68512
      vertex 9.41666 -6.02665 3.80487
    endloop
  endfacet
  facet normal 0.478087 -0.878313 0.000423443
    outer loop
      vertex 9.41666 -6.02665 3.80487
      vertex 9.51187 -5.97199 9.68512
      vertex 9.13961 -6.17462 9.68512
    endloop
  endfacet
  facet normal 0.463656 -0.886015 -0.000450277
    outer loop
      vertex 9.41666 -6.02665 3.80487
      vertex 9.13961 -6.17462 9.68512
      vertex 9.03541 -6.22616 3.80487
    endloop
  endfacet
  facet normal 0.423388 -0.905948 0.000438004
    outer loop
      vertex 9.03541 -6.22616 3.80487
      vertex 9.13961 -6.17462 9.68512
      vertex 8.75563 -6.35407 9.68512
    endloop
  endfacet
  facet normal 0.407697 -0.913117 -0.000464506
    outer loop
      vertex 9.03541 -6.22616 3.80487
      vertex 8.75563 -6.35407 9.68512
      vertex 8.6425 -6.40159 3.80487
    endloop
  endfacet
  facet normal 0.367124 -0.930172 0.000453908
    outer loop
      vertex 8.6425 -6.40159 3.80487
      vertex 8.75563 -6.35407 9.68512
      vertex 8.36139 -6.50967 9.68512
    endloop
  endfacet
  facet normal 0.35013 -0.936701 -0.000478486
    outer loop
      vertex 8.6425 -6.40159 3.80487
      vertex 8.36139 -6.50967 9.68512
      vertex 8.23944 -6.55225 3.80487
    endloop
  endfacet
  facet normal 0.30946 -0.950912 0.000467871
    outer loop
      vertex 8.23944 -6.55225 3.80487
      vertex 8.36139 -6.50967 9.68512
      vertex 7.95836 -6.64083 9.68512
    endloop
  endfacet
  facet normal 0.2912 -0.956662 -0.000491561
    outer loop
      vertex 8.23944 -6.55225 3.80487
      vertex 7.95836 -6.64083 9.68512
      vertex 7.8278 -6.67755 3.80487
    endloop
  endfacet
  facet normal 0.25066 -0.968075 0.000479835
    outer loop
      vertex 7.8278 -6.67755 3.80487
      vertex 7.95836 -6.64083 9.68512
      vertex 7.54805 -6.74707 9.68512
    endloop
  endfacet
  facet normal 0.231189 -0.972909 -0.000503634
    outer loop
      vertex 7.8278 -6.67755 3.80487
      vertex 7.54805 -6.74707 9.68512
      vertex 7.40916 -6.77703 3.80487
    endloop
  endfacet
  facet normal 0.190896 -0.98161 0.000492422
    outer loop
      vertex 7.40916 -6.77703 3.80487
      vertex 7.54805 -6.74707 9.68512
      vertex 7.132 -6.82798 9.68512
    endloop
  endfacet
  facet normal 0.170234 -0.985404 -0.000514319
    outer loop
      vertex 7.40916 -6.77703 3.80487
      vertex 7.132 -6.82798 9.68512
      vertex 6.98515 -6.85028 3.80487
    endloop
  endfacet
  facet normal 0.130429 -0.991457 0.000502688
    outer loop
      vertex 6.98515 -6.85028 3.80487
      vertex 7.132 -6.82798 9.68512
      vertex 6.71179 -6.88326 9.68512
    endloop
  endfacet
  facet normal -0.104174 0.994559 0
    outer loop
      vertex 5.3282 6.88326 9.68512
      vertex 5.3282 6.88326 1.38359
      vertex 5.26834 6.87699 3.80487
    endloop
  endfacet
  facet normal -0.130426 0.991458 -0.000657043
    outer loop
      vertex 5.26834 6.87699 3.80487
      vertex 5.3282 6.88326 1.38359
      vertex 4.90798 6.82798 1.38359
    endloop
  endfacet
  facet normal -0.139534 0.990217 0.000723552
    outer loop
      vertex 5.26834 6.87699 3.80487
      vertex 4.90798 6.82798 1.38359
      vertex 4.84226 6.81695 3.80487
    endloop
  endfacet
  facet normal -0.1909 0.981609 -0.00070987
    outer loop
      vertex 4.84226 6.81695 3.80487
      vertex 4.90798 6.82798 1.38359
      vertex 4.49194 6.74707 1.38359
    endloop
  endfacet
  facet normal -0.200793 0.979633 0.000778541
    outer loop
      vertex 4.84226 6.81695 3.80487
      vertex 4.49194 6.74707 1.38359
      vertex 4.42073 6.73055 3.80487
    endloop
  endfacet
  facet normal -0.25066 0.968075 -0.000766907
    outer loop
      vertex 4.42073 6.73055 3.80487
      vertex 4.49194 6.74707 1.38359
      vertex 4.08163 6.64083 1.38359
    endloop
  endfacet
  facet normal -0.261333 0.965248 0.000832635
    outer loop
      vertex 4.42073 6.73055 3.80487
      vertex 4.08163 6.64083 1.38359
      vertex 4.00539 6.6181 3.80487
    endloop
  endfacet
  facet normal -0.309453 0.950914 -0.000817093
    outer loop
      vertex 4.00539 6.6181 3.80487
      vertex 4.08163 6.64083 1.38359
      vertex 3.67859 6.50967 1.38359
    endloop
  endfacet
  facet normal -0.320825 0.947138 0.000886958
    outer loop
      vertex 4.00539 6.6181 3.80487
      vertex 3.67859 6.50967 1.38359
      vertex 3.59784 6.48005 3.80487
    endloop
  endfacet
  facet normal -0.367123 0.930172 -0.000864636
    outer loop
      vertex 3.59784 6.48005 3.80487
      vertex 3.67859 6.50967 1.38359
      vertex 3.28435 6.35407 1.38359
    endloop
  endfacet
  facet normal -0.379087 0.925361 0.000934639
    outer loop
      vertex 3.59784 6.48005 3.80487
      vertex 3.28435 6.35407 1.38359
      vertex 3.19966 6.31693 3.80487
    endloop
  endfacet
  facet normal -0.423397 0.905944 -0.000913034
    outer loop
      vertex 3.19966 6.31693 3.80487
      vertex 3.28435 6.35407 1.38359
      vertex 2.90038 6.17462 1.38359
    endloop
  endfacet
  facet normal -0.435883 0.900003 0.000979546
    outer loop
      vertex 3.19966 6.31693 3.80487
      vertex 2.90038 6.17462 1.38359
      vertex 2.81239 6.12937 3.80487
    endloop
  endfacet
  facet normal -0.478076 0.878318 -0.000959026
    outer loop
      vertex 2.81239 6.12937 3.80487
      vertex 2.90038 6.17462 1.38359
      vertex 2.52811 5.97199 1.38359
    endloop
  endfacet
  facet normal -0.490997 0.871161 0.00102313
    outer loop
      vertex 2.81239 6.12937 3.80487
      vertex 2.52811 5.97199 1.38359
      vertex 2.43754 5.9181 3.80487
    endloop
  endfacet
  facet normal -0.530957 0.847398 -0.0010005
    outer loop
      vertex 2.43754 5.9181 3.80487
      vertex 2.52811 5.97199 1.38359
      vertex 2.16895 5.74695 1.38359
    endloop
  endfacet
  facet normal -0.544204 0.838952 0.00106594
    outer loop
      vertex 2.43754 5.9181 3.80487
      vertex 2.16895 5.74695 1.38359
      vertex 2.07654 5.68393 3.80487
    endloop
  endfacet
  facet normal -0.581872 0.81328 -0.00103988
    outer loop
      vertex 2.07654 5.68393 3.80487
      vertex 2.16895 5.74695 1.38359
      vertex 1.82425 5.50033 1.38359
    endloop
  endfacet
  facet normal -0.595297 0.803505 0.00110018
    outer loop
      vertex 2.07654 5.68393 3.80487
      vertex 1.82425 5.50033 1.38359
      vertex 1.7308 5.42778 3.80487
    endloop
  endfacet
  facet normal -0.630575 0.776127 -0.00108176
    outer loop
      vertex 1.7308 5.42778 3.80487
      vertex 1.82425 5.50033 1.38359
      vertex 1.4953 5.23307 1.38359
    endloop
  endfacet
  facet normal -0.644121 0.764923 0.00113675
    outer loop
      vertex 1.7308 5.42778 3.80487
      vertex 1.4953 5.23307 1.38359
      vertex 1.40166 5.15062 3.80487
    endloop
  endfacet
  facet normal -0.676901 0.736073 -0.00111335
    outer loop
      vertex 1.40166 5.15062 3.80487
      vertex 1.4953 5.23307 1.38359
      vertex 1.18332 4.94617 1.38359
    endloop
  endfacet
  facet normal -0.690413 0.723414 0.0011741
    outer loop
      vertex 1.40166 5.15062 3.80487
      vertex 1.18332 4.94617 1.38359
      vertex 1.09038 4.85354 3.80487
    endloop
  endfacet
  facet normal -0.720728 0.693217 -0.00114474
    outer loop
      vertex 1.09038 4.85354 3.80487
      vertex 1.18332 4.94617 1.38359
      vertex 0.88951 4.6407 1.38359
    endloop
  endfacet
  facet normal -0.734066 0.679077 0.0012048
    outer loop
      vertex 1.09038 4.85354 3.80487
      vertex 0.88951 4.6407 1.38359
      vertex 0.798172 4.53767 3.80487
    endloop
  endfacet
  facet normal -0.761821 0.647787 -0.00117363
    outer loop
      vertex 0.798172 4.53767 3.80487
      vertex 0.88951 4.6407 1.38359
      vertex 0.614952 4.31781 1.38359
    endloop
  endfacet
  facet normal -0.77485 0.632144 0.00123277
    outer loop
      vertex 0.798172 4.53767 3.80487
      vertex 0.614952 4.31781 1.38359
      vertex 0.526167 4.20426 3.80487
    endloop
  endfacet
  facet normal -0.800063 0.599915 -0.00120318
    outer loop
      vertex 0.526167 4.20426 3.80487
      vertex 0.614952 4.31781 1.38359
      vertex 0.360683 3.97871 1.38359
    endloop
  endfacet
  facet normal -0.812656 0.582743 0.00125716
    outer loop
      vertex 0.526167 4.20426 3.80487
      vertex 0.360683 3.97871 1.38359
      vertex 0.275417 3.85458 3.80487
    endloop
  endfacet
  facet normal -0.835296 0.5498 -0.00122897
    outer loop
      vertex 0.275417 3.85458 3.80487
      vertex 0.360683 3.97871 1.38359
      vertex 0.127657 3.62468 1.38359
    endloop
  endfacet
  facet normal -0.847318 0.531085 0.00128166
    outer loop
      vertex 0.275417 3.85458 3.80487
      vertex 0.127657 3.62468 1.38359
      vertex 0.0468917 3.48998 3.80487
    endloop
  endfacet
  facet normal -0.867399 0.497612 -0.00125033
    outer loop
      vertex 0.0468917 3.48998 3.80487
      vertex 0.127657 3.62468 1.38359
      vertex -0.0832518 3.25704 1.38359
    endloop
  endfacet
  facet normal -0.878689 0.477393 0.00130171
    outer loop
      vertex 0.0468917 3.48998 3.80487
      vertex -0.0832518 3.25704 1.38359
      vertex -0.158525 3.11189 3.80487
    endloop
  endfacet
  facet normal -0.896241 0.443565 -0.00127184
    outer loop
      vertex -0.158525 3.11189 3.80487
      vertex -0.0832518 3.25704 1.38359
      vertex -0.271251 2.87718 1.38359
    endloop
  endfacet
  facet normal -0.906674 0.421831 0.0013207
    outer loop
      vertex -0.158525 3.11189 3.80487
      vertex -0.271251 2.87718 1.38359
      vertex -0.340038 2.72175 3.80487
    endloop
  endfacet
  facet normal -0.921722 0.387849 -0.00128818
    outer loop
      vertex -0.340038 2.72175 3.80487
      vertex -0.271251 2.87718 1.38359
      vertex -0.435636 2.48652 1.38359
    endloop
  endfacet
  facet normal -0.931145 0.364647 0.00133799
    outer loop
      vertex -0.340038 2.72175 3.80487
      vertex -0.435636 2.48652 1.38359
      vertex -0.496945 2.32108 3.80487
    endloop
  endfacet
  facet normal -0.943745 0.330672 -0.00130251
    outer loop
      vertex -0.496945 2.32108 3.80487
      vertex -0.435636 2.48652 1.38359
      vertex -0.575789 2.08652 1.38359
    endloop
  endfacet
  facet normal -0.952011 0.306062 0.00135075
    outer loop
      vertex -0.496945 2.32108 3.80487
      vertex -0.575789 2.08652 1.38359
      vertex -0.62864 1.91144 3.80487
    endloop
  endfacet
  facet normal -0.962222 0.272262 -0.00131616
    outer loop
      vertex -0.62864 1.91144 3.80487
      vertex -0.575789 2.08652 1.38359
      vertex -0.691185 1.67869 1.38359
    endloop
  endfacet
  facet normal -0.969198 0.246278 0.00136178
    outer loop
      vertex -0.62864 1.91144 3.80487
      vertex -0.691185 1.67869 1.38359
      vertex -0.734612 1.4944 3.80487
    endloop
  endfacet
  facet normal -0.977089 0.212825 -0.00132594
    outer loop
      vertex -0.734612 1.4944 3.80487
      vertex -0.691185 1.67869 1.38359
      vertex -0.781389 1.26456 1.38359
    endloop
  endfacet
  facet normal -0.982634 0.185548 0.00137046
    outer loop
      vertex -0.734612 1.4944 3.80487
      vertex -0.781389 1.26456 1.38359
      vertex -0.814452 1.07158 3.80487
    endloop
  endfacet
  facet normal -0.988288 0.152593 -0.00133335
    outer loop
      vertex -0.814452 1.07158 3.80487
      vertex -0.781389 1.26456 1.38359
      vertex -0.846063 0.84569 1.38359
    endloop
  endfacet
  facet normal -0.992269 0.124098 0.00137702
    outer loop
      vertex -0.814452 1.07158 3.80487
      vertex -0.846063 0.84569 1.38359
      vertex -0.867851 0.644609 3.80487
    endloop
  endfacet
  facet normal -0.995778 0.0917848 -0.00133807
    outer loop
      vertex -0.867851 0.644609 3.80487
      vertex -0.846063 0.84569 1.38359
      vertex -0.884965 0.42364 1.38359
    endloop
  endfacet
  facet normal -0.998065 0.062169 0.00138086
    outer loop
      vertex -0.867851 0.644609 3.80487
      vertex -0.884965 0.42364 1.38359
      vertex -0.894602 0.215147 3.80487
    endloop
  endfacet
  facet normal -0.99953 0.0306343 -0.00134038
    outer loop
      vertex -0.894602 0.215147 3.80487
      vertex -0.884965 0.42364 1.38359
      vertex -0.897949 0 1.38359
    endloop
  endfacet
  facet normal -0.999999 0 0.00138233
    outer loop
      vertex -0.894602 0.215147 3.80487
      vertex -0.897949 0 1.38359
      vertex -0.894602 -0.215147 3.80487
    endloop
  endfacet
  facet normal -0.99953 -0.0306343 -0.00134038
    outer loop
      vertex -0.894602 -0.215147 3.80487
      vertex -0.897949 0 1.38359
      vertex -0.884965 -0.42364 1.38359
    endloop
  endfacet
  facet normal -0.998065 -0.062169 0.00138086
    outer loop
      vertex -0.894602 -0.215147 3.80487
      vertex -0.884965 -0.42364 1.38359
      vertex -0.867851 -0.644609 3.80487
    endloop
  endfacet
  facet normal -0.995778 -0.0917848 -0.00133807
    outer loop
      vertex -0.867851 -0.644609 3.80487
      vertex -0.884965 -0.42364 1.38359
      vertex -0.846063 -0.84569 1.38359
    endloop
  endfacet
  facet normal -0.992269 -0.124098 0.00137702
    outer loop
      vertex -0.867851 -0.644609 3.80487
      vertex -0.846063 -0.84569 1.38359
      vertex -0.814452 -1.07158 3.80487
    endloop
  endfacet
  facet normal -0.988288 -0.152593 -0.00133335
    outer loop
      vertex -0.814452 -1.07158 3.80487
      vertex -0.846063 -0.84569 1.38359
      vertex -0.781389 -1.26456 1.38359
    endloop
  endfacet
  facet normal -0.982634 -0.185548 0.00137046
    outer loop
      vertex -0.814452 -1.07158 3.80487
      vertex -0.781389 -1.26456 1.38359
      vertex -0.734612 -1.4944 3.80487
    endloop
  endfacet
  facet normal -0.977089 -0.212825 -0.00132594
    outer loop
      vertex -0.734612 -1.4944 3.80487
      vertex -0.781389 -1.26456 1.38359
      vertex -0.691185 -1.67869 1.38359
    endloop
  endfacet
  facet normal -0.969198 -0.246278 0.00136178
    outer loop
      vertex -0.734612 -1.4944 3.80487
      vertex -0.691185 -1.67869 1.38359
      vertex -0.62864 -1.91144 3.80487
    endloop
  endfacet
  facet normal -0.962222 -0.272262 -0.00131616
    outer loop
      vertex -0.62864 -1.91144 3.80487
      vertex -0.691185 -1.67869 1.38359
      vertex -0.575789 -2.08652 1.38359
    endloop
  endfacet
  facet normal -0.952011 -0.306062 0.00135075
    outer loop
      vertex -0.62864 -1.91144 3.80487
      vertex -0.575789 -2.08652 1.38359
      vertex -0.496945 -2.32108 3.80487
    endloop
  endfacet
  facet normal -0.943745 -0.330672 -0.00130251
    outer loop
      vertex -0.496945 -2.32108 3.80487
      vertex -0.575789 -2.08652 1.38359
      vertex -0.435636 -2.48652 1.38359
    endloop
  endfacet
  facet normal -0.931145 -0.364647 0.00133799
    outer loop
      vertex -0.496945 -2.32108 3.80487
      vertex -0.435636 -2.48652 1.38359
      vertex -0.340038 -2.72175 3.80487
    endloop
  endfacet
  facet normal -0.921722 -0.387849 -0.00128818
    outer loop
      vertex -0.340038 -2.72175 3.80487
      vertex -0.435636 -2.48652 1.38359
      vertex -0.271251 -2.87718 1.38359
    endloop
  endfacet
  facet normal -0.906674 -0.421831 0.0013207
    outer loop
      vertex -0.340038 -2.72175 3.80487
      vertex -0.271251 -2.87718 1.38359
      vertex -0.158525 -3.11189 3.80487
    endloop
  endfacet
  facet normal -0.896241 -0.443565 -0.00127184
    outer loop
      vertex -0.158525 -3.11189 3.80487
      vertex -0.271251 -2.87718 1.38359
      vertex -0.0832518 -3.25704 1.38359
    endloop
  endfacet
  facet normal -0.878689 -0.477393 0.00130171
    outer loop
      vertex -0.158525 -3.11189 3.80487
      vertex -0.0832518 -3.25704 1.38359
      vertex 0.0468917 -3.48998 3.80487
    endloop
  endfacet
  facet normal -0.867399 -0.497612 -0.00125033
    outer loop
      vertex 0.0468917 -3.48998 3.80487
      vertex -0.0832518 -3.25704 1.38359
      vertex 0.127657 -3.62468 1.38359
    endloop
  endfacet
  facet normal -0.847318 -0.531085 0.00128166
    outer loop
      vertex 0.0468917 -3.48998 3.80487
      vertex 0.127657 -3.62468 1.38359
      vertex 0.275417 -3.85458 3.80487
    endloop
  endfacet
  facet normal -0.835296 -0.5498 -0.00122897
    outer loop
      vertex 0.275417 -3.85458 3.80487
      vertex 0.127657 -3.62468 1.38359
      vertex 0.360683 -3.97871 1.38359
    endloop
  endfacet
  facet normal -0.812656 -0.582743 0.00125716
    outer loop
      vertex 0.275417 -3.85458 3.80487
      vertex 0.360683 -3.97871 1.38359
      vertex 0.526167 -4.20426 3.80487
    endloop
  endfacet
  facet normal -0.800063 -0.599915 -0.00120318
    outer loop
      vertex 0.526167 -4.20426 3.80487
      vertex 0.360683 -3.97871 1.38359
      vertex 0.614952 -4.31781 1.38359
    endloop
  endfacet
  facet normal -0.77485 -0.632144 0.00123277
    outer loop
      vertex 0.526167 -4.20426 3.80487
      vertex 0.614952 -4.31781 1.38359
      vertex 0.798172 -4.53767 3.80487
    endloop
  endfacet
  facet normal -0.761821 -0.647787 -0.00117363
    outer loop
      vertex 0.798172 -4.53767 3.80487
      vertex 0.614952 -4.31781 1.38359
      vertex 0.88951 -4.6407 1.38359
    endloop
  endfacet
  facet normal -0.734066 -0.679077 0.0012048
    outer loop
      vertex 0.798172 -4.53767 3.80487
      vertex 0.88951 -4.6407 1.38359
      vertex 1.09038 -4.85354 3.80487
    endloop
  endfacet
  facet normal -0.720728 -0.693217 -0.00114474
    outer loop
      vertex 1.09038 -4.85354 3.80487
      vertex 0.88951 -4.6407 1.38359
      vertex 1.18332 -4.94617 1.38359
    endloop
  endfacet
  facet normal -0.690413 -0.723414 0.0011741
    outer loop
      vertex 1.09038 -4.85354 3.80487
      vertex 1.18332 -4.94617 1.38359
      vertex 1.40166 -5.15062 3.80487
    endloop
  endfacet
  facet normal -0.676901 -0.736073 -0.00111335
    outer loop
      vertex 1.40166 -5.15062 3.80487
      vertex 1.18332 -4.94617 1.38359
      vertex 1.4953 -5.23307 1.38359
    endloop
  endfacet
  facet normal -0.644121 -0.764923 0.00113675
    outer loop
      vertex 1.40166 -5.15062 3.80487
      vertex 1.4953 -5.23307 1.38359
      vertex 1.7308 -5.42778 3.80487
    endloop
  endfacet
  facet normal -0.630575 -0.776127 -0.00108176
    outer loop
      vertex 1.7308 -5.42778 3.80487
      vertex 1.4953 -5.23307 1.38359
      vertex 1.82425 -5.50033 1.38359
    endloop
  endfacet
  facet normal -0.595297 -0.803505 0.00110018
    outer loop
      vertex 1.7308 -5.42778 3.80487
      vertex 1.82425 -5.50033 1.38359
      vertex 2.07654 -5.68393 3.80487
    endloop
  endfacet
  facet normal -0.581872 -0.81328 -0.00103988
    outer loop
      vertex 2.07654 -5.68393 3.80487
      vertex 1.82425 -5.50033 1.38359
      vertex 2.16895 -5.74695 1.38359
    endloop
  endfacet
  facet normal -0.544204 -0.838952 0.00106594
    outer loop
      vertex 2.07654 -5.68393 3.80487
      vertex 2.16895 -5.74695 1.38359
      vertex 2.43754 -5.9181 3.80487
    endloop
  endfacet
  facet normal -0.530957 -0.847398 -0.0010005
    outer loop
      vertex 2.43754 -5.9181 3.80487
      vertex 2.16895 -5.74695 1.38359
      vertex 2.52811 -5.97199 1.38359
    endloop
  endfacet
  facet normal -0.490997 -0.871161 0.00102313
    outer loop
      vertex 2.43754 -5.9181 3.80487
      vertex 2.52811 -5.97199 1.38359
      vertex 2.81239 -6.12937 3.80487
    endloop
  endfacet
  facet normal -0.478076 -0.878318 -0.000959026
    outer loop
      vertex 2.81239 -6.12937 3.80487
      vertex 2.52811 -5.97199 1.38359
      vertex 2.90038 -6.17462 1.38359
    endloop
  endfacet
  facet normal -0.435883 -0.900003 0.000979546
    outer loop
      vertex 2.81239 -6.12937 3.80487
      vertex 2.90038 -6.17462 1.38359
      vertex 3.19966 -6.31693 3.80487
    endloop
  endfacet
  facet normal -0.423397 -0.905944 -0.000913034
    outer loop
      vertex 3.19966 -6.31693 3.80487
      vertex 2.90038 -6.17462 1.38359
      vertex 3.28435 -6.35407 1.38359
    endloop
  endfacet
  facet normal -0.379087 -0.925361 0.000934639
    outer loop
      vertex 3.19966 -6.31693 3.80487
      vertex 3.28435 -6.35407 1.38359
      vertex 3.59784 -6.48005 3.80487
    endloop
  endfacet
  facet normal -0.367123 -0.930172 -0.000864636
    outer loop
      vertex 3.59784 -6.48005 3.80487
      vertex 3.28435 -6.35407 1.38359
      vertex 3.67859 -6.50967 1.38359
    endloop
  endfacet
  facet normal -0.320825 -0.947138 0.000886958
    outer loop
      vertex 3.59784 -6.48005 3.80487
      vertex 3.67859 -6.50967 1.38359
      vertex 4.00539 -6.6181 3.80487
    endloop
  endfacet
  facet normal -0.309453 -0.950914 -0.000817093
    outer loop
      vertex 4.00539 -6.6181 3.80487
      vertex 3.67859 -6.50967 1.38359
      vertex 4.08163 -6.64083 1.38359
    endloop
  endfacet
  facet normal -0.261333 -0.965248 0.000832635
    outer loop
      vertex 4.00539 -6.6181 3.80487
      vertex 4.08163 -6.64083 1.38359
      vertex 4.42073 -6.73055 3.80487
    endloop
  endfacet
  facet normal -0.25066 -0.968075 -0.000766907
    outer loop
      vertex 4.42073 -6.73055 3.80487
      vertex 4.08163 -6.64083 1.38359
      vertex 4.49194 -6.74707 1.38359
    endloop
  endfacet
  facet normal -0.200793 -0.979633 0.000778541
    outer loop
      vertex 4.42073 -6.73055 3.80487
      vertex 4.49194 -6.74707 1.38359
      vertex 4.84226 -6.81695 3.80487
    endloop
  endfacet
  facet normal -0.1909 -0.981609 -0.00070987
    outer loop
      vertex 4.84226 -6.81695 3.80487
      vertex 4.49194 -6.74707 1.38359
      vertex 4.90798 -6.82798 1.38359
    endloop
  endfacet
  facet normal -0.139534 -0.990217 0.000723552
    outer loop
      vertex 4.84226 -6.81695 3.80487
      vertex 4.90798 -6.82798 1.38359
      vertex 5.26834 -6.87699 3.80487
    endloop
  endfacet
  facet normal -0.130426 -0.991458 -0.000657043
    outer loop
      vertex 5.26834 -6.87699 3.80487
      vertex 4.90798 -6.82798 1.38359
      vertex 5.3282 -6.88326 1.38359
    endloop
  endfacet
  facet normal -0.104174 -0.994559 1.06859e-20
    outer loop
      vertex 5.26834 -6.87699 3.80487
      vertex 5.3282 -6.88326 1.38359
      vertex 5.3282 -6.88326 9.68512
    endloop
  endfacet
  facet normal -0.130426 -0.991458 0.000270547
    outer loop
      vertex 5.3282 -6.88326 9.68512
      vertex 4.90798 -6.82798 9.68512
      vertex 5.26834 -6.87699 3.80487
    endloop
  endfacet
  facet normal -0.139534 -0.990217 -0.000297933
    outer loop
      vertex 5.26834 -6.87699 3.80487
      vertex 4.90798 -6.82798 9.68512
      vertex 4.84226 -6.81695 3.80487
    endloop
  endfacet
  facet normal -0.1909 -0.981609 0.000292299
    outer loop
      vertex 4.90798 -6.82798 9.68512
      vertex 4.49194 -6.74707 9.68512
      vertex 4.84226 -6.81695 3.80487
    endloop
  endfacet
  facet normal -0.200793 -0.979634 -0.000320576
    outer loop
      vertex 4.84226 -6.81695 3.80487
      vertex 4.49194 -6.74707 9.68512
      vertex 4.42073 -6.73055 3.80487
    endloop
  endfacet
  facet normal -0.25066 -0.968075 0.000315785
    outer loop
      vertex 4.49194 -6.74707 9.68512
      vertex 4.08163 -6.64083 9.68512
      vertex 4.42073 -6.73055 3.80487
    endloop
  endfacet
  facet normal -0.261333 -0.965249 -0.00034285
    outer loop
      vertex 4.42073 -6.73055 3.80487
      vertex 4.08163 -6.64083 9.68512
      vertex 4.00539 -6.6181 3.80487
    endloop
  endfacet
  facet normal -0.309453 -0.950915 0.00033645
    outer loop
      vertex 4.08163 -6.64083 9.68512
      vertex 3.67859 -6.50967 9.68512
      vertex 4.00539 -6.6181 3.80487
    endloop
  endfacet
  facet normal -0.320826 -0.947138 -0.000365218
    outer loop
      vertex 4.00539 -6.6181 3.80487
      vertex 3.67859 -6.50967 9.68512
      vertex 3.59784 -6.48005 3.80487
    endloop
  endfacet
  facet normal -0.367124 -0.930172 0.000356027
    outer loop
      vertex 3.67859 -6.50967 9.68512
      vertex 3.28435 -6.35407 9.68512
      vertex 3.59784 -6.48005 3.80487
    endloop
  endfacet
  facet normal -0.379087 -0.925361 -0.000384852
    outer loop
      vertex 3.59784 -6.48005 3.80487
      vertex 3.28435 -6.35407 9.68512
      vertex 3.19966 -6.31693 3.80487
    endloop
  endfacet
  facet normal -0.423397 -0.905944 0.000375955
    outer loop
      vertex 3.28435 -6.35407 9.68512
      vertex 2.90038 -6.17462 9.68512
      vertex 3.19966 -6.31693 3.80487
    endloop
  endfacet
  facet normal -0.435883 -0.900003 -0.000403343
    outer loop
      vertex 3.19966 -6.31693 3.80487
      vertex 2.90038 -6.17462 9.68512
      vertex 2.81239 -6.12937 3.80487
    endloop
  endfacet
  facet normal -0.478077 -0.878318 0.000394893
    outer loop
      vertex 2.90038 -6.17462 9.68512
      vertex 2.52811 -5.97199 9.68512
      vertex 2.81239 -6.12937 3.80487
    endloop
  endfacet
  facet normal -0.490997 -0.871161 -0.000421288
    outer loop
      vertex 2.81239 -6.12937 3.80487
      vertex 2.52811 -5.97199 9.68512
      vertex 2.43754 -5.9181 3.80487
    endloop
  endfacet
  facet normal -0.530957 -0.847399 0.000411969
    outer loop
      vertex 2.52811 -5.97199 9.68512
      vertex 2.16895 -5.74695 9.68512
      vertex 2.43754 -5.9181 3.80487
    endloop
  endfacet
  facet normal -0.544204 -0.838953 -0.000438915
    outer loop
      vertex 2.43754 -5.9181 3.80487
      vertex 2.16895 -5.74695 9.68512
      vertex 2.07654 -5.68393 3.80487
    endloop
  endfacet
  facet normal -0.581872 -0.81328 0.000428186
    outer loop
      vertex 2.16895 -5.74695 9.68512
      vertex 1.82425 -5.50033 9.68512
      vertex 2.07654 -5.68393 3.80487
    endloop
  endfacet
  facet normal -0.595297 -0.803506 -0.000453014
    outer loop
      vertex 2.07654 -5.68393 3.80487
      vertex 1.82425 -5.50033 9.68512
      vertex 1.7308 -5.42778 3.80487
    endloop
  endfacet
  facet normal -0.630576 -0.776128 0.00044543
    outer loop
      vertex 1.82425 -5.50033 9.68512
      vertex 1.4953 -5.23307 9.68512
      vertex 1.7308 -5.42778 3.80487
    endloop
  endfacet
  facet normal -0.644121 -0.764923 -0.000468074
    outer loop
      vertex 1.7308 -5.42778 3.80487
      vertex 1.4953 -5.23307 9.68512
      vertex 1.40166 -5.15062 3.80487
    endloop
  endfacet
  facet normal -0.676901 -0.736074 0.000458437
    outer loop
      vertex 1.4953 -5.23307 9.68512
      vertex 1.18332 -4.94617 9.68512
      vertex 1.40166 -5.15062 3.80487
    endloop
  endfacet
  facet normal -0.690414 -0.723415 -0.000483455
    outer loop
      vertex 1.40166 -5.15062 3.80487
      vertex 1.18332 -4.94617 9.68512
      vertex 1.09038 -4.85354 3.80487
    endloop
  endfacet
  facet normal -0.720728 -0.693218 0.000471365
    outer loop
      vertex 1.18332 -4.94617 9.68512
      vertex 0.88951 -4.6407 9.68512
      vertex 1.09038 -4.85354 3.80487
    endloop
  endfacet
  facet normal -0.734067 -0.679077 -0.000496094
    outer loop
      vertex 1.09038 -4.85354 3.80487
      vertex 0.88951 -4.6407 9.68512
      vertex 0.798172 -4.53767 3.80487
    endloop
  endfacet
  facet normal -0.761821 -0.647787 0.000483258
    outer loop
      vertex 0.88951 -4.6407 9.68512
      vertex 0.614952 -4.31781 9.68512
      vertex 0.798172 -4.53767 3.80487
    endloop
  endfacet
  facet normal -0.774851 -0.632144 -0.000507611
    outer loop
      vertex 0.798172 -4.53767 3.80487
      vertex 0.614952 -4.31781 9.68512
      vertex 0.526167 -4.20426 3.80487
    endloop
  endfacet
  facet normal -0.800063 -0.599915 0.000495427
    outer loop
      vertex 0.614952 -4.31781 9.68512
      vertex 0.360683 -3.97871 9.68512
      vertex 0.526167 -4.20426 3.80487
    endloop
  endfacet
  facet normal -0.812656 -0.582743 -0.000517654
    outer loop
      vertex 0.526167 -4.20426 3.80487
      vertex 0.360683 -3.97871 9.68512
      vertex 0.275417 -3.85458 3.80487
    endloop
  endfacet
  facet normal -0.835296 -0.5498 0.000506046
    outer loop
      vertex 0.360683 -3.97871 9.68512
      vertex 0.127657 -3.62468 9.68512
      vertex 0.275417 -3.85458 3.80487
    endloop
  endfacet
  facet normal -0.847318 -0.531085 -0.000527743
    outer loop
      vertex 0.275417 -3.85458 3.80487
      vertex 0.127657 -3.62468 9.68512
      vertex 0.0468917 -3.48998 3.80487
    endloop
  endfacet
  facet normal -0.867399 -0.497612 0.000514843
    outer loop
      vertex 0.127657 -3.62468 9.68512
      vertex -0.0832518 -3.25704 9.68512
      vertex 0.0468917 -3.48998 3.80487
    endloop
  endfacet
  facet normal -0.87869 -0.477393 -0.000536
    outer loop
      vertex 0.0468917 -3.48998 3.80487
      vertex -0.0832518 -3.25704 9.68512
      vertex -0.158525 -3.11189 3.80487
    endloop
  endfacet
  facet normal -0.896242 -0.443565 0.000523698
    outer loop
      vertex -0.0832518 -3.25704 9.68512
      vertex -0.271251 -2.87718 9.68512
      vertex -0.158525 -3.11189 3.80487
    endloop
  endfacet
  facet normal -0.906674 -0.421831 -0.00054382
    outer loop
      vertex -0.158525 -3.11189 3.80487
      vertex -0.271251 -2.87718 9.68512
      vertex -0.340038 -2.72175 3.80487
    endloop
  endfacet
  facet normal -0.921722 -0.38785 0.000530428
    outer loop
      vertex -0.271251 -2.87718 9.68512
      vertex -0.435636 -2.48652 9.68512
      vertex -0.340038 -2.72175 3.80487
    endloop
  endfacet
  facet normal -0.931146 -0.364647 -0.000550938
    outer loop
      vertex -0.340038 -2.72175 3.80487
      vertex -0.435636 -2.48652 9.68512
      vertex -0.496945 -2.32108 3.80487
    endloop
  endfacet
  facet normal -0.943746 -0.330672 0.000536326
    outer loop
      vertex -0.435636 -2.48652 9.68512
      vertex -0.575789 -2.08652 9.68512
      vertex -0.496945 -2.32108 3.80487
    endloop
  endfacet
  facet normal -0.952011 -0.306062 -0.000556191
    outer loop
      vertex -0.496945 -2.32108 3.80487
      vertex -0.575789 -2.08652 9.68512
      vertex -0.62864 -1.91144 3.80487
    endloop
  endfacet
  facet normal -0.962223 -0.272262 0.000541947
    outer loop
      vertex -0.575789 -2.08652 9.68512
      vertex -0.691185 -1.67869 9.68512
      vertex -0.62864 -1.91144 3.80487
    endloop
  endfacet
  facet normal -0.969199 -0.246278 -0.000560732
    outer loop
      vertex -0.62864 -1.91144 3.80487
      vertex -0.691185 -1.67869 9.68512
      vertex -0.734612 -1.4944 3.80487
    endloop
  endfacet
  facet normal -0.97709 -0.212826 0.000545976
    outer loop
      vertex -0.691185 -1.67869 9.68512
      vertex -0.781389 -1.26456 9.68512
      vertex -0.734612 -1.4944 3.80487
    endloop
  endfacet
  facet normal -0.982635 -0.185548 -0.000564308
    outer loop
      vertex -0.734612 -1.4944 3.80487
      vertex -0.781389 -1.26456 9.68512
      vertex -0.814452 -1.07158 3.80487
    endloop
  endfacet
  facet normal -0.988289 -0.152593 0.000549027
    outer loop
      vertex -0.781389 -1.26456 9.68512
      vertex -0.846063 -0.84569 9.68512
      vertex -0.814452 -1.07158 3.80487
    endloop
  endfacet
  facet normal -0.99227 -0.124098 -0.00056701
    outer loop
      vertex -0.814452 -1.07158 3.80487
      vertex -0.846063 -0.84569 9.68512
      vertex -0.867851 -0.644609 3.80487
    endloop
  endfacet
  facet normal -0.995779 -0.0917848 0.00055097
    outer loop
      vertex -0.846063 -0.84569 9.68512
      vertex -0.884965 -0.42364 9.68512
      vertex -0.867851 -0.644609 3.80487
    endloop
  endfacet
  facet normal -0.998065 -0.0621691 -0.000568591
    outer loop
      vertex -0.867851 -0.644609 3.80487
      vertex -0.884965 -0.42364 9.68512
      vertex -0.894602 -0.215147 3.80487
    endloop
  endfacet
  facet normal -0.999531 -0.0306343 0.000551923
    outer loop
      vertex -0.884965 -0.42364 9.68512
      vertex -0.897949 8.47203e-16 9.68512
      vertex -0.894602 -0.215147 3.80487
    endloop
  endfacet
  facet normal -1 0 -0.000569193
    outer loop
      vertex -0.894602 -0.215147 3.80487
      vertex -0.897949 8.47203e-16 9.68512
      vertex -0.894602 0.215147 3.80487
    endloop
  endfacet
  facet normal -0.999531 0.0306343 0.000551923
    outer loop
      vertex -0.897949 8.47203e-16 9.68512
      vertex -0.884965 0.42364 9.68512
      vertex -0.894602 0.215147 3.80487
    endloop
  endfacet
  facet normal -0.998065 0.0621691 -0.000568591
    outer loop
      vertex -0.894602 0.215147 3.80487
      vertex -0.884965 0.42364 9.68512
      vertex -0.867851 0.644609 3.80487
    endloop
  endfacet
  facet normal -0.995779 0.0917848 0.00055097
    outer loop
      vertex -0.884965 0.42364 9.68512
      vertex -0.846063 0.84569 9.68512
      vertex -0.867851 0.644609 3.80487
    endloop
  endfacet
  facet normal -0.99227 0.124098 -0.00056701
    outer loop
      vertex -0.867851 0.644609 3.80487
      vertex -0.846063 0.84569 9.68512
      vertex -0.814452 1.07158 3.80487
    endloop
  endfacet
  facet normal -0.988289 0.152593 0.000549027
    outer loop
      vertex -0.846063 0.84569 9.68512
      vertex -0.781389 1.26456 9.68512
      vertex -0.814452 1.07158 3.80487
    endloop
  endfacet
  facet normal -0.982635 0.185548 -0.000564308
    outer loop
      vertex -0.814452 1.07158 3.80487
      vertex -0.781389 1.26456 9.68512
      vertex -0.734612 1.4944 3.80487
    endloop
  endfacet
  facet normal -0.97709 0.212826 0.000545976
    outer loop
      vertex -0.781389 1.26456 9.68512
      vertex -0.691185 1.67869 9.68512
      vertex -0.734612 1.4944 3.80487
    endloop
  endfacet
  facet normal -0.969199 0.246278 -0.000560732
    outer loop
      vertex -0.734612 1.4944 3.80487
      vertex -0.691185 1.67869 9.68512
      vertex -0.62864 1.91144 3.80487
    endloop
  endfacet
  facet normal -0.962223 0.272262 0.000541947
    outer loop
      vertex -0.691185 1.67869 9.68512
      vertex -0.575789 2.08652 9.68512
      vertex -0.62864 1.91144 3.80487
    endloop
  endfacet
  facet normal -0.952011 0.306062 -0.000556191
    outer loop
      vertex -0.62864 1.91144 3.80487
      vertex -0.575789 2.08652 9.68512
      vertex -0.496945 2.32108 3.80487
    endloop
  endfacet
  facet normal -0.943746 0.330672 0.000536326
    outer loop
      vertex -0.575789 2.08652 9.68512
      vertex -0.435636 2.48652 9.68512
      vertex -0.496945 2.32108 3.80487
    endloop
  endfacet
  facet normal -0.931146 0.364647 -0.000550938
    outer loop
      vertex -0.496945 2.32108 3.80487
      vertex -0.435636 2.48652 9.68512
      vertex -0.340038 2.72175 3.80487
    endloop
  endfacet
  facet normal -0.921722 0.38785 0.000530428
    outer loop
      vertex -0.435636 2.48652 9.68512
      vertex -0.271251 2.87718 9.68512
      vertex -0.340038 2.72175 3.80487
    endloop
  endfacet
  facet normal -0.906674 0.421831 -0.00054382
    outer loop
      vertex -0.340038 2.72175 3.80487
      vertex -0.271251 2.87718 9.68512
      vertex -0.158525 3.11189 3.80487
    endloop
  endfacet
  facet normal -0.896242 0.443565 0.000523698
    outer loop
      vertex -0.271251 2.87718 9.68512
      vertex -0.0832518 3.25704 9.68512
      vertex -0.158525 3.11189 3.80487
    endloop
  endfacet
  facet normal -0.87869 0.477393 -0.000536
    outer loop
      vertex -0.158525 3.11189 3.80487
      vertex -0.0832518 3.25704 9.68512
      vertex 0.0468917 3.48998 3.80487
    endloop
  endfacet
  facet normal -0.867399 0.497612 0.000514843
    outer loop
      vertex -0.0832518 3.25704 9.68512
      vertex 0.127657 3.62468 9.68512
      vertex 0.0468917 3.48998 3.80487
    endloop
  endfacet
  facet normal -0.847318 0.531085 -0.000527743
    outer loop
      vertex 0.0468917 3.48998 3.80487
      vertex 0.127657 3.62468 9.68512
      vertex 0.275417 3.85458 3.80487
    endloop
  endfacet
  facet normal -0.835296 0.5498 0.000506046
    outer loop
      vertex 0.127657 3.62468 9.68512
      vertex 0.360683 3.97871 9.68512
      vertex 0.275417 3.85458 3.80487
    endloop
  endfacet
  facet normal -0.812656 0.582743 -0.000517654
    outer loop
      vertex 0.275417 3.85458 3.80487
      vertex 0.360683 3.97871 9.68512
      vertex 0.526167 4.20426 3.80487
    endloop
  endfacet
  facet normal -0.800063 0.599915 0.000495427
    outer loop
      vertex 0.360683 3.97871 9.68512
      vertex 0.614952 4.31781 9.68512
      vertex 0.526167 4.20426 3.80487
    endloop
  endfacet
  facet normal -0.774851 0.632144 -0.000507611
    outer loop
      vertex 0.526167 4.20426 3.80487
      vertex 0.614952 4.31781 9.68512
      vertex 0.798172 4.53767 3.80487
    endloop
  endfacet
  facet normal -0.761821 0.647787 0.000483258
    outer loop
      vertex 0.614952 4.31781 9.68512
      vertex 0.88951 4.6407 9.68512
      vertex 0.798172 4.53767 3.80487
    endloop
  endfacet
  facet normal -0.734067 0.679077 -0.000496094
    outer loop
      vertex 0.798172 4.53767 3.80487
      vertex 0.88951 4.6407 9.68512
      vertex 1.09038 4.85354 3.80487
    endloop
  endfacet
  facet normal -0.720728 0.693218 0.000471365
    outer loop
      vertex 0.88951 4.6407 9.68512
      vertex 1.18332 4.94617 9.68512
      vertex 1.09038 4.85354 3.80487
    endloop
  endfacet
  facet normal -0.690414 0.723415 -0.000483455
    outer loop
      vertex 1.09038 4.85354 3.80487
      vertex 1.18332 4.94617 9.68512
      vertex 1.40166 5.15062 3.80487
    endloop
  endfacet
  facet normal -0.676901 0.736074 0.000458437
    outer loop
      vertex 1.18332 4.94617 9.68512
      vertex 1.4953 5.23307 9.68512
      vertex 1.40166 5.15062 3.80487
    endloop
  endfacet
  facet normal -0.644121 0.764923 -0.000468074
    outer loop
      vertex 1.40166 5.15062 3.80487
      vertex 1.4953 5.23307 9.68512
      vertex 1.7308 5.42778 3.80487
    endloop
  endfacet
  facet normal -0.630576 0.776128 0.00044543
    outer loop
      vertex 1.4953 5.23307 9.68512
      vertex 1.82425 5.50033 9.68512
      vertex 1.7308 5.42778 3.80487
    endloop
  endfacet
  facet normal -0.595297 0.803506 -0.000453014
    outer loop
      vertex 1.7308 5.42778 3.80487
      vertex 1.82425 5.50033 9.68512
      vertex 2.07654 5.68393 3.80487
    endloop
  endfacet
  facet normal -0.581872 0.81328 0.000428186
    outer loop
      vertex 1.82425 5.50033 9.68512
      vertex 2.16895 5.74695 9.68512
      vertex 2.07654 5.68393 3.80487
    endloop
  endfacet
  facet normal -0.544204 0.838953 -0.000438915
    outer loop
      vertex 2.07654 5.68393 3.80487
      vertex 2.16895 5.74695 9.68512
      vertex 2.43754 5.9181 3.80487
    endloop
  endfacet
  facet normal -0.530957 0.847399 0.000411969
    outer loop
      vertex 2.16895 5.74695 9.68512
      vertex 2.52811 5.97199 9.68512
      vertex 2.43754 5.9181 3.80487
    endloop
  endfacet
  facet normal -0.490997 0.871161 -0.000421288
    outer loop
      vertex 2.43754 5.9181 3.80487
      vertex 2.52811 5.97199 9.68512
      vertex 2.81239 6.12937 3.80487
    endloop
  endfacet
  facet normal -0.478077 0.878318 0.000394893
    outer loop
      vertex 2.52811 5.97199 9.68512
      vertex 2.90038 6.17462 9.68512
      vertex 2.81239 6.12937 3.80487
    endloop
  endfacet
  facet normal -0.435883 0.900003 -0.000403343
    outer loop
      vertex 2.81239 6.12937 3.80487
      vertex 2.90038 6.17462 9.68512
      vertex 3.19966 6.31693 3.80487
    endloop
  endfacet
  facet normal -0.423397 0.905944 0.000375955
    outer loop
      vertex 2.90038 6.17462 9.68512
      vertex 3.28435 6.35407 9.68512
      vertex 3.19966 6.31693 3.80487
    endloop
  endfacet
  facet normal -0.379087 0.925361 -0.000384852
    outer loop
      vertex 3.19966 6.31693 3.80487
      vertex 3.28435 6.35407 9.68512
      vertex 3.59784 6.48005 3.80487
    endloop
  endfacet
  facet normal -0.367124 0.930172 0.000356027
    outer loop
      vertex 3.28435 6.35407 9.68512
      vertex 3.67859 6.50967 9.68512
      vertex 3.59784 6.48005 3.80487
    endloop
  endfacet
  facet normal -0.320826 0.947138 -0.000365218
    outer loop
      vertex 3.59784 6.48005 3.80487
      vertex 3.67859 6.50967 9.68512
      vertex 4.00539 6.6181 3.80487
    endloop
  endfacet
  facet normal -0.309453 0.950915 0.00033645
    outer loop
      vertex 3.67859 6.50967 9.68512
      vertex 4.08163 6.64083 9.68512
      vertex 4.00539 6.6181 3.80487
    endloop
  endfacet
  facet normal -0.261333 0.965249 -0.00034285
    outer loop
      vertex 4.00539 6.6181 3.80487
      vertex 4.08163 6.64083 9.68512
      vertex 4.42073 6.73055 3.80487
    endloop
  endfacet
  facet normal -0.25066 0.968075 0.000315785
    outer loop
      vertex 4.08163 6.64083 9.68512
      vertex 4.49194 6.74707 9.68512
      vertex 4.42073 6.73055 3.80487
    endloop
  endfacet
  facet normal -0.200793 0.979634 -0.000320576
    outer loop
      vertex 4.42073 6.73055 3.80487
      vertex 4.49194 6.74707 9.68512
      vertex 4.84226 6.81695 3.80487
    endloop
  endfacet
  facet normal -0.1909 0.981609 0.000292299
    outer loop
      vertex 4.49194 6.74707 9.68512
      vertex 4.90798 6.82798 9.68512
      vertex 4.84226 6.81695 3.80487
    endloop
  endfacet
  facet normal -0.139534 0.990217 -0.000297933
    outer loop
      vertex 4.84226 6.81695 3.80487
      vertex 4.90798 6.82798 9.68512
      vertex 5.26834 6.87699 3.80487
    endloop
  endfacet
  facet normal -0.130426 0.991458 0.000270547
    outer loop
      vertex 4.90798 6.82798 9.68512
      vertex 5.3282 6.88326 9.68512
      vertex 5.26834 6.87699 3.80487
    endloop
  endfacet
  facet normal -0 0 1
    outer loop
      vertex 6.71179 -4.03236 9.68512
      vertex 6.71179 -6.88326 9.68512
      vertex 7.03202 -3.96413 9.68512
    endloop
  endfacet
  facet normal -0 0 1
    outer loop
      vertex 7.03202 -3.96413 9.68512
      vertex 6.71179 -6.88326 9.68512
      vertex 7.34577 -3.8705 9.68512
    endloop
  endfacet
  facet normal -0 0 1
    outer loop
      vertex 7.34577 -3.8705 9.68512
      vertex 6.71179 -6.88326 9.68512
      vertex 7.65103 -3.75209 9.68512
    endloop
  endfacet
  facet normal -0 0 1
    outer loop
      vertex 7.65103 -3.75209 9.68512
      vertex 6.71179 -6.88326 9.68512
      vertex 7.94585 -3.60965 9.68512
    endloop
  endfacet
  facet normal -0 0 1
    outer loop
      vertex 7.94585 -3.60965 9.68512
      vertex 6.71179 -6.88326 9.68512
      vertex 8.22833 -3.44409 9.68512
    endloop
  endfacet
  facet normal 0 0 1
    outer loop
      vertex 8.22833 -3.44409 9.68512
      vertex 6.71179 -6.88326 9.68512
      vertex 10.2157 -5.50033 9.68512
    endloop
  endfacet
  facet normal -0 0 1
    outer loop
      vertex 8.22833 -3.44409 9.68512
      vertex 10.2157 -5.50033 9.68512
      vertex 8.49666 -3.25647 9.68512
    endloop
  endfacet
  facet normal -0 0 1
    outer loop
      vertex 8.49666 -3.25647 9.68512
      vertex 10.2157 -5.50033 9.68512
      vertex 8.74914 -3.04799 9.68512
    endloop
  endfacet
  facet normal -0 0 1
    outer loop
      vertex 8.74914 -3.04799 9.68512
      vertex 10.2157 -5.50033 9.68512
      vertex 8.98413 -2.82 9.68512
    endloop
  endfacet
  facet normal -0 0 1
    outer loop
      vertex 8.98413 -2.82 9.68512
      vertex 10.2157 -5.50033 9.68512
      vertex 9.20014 -2.57394 9.68512
    endloop
  endfacet
  facet normal -0 0 1
    outer loop
      vertex 9.20014 -2.57394 9.68512
      vertex 10.2157 -5.50033 9.68512
      vertex 9.39578 -2.31139 9.68512
    endloop
  endfacet
  facet normal -0 0 1
    outer loop
      vertex 9.39578 -2.31139 9.68512
      vertex 10.2157 -5.50033 9.68512
      vertex 9.5698 -2.03404 9.68512
    endloop
  endfacet
  facet normal 0 0 1
    outer loop
      vertex 9.5698 -2.03404 9.68512
      vertex 10.2157 -5.50033 9.68512
      vertex 10.5447 -5.23307 9.68512
    endloop
  endfacet
  facet normal -0 0 1
    outer loop
      vertex 9.5698 -2.03404 9.68512
      vertex 10.5447 -5.23307 9.68512
      vertex 9.72109 -1.74367 9.68512
    endloop
  endfacet
  facet normal 0 0 1
    outer loop
      vertex 9.72109 -1.74367 9.68512
      vertex 10.5447 -5.23307 9.68512
      vertex 10.8567 -4.94617 9.68512
    endloop
  endfacet
  facet normal -0 0 1
    outer loop
      vertex 9.72109 -1.74367 9.68512
      vertex 10.8567 -4.94617 9.68512
      vertex 9.84867 -1.44212 9.68512
    endloop
  endfacet
  facet normal 0 0 1
    outer loop
      vertex 9.84867 -1.44212 9.68512
      vertex 10.8567 -4.94617 9.68512
      vertex 11.1505 -4.6407 9.68512
    endloop
  endfacet
  facet normal -0 0 1
    outer loop
      vertex 9.84867 -1.44212 9.68512
      vertex 11.1505 -4.6407 9.68512
      vertex 9.95173 -1.13135 9.68512
    endloop
  endfacet
  facet normal 0 0 1
    outer loop
      vertex 9.95173 -1.13135 9.68512
      vertex 11.1505 -4.6407 9.68512
      vertex 11.425 -4.31781 9.68512
    endloop
  endfacet
  facet normal -0 0 1
    outer loop
      vertex 9.95173 -1.13135 9.68512
      vertex 11.425 -4.31781 9.68512
      vertex 10.0296 -0.81332 9.68512
    endloop
  endfacet
  facet normal 0 0 1
    outer loop
      vertex 10.0296 -0.81332 9.68512
      vertex 11.425 -4.31781 9.68512
      vertex 11.6793 -3.97871 9.68512
    endloop
  endfacet
  facet normal 0 0 1
    outer loop
      vertex 10.0296 -0.81332 9.68512
      vertex 11.6793 -3.97871 9.68512
      vertex 11.9123 -3.62468 9.68512
    endloop
  endfacet
  facet normal 0 -0 1
    outer loop
      vertex 7.132 -6.82798 9.68512
      vertex 7.54805 -6.74707 9.68512
      vertex 6.71179 -6.88326 9.68512
    endloop
  endfacet
  facet normal 0 0 1
    outer loop
      vertex 6.71179 -6.88326 9.68512
      vertex 7.54805 -6.74707 9.68512
      vertex 7.95836 -6.64083 9.68512
    endloop
  endfacet
  facet normal 0 0 1
    outer loop
      vertex 6.71179 -6.88326 9.68512
      vertex 7.95836 -6.64083 9.68512
      vertex 8.36139 -6.50967 9.68512
    endloop
  endfacet
  facet normal 0 -0 1
    outer loop
      vertex 8.36139 -6.50967 9.68512
      vertex 8.75563 -6.35407 9.68512
      vertex 6.71179 -6.88326 9.68512
    endloop
  endfacet
  facet normal 0 0 1
    outer loop
      vertex 6.71179 -6.88326 9.68512
      vertex 8.75563 -6.35407 9.68512
      vertex 9.13961 -6.17462 9.68512
    endloop
  endfacet
  facet normal 0 0 1
    outer loop
      vertex 6.71179 -6.88326 9.68512
      vertex 9.13961 -6.17462 9.68512
      vertex 9.51187 -5.97199 9.68512
    endloop
  endfacet
  facet normal 0 -0 1
    outer loop
      vertex 9.51187 -5.97199 9.68512
      vertex 9.87103 -5.74695 9.68512
      vertex 6.71179 -6.88326 9.68512
    endloop
  endfacet
  facet normal 0 0 1
    outer loop
      vertex 6.71179 -6.88326 9.68512
      vertex 9.87103 -5.74695 9.68512
      vertex 10.2157 -5.50033 9.68512
    endloop
  endfacet
  facet normal -0 0 1
    outer loop
      vertex 10.0296 -0.81332 9.68512
      vertex 11.9123 -3.62468 9.68512
      vertex 10.0818 -0.490085 9.68512
    endloop
  endfacet
  facet normal 0 0 1
    outer loop
      vertex 10.0818 -0.490085 9.68512
      vertex 11.9123 -3.62468 9.68512
      vertex 12.1232 -3.25704 9.68512
    endloop
  endfacet
  facet normal 0 0 1
    outer loop
      vertex 10.0818 -0.490085 9.68512
      vertex 12.1232 -3.25704 9.68512
      vertex 12.3112 -2.87718 9.68512
    endloop
  endfacet
  facet normal -0 0 1
    outer loop
      vertex 10.0818 -0.490085 9.68512
      vertex 12.3112 -2.87718 9.68512
      vertex 10.108 -0.163711 9.68512
    endloop
  endfacet
  facet normal 0 0 1
    outer loop
      vertex 10.108 -0.163711 9.68512
      vertex 12.3112 -2.87718 9.68512
      vertex 12.4756 -2.48652 9.68512
    endloop
  endfacet
  facet normal 0 0 1
    outer loop
      vertex 10.108 -0.163711 9.68512
      vertex 12.4756 -2.48652 9.68512
      vertex 12.6158 -2.08652 9.68512
    endloop
  endfacet
  facet normal 0 -0 1
    outer loop
      vertex 12.6158 -2.08652 9.68512
      vertex 12.7312 -1.67869 9.68512
      vertex 10.108 -0.163711 9.68512
    endloop
  endfacet
  facet normal 0 0 1
    outer loop
      vertex 10.108 -0.163711 9.68512
      vertex 12.7312 -1.67869 9.68512
      vertex 12.8214 -1.26456 9.68512
    endloop
  endfacet
  facet normal 0 0 1
    outer loop
      vertex 10.108 -0.163711 9.68512
      vertex 12.8214 -1.26456 9.68512
      vertex 12.886 -0.84569 9.68512
    endloop
  endfacet
  facet normal 0 -0 1
    outer loop
      vertex 12.886 -0.84569 9.68512
      vertex 12.9249 -0.42364 9.68512
      vertex 10.108 -0.163711 9.68512
    endloop
  endfacet
  facet normal -0 0 1
    outer loop
      vertex 10.108 -0.163711 9.68512
      vertex 12.9249 -0.42364 9.68512
      vertex 12.9379 0 9.68512
    endloop
  endfacet
  facet normal 0 0 1
    outer loop
      vertex 10.108 -0.163711 9.68512
      vertex 12.9379 0 9.68512
      vertex 10.108 0.163711 9.68512
    endloop
  endfacet
  facet normal -0 0 1
    outer loop
      vertex 10.108 0.163711 9.68512
      vertex 12.9379 0 9.68512
      vertex 12.9249 0.42364 9.68512
    endloop
  endfacet
  facet normal 0 0 1
    outer loop
      vertex 10.108 0.163711 9.68512
      vertex 12.9249 0.42364 9.68512
      vertex 12.886 0.84569 9.68512
    endloop
  endfacet
  facet normal 0 0 1
    outer loop
      vertex 12.886 0.84569 9.68512
      vertex 12.8214 1.26456 9.68512
      vertex 10.108 0.163711 9.68512
    endloop
  endfacet
  facet normal 0 0 1
    outer loop
      vertex 10.108 0.163711 9.68512
      vertex 12.8214 1.26456 9.68512
      vertex 12.7312 1.67869 9.68512
    endloop
  endfacet
  facet normal 0 0 1
    outer loop
      vertex 10.108 0.163711 9.68512
      vertex 12.7312 1.67869 9.68512
      vertex 12.6158 2.08652 9.68512
    endloop
  endfacet
  facet normal 0 0 1
    outer loop
      vertex 12.6158 2.08652 9.68512
      vertex 12.4756 2.48652 9.68512
      vertex 10.108 0.163711 9.68512
    endloop
  endfacet
  facet normal 0 0 1
    outer loop
      vertex 10.108 0.163711 9.68512
      vertex 12.4756 2.48652 9.68512
      vertex 12.3112 2.87718 9.68512
    endloop
  endfacet
  facet normal 0 -0 1
    outer loop
      vertex 10.108 0.163711 9.68512
      vertex 12.3112 2.87718 9.68512
      vertex 10.0818 0.490085 9.68512
    endloop
  endfacet
  facet normal 0 0 1
    outer loop
      vertex 10.0818 0.490085 9.68512
      vertex 12.3112 2.87718 9.68512
      vertex 12.1232 3.25704 9.68512
    endloop
  endfacet
  facet normal 0 0 1
    outer loop
      vertex 10.0818 0.490085 9.68512
      vertex 12.1232 3.25704 9.68512
      vertex 11.9123 3.62468 9.68512
    endloop
  endfacet
  facet normal 0 -0 1
    outer loop
      vertex 10.0818 0.490085 9.68512
      vertex 11.9123 3.62468 9.68512
      vertex 10.0296 0.81332 9.68512
    endloop
  endfacet
  facet normal 0 0 1
    outer loop
      vertex 10.0296 0.81332 9.68512
      vertex 11.9123 3.62468 9.68512
      vertex 11.6793 3.97871 9.68512
    endloop
  endfacet
  facet normal 0 0 1
    outer loop
      vertex 10.0296 0.81332 9.68512
      vertex 11.6793 3.97871 9.68512
      vertex 11.425 4.31781 9.68512
    endloop
  endfacet
  facet normal 0 -0 1
    outer loop
      vertex 10.0296 0.81332 9.68512
      vertex 11.425 4.31781 9.68512
      vertex 9.95173 1.13135 9.68512
    endloop
  endfacet
  facet normal 0 0 1
    outer loop
      vertex 9.95173 1.13135 9.68512
      vertex 11.425 4.31781 9.68512
      vertex 11.1505 4.6407 9.68512
    endloop
  endfacet
  facet normal 0 -0 1
    outer loop
      vertex 9.95173 1.13135 9.68512
      vertex 11.1505 4.6407 9.68512
      vertex 9.84867 1.44212 9.68512
    endloop
  endfacet
  facet normal 0 0 1
    outer loop
      vertex 9.84867 1.44212 9.68512
      vertex 11.1505 4.6407 9.68512
      vertex 10.8567 4.94617 9.68512
    endloop
  endfacet
  facet normal 0 -0 1
    outer loop
      vertex 9.84867 1.44212 9.68512
      vertex 10.8567 4.94617 9.68512
      vertex 9.72109 1.74367 9.68512
    endloop
  endfacet
  facet normal 0 0 1
    outer loop
      vertex 9.72109 1.74367 9.68512
      vertex 10.8567 4.94617 9.68512
      vertex 10.5447 5.23307 9.68512
    endloop
  endfacet
  facet normal 0 -0 1
    outer loop
      vertex 9.72109 1.74367 9.68512
      vertex 10.5447 5.23307 9.68512
      vertex 9.5698 2.03404 9.68512
    endloop
  endfacet
  facet normal 0 0 1
    outer loop
      vertex 9.5698 2.03404 9.68512
      vertex 10.5447 5.23307 9.68512
      vertex 10.2157 5.50033 9.68512
    endloop
  endfacet
  facet normal 0 -0 1
    outer loop
      vertex 9.5698 2.03404 9.68512
      vertex 10.2157 5.50033 9.68512
      vertex 9.39578 2.31139 9.68512
    endloop
  endfacet
  facet normal 0 0 1
    outer loop
      vertex 9.39578 2.31139 9.68512
      vertex 10.2157 5.50033 9.68512
      vertex 9.87103 5.74695 9.68512
    endloop
  endfacet
  facet normal 0 -0 1
    outer loop
      vertex 9.39578 2.31139 9.68512
      vertex 9.87103 5.74695 9.68512
      vertex 9.20014 2.57394 9.68512
    endloop
  endfacet
  facet normal 0 0 1
    outer loop
      vertex 9.20014 2.57394 9.68512
      vertex 9.87103 5.74695 9.68512
      vertex 9.51187 5.97199 9.68512
    endloop
  endfacet
  facet normal 0 -0 1
    outer loop
      vertex 9.20014 2.57394 9.68512
      vertex 9.51187 5.97199 9.68512
      vertex 8.98413 2.82 9.68512
    endloop
  endfacet
  facet normal 0 -0 1
    outer loop
      vertex 8.98413 2.82 9.68512
      vertex 9.51187 5.97199 9.68512
      vertex 8.74914 3.04799 9.68512
    endloop
  endfacet
  facet normal 0 0 1
    outer loop
      vertex 8.74914 3.04799 9.68512
      vertex 9.51187 5.97199 9.68512
      vertex 9.13961 6.17462 9.68512
    endloop
  endfacet
  facet normal 0 -0 1
    outer loop
      vertex 8.74914 3.04799 9.68512
      vertex 9.13961 6.17462 9.68512
      vertex 8.49666 3.25647 9.68512
    endloop
  endfacet
  facet normal 0 0 1
    outer loop
      vertex 8.49666 3.25647 9.68512
      vertex 9.13961 6.17462 9.68512
      vertex 8.75563 6.35407 9.68512
    endloop
  endfacet
  facet normal 0 -0 1
    outer loop
      vertex 8.49666 3.25647 9.68512
      vertex 8.75563 6.35407 9.68512
      vertex 8.22833 3.44409 9.68512
    endloop
  endfacet
  facet normal 0 0 1
    outer loop
      vertex 8.22833 3.44409 9.68512
      vertex 8.75563 6.35407 9.68512
      vertex 8.36139 6.50967 9.68512
    endloop
  endfacet
  facet normal 0 -0 1
    outer loop
      vertex 8.22833 3.44409 9.68512
      vertex 8.36139 6.50967 9.68512
      vertex 7.94585 3.60965 9.68512
    endloop
  endfacet
  facet normal 0 0 1
    outer loop
      vertex 7.94585 3.60965 9.68512
      vertex 8.36139 6.50967 9.68512
      vertex 7.95836 6.64083 9.68512
    endloop
  endfacet
  facet normal 0 -0 1
    outer loop
      vertex 7.94585 3.60965 9.68512
      vertex 7.95836 6.64083 9.68512
      vertex 7.65103 3.75209 9.68512
    endloop
  endfacet
  facet normal 0 -0 1
    outer loop
      vertex 7.65103 3.75209 9.68512
      vertex 7.95836 6.64083 9.68512
      vertex 7.54805 6.74707 9.68512
    endloop
  endfacet
  facet normal 0 0 1
    outer loop
      vertex 7.65103 3.75209 9.68512
      vertex 7.54805 6.74707 9.68512
      vertex 7.34577 3.8705 9.68512
    endloop
  endfacet
  facet normal 0 -0 1
    outer loop
      vertex 7.34577 3.8705 9.68512
      vertex 7.54805 6.74707 9.68512
      vertex 7.132 6.82798 9.68512
    endloop
  endfacet
  facet normal 0 0 1
    outer loop
      vertex 7.34577 3.8705 9.68512
      vertex 7.132 6.82798 9.68512
      vertex 7.03202 3.96413 9.68512
    endloop
  endfacet
  facet normal 0 -0 1
    outer loop
      vertex 7.03202 3.96413 9.68512
      vertex 7.132 6.82798 9.68512
      vertex 6.71179 4.03236 9.68512
    endloop
  endfacet
  facet normal 0 0 1
    outer loop
      vertex 6.71179 4.03236 9.68512
      vertex 7.132 6.82798 9.68512
      vertex 6.71179 6.88326 9.68512
    endloop
  endfacet
  facet normal 0 0 1
    outer loop
      vertex 5.3282 -4.03236 9.68512
      vertex 5.00796 -3.96413 9.68512
      vertex 5.3282 -6.88326 9.68512
    endloop
  endfacet
  facet normal 0 0 1
    outer loop
      vertex 5.3282 -6.88326 9.68512
      vertex 5.00796 -3.96413 9.68512
      vertex 4.69421 -3.8705 9.68512
    endloop
  endfacet
  facet normal 0 0 1
    outer loop
      vertex 5.3282 -6.88326 9.68512
      vertex 4.69421 -3.8705 9.68512
      vertex 4.38895 -3.75209 9.68512
    endloop
  endfacet
  facet normal 0 0 1
    outer loop
      vertex 4.38895 -3.75209 9.68512
      vertex 4.09414 -3.60965 9.68512
      vertex 5.3282 -6.88326 9.68512
    endloop
  endfacet
  facet normal 0 0 1
    outer loop
      vertex 5.3282 -6.88326 9.68512
      vertex 4.09414 -3.60965 9.68512
      vertex 3.81166 -3.44409 9.68512
    endloop
  endfacet
  facet normal 0 0 1
    outer loop
      vertex 5.3282 -6.88326 9.68512
      vertex 3.81166 -3.44409 9.68512
      vertex 1.82425 -5.50033 9.68512
    endloop
  endfacet
  facet normal 0 0 1
    outer loop
      vertex 1.82425 -5.50033 9.68512
      vertex 3.81166 -3.44409 9.68512
      vertex 3.54332 -3.25647 9.68512
    endloop
  endfacet
  facet normal 0 0 1
    outer loop
      vertex 1.82425 -5.50033 9.68512
      vertex 3.54332 -3.25647 9.68512
      vertex 3.29085 -3.04799 9.68512
    endloop
  endfacet
  facet normal 0 0 1
    outer loop
      vertex 3.29085 -3.04799 9.68512
      vertex 3.05585 -2.82 9.68512
      vertex 1.82425 -5.50033 9.68512
    endloop
  endfacet
  facet normal 0 0 1
    outer loop
      vertex 1.82425 -5.50033 9.68512
      vertex 3.05585 -2.82 9.68512
      vertex 2.83984 -2.57394 9.68512
    endloop
  endfacet
  facet normal 0 0 1
    outer loop
      vertex 1.82425 -5.50033 9.68512
      vertex 2.83984 -2.57394 9.68512
      vertex 2.6442 -2.31139 9.68512
    endloop
  endfacet
  facet normal 0 0 1
    outer loop
      vertex 2.6442 -2.31139 9.68512
      vertex 2.47018 -2.03404 9.68512
      vertex 1.82425 -5.50033 9.68512
    endloop
  endfacet
  facet normal 0 -0 1
    outer loop
      vertex 1.82425 -5.50033 9.68512
      vertex 2.47018 -2.03404 9.68512
      vertex 1.4953 -5.23307 9.68512
    endloop
  endfacet
  facet normal 0 0 1
    outer loop
      vertex 1.4953 -5.23307 9.68512
      vertex 2.47018 -2.03404 9.68512
      vertex 2.3189 -1.74367 9.68512
    endloop
  endfacet
  facet normal 0 -0 1
    outer loop
      vertex 1.4953 -5.23307 9.68512
      vertex 2.3189 -1.74367 9.68512
      vertex 1.18332 -4.94617 9.68512
    endloop
  endfacet
  facet normal 0 0 1
    outer loop
      vertex 1.18332 -4.94617 9.68512
      vertex 2.3189 -1.74367 9.68512
      vertex 2.19131 -1.44212 9.68512
    endloop
  endfacet
  facet normal 0 -0 1
    outer loop
      vertex 1.18332 -4.94617 9.68512
      vertex 2.19131 -1.44212 9.68512
      vertex 0.88951 -4.6407 9.68512
    endloop
  endfacet
  facet normal 0 0 1
    outer loop
      vertex 0.88951 -4.6407 9.68512
      vertex 2.19131 -1.44212 9.68512
      vertex 2.08826 -1.13135 9.68512
    endloop
  endfacet
  facet normal 0 -0 1
    outer loop
      vertex 0.88951 -4.6407 9.68512
      vertex 2.08826 -1.13135 9.68512
      vertex 0.614952 -4.31781 9.68512
    endloop
  endfacet
  facet normal 0 0 1
    outer loop
      vertex 0.614952 -4.31781 9.68512
      vertex 2.08826 -1.13135 9.68512
      vertex 2.01038 -0.81332 9.68512
    endloop
  endfacet
  facet normal 0 -0 1
    outer loop
      vertex 0.614952 -4.31781 9.68512
      vertex 2.01038 -0.81332 9.68512
      vertex 0.360683 -3.97871 9.68512
    endloop
  endfacet
  facet normal 0 -0 1
    outer loop
      vertex 0.360683 -3.97871 9.68512
      vertex 2.01038 -0.81332 9.68512
      vertex 0.127657 -3.62468 9.68512
    endloop
  endfacet
  facet normal 0 0 1
    outer loop
      vertex 0.127657 -3.62468 9.68512
      vertex 2.01038 -0.81332 9.68512
      vertex 1.95818 -0.490085 9.68512
    endloop
  endfacet
  facet normal 0 -0 1
    outer loop
      vertex 0.127657 -3.62468 9.68512
      vertex 1.95818 -0.490085 9.68512
      vertex -0.0832518 -3.25704 9.68512
    endloop
  endfacet
  facet normal 0 -0 1
    outer loop
      vertex -0.0832518 -3.25704 9.68512
      vertex 1.95818 -0.490085 9.68512
      vertex -0.271251 -2.87718 9.68512
    endloop
  endfacet
  facet normal 0 0 1
    outer loop
      vertex -0.271251 -2.87718 9.68512
      vertex 1.95818 -0.490085 9.68512
      vertex 1.932 -0.163711 9.68512
    endloop
  endfacet
  facet normal 0 -0 1
    outer loop
      vertex -0.271251 -2.87718 9.68512
      vertex 1.932 -0.163711 9.68512
      vertex -0.435636 -2.48652 9.68512
    endloop
  endfacet
  facet normal 0 -0 1
    outer loop
      vertex -0.435636 -2.48652 9.68512
      vertex 1.932 -0.163711 9.68512
      vertex -0.575789 -2.08652 9.68512
    endloop
  endfacet
  facet normal 0 -0 1
    outer loop
      vertex -0.575789 -2.08652 9.68512
      vertex 1.932 -0.163711 9.68512
      vertex -0.691185 -1.67869 9.68512
    endloop
  endfacet
  facet normal 0 -0 1
    outer loop
      vertex -0.691185 -1.67869 9.68512
      vertex 1.932 -0.163711 9.68512
      vertex -0.781389 -1.26456 9.68512
    endloop
  endfacet
  facet normal 0 -0 1
    outer loop
      vertex -0.781389 -1.26456 9.68512
      vertex 1.932 -0.163711 9.68512
      vertex -0.846063 -0.84569 9.68512
    endloop
  endfacet
  facet normal 0 -0 1
    outer loop
      vertex -0.846063 -0.84569 9.68512
      vertex 1.932 -0.163711 9.68512
      vertex -0.884965 -0.42364 9.68512
    endloop
  endfacet
  facet normal 0 -0 1
    outer loop
      vertex -0.884965 -0.42364 9.68512
      vertex 1.932 -0.163711 9.68512
      vertex -0.897949 8.47203e-16 9.68512
    endloop
  endfacet
  facet normal -0 0 1
    outer loop
      vertex -0.897949 8.47203e-16 9.68512
      vertex 1.932 -0.163711 9.68512
      vertex 1.932 0.163711 9.68512
    endloop
  endfacet
  facet normal 0 0 1
    outer loop
      vertex -0.897949 8.47203e-16 9.68512
      vertex 1.932 0.163711 9.68512
      vertex -0.884965 0.42364 9.68512
    endloop
  endfacet
  facet normal -0 0 1
    outer loop
      vertex -0.884965 0.42364 9.68512
      vertex 1.932 0.163711 9.68512
      vertex -0.846063 0.84569 9.68512
    endloop
  endfacet
  facet normal -0 0 1
    outer loop
      vertex -0.846063 0.84569 9.68512
      vertex 1.932 0.163711 9.68512
      vertex -0.781389 1.26456 9.68512
    endloop
  endfacet
  facet normal -0 0 1
    outer loop
      vertex -0.781389 1.26456 9.68512
      vertex 1.932 0.163711 9.68512
      vertex -0.691185 1.67869 9.68512
    endloop
  endfacet
  facet normal -0 0 1
    outer loop
      vertex -0.691185 1.67869 9.68512
      vertex 1.932 0.163711 9.68512
      vertex -0.575789 2.08652 9.68512
    endloop
  endfacet
  facet normal -0 0 1
    outer loop
      vertex -0.575789 2.08652 9.68512
      vertex 1.932 0.163711 9.68512
      vertex -0.435636 2.48652 9.68512
    endloop
  endfacet
  facet normal -0 0 1
    outer loop
      vertex -0.435636 2.48652 9.68512
      vertex 1.932 0.163711 9.68512
      vertex -0.271251 2.87718 9.68512
    endloop
  endfacet
  facet normal 0 0 1
    outer loop
      vertex -0.271251 2.87718 9.68512
      vertex 1.932 0.163711 9.68512
      vertex 1.95818 0.490085 9.68512
    endloop
  endfacet
  facet normal -0 0 1
    outer loop
      vertex -0.271251 2.87718 9.68512
      vertex 1.95818 0.490085 9.68512
      vertex -0.0832518 3.25704 9.68512
    endloop
  endfacet
  facet normal -0 0 1
    outer loop
      vertex -0.0832518 3.25704 9.68512
      vertex 1.95818 0.490085 9.68512
      vertex 0.127657 3.62468 9.68512
    endloop
  endfacet
  facet normal 0 0 1
    outer loop
      vertex 0.127657 3.62468 9.68512
      vertex 1.95818 0.490085 9.68512
      vertex 2.01038 0.81332 9.68512
    endloop
  endfacet
  facet normal -0 0 1
    outer loop
      vertex 0.127657 3.62468 9.68512
      vertex 2.01038 0.81332 9.68512
      vertex 0.360683 3.97871 9.68512
    endloop
  endfacet
  facet normal -0 0 1
    outer loop
      vertex 0.360683 3.97871 9.68512
      vertex 2.01038 0.81332 9.68512
      vertex 0.614952 4.31781 9.68512
    endloop
  endfacet
  facet normal 0 0 1
    outer loop
      vertex 0.614952 4.31781 9.68512
      vertex 2.01038 0.81332 9.68512
      vertex 2.08826 1.13135 9.68512
    endloop
  endfacet
  facet normal -0 0 1
    outer loop
      vertex 0.614952 4.31781 9.68512
      vertex 2.08826 1.13135 9.68512
      vertex 0.88951 4.6407 9.68512
    endloop
  endfacet
  facet normal 0 0 1
    outer loop
      vertex 0.88951 4.6407 9.68512
      vertex 2.08826 1.13135 9.68512
      vertex 2.19131 1.44212 9.68512
    endloop
  endfacet
  facet normal -0 0 1
    outer loop
      vertex 0.88951 4.6407 9.68512
      vertex 2.19131 1.44212 9.68512
      vertex 1.18332 4.94617 9.68512
    endloop
  endfacet
  facet normal 0 0 1
    outer loop
      vertex 1.18332 4.94617 9.68512
      vertex 2.19131 1.44212 9.68512
      vertex 2.3189 1.74367 9.68512
    endloop
  endfacet
  facet normal -0 0 1
    outer loop
      vertex 1.18332 4.94617 9.68512
      vertex 2.3189 1.74367 9.68512
      vertex 1.4953 5.23307 9.68512
    endloop
  endfacet
  facet normal 0 0 1
    outer loop
      vertex 1.4953 5.23307 9.68512
      vertex 2.3189 1.74367 9.68512
      vertex 2.47018 2.03404 9.68512
    endloop
  endfacet
  facet normal -0 0 1
    outer loop
      vertex 1.4953 5.23307 9.68512
      vertex 2.47018 2.03404 9.68512
      vertex 1.82425 5.50033 9.68512
    endloop
  endfacet
  facet normal 0 0 1
    outer loop
      vertex 1.82425 5.50033 9.68512
      vertex 2.47018 2.03404 9.68512
      vertex 2.6442 2.31139 9.68512
    endloop
  endfacet
  facet normal -0 0 1
    outer loop
      vertex 1.82425 5.50033 9.68512
      vertex 2.6442 2.31139 9.68512
      vertex 2.16895 5.74695 9.68512
    endloop
  endfacet
  facet normal 0 0 1
    outer loop
      vertex 2.16895 5.74695 9.68512
      vertex 2.6442 2.31139 9.68512
      vertex 2.83984 2.57394 9.68512
    endloop
  endfacet
  facet normal -0 0 1
    outer loop
      vertex 2.16895 5.74695 9.68512
      vertex 2.83984 2.57394 9.68512
      vertex 2.52811 5.97199 9.68512
    endloop
  endfacet
  facet normal 0 0 1
    outer loop
      vertex 2.52811 5.97199 9.68512
      vertex 2.83984 2.57394 9.68512
      vertex 3.05585 2.82 9.68512
    endloop
  endfacet
  facet normal 0 0 1
    outer loop
      vertex 2.52811 5.97199 9.68512
      vertex 3.05585 2.82 9.68512
      vertex 3.29085 3.04799 9.68512
    endloop
  endfacet
  facet normal -0 0 1
    outer loop
      vertex 2.52811 5.97199 9.68512
      vertex 3.29085 3.04799 9.68512
      vertex 2.90038 6.17462 9.68512
    endloop
  endfacet
  facet normal 0 0 1
    outer loop
      vertex 2.90038 6.17462 9.68512
      vertex 3.29085 3.04799 9.68512
      vertex 3.54332 3.25647 9.68512
    endloop
  endfacet
  facet normal -0 0 1
    outer loop
      vertex 2.90038 6.17462 9.68512
      vertex 3.54332 3.25647 9.68512
      vertex 3.28435 6.35407 9.68512
    endloop
  endfacet
  facet normal 0 0 1
    outer loop
      vertex 3.28435 6.35407 9.68512
      vertex 3.54332 3.25647 9.68512
      vertex 3.81166 3.44409 9.68512
    endloop
  endfacet
  facet normal -0 0 1
    outer loop
      vertex 3.28435 6.35407 9.68512
      vertex 3.81166 3.44409 9.68512
      vertex 3.67859 6.50967 9.68512
    endloop
  endfacet
  facet normal 0 0 1
    outer loop
      vertex 3.67859 6.50967 9.68512
      vertex 3.81166 3.44409 9.68512
      vertex 4.09414 3.60965 9.68512
    endloop
  endfacet
  facet normal -0 0 1
    outer loop
      vertex 3.67859 6.50967 9.68512
      vertex 4.09414 3.60965 9.68512
      vertex 4.08163 6.64083 9.68512
    endloop
  endfacet
  facet normal 0 0 1
    outer loop
      vertex 4.08163 6.64083 9.68512
      vertex 4.09414 3.60965 9.68512
      vertex 4.38895 3.75209 9.68512
    endloop
  endfacet
  facet normal -0 0 1
    outer loop
      vertex 4.08163 6.64083 9.68512
      vertex 4.38895 3.75209 9.68512
      vertex 4.49194 6.74707 9.68512
    endloop
  endfacet
  facet normal 0 0 1
    outer loop
      vertex 4.49194 6.74707 9.68512
      vertex 4.38895 3.75209 9.68512
      vertex 4.69421 3.8705 9.68512
    endloop
  endfacet
  facet normal -0 0 1
    outer loop
      vertex 4.49194 6.74707 9.68512
      vertex 4.69421 3.8705 9.68512
      vertex 4.90798 6.82798 9.68512
    endloop
  endfacet
  facet normal 0 0 1
    outer loop
      vertex 4.90798 6.82798 9.68512
      vertex 4.69421 3.8705 9.68512
      vertex 5.00796 3.96413 9.68512
    endloop
  endfacet
  facet normal 0 0 1
    outer loop
      vertex 4.90798 6.82798 9.68512
      vertex 5.00796 3.96413 9.68512
      vertex 5.3282 4.03236 9.68512
    endloop
  endfacet
  facet normal 0 -0 1
    outer loop
      vertex 5.3282 4.03236 9.68512
      vertex 5.3282 6.88326 9.68512
      vertex 4.90798 6.82798 9.68512
    endloop
  endfacet
  facet normal 0 0 1
    outer loop
      vertex 1.82425 -5.50033 9.68512
      vertex 2.16895 -5.74695 9.68512
      vertex 5.3282 -6.88326 9.68512
    endloop
  endfacet
  facet normal 0 0 1
    outer loop
      vertex 5.3282 -6.88326 9.68512
      vertex 2.16895 -5.74695 9.68512
      vertex 2.52811 -5.97199 9.68512
    endloop
  endfacet
  facet normal 0 0 1
    outer loop
      vertex 5.3282 -6.88326 9.68512
      vertex 2.52811 -5.97199 9.68512
      vertex 2.90038 -6.17462 9.68512
    endloop
  endfacet
  facet normal 0 0 1
    outer loop
      vertex 2.90038 -6.17462 9.68512
      vertex 3.28435 -6.35407 9.68512
      vertex 5.3282 -6.88326 9.68512
    endloop
  endfacet
  facet normal 0 0 1
    outer loop
      vertex 5.3282 -6.88326 9.68512
      vertex 3.28435 -6.35407 9.68512
      vertex 3.67859 -6.50967 9.68512
    endloop
  endfacet
  facet normal 0 0 1
    outer loop
      vertex 5.3282 -6.88326 9.68512
      vertex 3.67859 -6.50967 9.68512
      vertex 4.08163 -6.64083 9.68512
    endloop
  endfacet
  facet normal 0 0 1
    outer loop
      vertex 4.08163 -6.64083 9.68512
      vertex 4.49194 -6.74707 9.68512
      vertex 5.3282 -6.88326 9.68512
    endloop
  endfacet
  facet normal 0 0 1
    outer loop
      vertex 5.3282 -6.88326 9.68512
      vertex 4.49194 -6.74707 9.68512
      vertex 4.90798 -6.82798 9.68512
    endloop
  endfacet
endsolid OpenSCAD_Model
