solid OpenSCAD_Model
  facet normal 0 -0 1
    outer loop
      vertex -12 -0 8
      vertex -11.9422 1.17621 8
      vertex -25 -0 8
    endloop
  endfacet
  facet normal 0 0 1
    outer loop
      vertex -11.9422 1.17621 8
      vertex -24.8796 2.45043 8
      vertex -25 -0 8
    endloop
  endfacet
  facet normal -0.998795 0.0490817 0
    outer loop
      vertex -12 -0 28
      vertex -11.9422 1.17621 28
      vertex -12 -0 8
    endloop
  endfacet
  facet normal -0.998795 0.0490817 0
    outer loop
      vertex -11.9422 1.17621 28
      vertex -11.9422 1.17621 8
      vertex -12 -0 8
    endloop
  endfacet
  facet normal 0 0 -1
    outer loop
      vertex -28 -0 28
      vertex -27.8652 2.74448 28
      vertex -12 -0 28
    endloop
  endfacet
  facet normal 0 0 -1
    outer loop
      vertex -27.8652 2.74448 28
      vertex -11.9422 1.17621 28
      vertex -12 -0 28
    endloop
  endfacet
  facet normal -0.998796 0.0490576 0
    outer loop
      vertex -28 -0 38
      vertex -27.8652 2.74448 38
      vertex -28 -0 28
    endloop
  endfacet
  facet normal -0.998796 0.0490576 0
    outer loop
      vertex -27.8652 2.74448 38
      vertex -27.8652 2.74448 28
      vertex -28 -0 28
    endloop
  endfacet
  facet normal 0 0 1
    outer loop
      vertex -0 -0 38
      vertex -27.8652 2.74448 38
      vertex -28 -0 38
    endloop
  endfacet
  facet normal 0 0 -1
    outer loop
      vertex -25 -0 0
      vertex -24.8796 2.45043 0
      vertex -0 -0 0
    endloop
  endfacet
  facet normal -0.998795 0.049075 0
    outer loop
      vertex -25 -0 8
      vertex -24.8796 2.45043 8
      vertex -25 -0 0
    endloop
  endfacet
  facet normal -0.998795 0.049075 0
    outer loop
      vertex -24.8796 2.45043 8
      vertex -24.8796 2.45043 0
      vertex -25 -0 0
    endloop
  endfacet
  facet normal 0 -0 1
    outer loop
      vertex -11.9422 1.17621 8
      vertex -11.7694 2.34108 8
      vertex -24.8796 2.45043 8
    endloop
  endfacet
  facet normal 0 0 1
    outer loop
      vertex -11.7694 2.34108 8
      vertex -24.5196 4.87726 8
      vertex -24.8796 2.45043 8
    endloop
  endfacet
  facet normal -0.989176 0.146737 0
    outer loop
      vertex -11.9422 1.17621 28
      vertex -11.7694 2.34108 28
      vertex -11.9422 1.17621 8
    endloop
  endfacet
  facet normal -0.989176 0.146737 0
    outer loop
      vertex -11.7694 2.34108 28
      vertex -11.7694 2.34108 8
      vertex -11.9422 1.17621 8
    endloop
  endfacet
  facet normal 0 0 -1
    outer loop
      vertex -27.8652 2.74448 28
      vertex -27.462 5.46253 28
      vertex -11.9422 1.17621 28
    endloop
  endfacet
  facet normal 0 0 -1
    outer loop
      vertex -27.462 5.46253 28
      vertex -11.7694 2.34108 28
      vertex -11.9422 1.17621 28
    endloop
  endfacet
  facet normal -0.989176 0.146736 0
    outer loop
      vertex -27.8652 2.74448 38
      vertex -27.462 5.46253 38
      vertex -27.8652 2.74448 28
    endloop
  endfacet
  facet normal -0.989176 0.146736 0
    outer loop
      vertex -27.462 5.46253 38
      vertex -27.462 5.46253 28
      vertex -27.8652 2.74448 28
    endloop
  endfacet
  facet normal 0 0 1
    outer loop
      vertex -0 -0 38
      vertex -27.462 5.46253 38
      vertex -27.8652 2.74448 38
    endloop
  endfacet
  facet normal 0 0 -1
    outer loop
      vertex -24.8796 2.45043 0
      vertex -24.5196 4.87726 0
      vertex -0 -0 0
    endloop
  endfacet
  facet normal -0.989176 0.146736 0
    outer loop
      vertex -24.8796 2.45043 8
      vertex -24.5196 4.87726 8
      vertex -24.8796 2.45043 0
    endloop
  endfacet
  facet normal -0.989176 0.146736 0
    outer loop
      vertex -24.5196 4.87726 8
      vertex -24.5196 4.87726 0
      vertex -24.8796 2.45043 0
    endloop
  endfacet
  facet normal 0 -0 1
    outer loop
      vertex -11.7694 2.34108 8
      vertex -11.4833 3.48342 8
      vertex -24.5196 4.87726 8
    endloop
  endfacet
  facet normal 0 0 1
    outer loop
      vertex -11.4833 3.48342 8
      vertex -23.9235 7.25712 8
      vertex -24.5196 4.87726 8
    endloop
  endfacet
  facet normal -0.97004 0.242947 0
    outer loop
      vertex -11.7694 2.34108 28
      vertex -11.4833 3.48342 28
      vertex -11.7694 2.34108 8
    endloop
  endfacet
  facet normal -0.97004 0.242947 0
    outer loop
      vertex -11.4833 3.48342 28
      vertex -11.4833 3.48342 8
      vertex -11.7694 2.34108 8
    endloop
  endfacet
  facet normal 0 0 -1
    outer loop
      vertex -27.462 5.46253 28
      vertex -26.7943 8.12797 28
      vertex -11.7694 2.34108 28
    endloop
  endfacet
  facet normal 0 0 -1
    outer loop
      vertex -26.7943 8.12797 28
      vertex -11.4833 3.48342 28
      vertex -11.7694 2.34108 28
    endloop
  endfacet
  facet normal -0.970028 0.242995 0
    outer loop
      vertex -27.462 5.46253 38
      vertex -26.7943 8.12797 38
      vertex -27.462 5.46253 28
    endloop
  endfacet
  facet normal -0.970028 0.242995 0
    outer loop
      vertex -26.7943 8.12797 38
      vertex -26.7943 8.12797 28
      vertex -27.462 5.46253 28
    endloop
  endfacet
  facet normal 0 0 1
    outer loop
      vertex -0 -0 38
      vertex -26.7943 8.12797 38
      vertex -27.462 5.46253 38
    endloop
  endfacet
  facet normal 0 0 -1
    outer loop
      vertex -24.5196 4.87726 0
      vertex -23.9235 7.25712 0
      vertex -0 -0 0
    endloop
  endfacet
  facet normal -0.970034 0.242971 0
    outer loop
      vertex -24.5196 4.87726 8
      vertex -23.9235 7.25712 8
      vertex -24.5196 4.87726 0
    endloop
  endfacet
  facet normal -0.970034 0.242971 0
    outer loop
      vertex -23.9235 7.25712 8
      vertex -23.9235 7.25712 0
      vertex -24.5196 4.87726 0
    endloop
  endfacet
  facet normal 0 -0 1
    outer loop
      vertex -11.4833 3.48342 8
      vertex -11.0866 4.5922 8
      vertex -23.9235 7.25712 8
    endloop
  endfacet
  facet normal 0 0 1
    outer loop
      vertex -11.0866 4.5922 8
      vertex -23.097 9.56709 8
      vertex -23.9235 7.25712 8
    endloop
  endfacet
  facet normal -0.941552 0.336869 0
    outer loop
      vertex -11.4833 3.48342 28
      vertex -11.0866 4.5922 28
      vertex -11.4833 3.48342 8
    endloop
  endfacet
  facet normal -0.941552 0.336869 0
    outer loop
      vertex -11.0866 4.5922 28
      vertex -11.0866 4.5922 8
      vertex -11.4833 3.48342 8
    endloop
  endfacet
  facet normal 0 0 -1
    outer loop
      vertex -26.7943 8.12797 28
      vertex -25.8686 10.7151 28
      vertex -11.4833 3.48342 28
    endloop
  endfacet
  facet normal 0 0 -1
    outer loop
      vertex -25.8686 10.7151 28
      vertex -11.0866 4.5922 28
      vertex -11.4833 3.48342 28
    endloop
  endfacet
  facet normal -0.941543 0.336893 0
    outer loop
      vertex -26.7943 8.12797 38
      vertex -25.8686 10.7151 38
      vertex -26.7943 8.12797 28
    endloop
  endfacet
  facet normal -0.941543 0.336893 0
    outer loop
      vertex -25.8686 10.7151 38
      vertex -25.8686 10.7151 28
      vertex -26.7943 8.12797 28
    endloop
  endfacet
  facet normal 0 0 1
    outer loop
      vertex -0 -0 38
      vertex -25.8686 10.7151 38
      vertex -26.7943 8.12797 38
    endloop
  endfacet
  facet normal 0 0 -1
    outer loop
      vertex -23.9235 7.25712 0
      vertex -23.097 9.56709 0
      vertex -0 -0 0
    endloop
  endfacet
  facet normal -0.941547 0.336882 0
    outer loop
      vertex -23.9235 7.25712 8
      vertex -23.097 9.56709 8
      vertex -23.9235 7.25712 0
    endloop
  endfacet
  facet normal -0.941547 0.336882 0
    outer loop
      vertex -23.097 9.56709 8
      vertex -23.097 9.56709 0
      vertex -23.9235 7.25712 0
    endloop
  endfacet
  facet normal 0 -0 1
    outer loop
      vertex -11.0866 4.5922 8
      vertex -10.5831 5.65676 8
      vertex -23.097 9.56709 8
    endloop
  endfacet
  facet normal 0 0 1
    outer loop
      vertex -10.5831 5.65676 8
      vertex -22.048 11.7849 8
      vertex -23.097 9.56709 8
    endloop
  endfacet
  facet normal -0.903989 0.427556 0
    outer loop
      vertex -11.0866 4.5922 28
      vertex -10.5831 5.65676 28
      vertex -11.0866 4.5922 8
    endloop
  endfacet
  facet normal -0.903989 0.427556 0
    outer loop
      vertex -10.5831 5.65676 28
      vertex -10.5831 5.65676 8
      vertex -11.0866 4.5922 8
    endloop
  endfacet
  facet normal 0 0 -1
    outer loop
      vertex -25.8686 10.7151 28
      vertex -24.6938 13.1991 28
      vertex -11.0866 4.5922 28
    endloop
  endfacet
  facet normal 0 0 -1
    outer loop
      vertex -24.6938 13.1991 28
      vertex -10.5831 5.65676 28
      vertex -11.0866 4.5922 28
    endloop
  endfacet
  facet normal -0.903996 0.427542 0
    outer loop
      vertex -25.8686 10.7151 38
      vertex -24.6938 13.1991 38
      vertex -25.8686 10.7151 28
    endloop
  endfacet
  facet normal -0.903996 0.427542 0
    outer loop
      vertex -24.6938 13.1991 38
      vertex -24.6938 13.1991 28
      vertex -25.8686 10.7151 28
    endloop
  endfacet
  facet normal 0 0 1
    outer loop
      vertex -0 -0 38
      vertex -24.6938 13.1991 38
      vertex -25.8686 10.7151 38
    endloop
  endfacet
  facet normal 0 0 -1
    outer loop
      vertex -23.097 9.56709 0
      vertex -22.048 11.7849 0
      vertex -0 -0 0
    endloop
  endfacet
  facet normal -0.903981 0.427573 0
    outer loop
      vertex -23.097 9.56709 8
      vertex -22.048 11.7849 8
      vertex -23.097 9.56709 0
    endloop
  endfacet
  facet normal -0.903981 0.427573 0
    outer loop
      vertex -22.048 11.7849 8
      vertex -22.048 11.7849 0
      vertex -23.097 9.56709 0
    endloop
  endfacet
  facet normal 0 -0 1
    outer loop
      vertex -10.5831 5.65676 8
      vertex -9.97764 6.66684 8
      vertex -22.048 11.7849 8
    endloop
  endfacet
  facet normal 0 0 1
    outer loop
      vertex -9.97764 6.66684 8
      vertex -20.7867 13.8893 8
      vertex -22.048 11.7849 8
    endloop
  endfacet
  facet normal -0.857713 0.514129 0
    outer loop
      vertex -10.5831 5.65676 28
      vertex -9.97764 6.66684 28
      vertex -10.5831 5.65676 8
    endloop
  endfacet
  facet normal -0.857713 0.514129 0
    outer loop
      vertex -9.97764 6.66684 28
      vertex -9.97764 6.66684 8
      vertex -10.5831 5.65676 8
    endloop
  endfacet
  facet normal 0 0 -1
    outer loop
      vertex -24.6938 13.1991 28
      vertex -23.2811 15.556 28
      vertex -10.5831 5.65676 28
    endloop
  endfacet
  facet normal 0 0 -1
    outer loop
      vertex -23.2811 15.556 28
      vertex -9.97764 6.66684 28
      vertex -10.5831 5.65676 28
    endloop
  endfacet
  facet normal -0.857724 0.51411 0
    outer loop
      vertex -24.6938 13.1991 38
      vertex -23.2811 15.556 38
      vertex -24.6938 13.1991 28
    endloop
  endfacet
  facet normal -0.857724 0.51411 0
    outer loop
      vertex -23.2811 15.556 38
      vertex -23.2811 15.556 28
      vertex -24.6938 13.1991 28
    endloop
  endfacet
  facet normal 0 0 1
    outer loop
      vertex -0 -0 38
      vertex -23.2811 15.556 38
      vertex -24.6938 13.1991 38
    endloop
  endfacet
  facet normal 0 0 -1
    outer loop
      vertex -22.048 11.7849 0
      vertex -20.7867 13.8893 0
      vertex -0 -0 0
    endloop
  endfacet
  facet normal -0.857734 0.514094 0
    outer loop
      vertex -22.048 11.7849 8
      vertex -20.7867 13.8893 8
      vertex -22.048 11.7849 0
    endloop
  endfacet
  facet normal -0.857734 0.514094 0
    outer loop
      vertex -20.7867 13.8893 8
      vertex -20.7867 13.8893 0
      vertex -22.048 11.7849 0
    endloop
  endfacet
  facet normal 0 -0 1
    outer loop
      vertex -9.97764 6.66684 8
      vertex -9.27613 7.61272 8
      vertex -20.7867 13.8893 8
    endloop
  endfacet
  facet normal 0 0 1
    outer loop
      vertex -9.27613 7.61272 8
      vertex -19.3253 15.8598 8
      vertex -20.7867 13.8893 8
    endloop
  endfacet
  facet normal -0.803209 0.595698 0
    outer loop
      vertex -9.97764 6.66684 28
      vertex -9.27613 7.61272 28
      vertex -9.97764 6.66684 8
    endloop
  endfacet
  facet normal -0.803209 0.595698 0
    outer loop
      vertex -9.27613 7.61272 28
      vertex -9.27613 7.61272 8
      vertex -9.97764 6.66684 8
    endloop
  endfacet
  facet normal 0 0 -1
    outer loop
      vertex -23.2811 15.556 28
      vertex -21.6443 17.763 28
      vertex -9.97764 6.66684 28
    endloop
  endfacet
  facet normal 0 0 -1
    outer loop
      vertex -21.6443 17.763 28
      vertex -9.27613 7.61272 28
      vertex -9.97764 6.66684 28
    endloop
  endfacet
  facet normal -0.803211 0.595694 0
    outer loop
      vertex -23.2811 15.556 38
      vertex -21.6443 17.763 38
      vertex -23.2811 15.556 28
    endloop
  endfacet
  facet normal -0.803211 0.595694 0
    outer loop
      vertex -21.6443 17.763 38
      vertex -21.6443 17.763 28
      vertex -23.2811 15.556 28
    endloop
  endfacet
  facet normal 0 0 1
    outer loop
      vertex -0 -0 38
      vertex -21.6443 17.763 38
      vertex -23.2811 15.556 38
    endloop
  endfacet
  facet normal 0 0 -1
    outer loop
      vertex -20.7867 13.8893 0
      vertex -19.3253 15.8598 0
      vertex -0 -0 0
    endloop
  endfacet
  facet normal -0.803212 0.595693 0
    outer loop
      vertex -20.7867 13.8893 8
      vertex -19.3253 15.8598 8
      vertex -20.7867 13.8893 0
    endloop
  endfacet
  facet normal -0.803212 0.595693 0
    outer loop
      vertex -19.3253 15.8598 8
      vertex -19.3253 15.8598 0
      vertex -20.7867 13.8893 0
    endloop
  endfacet
  facet normal 0 -0 1
    outer loop
      vertex -9.27613 7.61272 8
      vertex -8.48528 8.48528 8
      vertex -19.3253 15.8598 8
    endloop
  endfacet
  facet normal 0 0 1
    outer loop
      vertex -8.48528 8.48528 8
      vertex -17.6777 17.6777 8
      vertex -19.3253 15.8598 8
    endloop
  endfacet
  facet normal -0.740948 0.671563 0
    outer loop
      vertex -9.27613 7.61272 28
      vertex -8.48528 8.48528 28
      vertex -9.27613 7.61272 8
    endloop
  endfacet
  facet normal -0.740948 0.671563 0
    outer loop
      vertex -8.48528 8.48528 28
      vertex -8.48528 8.48528 8
      vertex -9.27613 7.61272 8
    endloop
  endfacet
  facet normal 0 0 -1
    outer loop
      vertex -21.6443 17.763 28
      vertex -19.799 19.799 28
      vertex -9.27613 7.61272 28
    endloop
  endfacet
  facet normal 0 0 -1
    outer loop
      vertex -19.799 19.799 28
      vertex -8.48528 8.48528 28
      vertex -9.27613 7.61272 28
    endloop
  endfacet
  facet normal -0.740955 0.671554 0
    outer loop
      vertex -21.6443 17.763 38
      vertex -19.799 19.799 38
      vertex -21.6443 17.763 28
    endloop
  endfacet
  facet normal -0.740955 0.671554 0
    outer loop
      vertex -19.799 19.799 38
      vertex -19.799 19.799 28
      vertex -21.6443 17.763 28
    endloop
  endfacet
  facet normal 0 0 1
    outer loop
      vertex -0 -0 38
      vertex -19.799 19.799 38
      vertex -21.6443 17.763 38
    endloop
  endfacet
  facet normal 0 0 -1
    outer loop
      vertex -19.3253 15.8598 0
      vertex -17.6777 17.6777 0
      vertex -0 -0 0
    endloop
  endfacet
  facet normal -0.740961 0.671548 0
    outer loop
      vertex -19.3253 15.8598 8
      vertex -17.6777 17.6777 8
      vertex -19.3253 15.8598 0
    endloop
  endfacet
  facet normal -0.740961 0.671548 0
    outer loop
      vertex -17.6777 17.6777 8
      vertex -17.6777 17.6777 0
      vertex -19.3253 15.8598 0
    endloop
  endfacet
  facet normal 0 -0 1
    outer loop
      vertex -8.48528 8.48528 8
      vertex -7.61272 9.27613 8
      vertex -17.6777 17.6777 8
    endloop
  endfacet
  facet normal 0 0 1
    outer loop
      vertex -7.61272 9.27613 8
      vertex -15.8598 19.3253 8
      vertex -17.6777 17.6777 8
    endloop
  endfacet
  facet normal -0.671563 0.740948 0
    outer loop
      vertex -8.48528 8.48528 28
      vertex -7.61272 9.27613 28
      vertex -8.48528 8.48528 8
    endloop
  endfacet
  facet normal -0.671563 0.740948 0
    outer loop
      vertex -7.61272 9.27613 28
      vertex -7.61272 9.27613 8
      vertex -8.48528 8.48528 8
    endloop
  endfacet
  facet normal 0 0 -1
    outer loop
      vertex -19.799 19.799 28
      vertex -17.763 21.6443 28
      vertex -8.48528 8.48528 28
    endloop
  endfacet
  facet normal 0 0 -1
    outer loop
      vertex -17.763 21.6443 28
      vertex -7.61272 9.27613 28
      vertex -8.48528 8.48528 28
    endloop
  endfacet
  facet normal -0.671554 0.740955 0
    outer loop
      vertex -19.799 19.799 38
      vertex -17.763 21.6443 38
      vertex -19.799 19.799 28
    endloop
  endfacet
  facet normal -0.671554 0.740955 0
    outer loop
      vertex -17.763 21.6443 38
      vertex -17.763 21.6443 28
      vertex -19.799 19.799 28
    endloop
  endfacet
  facet normal 0 0 1
    outer loop
      vertex -0 -0 38
      vertex -17.763 21.6443 38
      vertex -19.799 19.799 38
    endloop
  endfacet
  facet normal 0 0 -1
    outer loop
      vertex -17.6777 17.6777 0
      vertex -15.8598 19.3253 0
      vertex -0 -0 0
    endloop
  endfacet
  facet normal -0.671548 0.740961 0
    outer loop
      vertex -17.6777 17.6777 8
      vertex -15.8598 19.3253 8
      vertex -17.6777 17.6777 0
    endloop
  endfacet
  facet normal -0.671548 0.740961 0
    outer loop
      vertex -15.8598 19.3253 8
      vertex -15.8598 19.3253 0
      vertex -17.6777 17.6777 0
    endloop
  endfacet
  facet normal 0 -0 1
    outer loop
      vertex -7.61272 9.27613 8
      vertex -6.66684 9.97764 8
      vertex -15.8598 19.3253 8
    endloop
  endfacet
  facet normal 0 0 1
    outer loop
      vertex -6.66684 9.97764 8
      vertex -13.8893 20.7867 8
      vertex -15.8598 19.3253 8
    endloop
  endfacet
  facet normal -0.595698 0.803209 0
    outer loop
      vertex -7.61272 9.27613 28
      vertex -6.66684 9.97764 28
      vertex -7.61272 9.27613 8
    endloop
  endfacet
  facet normal -0.595698 0.803209 0
    outer loop
      vertex -6.66684 9.97764 28
      vertex -6.66684 9.97764 8
      vertex -7.61272 9.27613 8
    endloop
  endfacet
  facet normal 0 0 -1
    outer loop
      vertex -17.763 21.6443 28
      vertex -15.556 23.2811 28
      vertex -7.61272 9.27613 28
    endloop
  endfacet
  facet normal 0 0 -1
    outer loop
      vertex -15.556 23.2811 28
      vertex -6.66684 9.97764 28
      vertex -7.61272 9.27613 28
    endloop
  endfacet
  facet normal -0.595694 0.803211 0
    outer loop
      vertex -17.763 21.6443 38
      vertex -15.556 23.2811 38
      vertex -17.763 21.6443 28
    endloop
  endfacet
  facet normal -0.595694 0.803211 0
    outer loop
      vertex -15.556 23.2811 38
      vertex -15.556 23.2811 28
      vertex -17.763 21.6443 28
    endloop
  endfacet
  facet normal 0 0 1
    outer loop
      vertex -0 -0 38
      vertex -15.556 23.2811 38
      vertex -17.763 21.6443 38
    endloop
  endfacet
  facet normal 0 0 -1
    outer loop
      vertex -15.8598 19.3253 0
      vertex -13.8893 20.7867 0
      vertex -0 -0 0
    endloop
  endfacet
  facet normal -0.595693 0.803212 0
    outer loop
      vertex -15.8598 19.3253 8
      vertex -13.8893 20.7867 8
      vertex -15.8598 19.3253 0
    endloop
  endfacet
  facet normal -0.595693 0.803212 0
    outer loop
      vertex -13.8893 20.7867 8
      vertex -13.8893 20.7867 0
      vertex -15.8598 19.3253 0
    endloop
  endfacet
  facet normal 0 -0 1
    outer loop
      vertex -6.66684 9.97764 8
      vertex -5.65676 10.5831 8
      vertex -13.8893 20.7867 8
    endloop
  endfacet
  facet normal 0 0 1
    outer loop
      vertex -5.65676 10.5831 8
      vertex -11.7849 22.048 8
      vertex -13.8893 20.7867 8
    endloop
  endfacet
  facet normal -0.514129 0.857713 0
    outer loop
      vertex -6.66684 9.97764 28
      vertex -5.65676 10.5831 28
      vertex -6.66684 9.97764 8
    endloop
  endfacet
  facet normal -0.514129 0.857713 0
    outer loop
      vertex -5.65676 10.5831 28
      vertex -5.65676 10.5831 8
      vertex -6.66684 9.97764 8
    endloop
  endfacet
  facet normal 0 0 -1
    outer loop
      vertex -15.556 23.2811 28
      vertex -13.1991 24.6938 28
      vertex -6.66684 9.97764 28
    endloop
  endfacet
  facet normal 0 0 -1
    outer loop
      vertex -13.1991 24.6938 28
      vertex -5.65676 10.5831 28
      vertex -6.66684 9.97764 28
    endloop
  endfacet
  facet normal -0.51411 0.857724 0
    outer loop
      vertex -15.556 23.2811 38
      vertex -13.1991 24.6938 38
      vertex -15.556 23.2811 28
    endloop
  endfacet
  facet normal -0.51411 0.857724 0
    outer loop
      vertex -13.1991 24.6938 38
      vertex -13.1991 24.6938 28
      vertex -15.556 23.2811 28
    endloop
  endfacet
  facet normal 0 0 1
    outer loop
      vertex -0 -0 38
      vertex -13.1991 24.6938 38
      vertex -15.556 23.2811 38
    endloop
  endfacet
  facet normal 0 0 -1
    outer loop
      vertex -13.8893 20.7867 0
      vertex -11.7849 22.048 0
      vertex -0 -0 0
    endloop
  endfacet
  facet normal -0.514094 0.857734 0
    outer loop
      vertex -13.8893 20.7867 8
      vertex -11.7849 22.048 8
      vertex -13.8893 20.7867 0
    endloop
  endfacet
  facet normal -0.514094 0.857734 0
    outer loop
      vertex -11.7849 22.048 8
      vertex -11.7849 22.048 0
      vertex -13.8893 20.7867 0
    endloop
  endfacet
  facet normal 0 -0 1
    outer loop
      vertex -5.65676 10.5831 8
      vertex -4.5922 11.0866 8
      vertex -11.7849 22.048 8
    endloop
  endfacet
  facet normal 0 0 1
    outer loop
      vertex -4.5922 11.0866 8
      vertex -9.56709 23.097 8
      vertex -11.7849 22.048 8
    endloop
  endfacet
  facet normal -0.427556 0.903989 0
    outer loop
      vertex -5.65676 10.5831 28
      vertex -4.5922 11.0866 28
      vertex -5.65676 10.5831 8
    endloop
  endfacet
  facet normal -0.427556 0.903989 0
    outer loop
      vertex -4.5922 11.0866 28
      vertex -4.5922 11.0866 8
      vertex -5.65676 10.5831 8
    endloop
  endfacet
  facet normal 0 0 -1
    outer loop
      vertex -13.1991 24.6938 28
      vertex -10.7151 25.8686 28
      vertex -5.65676 10.5831 28
    endloop
  endfacet
  facet normal 0 0 -1
    outer loop
      vertex -10.7151 25.8686 28
      vertex -4.5922 11.0866 28
      vertex -5.65676 10.5831 28
    endloop
  endfacet
  facet normal -0.427542 0.903996 0
    outer loop
      vertex -13.1991 24.6938 38
      vertex -10.7151 25.8686 38
      vertex -13.1991 24.6938 28
    endloop
  endfacet
  facet normal -0.427542 0.903996 0
    outer loop
      vertex -10.7151 25.8686 38
      vertex -10.7151 25.8686 28
      vertex -13.1991 24.6938 28
    endloop
  endfacet
  facet normal 0 0 1
    outer loop
      vertex -0 -0 38
      vertex -10.7151 25.8686 38
      vertex -13.1991 24.6938 38
    endloop
  endfacet
  facet normal 0 0 -1
    outer loop
      vertex -11.7849 22.048 0
      vertex -9.56709 23.097 0
      vertex -0 -0 0
    endloop
  endfacet
  facet normal -0.427573 0.903981 0
    outer loop
      vertex -11.7849 22.048 8
      vertex -9.56709 23.097 8
      vertex -11.7849 22.048 0
    endloop
  endfacet
  facet normal -0.427573 0.903981 0
    outer loop
      vertex -9.56709 23.097 8
      vertex -9.56709 23.097 0
      vertex -11.7849 22.048 0
    endloop
  endfacet
  facet normal 0 -0 1
    outer loop
      vertex -4.5922 11.0866 8
      vertex -3.48342 11.4833 8
      vertex -9.56709 23.097 8
    endloop
  endfacet
  facet normal 0 0 1
    outer loop
      vertex -3.48342 11.4833 8
      vertex -7.25712 23.9235 8
      vertex -9.56709 23.097 8
    endloop
  endfacet
  facet normal -0.336869 0.941552 0
    outer loop
      vertex -4.5922 11.0866 28
      vertex -3.48342 11.4833 28
      vertex -4.5922 11.0866 8
    endloop
  endfacet
  facet normal -0.336869 0.941552 0
    outer loop
      vertex -3.48342 11.4833 28
      vertex -3.48342 11.4833 8
      vertex -4.5922 11.0866 8
    endloop
  endfacet
  facet normal 0 0 -1
    outer loop
      vertex -10.7151 25.8686 28
      vertex -8.12797 26.7943 28
      vertex -4.5922 11.0866 28
    endloop
  endfacet
  facet normal 0 0 -1
    outer loop
      vertex -8.12797 26.7943 28
      vertex -3.48342 11.4833 28
      vertex -4.5922 11.0866 28
    endloop
  endfacet
  facet normal -0.336893 0.941543 0
    outer loop
      vertex -10.7151 25.8686 38
      vertex -8.12797 26.7943 38
      vertex -10.7151 25.8686 28
    endloop
  endfacet
  facet normal -0.336893 0.941543 0
    outer loop
      vertex -8.12797 26.7943 38
      vertex -8.12797 26.7943 28
      vertex -10.7151 25.8686 28
    endloop
  endfacet
  facet normal 0 0 1
    outer loop
      vertex -0 -0 38
      vertex -8.12797 26.7943 38
      vertex -10.7151 25.8686 38
    endloop
  endfacet
  facet normal 0 0 -1
    outer loop
      vertex -9.56709 23.097 0
      vertex -7.25712 23.9235 0
      vertex -0 -0 0
    endloop
  endfacet
  facet normal -0.336882 0.941547 0
    outer loop
      vertex -9.56709 23.097 8
      vertex -7.25712 23.9235 8
      vertex -9.56709 23.097 0
    endloop
  endfacet
  facet normal -0.336882 0.941547 0
    outer loop
      vertex -7.25712 23.9235 8
      vertex -7.25712 23.9235 0
      vertex -9.56709 23.097 0
    endloop
  endfacet
  facet normal 0 -0 1
    outer loop
      vertex -3.48342 11.4833 8
      vertex -2.34108 11.7694 8
      vertex -7.25712 23.9235 8
    endloop
  endfacet
  facet normal 0 0 1
    outer loop
      vertex -2.34108 11.7694 8
      vertex -4.87726 24.5196 8
      vertex -7.25712 23.9235 8
    endloop
  endfacet
  facet normal -0.242947 0.97004 0
    outer loop
      vertex -3.48342 11.4833 28
      vertex -2.34108 11.7694 28
      vertex -3.48342 11.4833 8
    endloop
  endfacet
  facet normal -0.242947 0.97004 0
    outer loop
      vertex -2.34108 11.7694 28
      vertex -2.34108 11.7694 8
      vertex -3.48342 11.4833 8
    endloop
  endfacet
  facet normal 0 0 -1
    outer loop
      vertex -8.12797 26.7943 28
      vertex -5.46253 27.462 28
      vertex -3.48342 11.4833 28
    endloop
  endfacet
  facet normal 0 0 -1
    outer loop
      vertex -5.46253 27.462 28
      vertex -2.34108 11.7694 28
      vertex -3.48342 11.4833 28
    endloop
  endfacet
  facet normal -0.242995 0.970028 0
    outer loop
      vertex -8.12797 26.7943 38
      vertex -5.46253 27.462 38
      vertex -8.12797 26.7943 28
    endloop
  endfacet
  facet normal -0.242995 0.970028 0
    outer loop
      vertex -5.46253 27.462 38
      vertex -5.46253 27.462 28
      vertex -8.12797 26.7943 28
    endloop
  endfacet
  facet normal 0 0 1
    outer loop
      vertex -0 -0 38
      vertex -5.46253 27.462 38
      vertex -8.12797 26.7943 38
    endloop
  endfacet
  facet normal 0 0 -1
    outer loop
      vertex -7.25712 23.9235 0
      vertex -4.87726 24.5196 0
      vertex -0 -0 0
    endloop
  endfacet
  facet normal -0.242971 0.970034 0
    outer loop
      vertex -7.25712 23.9235 8
      vertex -4.87726 24.5196 8
      vertex -7.25712 23.9235 0
    endloop
  endfacet
  facet normal -0.242971 0.970034 0
    outer loop
      vertex -4.87726 24.5196 8
      vertex -4.87726 24.5196 0
      vertex -7.25712 23.9235 0
    endloop
  endfacet
  facet normal 0 -0 1
    outer loop
      vertex -2.34108 11.7694 8
      vertex -1.17621 11.9422 8
      vertex -4.87726 24.5196 8
    endloop
  endfacet
  facet normal 0 0 1
    outer loop
      vertex -1.17621 11.9422 8
      vertex -2.45043 24.8796 8
      vertex -4.87726 24.5196 8
    endloop
  endfacet
  facet normal -0.146737 0.989176 0
    outer loop
      vertex -2.34108 11.7694 28
      vertex -1.17621 11.9422 28
      vertex -2.34108 11.7694 8
    endloop
  endfacet
  facet normal -0.146737 0.989176 0
    outer loop
      vertex -1.17621 11.9422 28
      vertex -1.17621 11.9422 8
      vertex -2.34108 11.7694 8
    endloop
  endfacet
  facet normal 0 0 -1
    outer loop
      vertex -5.46253 27.462 28
      vertex -2.74448 27.8652 28
      vertex -2.34108 11.7694 28
    endloop
  endfacet
  facet normal 0 0 -1
    outer loop
      vertex -2.74448 27.8652 28
      vertex -1.17621 11.9422 28
      vertex -2.34108 11.7694 28
    endloop
  endfacet
  facet normal -0.146736 0.989176 0
    outer loop
      vertex -5.46253 27.462 38
      vertex -2.74448 27.8652 38
      vertex -5.46253 27.462 28
    endloop
  endfacet
  facet normal -0.146736 0.989176 0
    outer loop
      vertex -2.74448 27.8652 38
      vertex -2.74448 27.8652 28
      vertex -5.46253 27.462 28
    endloop
  endfacet
  facet normal 0 0 1
    outer loop
      vertex -0 -0 38
      vertex -2.74448 27.8652 38
      vertex -5.46253 27.462 38
    endloop
  endfacet
  facet normal 0 0 -1
    outer loop
      vertex -4.87726 24.5196 0
      vertex -2.45043 24.8796 0
      vertex -0 -0 0
    endloop
  endfacet
  facet normal -0.146736 0.989176 0
    outer loop
      vertex -4.87726 24.5196 8
      vertex -2.45043 24.8796 8
      vertex -4.87726 24.5196 0
    endloop
  endfacet
  facet normal -0.146736 0.989176 0
    outer loop
      vertex -2.45043 24.8796 8
      vertex -2.45043 24.8796 0
      vertex -4.87726 24.5196 0
    endloop
  endfacet
  facet normal 0 -0 1
    outer loop
      vertex -1.17621 11.9422 8
      vertex 0 12 8
      vertex -2.45043 24.8796 8
    endloop
  endfacet
  facet normal 0 -0 1
    outer loop
      vertex 0 12 8
      vertex 0 25 8
      vertex -2.45043 24.8796 8
    endloop
  endfacet
  facet normal -0.0490817 0.998795 0
    outer loop
      vertex -1.17621 11.9422 28
      vertex 0 12 28
      vertex -1.17621 11.9422 8
    endloop
  endfacet
  facet normal -0.0490817 0.998795 0
    outer loop
      vertex 0 12 28
      vertex 0 12 8
      vertex -1.17621 11.9422 8
    endloop
  endfacet
  facet normal 0 0 -1
    outer loop
      vertex -2.74448 27.8652 28
      vertex 0 28 28
      vertex -1.17621 11.9422 28
    endloop
  endfacet
  facet normal 0 -0 -1
    outer loop
      vertex 0 28 28
      vertex 0 12 28
      vertex -1.17621 11.9422 28
    endloop
  endfacet
  facet normal -0.0490576 0.998796 0
    outer loop
      vertex -2.74448 27.8652 38
      vertex 0 28 38
      vertex -2.74448 27.8652 28
    endloop
  endfacet
  facet normal -0.0490576 0.998796 0
    outer loop
      vertex 0 28 38
      vertex 0 28 28
      vertex -2.74448 27.8652 28
    endloop
  endfacet
  facet normal 0 -0 1
    outer loop
      vertex -0 -0 38
      vertex 0 28 38
      vertex -2.74448 27.8652 38
    endloop
  endfacet
  facet normal 0 0 -1
    outer loop
      vertex -2.45043 24.8796 0
      vertex 0 25 0
      vertex -0 -0 0
    endloop
  endfacet
  facet normal -0.049075 0.998795 0
    outer loop
      vertex -2.45043 24.8796 8
      vertex 0 25 8
      vertex -2.45043 24.8796 0
    endloop
  endfacet
  facet normal -0.049075 0.998795 0
    outer loop
      vertex 0 25 8
      vertex 0 25 0
      vertex -2.45043 24.8796 0
    endloop
  endfacet
  facet normal -0 0 1
    outer loop
      vertex 0 12 8
      vertex 1.17621 11.9422 8
      vertex 0 25 8
    endloop
  endfacet
  facet normal 0 -0 1
    outer loop
      vertex 1.17621 11.9422 8
      vertex 2.45043 24.8796 8
      vertex 0 25 8
    endloop
  endfacet
  facet normal 0.0490817 0.998795 0
    outer loop
      vertex 0 12 28
      vertex 1.17621 11.9422 28
      vertex 0 12 8
    endloop
  endfacet
  facet normal 0.0490817 0.998795 0
    outer loop
      vertex 1.17621 11.9422 28
      vertex 1.17621 11.9422 8
      vertex 0 12 8
    endloop
  endfacet
  facet normal 0 0 -1
    outer loop
      vertex 0 28 28
      vertex 2.74448 27.8652 28
      vertex 0 12 28
    endloop
  endfacet
  facet normal 0 0 -1
    outer loop
      vertex 2.74448 27.8652 28
      vertex 1.17621 11.9422 28
      vertex 0 12 28
    endloop
  endfacet
  facet normal 0.0490576 0.998796 0
    outer loop
      vertex 0 28 38
      vertex 2.74448 27.8652 38
      vertex 0 28 28
    endloop
  endfacet
  facet normal 0.0490576 0.998796 0
    outer loop
      vertex 2.74448 27.8652 38
      vertex 2.74448 27.8652 28
      vertex 0 28 28
    endloop
  endfacet
  facet normal 0 0 1
    outer loop
      vertex -0 -0 38
      vertex 2.74448 27.8652 38
      vertex 0 28 38
    endloop
  endfacet
  facet normal 0 -0 -1
    outer loop
      vertex 0 25 0
      vertex 2.45043 24.8796 0
      vertex -0 -0 0
    endloop
  endfacet
  facet normal 0.049075 0.998795 0
    outer loop
      vertex 0 25 8
      vertex 2.45043 24.8796 8
      vertex 0 25 0
    endloop
  endfacet
  facet normal 0.049075 0.998795 0
    outer loop
      vertex 2.45043 24.8796 8
      vertex 2.45043 24.8796 0
      vertex 0 25 0
    endloop
  endfacet
  facet normal -0 0 1
    outer loop
      vertex 1.17621 11.9422 8
      vertex 2.34108 11.7694 8
      vertex 2.45043 24.8796 8
    endloop
  endfacet
  facet normal 0 0 1
    outer loop
      vertex 2.34108 11.7694 8
      vertex 4.87726 24.5196 8
      vertex 2.45043 24.8796 8
    endloop
  endfacet
  facet normal 0.146737 0.989176 0
    outer loop
      vertex 1.17621 11.9422 28
      vertex 2.34108 11.7694 28
      vertex 1.17621 11.9422 8
    endloop
  endfacet
  facet normal 0.146737 0.989176 0
    outer loop
      vertex 2.34108 11.7694 28
      vertex 2.34108 11.7694 8
      vertex 1.17621 11.9422 8
    endloop
  endfacet
  facet normal 0 -0 -1
    outer loop
      vertex 2.74448 27.8652 28
      vertex 5.46253 27.462 28
      vertex 1.17621 11.9422 28
    endloop
  endfacet
  facet normal 0 0 -1
    outer loop
      vertex 5.46253 27.462 28
      vertex 2.34108 11.7694 28
      vertex 1.17621 11.9422 28
    endloop
  endfacet
  facet normal 0.146736 0.989176 0
    outer loop
      vertex 2.74448 27.8652 38
      vertex 5.46253 27.462 38
      vertex 2.74448 27.8652 28
    endloop
  endfacet
  facet normal 0.146736 0.989176 0
    outer loop
      vertex 5.46253 27.462 38
      vertex 5.46253 27.462 28
      vertex 2.74448 27.8652 28
    endloop
  endfacet
  facet normal 0 0 1
    outer loop
      vertex -0 -0 38
      vertex 5.46253 27.462 38
      vertex 2.74448 27.8652 38
    endloop
  endfacet
  facet normal 0 -0 -1
    outer loop
      vertex 2.45043 24.8796 0
      vertex 4.87726 24.5196 0
      vertex -0 -0 0
    endloop
  endfacet
  facet normal 0.146736 0.989176 0
    outer loop
      vertex 2.45043 24.8796 8
      vertex 4.87726 24.5196 8
      vertex 2.45043 24.8796 0
    endloop
  endfacet
  facet normal 0.146736 0.989176 0
    outer loop
      vertex 4.87726 24.5196 8
      vertex 4.87726 24.5196 0
      vertex 2.45043 24.8796 0
    endloop
  endfacet
  facet normal -0 0 1
    outer loop
      vertex 2.34108 11.7694 8
      vertex 3.48342 11.4833 8
      vertex 4.87726 24.5196 8
    endloop
  endfacet
  facet normal 0 0 1
    outer loop
      vertex 3.48342 11.4833 8
      vertex 7.25712 23.9235 8
      vertex 4.87726 24.5196 8
    endloop
  endfacet
  facet normal 0.242947 0.97004 0
    outer loop
      vertex 2.34108 11.7694 28
      vertex 3.48342 11.4833 28
      vertex 2.34108 11.7694 8
    endloop
  endfacet
  facet normal 0.242947 0.97004 0
    outer loop
      vertex 3.48342 11.4833 28
      vertex 3.48342 11.4833 8
      vertex 2.34108 11.7694 8
    endloop
  endfacet
  facet normal 0 -0 -1
    outer loop
      vertex 5.46253 27.462 28
      vertex 8.12797 26.7943 28
      vertex 2.34108 11.7694 28
    endloop
  endfacet
  facet normal 0 0 -1
    outer loop
      vertex 8.12797 26.7943 28
      vertex 3.48342 11.4833 28
      vertex 2.34108 11.7694 28
    endloop
  endfacet
  facet normal 0.242995 0.970028 0
    outer loop
      vertex 5.46253 27.462 38
      vertex 8.12797 26.7943 38
      vertex 5.46253 27.462 28
    endloop
  endfacet
  facet normal 0.242995 0.970028 0
    outer loop
      vertex 8.12797 26.7943 38
      vertex 8.12797 26.7943 28
      vertex 5.46253 27.462 28
    endloop
  endfacet
  facet normal 0 0 1
    outer loop
      vertex -0 -0 38
      vertex 8.12797 26.7943 38
      vertex 5.46253 27.462 38
    endloop
  endfacet
  facet normal 0 -0 -1
    outer loop
      vertex 4.87726 24.5196 0
      vertex 7.25712 23.9235 0
      vertex -0 -0 0
    endloop
  endfacet
  facet normal 0.242971 0.970034 0
    outer loop
      vertex 4.87726 24.5196 8
      vertex 7.25712 23.9235 8
      vertex 4.87726 24.5196 0
    endloop
  endfacet
  facet normal 0.242971 0.970034 0
    outer loop
      vertex 7.25712 23.9235 8
      vertex 7.25712 23.9235 0
      vertex 4.87726 24.5196 0
    endloop
  endfacet
  facet normal -0 0 1
    outer loop
      vertex 3.48342 11.4833 8
      vertex 4.5922 11.0866 8
      vertex 7.25712 23.9235 8
    endloop
  endfacet
  facet normal 0 0 1
    outer loop
      vertex 4.5922 11.0866 8
      vertex 9.56709 23.097 8
      vertex 7.25712 23.9235 8
    endloop
  endfacet
  facet normal 0.336869 0.941552 0
    outer loop
      vertex 3.48342 11.4833 28
      vertex 4.5922 11.0866 28
      vertex 3.48342 11.4833 8
    endloop
  endfacet
  facet normal 0.336869 0.941552 0
    outer loop
      vertex 4.5922 11.0866 28
      vertex 4.5922 11.0866 8
      vertex 3.48342 11.4833 8
    endloop
  endfacet
  facet normal 0 -0 -1
    outer loop
      vertex 8.12797 26.7943 28
      vertex 10.7151 25.8686 28
      vertex 3.48342 11.4833 28
    endloop
  endfacet
  facet normal 0 0 -1
    outer loop
      vertex 10.7151 25.8686 28
      vertex 4.5922 11.0866 28
      vertex 3.48342 11.4833 28
    endloop
  endfacet
  facet normal 0.336893 0.941543 0
    outer loop
      vertex 8.12797 26.7943 38
      vertex 10.7151 25.8686 38
      vertex 8.12797 26.7943 28
    endloop
  endfacet
  facet normal 0.336893 0.941543 0
    outer loop
      vertex 10.7151 25.8686 38
      vertex 10.7151 25.8686 28
      vertex 8.12797 26.7943 28
    endloop
  endfacet
  facet normal 0 0 1
    outer loop
      vertex -0 -0 38
      vertex 10.7151 25.8686 38
      vertex 8.12797 26.7943 38
    endloop
  endfacet
  facet normal 0 -0 -1
    outer loop
      vertex 7.25712 23.9235 0
      vertex 9.56709 23.097 0
      vertex -0 -0 0
    endloop
  endfacet
  facet normal 0.336882 0.941547 0
    outer loop
      vertex 7.25712 23.9235 8
      vertex 9.56709 23.097 8
      vertex 7.25712 23.9235 0
    endloop
  endfacet
  facet normal 0.336882 0.941547 0
    outer loop
      vertex 9.56709 23.097 8
      vertex 9.56709 23.097 0
      vertex 7.25712 23.9235 0
    endloop
  endfacet
  facet normal -0 0 1
    outer loop
      vertex 4.5922 11.0866 8
      vertex 5.65676 10.5831 8
      vertex 9.56709 23.097 8
    endloop
  endfacet
  facet normal 0 0 1
    outer loop
      vertex 5.65676 10.5831 8
      vertex 11.7849 22.048 8
      vertex 9.56709 23.097 8
    endloop
  endfacet
  facet normal 0.427556 0.903989 0
    outer loop
      vertex 4.5922 11.0866 28
      vertex 5.65676 10.5831 28
      vertex 4.5922 11.0866 8
    endloop
  endfacet
  facet normal 0.427556 0.903989 0
    outer loop
      vertex 5.65676 10.5831 28
      vertex 5.65676 10.5831 8
      vertex 4.5922 11.0866 8
    endloop
  endfacet
  facet normal 0 -0 -1
    outer loop
      vertex 10.7151 25.8686 28
      vertex 13.1991 24.6938 28
      vertex 4.5922 11.0866 28
    endloop
  endfacet
  facet normal 0 0 -1
    outer loop
      vertex 13.1991 24.6938 28
      vertex 5.65676 10.5831 28
      vertex 4.5922 11.0866 28
    endloop
  endfacet
  facet normal 0.427542 0.903996 0
    outer loop
      vertex 10.7151 25.8686 38
      vertex 13.1991 24.6938 38
      vertex 10.7151 25.8686 28
    endloop
  endfacet
  facet normal 0.427542 0.903996 0
    outer loop
      vertex 13.1991 24.6938 38
      vertex 13.1991 24.6938 28
      vertex 10.7151 25.8686 28
    endloop
  endfacet
  facet normal 0 0 1
    outer loop
      vertex -0 -0 38
      vertex 13.1991 24.6938 38
      vertex 10.7151 25.8686 38
    endloop
  endfacet
  facet normal 0 -0 -1
    outer loop
      vertex 9.56709 23.097 0
      vertex 11.7849 22.048 0
      vertex -0 -0 0
    endloop
  endfacet
  facet normal 0.427573 0.903981 0
    outer loop
      vertex 9.56709 23.097 8
      vertex 11.7849 22.048 8
      vertex 9.56709 23.097 0
    endloop
  endfacet
  facet normal 0.427573 0.903981 0
    outer loop
      vertex 11.7849 22.048 8
      vertex 11.7849 22.048 0
      vertex 9.56709 23.097 0
    endloop
  endfacet
  facet normal -0 0 1
    outer loop
      vertex 5.65676 10.5831 8
      vertex 6.66684 9.97764 8
      vertex 11.7849 22.048 8
    endloop
  endfacet
  facet normal 0 0 1
    outer loop
      vertex 6.66684 9.97764 8
      vertex 13.8893 20.7867 8
      vertex 11.7849 22.048 8
    endloop
  endfacet
  facet normal 0.514129 0.857713 0
    outer loop
      vertex 5.65676 10.5831 28
      vertex 6.66684 9.97764 28
      vertex 5.65676 10.5831 8
    endloop
  endfacet
  facet normal 0.514129 0.857713 0
    outer loop
      vertex 6.66684 9.97764 28
      vertex 6.66684 9.97764 8
      vertex 5.65676 10.5831 8
    endloop
  endfacet
  facet normal 0 -0 -1
    outer loop
      vertex 13.1991 24.6938 28
      vertex 15.556 23.2811 28
      vertex 5.65676 10.5831 28
    endloop
  endfacet
  facet normal 0 0 -1
    outer loop
      vertex 15.556 23.2811 28
      vertex 6.66684 9.97764 28
      vertex 5.65676 10.5831 28
    endloop
  endfacet
  facet normal 0.51411 0.857724 0
    outer loop
      vertex 13.1991 24.6938 38
      vertex 15.556 23.2811 38
      vertex 13.1991 24.6938 28
    endloop
  endfacet
  facet normal 0.51411 0.857724 0
    outer loop
      vertex 15.556 23.2811 38
      vertex 15.556 23.2811 28
      vertex 13.1991 24.6938 28
    endloop
  endfacet
  facet normal 0 0 1
    outer loop
      vertex -0 -0 38
      vertex 15.556 23.2811 38
      vertex 13.1991 24.6938 38
    endloop
  endfacet
  facet normal 0 -0 -1
    outer loop
      vertex 11.7849 22.048 0
      vertex 13.8893 20.7867 0
      vertex -0 -0 0
    endloop
  endfacet
  facet normal 0.514094 0.857734 0
    outer loop
      vertex 11.7849 22.048 8
      vertex 13.8893 20.7867 8
      vertex 11.7849 22.048 0
    endloop
  endfacet
  facet normal 0.514094 0.857734 0
    outer loop
      vertex 13.8893 20.7867 8
      vertex 13.8893 20.7867 0
      vertex 11.7849 22.048 0
    endloop
  endfacet
  facet normal -0 0 1
    outer loop
      vertex 6.66684 9.97764 8
      vertex 7.61272 9.27613 8
      vertex 13.8893 20.7867 8
    endloop
  endfacet
  facet normal 0 0 1
    outer loop
      vertex 7.61272 9.27613 8
      vertex 15.8598 19.3253 8
      vertex 13.8893 20.7867 8
    endloop
  endfacet
  facet normal 0.595698 0.803209 0
    outer loop
      vertex 6.66684 9.97764 28
      vertex 7.61272 9.27613 28
      vertex 6.66684 9.97764 8
    endloop
  endfacet
  facet normal 0.595698 0.803209 0
    outer loop
      vertex 7.61272 9.27613 28
      vertex 7.61272 9.27613 8
      vertex 6.66684 9.97764 8
    endloop
  endfacet
  facet normal 0 -0 -1
    outer loop
      vertex 15.556 23.2811 28
      vertex 17.763 21.6443 28
      vertex 6.66684 9.97764 28
    endloop
  endfacet
  facet normal 0 0 -1
    outer loop
      vertex 17.763 21.6443 28
      vertex 7.61272 9.27613 28
      vertex 6.66684 9.97764 28
    endloop
  endfacet
  facet normal 0.595694 0.803211 0
    outer loop
      vertex 15.556 23.2811 38
      vertex 17.763 21.6443 38
      vertex 15.556 23.2811 28
    endloop
  endfacet
  facet normal 0.595694 0.803211 0
    outer loop
      vertex 17.763 21.6443 38
      vertex 17.763 21.6443 28
      vertex 15.556 23.2811 28
    endloop
  endfacet
  facet normal 0 0 1
    outer loop
      vertex -0 -0 38
      vertex 17.763 21.6443 38
      vertex 15.556 23.2811 38
    endloop
  endfacet
  facet normal 0 -0 -1
    outer loop
      vertex 13.8893 20.7867 0
      vertex 15.8598 19.3253 0
      vertex -0 -0 0
    endloop
  endfacet
  facet normal 0.595693 0.803212 0
    outer loop
      vertex 13.8893 20.7867 8
      vertex 15.8598 19.3253 8
      vertex 13.8893 20.7867 0
    endloop
  endfacet
  facet normal 0.595693 0.803212 0
    outer loop
      vertex 15.8598 19.3253 8
      vertex 15.8598 19.3253 0
      vertex 13.8893 20.7867 0
    endloop
  endfacet
  facet normal -0 0 1
    outer loop
      vertex 7.61272 9.27613 8
      vertex 8.48528 8.48528 8
      vertex 15.8598 19.3253 8
    endloop
  endfacet
  facet normal 0 0 1
    outer loop
      vertex 8.48528 8.48528 8
      vertex 17.6777 17.6777 8
      vertex 15.8598 19.3253 8
    endloop
  endfacet
  facet normal 0.671563 0.740948 0
    outer loop
      vertex 7.61272 9.27613 28
      vertex 8.48528 8.48528 28
      vertex 7.61272 9.27613 8
    endloop
  endfacet
  facet normal 0.671563 0.740948 0
    outer loop
      vertex 8.48528 8.48528 28
      vertex 8.48528 8.48528 8
      vertex 7.61272 9.27613 8
    endloop
  endfacet
  facet normal 0 -0 -1
    outer loop
      vertex 17.763 21.6443 28
      vertex 19.799 19.799 28
      vertex 7.61272 9.27613 28
    endloop
  endfacet
  facet normal 0 0 -1
    outer loop
      vertex 19.799 19.799 28
      vertex 8.48528 8.48528 28
      vertex 7.61272 9.27613 28
    endloop
  endfacet
  facet normal 0.671554 0.740955 0
    outer loop
      vertex 17.763 21.6443 38
      vertex 19.799 19.799 38
      vertex 17.763 21.6443 28
    endloop
  endfacet
  facet normal 0.671554 0.740955 0
    outer loop
      vertex 19.799 19.799 38
      vertex 19.799 19.799 28
      vertex 17.763 21.6443 28
    endloop
  endfacet
  facet normal 0 0 1
    outer loop
      vertex -0 -0 38
      vertex 19.799 19.799 38
      vertex 17.763 21.6443 38
    endloop
  endfacet
  facet normal 0 -0 -1
    outer loop
      vertex 15.8598 19.3253 0
      vertex 17.6777 17.6777 0
      vertex -0 -0 0
    endloop
  endfacet
  facet normal 0.671548 0.740961 0
    outer loop
      vertex 15.8598 19.3253 8
      vertex 17.6777 17.6777 8
      vertex 15.8598 19.3253 0
    endloop
  endfacet
  facet normal 0.671548 0.740961 0
    outer loop
      vertex 17.6777 17.6777 8
      vertex 17.6777 17.6777 0
      vertex 15.8598 19.3253 0
    endloop
  endfacet
  facet normal -0 0 1
    outer loop
      vertex 8.48528 8.48528 8
      vertex 9.27613 7.61272 8
      vertex 17.6777 17.6777 8
    endloop
  endfacet
  facet normal 0 0 1
    outer loop
      vertex 9.27613 7.61272 8
      vertex 19.3253 15.8598 8
      vertex 17.6777 17.6777 8
    endloop
  endfacet
  facet normal 0.740948 0.671563 0
    outer loop
      vertex 8.48528 8.48528 28
      vertex 9.27613 7.61272 28
      vertex 8.48528 8.48528 8
    endloop
  endfacet
  facet normal 0.740948 0.671563 0
    outer loop
      vertex 9.27613 7.61272 28
      vertex 9.27613 7.61272 8
      vertex 8.48528 8.48528 8
    endloop
  endfacet
  facet normal 0 -0 -1
    outer loop
      vertex 19.799 19.799 28
      vertex 21.6443 17.763 28
      vertex 8.48528 8.48528 28
    endloop
  endfacet
  facet normal 0 0 -1
    outer loop
      vertex 21.6443 17.763 28
      vertex 9.27613 7.61272 28
      vertex 8.48528 8.48528 28
    endloop
  endfacet
  facet normal 0.740955 0.671554 0
    outer loop
      vertex 19.799 19.799 38
      vertex 21.6443 17.763 38
      vertex 19.799 19.799 28
    endloop
  endfacet
  facet normal 0.740955 0.671554 0
    outer loop
      vertex 21.6443 17.763 38
      vertex 21.6443 17.763 28
      vertex 19.799 19.799 28
    endloop
  endfacet
  facet normal 0 0 1
    outer loop
      vertex -0 -0 38
      vertex 21.6443 17.763 38
      vertex 19.799 19.799 38
    endloop
  endfacet
  facet normal 0 -0 -1
    outer loop
      vertex 17.6777 17.6777 0
      vertex 19.3253 15.8598 0
      vertex -0 -0 0
    endloop
  endfacet
  facet normal 0.740961 0.671548 0
    outer loop
      vertex 17.6777 17.6777 8
      vertex 19.3253 15.8598 8
      vertex 17.6777 17.6777 0
    endloop
  endfacet
  facet normal 0.740961 0.671548 0
    outer loop
      vertex 19.3253 15.8598 8
      vertex 19.3253 15.8598 0
      vertex 17.6777 17.6777 0
    endloop
  endfacet
  facet normal -0 0 1
    outer loop
      vertex 9.27613 7.61272 8
      vertex 9.97764 6.66684 8
      vertex 19.3253 15.8598 8
    endloop
  endfacet
  facet normal 0 0 1
    outer loop
      vertex 9.97764 6.66684 8
      vertex 20.7867 13.8893 8
      vertex 19.3253 15.8598 8
    endloop
  endfacet
  facet normal 0.803209 0.595698 0
    outer loop
      vertex 9.27613 7.61272 28
      vertex 9.97764 6.66684 28
      vertex 9.27613 7.61272 8
    endloop
  endfacet
  facet normal 0.803209 0.595698 0
    outer loop
      vertex 9.97764 6.66684 28
      vertex 9.97764 6.66684 8
      vertex 9.27613 7.61272 8
    endloop
  endfacet
  facet normal 0 -0 -1
    outer loop
      vertex 21.6443 17.763 28
      vertex 23.2811 15.556 28
      vertex 9.27613 7.61272 28
    endloop
  endfacet
  facet normal 0 0 -1
    outer loop
      vertex 23.2811 15.556 28
      vertex 9.97764 6.66684 28
      vertex 9.27613 7.61272 28
    endloop
  endfacet
  facet normal 0.803211 0.595694 0
    outer loop
      vertex 21.6443 17.763 38
      vertex 23.2811 15.556 38
      vertex 21.6443 17.763 28
    endloop
  endfacet
  facet normal 0.803211 0.595694 0
    outer loop
      vertex 23.2811 15.556 38
      vertex 23.2811 15.556 28
      vertex 21.6443 17.763 28
    endloop
  endfacet
  facet normal 0 0 1
    outer loop
      vertex -0 -0 38
      vertex 23.2811 15.556 38
      vertex 21.6443 17.763 38
    endloop
  endfacet
  facet normal 0 -0 -1
    outer loop
      vertex 19.3253 15.8598 0
      vertex 20.7867 13.8893 0
      vertex -0 -0 0
    endloop
  endfacet
  facet normal 0.803212 0.595693 0
    outer loop
      vertex 19.3253 15.8598 8
      vertex 20.7867 13.8893 8
      vertex 19.3253 15.8598 0
    endloop
  endfacet
  facet normal 0.803212 0.595693 0
    outer loop
      vertex 20.7867 13.8893 8
      vertex 20.7867 13.8893 0
      vertex 19.3253 15.8598 0
    endloop
  endfacet
  facet normal -0 0 1
    outer loop
      vertex 9.97764 6.66684 8
      vertex 10.5831 5.65676 8
      vertex 20.7867 13.8893 8
    endloop
  endfacet
  facet normal 0 0 1
    outer loop
      vertex 10.5831 5.65676 8
      vertex 22.048 11.7849 8
      vertex 20.7867 13.8893 8
    endloop
  endfacet
  facet normal 0.857713 0.514129 0
    outer loop
      vertex 9.97764 6.66684 28
      vertex 10.5831 5.65676 28
      vertex 9.97764 6.66684 8
    endloop
  endfacet
  facet normal 0.857713 0.514129 0
    outer loop
      vertex 10.5831 5.65676 28
      vertex 10.5831 5.65676 8
      vertex 9.97764 6.66684 8
    endloop
  endfacet
  facet normal 0 -0 -1
    outer loop
      vertex 23.2811 15.556 28
      vertex 24.6938 13.1991 28
      vertex 9.97764 6.66684 28
    endloop
  endfacet
  facet normal 0 0 -1
    outer loop
      vertex 24.6938 13.1991 28
      vertex 10.5831 5.65676 28
      vertex 9.97764 6.66684 28
    endloop
  endfacet
  facet normal 0.857724 0.51411 0
    outer loop
      vertex 23.2811 15.556 38
      vertex 24.6938 13.1991 38
      vertex 23.2811 15.556 28
    endloop
  endfacet
  facet normal 0.857724 0.51411 0
    outer loop
      vertex 24.6938 13.1991 38
      vertex 24.6938 13.1991 28
      vertex 23.2811 15.556 28
    endloop
  endfacet
  facet normal 0 0 1
    outer loop
      vertex -0 -0 38
      vertex 24.6938 13.1991 38
      vertex 23.2811 15.556 38
    endloop
  endfacet
  facet normal 0 -0 -1
    outer loop
      vertex 20.7867 13.8893 0
      vertex 22.048 11.7849 0
      vertex -0 -0 0
    endloop
  endfacet
  facet normal 0.857734 0.514094 0
    outer loop
      vertex 20.7867 13.8893 8
      vertex 22.048 11.7849 8
      vertex 20.7867 13.8893 0
    endloop
  endfacet
  facet normal 0.857734 0.514094 0
    outer loop
      vertex 22.048 11.7849 8
      vertex 22.048 11.7849 0
      vertex 20.7867 13.8893 0
    endloop
  endfacet
  facet normal -0 0 1
    outer loop
      vertex 10.5831 5.65676 8
      vertex 11.0866 4.5922 8
      vertex 22.048 11.7849 8
    endloop
  endfacet
  facet normal 0 0 1
    outer loop
      vertex 11.0866 4.5922 8
      vertex 23.097 9.56709 8
      vertex 22.048 11.7849 8
    endloop
  endfacet
  facet normal 0.903989 0.427556 0
    outer loop
      vertex 10.5831 5.65676 28
      vertex 11.0866 4.5922 28
      vertex 10.5831 5.65676 8
    endloop
  endfacet
  facet normal 0.903989 0.427556 0
    outer loop
      vertex 11.0866 4.5922 28
      vertex 11.0866 4.5922 8
      vertex 10.5831 5.65676 8
    endloop
  endfacet
  facet normal 0 -0 -1
    outer loop
      vertex 24.6938 13.1991 28
      vertex 25.8686 10.7151 28
      vertex 10.5831 5.65676 28
    endloop
  endfacet
  facet normal 0 0 -1
    outer loop
      vertex 25.8686 10.7151 28
      vertex 11.0866 4.5922 28
      vertex 10.5831 5.65676 28
    endloop
  endfacet
  facet normal 0.903996 0.427542 0
    outer loop
      vertex 24.6938 13.1991 38
      vertex 25.8686 10.7151 38
      vertex 24.6938 13.1991 28
    endloop
  endfacet
  facet normal 0.903996 0.427542 0
    outer loop
      vertex 25.8686 10.7151 38
      vertex 25.8686 10.7151 28
      vertex 24.6938 13.1991 28
    endloop
  endfacet
  facet normal 0 0 1
    outer loop
      vertex -0 -0 38
      vertex 25.8686 10.7151 38
      vertex 24.6938 13.1991 38
    endloop
  endfacet
  facet normal 0 -0 -1
    outer loop
      vertex 22.048 11.7849 0
      vertex 23.097 9.56709 0
      vertex -0 -0 0
    endloop
  endfacet
  facet normal 0.903981 0.427573 0
    outer loop
      vertex 22.048 11.7849 8
      vertex 23.097 9.56709 8
      vertex 22.048 11.7849 0
    endloop
  endfacet
  facet normal 0.903981 0.427573 0
    outer loop
      vertex 23.097 9.56709 8
      vertex 23.097 9.56709 0
      vertex 22.048 11.7849 0
    endloop
  endfacet
  facet normal -0 0 1
    outer loop
      vertex 11.0866 4.5922 8
      vertex 11.4833 3.48342 8
      vertex 23.097 9.56709 8
    endloop
  endfacet
  facet normal 0 0 1
    outer loop
      vertex 11.4833 3.48342 8
      vertex 23.9235 7.25712 8
      vertex 23.097 9.56709 8
    endloop
  endfacet
  facet normal 0.941552 0.336869 0
    outer loop
      vertex 11.0866 4.5922 28
      vertex 11.4833 3.48342 28
      vertex 11.0866 4.5922 8
    endloop
  endfacet
  facet normal 0.941552 0.336869 0
    outer loop
      vertex 11.4833 3.48342 28
      vertex 11.4833 3.48342 8
      vertex 11.0866 4.5922 8
    endloop
  endfacet
  facet normal 0 -0 -1
    outer loop
      vertex 25.8686 10.7151 28
      vertex 26.7943 8.12797 28
      vertex 11.0866 4.5922 28
    endloop
  endfacet
  facet normal 0 0 -1
    outer loop
      vertex 26.7943 8.12797 28
      vertex 11.4833 3.48342 28
      vertex 11.0866 4.5922 28
    endloop
  endfacet
  facet normal 0.941543 0.336893 0
    outer loop
      vertex 25.8686 10.7151 38
      vertex 26.7943 8.12797 38
      vertex 25.8686 10.7151 28
    endloop
  endfacet
  facet normal 0.941543 0.336893 0
    outer loop
      vertex 26.7943 8.12797 38
      vertex 26.7943 8.12797 28
      vertex 25.8686 10.7151 28
    endloop
  endfacet
  facet normal 0 0 1
    outer loop
      vertex -0 -0 38
      vertex 26.7943 8.12797 38
      vertex 25.8686 10.7151 38
    endloop
  endfacet
  facet normal 0 -0 -1
    outer loop
      vertex 23.097 9.56709 0
      vertex 23.9235 7.25712 0
      vertex -0 -0 0
    endloop
  endfacet
  facet normal 0.941547 0.336882 0
    outer loop
      vertex 23.097 9.56709 8
      vertex 23.9235 7.25712 8
      vertex 23.097 9.56709 0
    endloop
  endfacet
  facet normal 0.941547 0.336882 0
    outer loop
      vertex 23.9235 7.25712 8
      vertex 23.9235 7.25712 0
      vertex 23.097 9.56709 0
    endloop
  endfacet
  facet normal -0 0 1
    outer loop
      vertex 11.4833 3.48342 8
      vertex 11.7694 2.34108 8
      vertex 23.9235 7.25712 8
    endloop
  endfacet
  facet normal 0 0 1
    outer loop
      vertex 11.7694 2.34108 8
      vertex 24.5196 4.87726 8
      vertex 23.9235 7.25712 8
    endloop
  endfacet
  facet normal 0.97004 0.242947 0
    outer loop
      vertex 11.4833 3.48342 28
      vertex 11.7694 2.34108 28
      vertex 11.4833 3.48342 8
    endloop
  endfacet
  facet normal 0.97004 0.242947 0
    outer loop
      vertex 11.7694 2.34108 28
      vertex 11.7694 2.34108 8
      vertex 11.4833 3.48342 8
    endloop
  endfacet
  facet normal 0 -0 -1
    outer loop
      vertex 26.7943 8.12797 28
      vertex 27.462 5.46253 28
      vertex 11.4833 3.48342 28
    endloop
  endfacet
  facet normal 0 0 -1
    outer loop
      vertex 27.462 5.46253 28
      vertex 11.7694 2.34108 28
      vertex 11.4833 3.48342 28
    endloop
  endfacet
  facet normal 0.970028 0.242995 0
    outer loop
      vertex 26.7943 8.12797 38
      vertex 27.462 5.46253 38
      vertex 26.7943 8.12797 28
    endloop
  endfacet
  facet normal 0.970028 0.242995 0
    outer loop
      vertex 27.462 5.46253 38
      vertex 27.462 5.46253 28
      vertex 26.7943 8.12797 28
    endloop
  endfacet
  facet normal 0 0 1
    outer loop
      vertex -0 -0 38
      vertex 27.462 5.46253 38
      vertex 26.7943 8.12797 38
    endloop
  endfacet
  facet normal 0 -0 -1
    outer loop
      vertex 23.9235 7.25712 0
      vertex 24.5196 4.87726 0
      vertex -0 -0 0
    endloop
  endfacet
  facet normal 0.970034 0.242971 0
    outer loop
      vertex 23.9235 7.25712 8
      vertex 24.5196 4.87726 8
      vertex 23.9235 7.25712 0
    endloop
  endfacet
  facet normal 0.970034 0.242971 0
    outer loop
      vertex 24.5196 4.87726 8
      vertex 24.5196 4.87726 0
      vertex 23.9235 7.25712 0
    endloop
  endfacet
  facet normal -0 0 1
    outer loop
      vertex 11.7694 2.34108 8
      vertex 11.9422 1.17621 8
      vertex 24.5196 4.87726 8
    endloop
  endfacet
  facet normal 0 0 1
    outer loop
      vertex 11.9422 1.17621 8
      vertex 24.8796 2.45043 8
      vertex 24.5196 4.87726 8
    endloop
  endfacet
  facet normal 0.989176 0.146737 0
    outer loop
      vertex 11.7694 2.34108 28
      vertex 11.9422 1.17621 28
      vertex 11.7694 2.34108 8
    endloop
  endfacet
  facet normal 0.989176 0.146737 0
    outer loop
      vertex 11.9422 1.17621 28
      vertex 11.9422 1.17621 8
      vertex 11.7694 2.34108 8
    endloop
  endfacet
  facet normal 0 -0 -1
    outer loop
      vertex 27.462 5.46253 28
      vertex 27.8652 2.74448 28
      vertex 11.7694 2.34108 28
    endloop
  endfacet
  facet normal 0 0 -1
    outer loop
      vertex 27.8652 2.74448 28
      vertex 11.9422 1.17621 28
      vertex 11.7694 2.34108 28
    endloop
  endfacet
  facet normal 0.989176 0.146736 0
    outer loop
      vertex 27.462 5.46253 38
      vertex 27.8652 2.74448 38
      vertex 27.462 5.46253 28
    endloop
  endfacet
  facet normal 0.989176 0.146736 0
    outer loop
      vertex 27.8652 2.74448 38
      vertex 27.8652 2.74448 28
      vertex 27.462 5.46253 28
    endloop
  endfacet
  facet normal 0 0 1
    outer loop
      vertex -0 -0 38
      vertex 27.8652 2.74448 38
      vertex 27.462 5.46253 38
    endloop
  endfacet
  facet normal 0 -0 -1
    outer loop
      vertex 24.5196 4.87726 0
      vertex 24.8796 2.45043 0
      vertex -0 -0 0
    endloop
  endfacet
  facet normal 0.989176 0.146736 0
    outer loop
      vertex 24.5196 4.87726 8
      vertex 24.8796 2.45043 8
      vertex 24.5196 4.87726 0
    endloop
  endfacet
  facet normal 0.989176 0.146736 0
    outer loop
      vertex 24.8796 2.45043 8
      vertex 24.8796 2.45043 0
      vertex 24.5196 4.87726 0
    endloop
  endfacet
  facet normal -0 0 1
    outer loop
      vertex 11.9422 1.17621 8
      vertex 12 0 8
      vertex 24.8796 2.45043 8
    endloop
  endfacet
  facet normal 0 0 1
    outer loop
      vertex 12 0 8
      vertex 25 0 8
      vertex 24.8796 2.45043 8
    endloop
  endfacet
  facet normal 0.998795 0.0490817 0
    outer loop
      vertex 11.9422 1.17621 28
      vertex 12 0 28
      vertex 11.9422 1.17621 8
    endloop
  endfacet
  facet normal 0.998795 0.0490817 0
    outer loop
      vertex 12 0 28
      vertex 12 0 8
      vertex 11.9422 1.17621 8
    endloop
  endfacet
  facet normal 0 -0 -1
    outer loop
      vertex 27.8652 2.74448 28
      vertex 28 0 28
      vertex 11.9422 1.17621 28
    endloop
  endfacet
  facet normal 0 0 -1
    outer loop
      vertex 28 0 28
      vertex 12 0 28
      vertex 11.9422 1.17621 28
    endloop
  endfacet
  facet normal 0.998796 0.0490576 0
    outer loop
      vertex 27.8652 2.74448 38
      vertex 28 0 38
      vertex 27.8652 2.74448 28
    endloop
  endfacet
  facet normal 0.998796 0.0490576 0
    outer loop
      vertex 28 0 38
      vertex 28 0 28
      vertex 27.8652 2.74448 28
    endloop
  endfacet
  facet normal 0 0 1
    outer loop
      vertex -0 -0 38
      vertex 28 0 38
      vertex 27.8652 2.74448 38
    endloop
  endfacet
  facet normal 0 -0 -1
    outer loop
      vertex 24.8796 2.45043 0
      vertex 25 0 0
      vertex -0 -0 0
    endloop
  endfacet
  facet normal 0.998795 0.049075 0
    outer loop
      vertex 24.8796 2.45043 8
      vertex 25 0 8
      vertex 24.8796 2.45043 0
    endloop
  endfacet
  facet normal 0.998795 0.049075 0
    outer loop
      vertex 25 0 8
      vertex 25 0 0
      vertex 24.8796 2.45043 0
    endloop
  endfacet
  facet normal -0 0 1
    outer loop
      vertex 12 0 8
      vertex 11.9422 -1.17621 8
      vertex 25 0 8
    endloop
  endfacet
  facet normal -0 0 1
    outer loop
      vertex 11.9422 -1.17621 8
      vertex 24.8796 -2.45043 8
      vertex 25 0 8
    endloop
  endfacet
  facet normal 0.998795 -0.0490817 0
    outer loop
      vertex 12 0 28
      vertex 11.9422 -1.17621 28
      vertex 12 0 8
    endloop
  endfacet
  facet normal 0.998795 -0.0490817 0
    outer loop
      vertex 11.9422 -1.17621 28
      vertex 11.9422 -1.17621 8
      vertex 12 0 8
    endloop
  endfacet
  facet normal -0 0 -1
    outer loop
      vertex 28 0 28
      vertex 27.8652 -2.74448 28
      vertex 12 0 28
    endloop
  endfacet
  facet normal 0 0 -1
    outer loop
      vertex 27.8652 -2.74448 28
      vertex 11.9422 -1.17621 28
      vertex 12 0 28
    endloop
  endfacet
  facet normal 0.998796 -0.0490576 0
    outer loop
      vertex 28 0 38
      vertex 27.8652 -2.74448 38
      vertex 28 0 28
    endloop
  endfacet
  facet normal 0.998796 -0.0490576 0
    outer loop
      vertex 27.8652 -2.74448 38
      vertex 27.8652 -2.74448 28
      vertex 28 0 28
    endloop
  endfacet
  facet normal -0 0 1
    outer loop
      vertex -0 -0 38
      vertex 27.8652 -2.74448 38
      vertex 28 0 38
    endloop
  endfacet
  facet normal 0 0 -1
    outer loop
      vertex 25 0 0
      vertex 24.8796 -2.45043 0
      vertex -0 -0 0
    endloop
  endfacet
  facet normal 0.998795 -0.049075 0
    outer loop
      vertex 25 0 8
      vertex 24.8796 -2.45043 8
      vertex 25 0 0
    endloop
  endfacet
  facet normal 0.998795 -0.049075 0
    outer loop
      vertex 24.8796 -2.45043 8
      vertex 24.8796 -2.45043 0
      vertex 25 0 0
    endloop
  endfacet
  facet normal 0 0 1
    outer loop
      vertex 11.9422 -1.17621 8
      vertex 11.7694 -2.34108 8
      vertex 24.8796 -2.45043 8
    endloop
  endfacet
  facet normal 0 0 1
    outer loop
      vertex 11.7694 -2.34108 8
      vertex 24.5196 -4.87726 8
      vertex 24.8796 -2.45043 8
    endloop
  endfacet
  facet normal 0.989176 -0.146737 0
    outer loop
      vertex 11.9422 -1.17621 28
      vertex 11.7694 -2.34108 28
      vertex 11.9422 -1.17621 8
    endloop
  endfacet
  facet normal 0.989176 -0.146737 0
    outer loop
      vertex 11.7694 -2.34108 28
      vertex 11.7694 -2.34108 8
      vertex 11.9422 -1.17621 8
    endloop
  endfacet
  facet normal -0 0 -1
    outer loop
      vertex 27.8652 -2.74448 28
      vertex 27.462 -5.46253 28
      vertex 11.9422 -1.17621 28
    endloop
  endfacet
  facet normal 0 0 -1
    outer loop
      vertex 27.462 -5.46253 28
      vertex 11.7694 -2.34108 28
      vertex 11.9422 -1.17621 28
    endloop
  endfacet
  facet normal 0.989176 -0.146736 0
    outer loop
      vertex 27.8652 -2.74448 38
      vertex 27.462 -5.46253 38
      vertex 27.8652 -2.74448 28
    endloop
  endfacet
  facet normal 0.989176 -0.146736 0
    outer loop
      vertex 27.462 -5.46253 38
      vertex 27.462 -5.46253 28
      vertex 27.8652 -2.74448 28
    endloop
  endfacet
  facet normal 0 0 1
    outer loop
      vertex -0 -0 38
      vertex 27.462 -5.46253 38
      vertex 27.8652 -2.74448 38
    endloop
  endfacet
  facet normal -0 0 -1
    outer loop
      vertex 24.8796 -2.45043 0
      vertex 24.5196 -4.87726 0
      vertex -0 -0 0
    endloop
  endfacet
  facet normal 0.989176 -0.146736 0
    outer loop
      vertex 24.8796 -2.45043 8
      vertex 24.5196 -4.87726 8
      vertex 24.8796 -2.45043 0
    endloop
  endfacet
  facet normal 0.989176 -0.146736 0
    outer loop
      vertex 24.5196 -4.87726 8
      vertex 24.5196 -4.87726 0
      vertex 24.8796 -2.45043 0
    endloop
  endfacet
  facet normal 0 0 1
    outer loop
      vertex 11.7694 -2.34108 8
      vertex 11.4833 -3.48342 8
      vertex 24.5196 -4.87726 8
    endloop
  endfacet
  facet normal 0 0 1
    outer loop
      vertex 11.4833 -3.48342 8
      vertex 23.9235 -7.25712 8
      vertex 24.5196 -4.87726 8
    endloop
  endfacet
  facet normal 0.97004 -0.242947 0
    outer loop
      vertex 11.7694 -2.34108 28
      vertex 11.4833 -3.48342 28
      vertex 11.7694 -2.34108 8
    endloop
  endfacet
  facet normal 0.97004 -0.242947 0
    outer loop
      vertex 11.4833 -3.48342 28
      vertex 11.4833 -3.48342 8
      vertex 11.7694 -2.34108 8
    endloop
  endfacet
  facet normal -0 0 -1
    outer loop
      vertex 27.462 -5.46253 28
      vertex 26.7943 -8.12797 28
      vertex 11.7694 -2.34108 28
    endloop
  endfacet
  facet normal 0 0 -1
    outer loop
      vertex 26.7943 -8.12797 28
      vertex 11.4833 -3.48342 28
      vertex 11.7694 -2.34108 28
    endloop
  endfacet
  facet normal 0.970028 -0.242995 0
    outer loop
      vertex 27.462 -5.46253 38
      vertex 26.7943 -8.12797 38
      vertex 27.462 -5.46253 28
    endloop
  endfacet
  facet normal 0.970028 -0.242995 0
    outer loop
      vertex 26.7943 -8.12797 38
      vertex 26.7943 -8.12797 28
      vertex 27.462 -5.46253 28
    endloop
  endfacet
  facet normal 0 0 1
    outer loop
      vertex -0 -0 38
      vertex 26.7943 -8.12797 38
      vertex 27.462 -5.46253 38
    endloop
  endfacet
  facet normal -0 0 -1
    outer loop
      vertex 24.5196 -4.87726 0
      vertex 23.9235 -7.25712 0
      vertex -0 -0 0
    endloop
  endfacet
  facet normal 0.970034 -0.242971 0
    outer loop
      vertex 24.5196 -4.87726 8
      vertex 23.9235 -7.25712 8
      vertex 24.5196 -4.87726 0
    endloop
  endfacet
  facet normal 0.970034 -0.242971 0
    outer loop
      vertex 23.9235 -7.25712 8
      vertex 23.9235 -7.25712 0
      vertex 24.5196 -4.87726 0
    endloop
  endfacet
  facet normal 0 0 1
    outer loop
      vertex 11.4833 -3.48342 8
      vertex 11.0866 -4.5922 8
      vertex 23.9235 -7.25712 8
    endloop
  endfacet
  facet normal 0 0 1
    outer loop
      vertex 11.0866 -4.5922 8
      vertex 23.097 -9.56709 8
      vertex 23.9235 -7.25712 8
    endloop
  endfacet
  facet normal 0.941552 -0.336869 0
    outer loop
      vertex 11.4833 -3.48342 28
      vertex 11.0866 -4.5922 28
      vertex 11.4833 -3.48342 8
    endloop
  endfacet
  facet normal 0.941552 -0.336869 0
    outer loop
      vertex 11.0866 -4.5922 28
      vertex 11.0866 -4.5922 8
      vertex 11.4833 -3.48342 8
    endloop
  endfacet
  facet normal -0 0 -1
    outer loop
      vertex 26.7943 -8.12797 28
      vertex 25.8686 -10.7151 28
      vertex 11.4833 -3.48342 28
    endloop
  endfacet
  facet normal 0 0 -1
    outer loop
      vertex 25.8686 -10.7151 28
      vertex 11.0866 -4.5922 28
      vertex 11.4833 -3.48342 28
    endloop
  endfacet
  facet normal 0.941543 -0.336893 0
    outer loop
      vertex 26.7943 -8.12797 38
      vertex 25.8686 -10.7151 38
      vertex 26.7943 -8.12797 28
    endloop
  endfacet
  facet normal 0.941543 -0.336893 0
    outer loop
      vertex 25.8686 -10.7151 38
      vertex 25.8686 -10.7151 28
      vertex 26.7943 -8.12797 28
    endloop
  endfacet
  facet normal 0 0 1
    outer loop
      vertex -0 -0 38
      vertex 25.8686 -10.7151 38
      vertex 26.7943 -8.12797 38
    endloop
  endfacet
  facet normal -0 0 -1
    outer loop
      vertex 23.9235 -7.25712 0
      vertex 23.097 -9.56709 0
      vertex -0 -0 0
    endloop
  endfacet
  facet normal 0.941547 -0.336882 0
    outer loop
      vertex 23.9235 -7.25712 8
      vertex 23.097 -9.56709 8
      vertex 23.9235 -7.25712 0
    endloop
  endfacet
  facet normal 0.941547 -0.336882 0
    outer loop
      vertex 23.097 -9.56709 8
      vertex 23.097 -9.56709 0
      vertex 23.9235 -7.25712 0
    endloop
  endfacet
  facet normal 0 0 1
    outer loop
      vertex 11.0866 -4.5922 8
      vertex 10.5831 -5.65676 8
      vertex 23.097 -9.56709 8
    endloop
  endfacet
  facet normal 0 0 1
    outer loop
      vertex 10.5831 -5.65676 8
      vertex 22.048 -11.7849 8
      vertex 23.097 -9.56709 8
    endloop
  endfacet
  facet normal 0.903989 -0.427556 0
    outer loop
      vertex 11.0866 -4.5922 28
      vertex 10.5831 -5.65676 28
      vertex 11.0866 -4.5922 8
    endloop
  endfacet
  facet normal 0.903989 -0.427556 0
    outer loop
      vertex 10.5831 -5.65676 28
      vertex 10.5831 -5.65676 8
      vertex 11.0866 -4.5922 8
    endloop
  endfacet
  facet normal -0 0 -1
    outer loop
      vertex 25.8686 -10.7151 28
      vertex 24.6938 -13.1991 28
      vertex 11.0866 -4.5922 28
    endloop
  endfacet
  facet normal 0 0 -1
    outer loop
      vertex 24.6938 -13.1991 28
      vertex 10.5831 -5.65676 28
      vertex 11.0866 -4.5922 28
    endloop
  endfacet
  facet normal 0.903996 -0.427542 0
    outer loop
      vertex 25.8686 -10.7151 38
      vertex 24.6938 -13.1991 38
      vertex 25.8686 -10.7151 28
    endloop
  endfacet
  facet normal 0.903996 -0.427542 0
    outer loop
      vertex 24.6938 -13.1991 38
      vertex 24.6938 -13.1991 28
      vertex 25.8686 -10.7151 28
    endloop
  endfacet
  facet normal 0 0 1
    outer loop
      vertex -0 -0 38
      vertex 24.6938 -13.1991 38
      vertex 25.8686 -10.7151 38
    endloop
  endfacet
  facet normal -0 0 -1
    outer loop
      vertex 23.097 -9.56709 0
      vertex 22.048 -11.7849 0
      vertex -0 -0 0
    endloop
  endfacet
  facet normal 0.903981 -0.427573 0
    outer loop
      vertex 23.097 -9.56709 8
      vertex 22.048 -11.7849 8
      vertex 23.097 -9.56709 0
    endloop
  endfacet
  facet normal 0.903981 -0.427573 0
    outer loop
      vertex 22.048 -11.7849 8
      vertex 22.048 -11.7849 0
      vertex 23.097 -9.56709 0
    endloop
  endfacet
  facet normal 0 0 1
    outer loop
      vertex 10.5831 -5.65676 8
      vertex 9.97764 -6.66684 8
      vertex 22.048 -11.7849 8
    endloop
  endfacet
  facet normal 0 0 1
    outer loop
      vertex 9.97764 -6.66684 8
      vertex 20.7867 -13.8893 8
      vertex 22.048 -11.7849 8
    endloop
  endfacet
  facet normal 0.857713 -0.514129 0
    outer loop
      vertex 10.5831 -5.65676 28
      vertex 9.97764 -6.66684 28
      vertex 10.5831 -5.65676 8
    endloop
  endfacet
  facet normal 0.857713 -0.514129 0
    outer loop
      vertex 9.97764 -6.66684 28
      vertex 9.97764 -6.66684 8
      vertex 10.5831 -5.65676 8
    endloop
  endfacet
  facet normal -0 0 -1
    outer loop
      vertex 24.6938 -13.1991 28
      vertex 23.2811 -15.556 28
      vertex 10.5831 -5.65676 28
    endloop
  endfacet
  facet normal 0 0 -1
    outer loop
      vertex 23.2811 -15.556 28
      vertex 9.97764 -6.66684 28
      vertex 10.5831 -5.65676 28
    endloop
  endfacet
  facet normal 0.857724 -0.51411 0
    outer loop
      vertex 24.6938 -13.1991 38
      vertex 23.2811 -15.556 38
      vertex 24.6938 -13.1991 28
    endloop
  endfacet
  facet normal 0.857724 -0.51411 0
    outer loop
      vertex 23.2811 -15.556 38
      vertex 23.2811 -15.556 28
      vertex 24.6938 -13.1991 28
    endloop
  endfacet
  facet normal 0 0 1
    outer loop
      vertex -0 -0 38
      vertex 23.2811 -15.556 38
      vertex 24.6938 -13.1991 38
    endloop
  endfacet
  facet normal -0 0 -1
    outer loop
      vertex 22.048 -11.7849 0
      vertex 20.7867 -13.8893 0
      vertex -0 -0 0
    endloop
  endfacet
  facet normal 0.857734 -0.514094 0
    outer loop
      vertex 22.048 -11.7849 8
      vertex 20.7867 -13.8893 8
      vertex 22.048 -11.7849 0
    endloop
  endfacet
  facet normal 0.857734 -0.514094 0
    outer loop
      vertex 20.7867 -13.8893 8
      vertex 20.7867 -13.8893 0
      vertex 22.048 -11.7849 0
    endloop
  endfacet
  facet normal 0 0 1
    outer loop
      vertex 9.97764 -6.66684 8
      vertex 9.27613 -7.61272 8
      vertex 20.7867 -13.8893 8
    endloop
  endfacet
  facet normal 0 0 1
    outer loop
      vertex 9.27613 -7.61272 8
      vertex 19.3253 -15.8598 8
      vertex 20.7867 -13.8893 8
    endloop
  endfacet
  facet normal 0.803209 -0.595698 0
    outer loop
      vertex 9.97764 -6.66684 28
      vertex 9.27613 -7.61272 28
      vertex 9.97764 -6.66684 8
    endloop
  endfacet
  facet normal 0.803209 -0.595698 0
    outer loop
      vertex 9.27613 -7.61272 28
      vertex 9.27613 -7.61272 8
      vertex 9.97764 -6.66684 8
    endloop
  endfacet
  facet normal -0 0 -1
    outer loop
      vertex 23.2811 -15.556 28
      vertex 21.6443 -17.763 28
      vertex 9.97764 -6.66684 28
    endloop
  endfacet
  facet normal 0 0 -1
    outer loop
      vertex 21.6443 -17.763 28
      vertex 9.27613 -7.61272 28
      vertex 9.97764 -6.66684 28
    endloop
  endfacet
  facet normal 0.803211 -0.595694 0
    outer loop
      vertex 23.2811 -15.556 38
      vertex 21.6443 -17.763 38
      vertex 23.2811 -15.556 28
    endloop
  endfacet
  facet normal 0.803211 -0.595694 0
    outer loop
      vertex 21.6443 -17.763 38
      vertex 21.6443 -17.763 28
      vertex 23.2811 -15.556 28
    endloop
  endfacet
  facet normal 0 0 1
    outer loop
      vertex -0 -0 38
      vertex 21.6443 -17.763 38
      vertex 23.2811 -15.556 38
    endloop
  endfacet
  facet normal -0 0 -1
    outer loop
      vertex 20.7867 -13.8893 0
      vertex 19.3253 -15.8598 0
      vertex -0 -0 0
    endloop
  endfacet
  facet normal 0.803212 -0.595693 0
    outer loop
      vertex 20.7867 -13.8893 8
      vertex 19.3253 -15.8598 8
      vertex 20.7867 -13.8893 0
    endloop
  endfacet
  facet normal 0.803212 -0.595693 0
    outer loop
      vertex 19.3253 -15.8598 8
      vertex 19.3253 -15.8598 0
      vertex 20.7867 -13.8893 0
    endloop
  endfacet
  facet normal 0 0 1
    outer loop
      vertex 9.27613 -7.61272 8
      vertex 8.48528 -8.48528 8
      vertex 19.3253 -15.8598 8
    endloop
  endfacet
  facet normal 0 0 1
    outer loop
      vertex 8.48528 -8.48528 8
      vertex 17.6777 -17.6777 8
      vertex 19.3253 -15.8598 8
    endloop
  endfacet
  facet normal 0.740948 -0.671563 0
    outer loop
      vertex 9.27613 -7.61272 28
      vertex 8.48528 -8.48528 28
      vertex 9.27613 -7.61272 8
    endloop
  endfacet
  facet normal 0.740948 -0.671563 0
    outer loop
      vertex 8.48528 -8.48528 28
      vertex 8.48528 -8.48528 8
      vertex 9.27613 -7.61272 8
    endloop
  endfacet
  facet normal -0 0 -1
    outer loop
      vertex 21.6443 -17.763 28
      vertex 19.799 -19.799 28
      vertex 9.27613 -7.61272 28
    endloop
  endfacet
  facet normal 0 0 -1
    outer loop
      vertex 19.799 -19.799 28
      vertex 8.48528 -8.48528 28
      vertex 9.27613 -7.61272 28
    endloop
  endfacet
  facet normal 0.740955 -0.671554 0
    outer loop
      vertex 21.6443 -17.763 38
      vertex 19.799 -19.799 38
      vertex 21.6443 -17.763 28
    endloop
  endfacet
  facet normal 0.740955 -0.671554 0
    outer loop
      vertex 19.799 -19.799 38
      vertex 19.799 -19.799 28
      vertex 21.6443 -17.763 28
    endloop
  endfacet
  facet normal 0 0 1
    outer loop
      vertex -0 -0 38
      vertex 19.799 -19.799 38
      vertex 21.6443 -17.763 38
    endloop
  endfacet
  facet normal -0 0 -1
    outer loop
      vertex 19.3253 -15.8598 0
      vertex 17.6777 -17.6777 0
      vertex -0 -0 0
    endloop
  endfacet
  facet normal 0.740961 -0.671548 0
    outer loop
      vertex 19.3253 -15.8598 8
      vertex 17.6777 -17.6777 8
      vertex 19.3253 -15.8598 0
    endloop
  endfacet
  facet normal 0.740961 -0.671548 0
    outer loop
      vertex 17.6777 -17.6777 8
      vertex 17.6777 -17.6777 0
      vertex 19.3253 -15.8598 0
    endloop
  endfacet
  facet normal 0 0 1
    outer loop
      vertex 8.48528 -8.48528 8
      vertex 7.61272 -9.27613 8
      vertex 17.6777 -17.6777 8
    endloop
  endfacet
  facet normal 0 0 1
    outer loop
      vertex 7.61272 -9.27613 8
      vertex 15.8598 -19.3253 8
      vertex 17.6777 -17.6777 8
    endloop
  endfacet
  facet normal 0.671563 -0.740948 0
    outer loop
      vertex 8.48528 -8.48528 28
      vertex 7.61272 -9.27613 28
      vertex 8.48528 -8.48528 8
    endloop
  endfacet
  facet normal 0.671563 -0.740948 0
    outer loop
      vertex 7.61272 -9.27613 28
      vertex 7.61272 -9.27613 8
      vertex 8.48528 -8.48528 8
    endloop
  endfacet
  facet normal -0 0 -1
    outer loop
      vertex 19.799 -19.799 28
      vertex 17.763 -21.6443 28
      vertex 8.48528 -8.48528 28
    endloop
  endfacet
  facet normal 0 0 -1
    outer loop
      vertex 17.763 -21.6443 28
      vertex 7.61272 -9.27613 28
      vertex 8.48528 -8.48528 28
    endloop
  endfacet
  facet normal 0.671554 -0.740955 0
    outer loop
      vertex 19.799 -19.799 38
      vertex 17.763 -21.6443 38
      vertex 19.799 -19.799 28
    endloop
  endfacet
  facet normal 0.671554 -0.740955 0
    outer loop
      vertex 17.763 -21.6443 38
      vertex 17.763 -21.6443 28
      vertex 19.799 -19.799 28
    endloop
  endfacet
  facet normal 0 0 1
    outer loop
      vertex -0 -0 38
      vertex 17.763 -21.6443 38
      vertex 19.799 -19.799 38
    endloop
  endfacet
  facet normal -0 0 -1
    outer loop
      vertex 17.6777 -17.6777 0
      vertex 15.8598 -19.3253 0
      vertex -0 -0 0
    endloop
  endfacet
  facet normal 0.671548 -0.740961 0
    outer loop
      vertex 17.6777 -17.6777 8
      vertex 15.8598 -19.3253 8
      vertex 17.6777 -17.6777 0
    endloop
  endfacet
  facet normal 0.671548 -0.740961 0
    outer loop
      vertex 15.8598 -19.3253 8
      vertex 15.8598 -19.3253 0
      vertex 17.6777 -17.6777 0
    endloop
  endfacet
  facet normal 0 0 1
    outer loop
      vertex 7.61272 -9.27613 8
      vertex 6.66684 -9.97764 8
      vertex 15.8598 -19.3253 8
    endloop
  endfacet
  facet normal 0 0 1
    outer loop
      vertex 6.66684 -9.97764 8
      vertex 13.8893 -20.7867 8
      vertex 15.8598 -19.3253 8
    endloop
  endfacet
  facet normal 0.595698 -0.803209 0
    outer loop
      vertex 7.61272 -9.27613 28
      vertex 6.66684 -9.97764 28
      vertex 7.61272 -9.27613 8
    endloop
  endfacet
  facet normal 0.595698 -0.803209 0
    outer loop
      vertex 6.66684 -9.97764 28
      vertex 6.66684 -9.97764 8
      vertex 7.61272 -9.27613 8
    endloop
  endfacet
  facet normal -0 0 -1
    outer loop
      vertex 17.763 -21.6443 28
      vertex 15.556 -23.2811 28
      vertex 7.61272 -9.27613 28
    endloop
  endfacet
  facet normal 0 0 -1
    outer loop
      vertex 15.556 -23.2811 28
      vertex 6.66684 -9.97764 28
      vertex 7.61272 -9.27613 28
    endloop
  endfacet
  facet normal 0.595694 -0.803211 0
    outer loop
      vertex 17.763 -21.6443 38
      vertex 15.556 -23.2811 38
      vertex 17.763 -21.6443 28
    endloop
  endfacet
  facet normal 0.595694 -0.803211 0
    outer loop
      vertex 15.556 -23.2811 38
      vertex 15.556 -23.2811 28
      vertex 17.763 -21.6443 28
    endloop
  endfacet
  facet normal 0 0 1
    outer loop
      vertex -0 -0 38
      vertex 15.556 -23.2811 38
      vertex 17.763 -21.6443 38
    endloop
  endfacet
  facet normal -0 0 -1
    outer loop
      vertex 15.8598 -19.3253 0
      vertex 13.8893 -20.7867 0
      vertex -0 -0 0
    endloop
  endfacet
  facet normal 0.595693 -0.803212 0
    outer loop
      vertex 15.8598 -19.3253 8
      vertex 13.8893 -20.7867 8
      vertex 15.8598 -19.3253 0
    endloop
  endfacet
  facet normal 0.595693 -0.803212 0
    outer loop
      vertex 13.8893 -20.7867 8
      vertex 13.8893 -20.7867 0
      vertex 15.8598 -19.3253 0
    endloop
  endfacet
  facet normal 0 0 1
    outer loop
      vertex 6.66684 -9.97764 8
      vertex 5.65676 -10.5831 8
      vertex 13.8893 -20.7867 8
    endloop
  endfacet
  facet normal 0 0 1
    outer loop
      vertex 5.65676 -10.5831 8
      vertex 11.7849 -22.048 8
      vertex 13.8893 -20.7867 8
    endloop
  endfacet
  facet normal 0.514129 -0.857713 0
    outer loop
      vertex 6.66684 -9.97764 28
      vertex 5.65676 -10.5831 28
      vertex 6.66684 -9.97764 8
    endloop
  endfacet
  facet normal 0.514129 -0.857713 0
    outer loop
      vertex 5.65676 -10.5831 28
      vertex 5.65676 -10.5831 8
      vertex 6.66684 -9.97764 8
    endloop
  endfacet
  facet normal -0 0 -1
    outer loop
      vertex 15.556 -23.2811 28
      vertex 13.1991 -24.6938 28
      vertex 6.66684 -9.97764 28
    endloop
  endfacet
  facet normal 0 0 -1
    outer loop
      vertex 13.1991 -24.6938 28
      vertex 5.65676 -10.5831 28
      vertex 6.66684 -9.97764 28
    endloop
  endfacet
  facet normal 0.51411 -0.857724 0
    outer loop
      vertex 15.556 -23.2811 38
      vertex 13.1991 -24.6938 38
      vertex 15.556 -23.2811 28
    endloop
  endfacet
  facet normal 0.51411 -0.857724 0
    outer loop
      vertex 13.1991 -24.6938 38
      vertex 13.1991 -24.6938 28
      vertex 15.556 -23.2811 28
    endloop
  endfacet
  facet normal 0 0 1
    outer loop
      vertex -0 -0 38
      vertex 13.1991 -24.6938 38
      vertex 15.556 -23.2811 38
    endloop
  endfacet
  facet normal -0 0 -1
    outer loop
      vertex 13.8893 -20.7867 0
      vertex 11.7849 -22.048 0
      vertex -0 -0 0
    endloop
  endfacet
  facet normal 0.514094 -0.857734 0
    outer loop
      vertex 13.8893 -20.7867 8
      vertex 11.7849 -22.048 8
      vertex 13.8893 -20.7867 0
    endloop
  endfacet
  facet normal 0.514094 -0.857734 0
    outer loop
      vertex 11.7849 -22.048 8
      vertex 11.7849 -22.048 0
      vertex 13.8893 -20.7867 0
    endloop
  endfacet
  facet normal 0 0 1
    outer loop
      vertex 5.65676 -10.5831 8
      vertex 4.5922 -11.0866 8
      vertex 11.7849 -22.048 8
    endloop
  endfacet
  facet normal 0 0 1
    outer loop
      vertex 4.5922 -11.0866 8
      vertex 9.56709 -23.097 8
      vertex 11.7849 -22.048 8
    endloop
  endfacet
  facet normal 0.427556 -0.903989 0
    outer loop
      vertex 5.65676 -10.5831 28
      vertex 4.5922 -11.0866 28
      vertex 5.65676 -10.5831 8
    endloop
  endfacet
  facet normal 0.427556 -0.903989 0
    outer loop
      vertex 4.5922 -11.0866 28
      vertex 4.5922 -11.0866 8
      vertex 5.65676 -10.5831 8
    endloop
  endfacet
  facet normal -0 0 -1
    outer loop
      vertex 13.1991 -24.6938 28
      vertex 10.7151 -25.8686 28
      vertex 5.65676 -10.5831 28
    endloop
  endfacet
  facet normal 0 0 -1
    outer loop
      vertex 10.7151 -25.8686 28
      vertex 4.5922 -11.0866 28
      vertex 5.65676 -10.5831 28
    endloop
  endfacet
  facet normal 0.427542 -0.903996 0
    outer loop
      vertex 13.1991 -24.6938 38
      vertex 10.7151 -25.8686 38
      vertex 13.1991 -24.6938 28
    endloop
  endfacet
  facet normal 0.427542 -0.903996 0
    outer loop
      vertex 10.7151 -25.8686 38
      vertex 10.7151 -25.8686 28
      vertex 13.1991 -24.6938 28
    endloop
  endfacet
  facet normal 0 0 1
    outer loop
      vertex -0 -0 38
      vertex 10.7151 -25.8686 38
      vertex 13.1991 -24.6938 38
    endloop
  endfacet
  facet normal -0 0 -1
    outer loop
      vertex 11.7849 -22.048 0
      vertex 9.56709 -23.097 0
      vertex -0 -0 0
    endloop
  endfacet
  facet normal 0.427573 -0.903981 0
    outer loop
      vertex 11.7849 -22.048 8
      vertex 9.56709 -23.097 8
      vertex 11.7849 -22.048 0
    endloop
  endfacet
  facet normal 0.427573 -0.903981 0
    outer loop
      vertex 9.56709 -23.097 8
      vertex 9.56709 -23.097 0
      vertex 11.7849 -22.048 0
    endloop
  endfacet
  facet normal 0 0 1
    outer loop
      vertex 4.5922 -11.0866 8
      vertex 3.48342 -11.4833 8
      vertex 9.56709 -23.097 8
    endloop
  endfacet
  facet normal 0 0 1
    outer loop
      vertex 3.48342 -11.4833 8
      vertex 7.25712 -23.9235 8
      vertex 9.56709 -23.097 8
    endloop
  endfacet
  facet normal 0.336869 -0.941552 0
    outer loop
      vertex 4.5922 -11.0866 28
      vertex 3.48342 -11.4833 28
      vertex 4.5922 -11.0866 8
    endloop
  endfacet
  facet normal 0.336869 -0.941552 0
    outer loop
      vertex 3.48342 -11.4833 28
      vertex 3.48342 -11.4833 8
      vertex 4.5922 -11.0866 8
    endloop
  endfacet
  facet normal -0 0 -1
    outer loop
      vertex 10.7151 -25.8686 28
      vertex 8.12797 -26.7943 28
      vertex 4.5922 -11.0866 28
    endloop
  endfacet
  facet normal 0 0 -1
    outer loop
      vertex 8.12797 -26.7943 28
      vertex 3.48342 -11.4833 28
      vertex 4.5922 -11.0866 28
    endloop
  endfacet
  facet normal 0.336893 -0.941543 0
    outer loop
      vertex 10.7151 -25.8686 38
      vertex 8.12797 -26.7943 38
      vertex 10.7151 -25.8686 28
    endloop
  endfacet
  facet normal 0.336893 -0.941543 0
    outer loop
      vertex 8.12797 -26.7943 38
      vertex 8.12797 -26.7943 28
      vertex 10.7151 -25.8686 28
    endloop
  endfacet
  facet normal 0 0 1
    outer loop
      vertex -0 -0 38
      vertex 8.12797 -26.7943 38
      vertex 10.7151 -25.8686 38
    endloop
  endfacet
  facet normal -0 0 -1
    outer loop
      vertex 9.56709 -23.097 0
      vertex 7.25712 -23.9235 0
      vertex -0 -0 0
    endloop
  endfacet
  facet normal 0.336882 -0.941547 0
    outer loop
      vertex 9.56709 -23.097 8
      vertex 7.25712 -23.9235 8
      vertex 9.56709 -23.097 0
    endloop
  endfacet
  facet normal 0.336882 -0.941547 0
    outer loop
      vertex 7.25712 -23.9235 8
      vertex 7.25712 -23.9235 0
      vertex 9.56709 -23.097 0
    endloop
  endfacet
  facet normal 0 0 1
    outer loop
      vertex 3.48342 -11.4833 8
      vertex 2.34108 -11.7694 8
      vertex 7.25712 -23.9235 8
    endloop
  endfacet
  facet normal 0 0 1
    outer loop
      vertex 2.34108 -11.7694 8
      vertex 4.87726 -24.5196 8
      vertex 7.25712 -23.9235 8
    endloop
  endfacet
  facet normal 0.242947 -0.97004 0
    outer loop
      vertex 3.48342 -11.4833 28
      vertex 2.34108 -11.7694 28
      vertex 3.48342 -11.4833 8
    endloop
  endfacet
  facet normal 0.242947 -0.97004 0
    outer loop
      vertex 2.34108 -11.7694 28
      vertex 2.34108 -11.7694 8
      vertex 3.48342 -11.4833 8
    endloop
  endfacet
  facet normal -0 0 -1
    outer loop
      vertex 8.12797 -26.7943 28
      vertex 5.46253 -27.462 28
      vertex 3.48342 -11.4833 28
    endloop
  endfacet
  facet normal 0 0 -1
    outer loop
      vertex 5.46253 -27.462 28
      vertex 2.34108 -11.7694 28
      vertex 3.48342 -11.4833 28
    endloop
  endfacet
  facet normal 0.242995 -0.970028 0
    outer loop
      vertex 8.12797 -26.7943 38
      vertex 5.46253 -27.462 38
      vertex 8.12797 -26.7943 28
    endloop
  endfacet
  facet normal 0.242995 -0.970028 0
    outer loop
      vertex 5.46253 -27.462 38
      vertex 5.46253 -27.462 28
      vertex 8.12797 -26.7943 28
    endloop
  endfacet
  facet normal 0 0 1
    outer loop
      vertex -0 -0 38
      vertex 5.46253 -27.462 38
      vertex 8.12797 -26.7943 38
    endloop
  endfacet
  facet normal -0 0 -1
    outer loop
      vertex 7.25712 -23.9235 0
      vertex 4.87726 -24.5196 0
      vertex -0 -0 0
    endloop
  endfacet
  facet normal 0.242971 -0.970034 0
    outer loop
      vertex 7.25712 -23.9235 8
      vertex 4.87726 -24.5196 8
      vertex 7.25712 -23.9235 0
    endloop
  endfacet
  facet normal 0.242971 -0.970034 0
    outer loop
      vertex 4.87726 -24.5196 8
      vertex 4.87726 -24.5196 0
      vertex 7.25712 -23.9235 0
    endloop
  endfacet
  facet normal 0 0 1
    outer loop
      vertex 2.34108 -11.7694 8
      vertex 1.17621 -11.9422 8
      vertex 4.87726 -24.5196 8
    endloop
  endfacet
  facet normal 0 0 1
    outer loop
      vertex 1.17621 -11.9422 8
      vertex 2.45043 -24.8796 8
      vertex 4.87726 -24.5196 8
    endloop
  endfacet
  facet normal 0.146737 -0.989176 0
    outer loop
      vertex 2.34108 -11.7694 28
      vertex 1.17621 -11.9422 28
      vertex 2.34108 -11.7694 8
    endloop
  endfacet
  facet normal 0.146737 -0.989176 0
    outer loop
      vertex 1.17621 -11.9422 28
      vertex 1.17621 -11.9422 8
      vertex 2.34108 -11.7694 8
    endloop
  endfacet
  facet normal -0 0 -1
    outer loop
      vertex 5.46253 -27.462 28
      vertex 2.74448 -27.8652 28
      vertex 2.34108 -11.7694 28
    endloop
  endfacet
  facet normal 0 0 -1
    outer loop
      vertex 2.74448 -27.8652 28
      vertex 1.17621 -11.9422 28
      vertex 2.34108 -11.7694 28
    endloop
  endfacet
  facet normal 0.146736 -0.989176 0
    outer loop
      vertex 5.46253 -27.462 38
      vertex 2.74448 -27.8652 38
      vertex 5.46253 -27.462 28
    endloop
  endfacet
  facet normal 0.146736 -0.989176 0
    outer loop
      vertex 2.74448 -27.8652 38
      vertex 2.74448 -27.8652 28
      vertex 5.46253 -27.462 28
    endloop
  endfacet
  facet normal 0 0 1
    outer loop
      vertex -0 -0 38
      vertex 2.74448 -27.8652 38
      vertex 5.46253 -27.462 38
    endloop
  endfacet
  facet normal -0 0 -1
    outer loop
      vertex 4.87726 -24.5196 0
      vertex 2.45043 -24.8796 0
      vertex -0 -0 0
    endloop
  endfacet
  facet normal 0.146736 -0.989176 0
    outer loop
      vertex 4.87726 -24.5196 8
      vertex 2.45043 -24.8796 8
      vertex 4.87726 -24.5196 0
    endloop
  endfacet
  facet normal 0.146736 -0.989176 0
    outer loop
      vertex 2.45043 -24.8796 8
      vertex 2.45043 -24.8796 0
      vertex 4.87726 -24.5196 0
    endloop
  endfacet
  facet normal 0 0 1
    outer loop
      vertex 1.17621 -11.9422 8
      vertex -0 -12 8
      vertex 2.45043 -24.8796 8
    endloop
  endfacet
  facet normal 0 0 1
    outer loop
      vertex -0 -12 8
      vertex -0 -25 8
      vertex 2.45043 -24.8796 8
    endloop
  endfacet
  facet normal 0.0490817 -0.998795 0
    outer loop
      vertex 1.17621 -11.9422 28
      vertex -0 -12 28
      vertex 1.17621 -11.9422 8
    endloop
  endfacet
  facet normal 0.0490817 -0.998795 0
    outer loop
      vertex -0 -12 28
      vertex -0 -12 8
      vertex 1.17621 -11.9422 8
    endloop
  endfacet
  facet normal -0 0 -1
    outer loop
      vertex 2.74448 -27.8652 28
      vertex -0 -28 28
      vertex 1.17621 -11.9422 28
    endloop
  endfacet
  facet normal 0 0 -1
    outer loop
      vertex -0 -28 28
      vertex -0 -12 28
      vertex 1.17621 -11.9422 28
    endloop
  endfacet
  facet normal 0.0490576 -0.998796 0
    outer loop
      vertex 2.74448 -27.8652 38
      vertex -0 -28 38
      vertex 2.74448 -27.8652 28
    endloop
  endfacet
  facet normal 0.0490576 -0.998796 0
    outer loop
      vertex -0 -28 38
      vertex -0 -28 28
      vertex 2.74448 -27.8652 28
    endloop
  endfacet
  facet normal 0 0 1
    outer loop
      vertex -0 -0 38
      vertex -0 -28 38
      vertex 2.74448 -27.8652 38
    endloop
  endfacet
  facet normal -0 0 -1
    outer loop
      vertex 2.45043 -24.8796 0
      vertex -0 -25 0
      vertex -0 -0 0
    endloop
  endfacet
  facet normal 0.049075 -0.998795 0
    outer loop
      vertex 2.45043 -24.8796 8
      vertex -0 -25 8
      vertex 2.45043 -24.8796 0
    endloop
  endfacet
  facet normal 0.049075 -0.998795 0
    outer loop
      vertex -0 -25 8
      vertex -0 -25 0
      vertex 2.45043 -24.8796 0
    endloop
  endfacet
  facet normal 0 0 1
    outer loop
      vertex -0 -12 8
      vertex -1.17621 -11.9422 8
      vertex -0 -25 8
    endloop
  endfacet
  facet normal 0 0 1
    outer loop
      vertex -1.17621 -11.9422 8
      vertex -2.45043 -24.8796 8
      vertex -0 -25 8
    endloop
  endfacet
  facet normal -0.0490817 -0.998795 -0
    outer loop
      vertex -0 -12 28
      vertex -1.17621 -11.9422 28
      vertex -0 -12 8
    endloop
  endfacet
  facet normal -0.0490817 -0.998795 -0
    outer loop
      vertex -1.17621 -11.9422 28
      vertex -1.17621 -11.9422 8
      vertex -0 -12 8
    endloop
  endfacet
  facet normal 0 0 -1
    outer loop
      vertex -0 -28 28
      vertex -2.74448 -27.8652 28
      vertex -0 -12 28
    endloop
  endfacet
  facet normal 0 0 -1
    outer loop
      vertex -2.74448 -27.8652 28
      vertex -1.17621 -11.9422 28
      vertex -0 -12 28
    endloop
  endfacet
  facet normal -0.0490576 -0.998796 -0
    outer loop
      vertex -0 -28 38
      vertex -2.74448 -27.8652 38
      vertex -0 -28 28
    endloop
  endfacet
  facet normal -0.0490576 -0.998796 -0
    outer loop
      vertex -2.74448 -27.8652 38
      vertex -2.74448 -27.8652 28
      vertex -0 -28 28
    endloop
  endfacet
  facet normal 0 0 1
    outer loop
      vertex -0 -0 38
      vertex -2.74448 -27.8652 38
      vertex -0 -28 38
    endloop
  endfacet
  facet normal 0 0 -1
    outer loop
      vertex -0 -25 0
      vertex -2.45043 -24.8796 0
      vertex -0 -0 0
    endloop
  endfacet
  facet normal -0.049075 -0.998795 -0
    outer loop
      vertex -0 -25 8
      vertex -2.45043 -24.8796 8
      vertex -0 -25 0
    endloop
  endfacet
  facet normal -0.049075 -0.998795 -0
    outer loop
      vertex -2.45043 -24.8796 8
      vertex -2.45043 -24.8796 0
      vertex -0 -25 0
    endloop
  endfacet
  facet normal 0 0 1
    outer loop
      vertex -1.17621 -11.9422 8
      vertex -2.34108 -11.7694 8
      vertex -2.45043 -24.8796 8
    endloop
  endfacet
  facet normal 0 0 1
    outer loop
      vertex -2.34108 -11.7694 8
      vertex -4.87726 -24.5196 8
      vertex -2.45043 -24.8796 8
    endloop
  endfacet
  facet normal -0.146737 -0.989176 -0
    outer loop
      vertex -1.17621 -11.9422 28
      vertex -2.34108 -11.7694 28
      vertex -1.17621 -11.9422 8
    endloop
  endfacet
  facet normal -0.146737 -0.989176 -0
    outer loop
      vertex -2.34108 -11.7694 28
      vertex -2.34108 -11.7694 8
      vertex -1.17621 -11.9422 8
    endloop
  endfacet
  facet normal 0 0 -1
    outer loop
      vertex -2.74448 -27.8652 28
      vertex -5.46253 -27.462 28
      vertex -1.17621 -11.9422 28
    endloop
  endfacet
  facet normal 0 0 -1
    outer loop
      vertex -5.46253 -27.462 28
      vertex -2.34108 -11.7694 28
      vertex -1.17621 -11.9422 28
    endloop
  endfacet
  facet normal -0.146736 -0.989176 -0
    outer loop
      vertex -2.74448 -27.8652 38
      vertex -5.46253 -27.462 38
      vertex -2.74448 -27.8652 28
    endloop
  endfacet
  facet normal -0.146736 -0.989176 -0
    outer loop
      vertex -5.46253 -27.462 38
      vertex -5.46253 -27.462 28
      vertex -2.74448 -27.8652 28
    endloop
  endfacet
  facet normal 0 0 1
    outer loop
      vertex -0 -0 38
      vertex -5.46253 -27.462 38
      vertex -2.74448 -27.8652 38
    endloop
  endfacet
  facet normal 0 0 -1
    outer loop
      vertex -2.45043 -24.8796 0
      vertex -4.87726 -24.5196 0
      vertex -0 -0 0
    endloop
  endfacet
  facet normal -0.146736 -0.989176 -0
    outer loop
      vertex -2.45043 -24.8796 8
      vertex -4.87726 -24.5196 8
      vertex -2.45043 -24.8796 0
    endloop
  endfacet
  facet normal -0.146736 -0.989176 -0
    outer loop
      vertex -4.87726 -24.5196 8
      vertex -4.87726 -24.5196 0
      vertex -2.45043 -24.8796 0
    endloop
  endfacet
  facet normal 0 0 1
    outer loop
      vertex -2.34108 -11.7694 8
      vertex -3.48342 -11.4833 8
      vertex -4.87726 -24.5196 8
    endloop
  endfacet
  facet normal 0 0 1
    outer loop
      vertex -3.48342 -11.4833 8
      vertex -7.25712 -23.9235 8
      vertex -4.87726 -24.5196 8
    endloop
  endfacet
  facet normal -0.242947 -0.97004 -0
    outer loop
      vertex -2.34108 -11.7694 28
      vertex -3.48342 -11.4833 28
      vertex -2.34108 -11.7694 8
    endloop
  endfacet
  facet normal -0.242947 -0.97004 -0
    outer loop
      vertex -3.48342 -11.4833 28
      vertex -3.48342 -11.4833 8
      vertex -2.34108 -11.7694 8
    endloop
  endfacet
  facet normal 0 0 -1
    outer loop
      vertex -5.46253 -27.462 28
      vertex -8.12797 -26.7943 28
      vertex -2.34108 -11.7694 28
    endloop
  endfacet
  facet normal 0 0 -1
    outer loop
      vertex -8.12797 -26.7943 28
      vertex -3.48342 -11.4833 28
      vertex -2.34108 -11.7694 28
    endloop
  endfacet
  facet normal -0.242995 -0.970028 -0
    outer loop
      vertex -5.46253 -27.462 38
      vertex -8.12797 -26.7943 38
      vertex -5.46253 -27.462 28
    endloop
  endfacet
  facet normal -0.242995 -0.970028 -0
    outer loop
      vertex -8.12797 -26.7943 38
      vertex -8.12797 -26.7943 28
      vertex -5.46253 -27.462 28
    endloop
  endfacet
  facet normal 0 0 1
    outer loop
      vertex -0 -0 38
      vertex -8.12797 -26.7943 38
      vertex -5.46253 -27.462 38
    endloop
  endfacet
  facet normal 0 0 -1
    outer loop
      vertex -4.87726 -24.5196 0
      vertex -7.25712 -23.9235 0
      vertex -0 -0 0
    endloop
  endfacet
  facet normal -0.242971 -0.970034 -0
    outer loop
      vertex -4.87726 -24.5196 8
      vertex -7.25712 -23.9235 8
      vertex -4.87726 -24.5196 0
    endloop
  endfacet
  facet normal -0.242971 -0.970034 -0
    outer loop
      vertex -7.25712 -23.9235 8
      vertex -7.25712 -23.9235 0
      vertex -4.87726 -24.5196 0
    endloop
  endfacet
  facet normal 0 0 1
    outer loop
      vertex -3.48342 -11.4833 8
      vertex -4.5922 -11.0866 8
      vertex -7.25712 -23.9235 8
    endloop
  endfacet
  facet normal 0 0 1
    outer loop
      vertex -4.5922 -11.0866 8
      vertex -9.56709 -23.097 8
      vertex -7.25712 -23.9235 8
    endloop
  endfacet
  facet normal -0.336869 -0.941552 -0
    outer loop
      vertex -3.48342 -11.4833 28
      vertex -4.5922 -11.0866 28
      vertex -3.48342 -11.4833 8
    endloop
  endfacet
  facet normal -0.336869 -0.941552 -0
    outer loop
      vertex -4.5922 -11.0866 28
      vertex -4.5922 -11.0866 8
      vertex -3.48342 -11.4833 8
    endloop
  endfacet
  facet normal 0 0 -1
    outer loop
      vertex -8.12797 -26.7943 28
      vertex -10.7151 -25.8686 28
      vertex -3.48342 -11.4833 28
    endloop
  endfacet
  facet normal 0 0 -1
    outer loop
      vertex -10.7151 -25.8686 28
      vertex -4.5922 -11.0866 28
      vertex -3.48342 -11.4833 28
    endloop
  endfacet
  facet normal -0.336893 -0.941543 -0
    outer loop
      vertex -8.12797 -26.7943 38
      vertex -10.7151 -25.8686 38
      vertex -8.12797 -26.7943 28
    endloop
  endfacet
  facet normal -0.336893 -0.941543 -0
    outer loop
      vertex -10.7151 -25.8686 38
      vertex -10.7151 -25.8686 28
      vertex -8.12797 -26.7943 28
    endloop
  endfacet
  facet normal 0 0 1
    outer loop
      vertex -0 -0 38
      vertex -10.7151 -25.8686 38
      vertex -8.12797 -26.7943 38
    endloop
  endfacet
  facet normal 0 0 -1
    outer loop
      vertex -7.25712 -23.9235 0
      vertex -9.56709 -23.097 0
      vertex -0 -0 0
    endloop
  endfacet
  facet normal -0.336882 -0.941547 -0
    outer loop
      vertex -7.25712 -23.9235 8
      vertex -9.56709 -23.097 8
      vertex -7.25712 -23.9235 0
    endloop
  endfacet
  facet normal -0.336882 -0.941547 -0
    outer loop
      vertex -9.56709 -23.097 8
      vertex -9.56709 -23.097 0
      vertex -7.25712 -23.9235 0
    endloop
  endfacet
  facet normal 0 0 1
    outer loop
      vertex -4.5922 -11.0866 8
      vertex -5.65676 -10.5831 8
      vertex -9.56709 -23.097 8
    endloop
  endfacet
  facet normal 0 0 1
    outer loop
      vertex -5.65676 -10.5831 8
      vertex -11.7849 -22.048 8
      vertex -9.56709 -23.097 8
    endloop
  endfacet
  facet normal -0.427556 -0.903989 -0
    outer loop
      vertex -4.5922 -11.0866 28
      vertex -5.65676 -10.5831 28
      vertex -4.5922 -11.0866 8
    endloop
  endfacet
  facet normal -0.427556 -0.903989 -0
    outer loop
      vertex -5.65676 -10.5831 28
      vertex -5.65676 -10.5831 8
      vertex -4.5922 -11.0866 8
    endloop
  endfacet
  facet normal 0 0 -1
    outer loop
      vertex -10.7151 -25.8686 28
      vertex -13.1991 -24.6938 28
      vertex -4.5922 -11.0866 28
    endloop
  endfacet
  facet normal 0 0 -1
    outer loop
      vertex -13.1991 -24.6938 28
      vertex -5.65676 -10.5831 28
      vertex -4.5922 -11.0866 28
    endloop
  endfacet
  facet normal -0.427542 -0.903996 -0
    outer loop
      vertex -10.7151 -25.8686 38
      vertex -13.1991 -24.6938 38
      vertex -10.7151 -25.8686 28
    endloop
  endfacet
  facet normal -0.427542 -0.903996 -0
    outer loop
      vertex -13.1991 -24.6938 38
      vertex -13.1991 -24.6938 28
      vertex -10.7151 -25.8686 28
    endloop
  endfacet
  facet normal 0 0 1
    outer loop
      vertex -0 -0 38
      vertex -13.1991 -24.6938 38
      vertex -10.7151 -25.8686 38
    endloop
  endfacet
  facet normal 0 0 -1
    outer loop
      vertex -9.56709 -23.097 0
      vertex -11.7849 -22.048 0
      vertex -0 -0 0
    endloop
  endfacet
  facet normal -0.427573 -0.903981 -0
    outer loop
      vertex -9.56709 -23.097 8
      vertex -11.7849 -22.048 8
      vertex -9.56709 -23.097 0
    endloop
  endfacet
  facet normal -0.427573 -0.903981 -0
    outer loop
      vertex -11.7849 -22.048 8
      vertex -11.7849 -22.048 0
      vertex -9.56709 -23.097 0
    endloop
  endfacet
  facet normal 0 0 1
    outer loop
      vertex -5.65676 -10.5831 8
      vertex -6.66684 -9.97764 8
      vertex -11.7849 -22.048 8
    endloop
  endfacet
  facet normal 0 0 1
    outer loop
      vertex -6.66684 -9.97764 8
      vertex -13.8893 -20.7867 8
      vertex -11.7849 -22.048 8
    endloop
  endfacet
  facet normal -0.514129 -0.857713 -0
    outer loop
      vertex -5.65676 -10.5831 28
      vertex -6.66684 -9.97764 28
      vertex -5.65676 -10.5831 8
    endloop
  endfacet
  facet normal -0.514129 -0.857713 -0
    outer loop
      vertex -6.66684 -9.97764 28
      vertex -6.66684 -9.97764 8
      vertex -5.65676 -10.5831 8
    endloop
  endfacet
  facet normal 0 0 -1
    outer loop
      vertex -13.1991 -24.6938 28
      vertex -15.556 -23.2811 28
      vertex -5.65676 -10.5831 28
    endloop
  endfacet
  facet normal 0 0 -1
    outer loop
      vertex -15.556 -23.2811 28
      vertex -6.66684 -9.97764 28
      vertex -5.65676 -10.5831 28
    endloop
  endfacet
  facet normal -0.51411 -0.857724 -0
    outer loop
      vertex -13.1991 -24.6938 38
      vertex -15.556 -23.2811 38
      vertex -13.1991 -24.6938 28
    endloop
  endfacet
  facet normal -0.51411 -0.857724 -0
    outer loop
      vertex -15.556 -23.2811 38
      vertex -15.556 -23.2811 28
      vertex -13.1991 -24.6938 28
    endloop
  endfacet
  facet normal 0 0 1
    outer loop
      vertex -0 -0 38
      vertex -15.556 -23.2811 38
      vertex -13.1991 -24.6938 38
    endloop
  endfacet
  facet normal 0 0 -1
    outer loop
      vertex -11.7849 -22.048 0
      vertex -13.8893 -20.7867 0
      vertex -0 -0 0
    endloop
  endfacet
  facet normal -0.514094 -0.857734 -0
    outer loop
      vertex -11.7849 -22.048 8
      vertex -13.8893 -20.7867 8
      vertex -11.7849 -22.048 0
    endloop
  endfacet
  facet normal -0.514094 -0.857734 -0
    outer loop
      vertex -13.8893 -20.7867 8
      vertex -13.8893 -20.7867 0
      vertex -11.7849 -22.048 0
    endloop
  endfacet
  facet normal 0 0 1
    outer loop
      vertex -6.66684 -9.97764 8
      vertex -7.61272 -9.27613 8
      vertex -13.8893 -20.7867 8
    endloop
  endfacet
  facet normal 0 0 1
    outer loop
      vertex -7.61272 -9.27613 8
      vertex -15.8598 -19.3253 8
      vertex -13.8893 -20.7867 8
    endloop
  endfacet
  facet normal -0.595698 -0.803209 -0
    outer loop
      vertex -6.66684 -9.97764 28
      vertex -7.61272 -9.27613 28
      vertex -6.66684 -9.97764 8
    endloop
  endfacet
  facet normal -0.595698 -0.803209 -0
    outer loop
      vertex -7.61272 -9.27613 28
      vertex -7.61272 -9.27613 8
      vertex -6.66684 -9.97764 8
    endloop
  endfacet
  facet normal 0 0 -1
    outer loop
      vertex -15.556 -23.2811 28
      vertex -17.763 -21.6443 28
      vertex -6.66684 -9.97764 28
    endloop
  endfacet
  facet normal 0 0 -1
    outer loop
      vertex -17.763 -21.6443 28
      vertex -7.61272 -9.27613 28
      vertex -6.66684 -9.97764 28
    endloop
  endfacet
  facet normal -0.595694 -0.803211 -0
    outer loop
      vertex -15.556 -23.2811 38
      vertex -17.763 -21.6443 38
      vertex -15.556 -23.2811 28
    endloop
  endfacet
  facet normal -0.595694 -0.803211 -0
    outer loop
      vertex -17.763 -21.6443 38
      vertex -17.763 -21.6443 28
      vertex -15.556 -23.2811 28
    endloop
  endfacet
  facet normal 0 0 1
    outer loop
      vertex -0 -0 38
      vertex -17.763 -21.6443 38
      vertex -15.556 -23.2811 38
    endloop
  endfacet
  facet normal 0 0 -1
    outer loop
      vertex -13.8893 -20.7867 0
      vertex -15.8598 -19.3253 0
      vertex -0 -0 0
    endloop
  endfacet
  facet normal -0.595693 -0.803212 -0
    outer loop
      vertex -13.8893 -20.7867 8
      vertex -15.8598 -19.3253 8
      vertex -13.8893 -20.7867 0
    endloop
  endfacet
  facet normal -0.595693 -0.803212 -0
    outer loop
      vertex -15.8598 -19.3253 8
      vertex -15.8598 -19.3253 0
      vertex -13.8893 -20.7867 0
    endloop
  endfacet
  facet normal 0 0 1
    outer loop
      vertex -7.61272 -9.27613 8
      vertex -8.48528 -8.48528 8
      vertex -15.8598 -19.3253 8
    endloop
  endfacet
  facet normal 0 0 1
    outer loop
      vertex -8.48528 -8.48528 8
      vertex -17.6777 -17.6777 8
      vertex -15.8598 -19.3253 8
    endloop
  endfacet
  facet normal -0.671563 -0.740948 -0
    outer loop
      vertex -7.61272 -9.27613 28
      vertex -8.48528 -8.48528 28
      vertex -7.61272 -9.27613 8
    endloop
  endfacet
  facet normal -0.671563 -0.740948 -0
    outer loop
      vertex -8.48528 -8.48528 28
      vertex -8.48528 -8.48528 8
      vertex -7.61272 -9.27613 8
    endloop
  endfacet
  facet normal 0 0 -1
    outer loop
      vertex -17.763 -21.6443 28
      vertex -19.799 -19.799 28
      vertex -7.61272 -9.27613 28
    endloop
  endfacet
  facet normal 0 0 -1
    outer loop
      vertex -19.799 -19.799 28
      vertex -8.48528 -8.48528 28
      vertex -7.61272 -9.27613 28
    endloop
  endfacet
  facet normal -0.671554 -0.740955 -0
    outer loop
      vertex -17.763 -21.6443 38
      vertex -19.799 -19.799 38
      vertex -17.763 -21.6443 28
    endloop
  endfacet
  facet normal -0.671554 -0.740955 -0
    outer loop
      vertex -19.799 -19.799 38
      vertex -19.799 -19.799 28
      vertex -17.763 -21.6443 28
    endloop
  endfacet
  facet normal 0 0 1
    outer loop
      vertex -0 -0 38
      vertex -19.799 -19.799 38
      vertex -17.763 -21.6443 38
    endloop
  endfacet
  facet normal 0 0 -1
    outer loop
      vertex -15.8598 -19.3253 0
      vertex -17.6777 -17.6777 0
      vertex -0 -0 0
    endloop
  endfacet
  facet normal -0.671548 -0.740961 -0
    outer loop
      vertex -15.8598 -19.3253 8
      vertex -17.6777 -17.6777 8
      vertex -15.8598 -19.3253 0
    endloop
  endfacet
  facet normal -0.671548 -0.740961 -0
    outer loop
      vertex -17.6777 -17.6777 8
      vertex -17.6777 -17.6777 0
      vertex -15.8598 -19.3253 0
    endloop
  endfacet
  facet normal 0 0 1
    outer loop
      vertex -8.48528 -8.48528 8
      vertex -9.27613 -7.61272 8
      vertex -17.6777 -17.6777 8
    endloop
  endfacet
  facet normal 0 0 1
    outer loop
      vertex -9.27613 -7.61272 8
      vertex -19.3253 -15.8598 8
      vertex -17.6777 -17.6777 8
    endloop
  endfacet
  facet normal -0.740948 -0.671563 -0
    outer loop
      vertex -8.48528 -8.48528 28
      vertex -9.27613 -7.61272 28
      vertex -8.48528 -8.48528 8
    endloop
  endfacet
  facet normal -0.740948 -0.671563 -0
    outer loop
      vertex -9.27613 -7.61272 28
      vertex -9.27613 -7.61272 8
      vertex -8.48528 -8.48528 8
    endloop
  endfacet
  facet normal 0 0 -1
    outer loop
      vertex -19.799 -19.799 28
      vertex -21.6443 -17.763 28
      vertex -8.48528 -8.48528 28
    endloop
  endfacet
  facet normal 0 0 -1
    outer loop
      vertex -21.6443 -17.763 28
      vertex -9.27613 -7.61272 28
      vertex -8.48528 -8.48528 28
    endloop
  endfacet
  facet normal -0.740955 -0.671554 -0
    outer loop
      vertex -19.799 -19.799 38
      vertex -21.6443 -17.763 38
      vertex -19.799 -19.799 28
    endloop
  endfacet
  facet normal -0.740955 -0.671554 -0
    outer loop
      vertex -21.6443 -17.763 38
      vertex -21.6443 -17.763 28
      vertex -19.799 -19.799 28
    endloop
  endfacet
  facet normal 0 0 1
    outer loop
      vertex -0 -0 38
      vertex -21.6443 -17.763 38
      vertex -19.799 -19.799 38
    endloop
  endfacet
  facet normal 0 0 -1
    outer loop
      vertex -17.6777 -17.6777 0
      vertex -19.3253 -15.8598 0
      vertex -0 -0 0
    endloop
  endfacet
  facet normal -0.740961 -0.671548 -0
    outer loop
      vertex -17.6777 -17.6777 8
      vertex -19.3253 -15.8598 8
      vertex -17.6777 -17.6777 0
    endloop
  endfacet
  facet normal -0.740961 -0.671548 -0
    outer loop
      vertex -19.3253 -15.8598 8
      vertex -19.3253 -15.8598 0
      vertex -17.6777 -17.6777 0
    endloop
  endfacet
  facet normal 0 0 1
    outer loop
      vertex -9.27613 -7.61272 8
      vertex -9.97764 -6.66684 8
      vertex -19.3253 -15.8598 8
    endloop
  endfacet
  facet normal 0 0 1
    outer loop
      vertex -9.97764 -6.66684 8
      vertex -20.7867 -13.8893 8
      vertex -19.3253 -15.8598 8
    endloop
  endfacet
  facet normal -0.803209 -0.595698 -0
    outer loop
      vertex -9.27613 -7.61272 28
      vertex -9.97764 -6.66684 28
      vertex -9.27613 -7.61272 8
    endloop
  endfacet
  facet normal -0.803209 -0.595698 -0
    outer loop
      vertex -9.97764 -6.66684 28
      vertex -9.97764 -6.66684 8
      vertex -9.27613 -7.61272 8
    endloop
  endfacet
  facet normal 0 0 -1
    outer loop
      vertex -21.6443 -17.763 28
      vertex -23.2811 -15.556 28
      vertex -9.27613 -7.61272 28
    endloop
  endfacet
  facet normal 0 0 -1
    outer loop
      vertex -23.2811 -15.556 28
      vertex -9.97764 -6.66684 28
      vertex -9.27613 -7.61272 28
    endloop
  endfacet
  facet normal -0.803211 -0.595694 -0
    outer loop
      vertex -21.6443 -17.763 38
      vertex -23.2811 -15.556 38
      vertex -21.6443 -17.763 28
    endloop
  endfacet
  facet normal -0.803211 -0.595694 -0
    outer loop
      vertex -23.2811 -15.556 38
      vertex -23.2811 -15.556 28
      vertex -21.6443 -17.763 28
    endloop
  endfacet
  facet normal 0 0 1
    outer loop
      vertex -0 -0 38
      vertex -23.2811 -15.556 38
      vertex -21.6443 -17.763 38
    endloop
  endfacet
  facet normal 0 0 -1
    outer loop
      vertex -19.3253 -15.8598 0
      vertex -20.7867 -13.8893 0
      vertex -0 -0 0
    endloop
  endfacet
  facet normal -0.803212 -0.595693 -0
    outer loop
      vertex -19.3253 -15.8598 8
      vertex -20.7867 -13.8893 8
      vertex -19.3253 -15.8598 0
    endloop
  endfacet
  facet normal -0.803212 -0.595693 -0
    outer loop
      vertex -20.7867 -13.8893 8
      vertex -20.7867 -13.8893 0
      vertex -19.3253 -15.8598 0
    endloop
  endfacet
  facet normal 0 0 1
    outer loop
      vertex -9.97764 -6.66684 8
      vertex -10.5831 -5.65676 8
      vertex -20.7867 -13.8893 8
    endloop
  endfacet
  facet normal 0 0 1
    outer loop
      vertex -10.5831 -5.65676 8
      vertex -22.048 -11.7849 8
      vertex -20.7867 -13.8893 8
    endloop
  endfacet
  facet normal -0.857713 -0.514129 -0
    outer loop
      vertex -9.97764 -6.66684 28
      vertex -10.5831 -5.65676 28
      vertex -9.97764 -6.66684 8
    endloop
  endfacet
  facet normal -0.857713 -0.514129 -0
    outer loop
      vertex -10.5831 -5.65676 28
      vertex -10.5831 -5.65676 8
      vertex -9.97764 -6.66684 8
    endloop
  endfacet
  facet normal 0 0 -1
    outer loop
      vertex -23.2811 -15.556 28
      vertex -24.6938 -13.1991 28
      vertex -9.97764 -6.66684 28
    endloop
  endfacet
  facet normal 0 0 -1
    outer loop
      vertex -24.6938 -13.1991 28
      vertex -10.5831 -5.65676 28
      vertex -9.97764 -6.66684 28
    endloop
  endfacet
  facet normal -0.857724 -0.51411 -0
    outer loop
      vertex -23.2811 -15.556 38
      vertex -24.6938 -13.1991 38
      vertex -23.2811 -15.556 28
    endloop
  endfacet
  facet normal -0.857724 -0.51411 -0
    outer loop
      vertex -24.6938 -13.1991 38
      vertex -24.6938 -13.1991 28
      vertex -23.2811 -15.556 28
    endloop
  endfacet
  facet normal 0 0 1
    outer loop
      vertex -0 -0 38
      vertex -24.6938 -13.1991 38
      vertex -23.2811 -15.556 38
    endloop
  endfacet
  facet normal 0 0 -1
    outer loop
      vertex -20.7867 -13.8893 0
      vertex -22.048 -11.7849 0
      vertex -0 -0 0
    endloop
  endfacet
  facet normal -0.857734 -0.514094 -0
    outer loop
      vertex -20.7867 -13.8893 8
      vertex -22.048 -11.7849 8
      vertex -20.7867 -13.8893 0
    endloop
  endfacet
  facet normal -0.857734 -0.514094 -0
    outer loop
      vertex -22.048 -11.7849 8
      vertex -22.048 -11.7849 0
      vertex -20.7867 -13.8893 0
    endloop
  endfacet
  facet normal 0 0 1
    outer loop
      vertex -10.5831 -5.65676 8
      vertex -11.0866 -4.5922 8
      vertex -22.048 -11.7849 8
    endloop
  endfacet
  facet normal 0 0 1
    outer loop
      vertex -11.0866 -4.5922 8
      vertex -23.097 -9.56709 8
      vertex -22.048 -11.7849 8
    endloop
  endfacet
  facet normal -0.903989 -0.427556 -0
    outer loop
      vertex -10.5831 -5.65676 28
      vertex -11.0866 -4.5922 28
      vertex -10.5831 -5.65676 8
    endloop
  endfacet
  facet normal -0.903989 -0.427556 -0
    outer loop
      vertex -11.0866 -4.5922 28
      vertex -11.0866 -4.5922 8
      vertex -10.5831 -5.65676 8
    endloop
  endfacet
  facet normal 0 0 -1
    outer loop
      vertex -24.6938 -13.1991 28
      vertex -25.8686 -10.7151 28
      vertex -10.5831 -5.65676 28
    endloop
  endfacet
  facet normal 0 0 -1
    outer loop
      vertex -25.8686 -10.7151 28
      vertex -11.0866 -4.5922 28
      vertex -10.5831 -5.65676 28
    endloop
  endfacet
  facet normal -0.903996 -0.427542 -0
    outer loop
      vertex -24.6938 -13.1991 38
      vertex -25.8686 -10.7151 38
      vertex -24.6938 -13.1991 28
    endloop
  endfacet
  facet normal -0.903996 -0.427542 -0
    outer loop
      vertex -25.8686 -10.7151 38
      vertex -25.8686 -10.7151 28
      vertex -24.6938 -13.1991 28
    endloop
  endfacet
  facet normal 0 0 1
    outer loop
      vertex -0 -0 38
      vertex -25.8686 -10.7151 38
      vertex -24.6938 -13.1991 38
    endloop
  endfacet
  facet normal 0 0 -1
    outer loop
      vertex -22.048 -11.7849 0
      vertex -23.097 -9.56709 0
      vertex -0 -0 0
    endloop
  endfacet
  facet normal -0.903981 -0.427573 -0
    outer loop
      vertex -22.048 -11.7849 8
      vertex -23.097 -9.56709 8
      vertex -22.048 -11.7849 0
    endloop
  endfacet
  facet normal -0.903981 -0.427573 -0
    outer loop
      vertex -23.097 -9.56709 8
      vertex -23.097 -9.56709 0
      vertex -22.048 -11.7849 0
    endloop
  endfacet
  facet normal 0 0 1
    outer loop
      vertex -11.0866 -4.5922 8
      vertex -11.4833 -3.48342 8
      vertex -23.097 -9.56709 8
    endloop
  endfacet
  facet normal 0 0 1
    outer loop
      vertex -11.4833 -3.48342 8
      vertex -23.9235 -7.25712 8
      vertex -23.097 -9.56709 8
    endloop
  endfacet
  facet normal -0.941552 -0.336869 -0
    outer loop
      vertex -11.0866 -4.5922 28
      vertex -11.4833 -3.48342 28
      vertex -11.0866 -4.5922 8
    endloop
  endfacet
  facet normal -0.941552 -0.336869 -0
    outer loop
      vertex -11.4833 -3.48342 28
      vertex -11.4833 -3.48342 8
      vertex -11.0866 -4.5922 8
    endloop
  endfacet
  facet normal 0 0 -1
    outer loop
      vertex -25.8686 -10.7151 28
      vertex -26.7943 -8.12797 28
      vertex -11.0866 -4.5922 28
    endloop
  endfacet
  facet normal 0 0 -1
    outer loop
      vertex -26.7943 -8.12797 28
      vertex -11.4833 -3.48342 28
      vertex -11.0866 -4.5922 28
    endloop
  endfacet
  facet normal -0.941543 -0.336893 -0
    outer loop
      vertex -25.8686 -10.7151 38
      vertex -26.7943 -8.12797 38
      vertex -25.8686 -10.7151 28
    endloop
  endfacet
  facet normal -0.941543 -0.336893 -0
    outer loop
      vertex -26.7943 -8.12797 38
      vertex -26.7943 -8.12797 28
      vertex -25.8686 -10.7151 28
    endloop
  endfacet
  facet normal 0 0 1
    outer loop
      vertex -0 -0 38
      vertex -26.7943 -8.12797 38
      vertex -25.8686 -10.7151 38
    endloop
  endfacet
  facet normal 0 0 -1
    outer loop
      vertex -23.097 -9.56709 0
      vertex -23.9235 -7.25712 0
      vertex -0 -0 0
    endloop
  endfacet
  facet normal -0.941547 -0.336882 -0
    outer loop
      vertex -23.097 -9.56709 8
      vertex -23.9235 -7.25712 8
      vertex -23.097 -9.56709 0
    endloop
  endfacet
  facet normal -0.941547 -0.336882 -0
    outer loop
      vertex -23.9235 -7.25712 8
      vertex -23.9235 -7.25712 0
      vertex -23.097 -9.56709 0
    endloop
  endfacet
  facet normal 0 0 1
    outer loop
      vertex -11.4833 -3.48342 8
      vertex -11.7694 -2.34108 8
      vertex -23.9235 -7.25712 8
    endloop
  endfacet
  facet normal 0 0 1
    outer loop
      vertex -11.7694 -2.34108 8
      vertex -24.5196 -4.87726 8
      vertex -23.9235 -7.25712 8
    endloop
  endfacet
  facet normal -0.97004 -0.242947 -0
    outer loop
      vertex -11.4833 -3.48342 28
      vertex -11.7694 -2.34108 28
      vertex -11.4833 -3.48342 8
    endloop
  endfacet
  facet normal -0.97004 -0.242947 -0
    outer loop
      vertex -11.7694 -2.34108 28
      vertex -11.7694 -2.34108 8
      vertex -11.4833 -3.48342 8
    endloop
  endfacet
  facet normal 0 0 -1
    outer loop
      vertex -26.7943 -8.12797 28
      vertex -27.462 -5.46253 28
      vertex -11.4833 -3.48342 28
    endloop
  endfacet
  facet normal 0 0 -1
    outer loop
      vertex -27.462 -5.46253 28
      vertex -11.7694 -2.34108 28
      vertex -11.4833 -3.48342 28
    endloop
  endfacet
  facet normal -0.970028 -0.242995 -0
    outer loop
      vertex -26.7943 -8.12797 38
      vertex -27.462 -5.46253 38
      vertex -26.7943 -8.12797 28
    endloop
  endfacet
  facet normal -0.970028 -0.242995 -0
    outer loop
      vertex -27.462 -5.46253 38
      vertex -27.462 -5.46253 28
      vertex -26.7943 -8.12797 28
    endloop
  endfacet
  facet normal 0 0 1
    outer loop
      vertex -0 -0 38
      vertex -27.462 -5.46253 38
      vertex -26.7943 -8.12797 38
    endloop
  endfacet
  facet normal 0 0 -1
    outer loop
      vertex -23.9235 -7.25712 0
      vertex -24.5196 -4.87726 0
      vertex -0 -0 0
    endloop
  endfacet
  facet normal -0.970034 -0.242971 -0
    outer loop
      vertex -23.9235 -7.25712 8
      vertex -24.5196 -4.87726 8
      vertex -23.9235 -7.25712 0
    endloop
  endfacet
  facet normal -0.970034 -0.242971 -0
    outer loop
      vertex -24.5196 -4.87726 8
      vertex -24.5196 -4.87726 0
      vertex -23.9235 -7.25712 0
    endloop
  endfacet
  facet normal 0 0 1
    outer loop
      vertex -11.7694 -2.34108 8
      vertex -11.9422 -1.17621 8
      vertex -24.5196 -4.87726 8
    endloop
  endfacet
  facet normal 0 0 1
    outer loop
      vertex -11.9422 -1.17621 8
      vertex -24.8796 -2.45043 8
      vertex -24.5196 -4.87726 8
    endloop
  endfacet
  facet normal -0.989176 -0.146737 -0
    outer loop
      vertex -11.7694 -2.34108 28
      vertex -11.9422 -1.17621 28
      vertex -11.7694 -2.34108 8
    endloop
  endfacet
  facet normal -0.989176 -0.146737 -0
    outer loop
      vertex -11.9422 -1.17621 28
      vertex -11.9422 -1.17621 8
      vertex -11.7694 -2.34108 8
    endloop
  endfacet
  facet normal 0 0 -1
    outer loop
      vertex -27.462 -5.46253 28
      vertex -27.8652 -2.74448 28
      vertex -11.7694 -2.34108 28
    endloop
  endfacet
  facet normal 0 0 -1
    outer loop
      vertex -27.8652 -2.74448 28
      vertex -11.9422 -1.17621 28
      vertex -11.7694 -2.34108 28
    endloop
  endfacet
  facet normal -0.989176 -0.146736 -0
    outer loop
      vertex -27.462 -5.46253 38
      vertex -27.8652 -2.74448 38
      vertex -27.462 -5.46253 28
    endloop
  endfacet
  facet normal -0.989176 -0.146736 -0
    outer loop
      vertex -27.8652 -2.74448 38
      vertex -27.8652 -2.74448 28
      vertex -27.462 -5.46253 28
    endloop
  endfacet
  facet normal 0 0 1
    outer loop
      vertex -0 -0 38
      vertex -27.8652 -2.74448 38
      vertex -27.462 -5.46253 38
    endloop
  endfacet
  facet normal 0 0 -1
    outer loop
      vertex -24.5196 -4.87726 0
      vertex -24.8796 -2.45043 0
      vertex -0 -0 0
    endloop
  endfacet
  facet normal -0.989176 -0.146736 -0
    outer loop
      vertex -24.5196 -4.87726 8
      vertex -24.8796 -2.45043 8
      vertex -24.5196 -4.87726 0
    endloop
  endfacet
  facet normal -0.989176 -0.146736 -0
    outer loop
      vertex -24.8796 -2.45043 8
      vertex -24.8796 -2.45043 0
      vertex -24.5196 -4.87726 0
    endloop
  endfacet
  facet normal 0 0 1
    outer loop
      vertex -11.9422 -1.17621 8
      vertex -12 -0 8
      vertex -24.8796 -2.45043 8
    endloop
  endfacet
  facet normal 0 0 1
    outer loop
      vertex -12 -0 8
      vertex -25 -0 8
      vertex -24.8796 -2.45043 8
    endloop
  endfacet
  facet normal -0.998795 -0.0490817 -0
    outer loop
      vertex -11.9422 -1.17621 28
      vertex -12 -0 28
      vertex -11.9422 -1.17621 8
    endloop
  endfacet
  facet normal -0.998795 -0.0490817 -0
    outer loop
      vertex -12 -0 28
      vertex -12 -0 8
      vertex -11.9422 -1.17621 8
    endloop
  endfacet
  facet normal 0 0 -1
    outer loop
      vertex -27.8652 -2.74448 28
      vertex -28 -0 28
      vertex -11.9422 -1.17621 28
    endloop
  endfacet
  facet normal 0 0 -1
    outer loop
      vertex -28 -0 28
      vertex -12 -0 28
      vertex -11.9422 -1.17621 28
    endloop
  endfacet
  facet normal -0.998796 -0.0490576 -0
    outer loop
      vertex -27.8652 -2.74448 38
      vertex -28 -0 38
      vertex -27.8652 -2.74448 28
    endloop
  endfacet
  facet normal -0.998796 -0.0490576 -0
    outer loop
      vertex -28 -0 38
      vertex -28 -0 28
      vertex -27.8652 -2.74448 28
    endloop
  endfacet
  facet normal 0 0 1
    outer loop
      vertex -0 -0 38
      vertex -28 -0 38
      vertex -27.8652 -2.74448 38
    endloop
  endfacet
  facet normal 0 0 -1
    outer loop
      vertex -24.8796 -2.45043 0
      vertex -25 -0 0
      vertex -0 -0 0
    endloop
  endfacet
  facet normal -0.998795 -0.049075 -0
    outer loop
      vertex -24.8796 -2.45043 8
      vertex -25 -0 8
      vertex -24.8796 -2.45043 0
    endloop
  endfacet
  facet normal -0.998795 -0.049075 -0
    outer loop
      vertex -25 -0 8
      vertex -25 -0 0
      vertex -24.8796 -2.45043 0
    endloop
  endfacet
endsolid OpenSCAD_Model
