solid OpenSCAD_Model
  facet normal -1 0 0
    outer loop
      vertex -5.03555 -0.575797 0
      vertex -5.03555 -0.0465823 5.06329
      vertex -5.03555 -0.0465823 0
    endloop
  endfacet
  facet normal -1 -0 0
    outer loop
      vertex -5.03555 -0.0465823 5.06329
      vertex -5.03555 -0.575797 0
      vertex -5.03555 -0.575797 5.06329
    endloop
  endfacet
  facet normal -1 0 0
    outer loop
      vertex -5.03555 -0.575797 35.443
      vertex -5.03555 -0.0465823 40
      vertex -5.03555 -0.0465823 35.443
    endloop
  endfacet
  facet normal -1 -0 0
    outer loop
      vertex -5.03555 -0.0465823 40
      vertex -5.03555 -0.575797 35.443
      vertex -5.03555 -0.575797 40
    endloop
  endfacet
  facet normal -1 0 0
    outer loop
      vertex -5.03555 -0.575797 8.10126
      vertex -5.03555 -0.0465823 11.1392
      vertex -5.03555 -0.0465823 8.10126
    endloop
  endfacet
  facet normal -1 -0 0
    outer loop
      vertex -5.03555 -0.0465823 11.1392
      vertex -5.03555 -0.575797 8.10126
      vertex -5.03555 -0.575797 11.1392
    endloop
  endfacet
  facet normal -1 0 0
    outer loop
      vertex -5.03555 -0.575797 14.1772
      vertex -5.03555 -0.0465823 18.2278
      vertex -5.03555 -0.0465823 14.1772
    endloop
  endfacet
  facet normal -1 -0 0
    outer loop
      vertex -5.03555 -0.0465823 18.2278
      vertex -5.03555 -0.575797 14.1772
      vertex -5.03555 -0.575797 18.2278
    endloop
  endfacet
  facet normal -1 0 0
    outer loop
      vertex -5.03555 -0.575797 21.2658
      vertex -5.03555 -0.0465823 25.3165
      vertex -5.03555 -0.0465823 21.2658
    endloop
  endfacet
  facet normal -1 -0 0
    outer loop
      vertex -5.03555 -0.0465823 25.3165
      vertex -5.03555 -0.575797 21.2658
      vertex -5.03555 -0.575797 25.3165
    endloop
  endfacet
  facet normal -1 0 0
    outer loop
      vertex -5.03555 -0.575797 28.3544
      vertex -5.03555 -0.0465823 32.4051
      vertex -5.03555 -0.0465823 28.3544
    endloop
  endfacet
  facet normal -1 -0 0
    outer loop
      vertex -5.03555 -0.0465823 32.4051
      vertex -5.03555 -0.575797 28.3544
      vertex -5.03555 -0.575797 32.4051
    endloop
  endfacet
  facet normal 0 0 -1
    outer loop
      vertex 1.76244 -0.874025 0
      vertex 5.03555 -0.575797 0
      vertex 4.81547 -1.61124 0
    endloop
  endfacet
  facet normal 0 0 -1
    outer loop
      vertex 3.76275 4.74238 0
      vertex 5.06329 -0.0465823 0
      vertex 5.03555 -0.0465823 0
    endloop
  endfacet
  facet normal 0 0 -1
    outer loop
      vertex 1.68542 -0.511595 0
      vertex 5.03555 -0.575797 0
      vertex 1.76244 -0.874025 0
    endloop
  endfacet
  facet normal 0 0 -1
    outer loop
      vertex 5.06329 -0.0465823 0
      vertex 3.76275 4.74238 0
      vertex 5.06329 6.11797 0
    endloop
  endfacet
  facet normal 0 0 -1
    outer loop
      vertex 1.76244 -1.24446 0
      vertex 4.81547 -1.61124 0
      vertex 4.38494 -2.57823 0
    endloop
  endfacet
  facet normal -0 0 -1
    outer loop
      vertex 5.06329 6.11797 0
      vertex 4.38494 5.60192 0
      vertex 4.6138 6.11797 0
    endloop
  endfacet
  facet normal 0 0 -1
    outer loop
      vertex 1.68542 -1.60689 0
      vertex 4.38494 -2.57823 0
      vertex 3.76275 -3.43463 0
    endloop
  endfacet
  facet normal 0 0 -1
    outer loop
      vertex 5.06329 6.11797 0
      vertex 3.76275 4.74238 0
      vertex 4.38494 5.60192 0
    endloop
  endfacet
  facet normal 0 0 -1
    outer loop
      vertex 1.53472 -1.94532 0
      vertex 3.76275 -3.43463 0
      vertex 3.5443 -3.63129 0
    endloop
  endfacet
  facet normal 0 0 -1
    outer loop
      vertex 5.03555 -0.0465823 0
      vertex 2.97613 4.03139 0
      vertex 3.76275 4.74238 0
    endloop
  endfacet
  facet normal 0 0 -1
    outer loop
      vertex -3.5443 -9.06744 0
      vertex -2.57534 -8.95706 0
      vertex -2.57534 -9.06744 0
    endloop
  endfacet
  facet normal -0 0 -1
    outer loop
      vertex -2.57534 -8.95706 0
      vertex -3.5443 -9.06744 0
      vertex -3.5443 -3.63129 0
    endloop
  endfacet
  facet normal 0 0 -1
    outer loop
      vertex -2.57534 -8.95706 0
      vertex -3.5443 -3.63129 0
      vertex -2.97613 4.03139 0
    endloop
  endfacet
  facet normal 0 0 -1
    outer loop
      vertex -4.38494 -2.57823 0
      vertex -3.5443 -3.63129 0
      vertex -3.76275 -3.43463 0
    endloop
  endfacet
  facet normal 0 0 -1
    outer loop
      vertex -3.5443 -3.63129 0
      vertex -5.03555 -0.0465823 0
      vertex -2.97613 4.03139 0
    endloop
  endfacet
  facet normal 0 0 -1
    outer loop
      vertex -3.5443 -3.63129 0
      vertex -4.38494 -2.57823 0
      vertex -5.03555 -0.0465823 0
    endloop
  endfacet
  facet normal -0 0 -1
    outer loop
      vertex -2.97613 4.03139 0
      vertex -5.03555 -0.0465823 0
      vertex -3.76275 4.74238 0
    endloop
  endfacet
  facet normal 0 0 -1
    outer loop
      vertex -5.06329 -0.0465823 0
      vertex -3.76275 4.74238 0
      vertex -5.03555 -0.0465823 0
    endloop
  endfacet
  facet normal 0 0 -1
    outer loop
      vertex -5.03555 -0.0465823 0
      vertex -4.38494 -2.57823 0
      vertex -4.81547 -1.61124 0
    endloop
  endfacet
  facet normal 0 0 -1
    outer loop
      vertex -5.03555 -0.0465823 0
      vertex -4.81547 -1.61124 0
      vertex -5.03555 -0.575797 0
    endloop
  endfacet
  facet normal 0 0 -1
    outer loop
      vertex -5.06329 6.11797 0
      vertex -3.76275 4.74238 0
      vertex -5.06329 -0.0465823 0
    endloop
  endfacet
  facet normal 0 0 -1
    outer loop
      vertex -3.76275 4.74238 0
      vertex -5.06329 6.11797 0
      vertex -4.38494 5.60192 0
    endloop
  endfacet
  facet normal 0 0 -1
    outer loop
      vertex -4.38494 5.60192 0
      vertex -5.06329 6.11797 0
      vertex -4.6138 6.11797 0
    endloop
  endfacet
  facet normal 0 0 -1
    outer loop
      vertex -0.0575686 -8.95706 0
      vertex 0.0575676 -8.95706 0
      vertex 0.0575676 -9.06744 0
    endloop
  endfacet
  facet normal 0 0 -1
    outer loop
      vertex -0.0575686 -8.95706 0
      vertex 0.0575676 -9.06744 0
      vertex -0.0575686 -9.06744 0
    endloop
  endfacet
  facet normal 0 0 -1
    outer loop
      vertex 0.0575676 -8.95706 0
      vertex -0.0575686 -8.95706 0
      vertex -0.111207 -8.7041 0
    endloop
  endfacet
  facet normal 0 0 -1
    outer loop
      vertex 0.0575676 -8.95706 0
      vertex -0.111207 -8.7041 0
      vertex -0.112587 -8.69762 0
    endloop
  endfacet
  facet normal 0 0 -1
    outer loop
      vertex -0.115291 -8.69144 0
      vertex 0.0575676 -8.95706 0
      vertex -0.112587 -8.69762 0
    endloop
  endfacet
  facet normal 0 0 -1
    outer loop
      vertex -0.220221 -8.45519 0
      vertex 0.0575676 -8.95706 0
      vertex -0.115291 -8.69144 0
    endloop
  endfacet
  facet normal 0 0 -1
    outer loop
      vertex 0.0575676 -8.95706 0
      vertex -0.220221 -8.45519 0
      vertex -1.01266e-06 -2.83139 0
    endloop
  endfacet
  facet normal 0 0 -1
    outer loop
      vertex -0.371744 -8.24618 0
      vertex -1.01266e-06 -2.83139 0
      vertex -0.220221 -8.45519 0
    endloop
  endfacet
  facet normal 0 0 -1
    outer loop
      vertex -0.375767 -8.24061 0
      vertex -1.01266e-06 -2.83139 0
      vertex -0.371744 -8.24618 0
    endloop
  endfacet
  facet normal 0 0 -1
    outer loop
      vertex -0.380858 -8.23605 0
      vertex -1.01266e-06 -2.83139 0
      vertex -0.375767 -8.24061 0
    endloop
  endfacet
  facet normal 0 0 -1
    outer loop
      vertex -0.572423 -8.06309 0
      vertex -1.01266e-06 -2.83139 0
      vertex -0.380858 -8.23605 0
    endloop
  endfacet
  facet normal 0 0 -1
    outer loop
      vertex -0.801598 -7.93053 0
      vertex -1.01266e-06 -2.83139 0
      vertex -0.572423 -8.06309 0
    endloop
  endfacet
  facet normal 0 0 -1
    outer loop
      vertex -1.05328 -7.8485 0
      vertex -1.01266e-06 -2.83139 0
      vertex -0.801598 -7.93053 0
    endloop
  endfacet
  facet normal -0 0 -1
    outer loop
      vertex -1.01266e-06 -2.83139 0
      vertex -1.05328 -7.8485 0
      vertex -0.368452 -2.79271 0
    endloop
  endfacet
  facet normal 0 0 -1
    outer loop
      vertex -1.30946 -7.82147 0
      vertex -0.368452 -2.79271 0
      vertex -1.05328 -7.8485 0
    endloop
  endfacet
  facet normal 0 0 -1
    outer loop
      vertex -1.31645 -7.82076 0
      vertex -0.368452 -2.79271 0
      vertex -1.30946 -7.82147 0
    endloop
  endfacet
  facet normal -0 0 -1
    outer loop
      vertex -0.368452 -2.79271 0
      vertex -1.31645 -7.82076 0
      vertex -0.720798 -2.67818 0
    endloop
  endfacet
  facet normal 0 0 -1
    outer loop
      vertex -1.32345 -7.82147 0
      vertex -0.720798 -2.67818 0
      vertex -1.31645 -7.82076 0
    endloop
  endfacet
  facet normal 0 0 -1
    outer loop
      vertex -1.57964 -7.8485 0
      vertex -0.720798 -2.67818 0
      vertex -1.32345 -7.82147 0
    endloop
  endfacet
  facet normal -0 0 -1
    outer loop
      vertex -0.720798 -2.67818 0
      vertex -1.57964 -7.8485 0
      vertex -1.04164 -2.49296 0
    endloop
  endfacet
  facet normal 0 0 -1
    outer loop
      vertex -1.83131 -7.93053 0
      vertex -1.04164 -2.49296 0
      vertex -1.57964 -7.8485 0
    endloop
  endfacet
  facet normal -0 0 -1
    outer loop
      vertex -1.04164 -2.49296 0
      vertex -1.83131 -7.93053 0
      vertex -1.31696 -2.24506 0
    endloop
  endfacet
  facet normal 0 0 -1
    outer loop
      vertex -2.06049 -8.06309 0
      vertex -1.31696 -2.24506 0
      vertex -1.83131 -7.93053 0
    endloop
  endfacet
  facet normal -0 0 -1
    outer loop
      vertex -1.31696 -2.24506 0
      vertex -2.06049 -8.06309 0
      vertex -1.53472 -1.94532 0
    endloop
  endfacet
  facet normal 0 0 -1
    outer loop
      vertex -2.25714 -8.24061 0
      vertex -1.53472 -1.94532 0
      vertex -2.25205 -8.23605 0
    endloop
  endfacet
  facet normal 0 0 -1
    outer loop
      vertex -2.25205 -8.23605 0
      vertex -1.53472 -1.94532 0
      vertex -2.06049 -8.06309 0
    endloop
  endfacet
  facet normal 0 0 -1
    outer loop
      vertex 4.38494 -2.57823 0
      vertex 1.68542 -1.60689 0
      vertex 1.76244 -1.24446 0
    endloop
  endfacet
  facet normal 0 0 -1
    outer loop
      vertex 1.32345 -7.82147 0
      vertex 3.5443 -3.63129 0
      vertex 1.57964 -7.8485 0
    endloop
  endfacet
  facet normal 0 0 -1
    outer loop
      vertex 3.76275 -3.43463 0
      vertex 1.53472 -1.94532 0
      vertex 1.68542 -1.60689 0
    endloop
  endfacet
  facet normal 0 0 -1
    outer loop
      vertex 1.31646 -7.82076 0
      vertex 3.5443 -3.63129 0
      vertex 1.32345 -7.82147 0
    endloop
  endfacet
  facet normal 0 0 -1
    outer loop
      vertex 3.5443 -3.63129 0
      vertex 1.31696 -2.24506 0
      vertex 1.53472 -1.94532 0
    endloop
  endfacet
  facet normal -0 0 -1
    outer loop
      vertex 3.5443 -3.63129 0
      vertex 1.31646 -7.82076 0
      vertex 0.7208 -2.67818 0
    endloop
  endfacet
  facet normal 0 0 -1
    outer loop
      vertex 0.368451 -2.79271 0
      vertex 1.31646 -7.82076 0
      vertex 1.30946 -7.82147 0
    endloop
  endfacet
  facet normal 0 0 -1
    outer loop
      vertex 0.368451 -2.79271 0
      vertex 1.30946 -7.82147 0
      vertex 1.05328 -7.8485 0
    endloop
  endfacet
  facet normal 0 0 -1
    outer loop
      vertex 3.5443 -3.63129 0
      vertex 1.04164 -2.49296 0
      vertex 1.31696 -2.24506 0
    endloop
  endfacet
  facet normal 0 0 -1
    outer loop
      vertex -1.01266e-06 -2.83139 0
      vertex 1.05328 -7.8485 0
      vertex 0.8016 -7.93053 0
    endloop
  endfacet
  facet normal 0 0 -1
    outer loop
      vertex 3.5443 -3.63129 0
      vertex 0.7208 -2.67818 0
      vertex 1.04164 -2.49296 0
    endloop
  endfacet
  facet normal 0 0 -1
    outer loop
      vertex -1.01266e-06 -2.83139 0
      vertex 0.8016 -7.93053 0
      vertex 0.572425 -8.06309 0
    endloop
  endfacet
  facet normal 0 0 -1
    outer loop
      vertex -1.01266e-06 -2.83139 0
      vertex 0.572425 -8.06309 0
      vertex 0.380857 -8.23605 0
    endloop
  endfacet
  facet normal 0 0 -1
    outer loop
      vertex -1.01266e-06 -2.83139 0
      vertex 0.380857 -8.23605 0
      vertex 0.375766 -8.24061 0
    endloop
  endfacet
  facet normal 0 0 -1
    outer loop
      vertex -1.01266e-06 -2.83139 0
      vertex 0.375766 -8.24061 0
      vertex 0.371743 -8.24618 0
    endloop
  endfacet
  facet normal 0 0 -1
    outer loop
      vertex 1.31646 -7.82076 0
      vertex 0.368451 -2.79271 0
      vertex 0.7208 -2.67818 0
    endloop
  endfacet
  facet normal 0 0 -1
    outer loop
      vertex -1.01266e-06 -2.83139 0
      vertex 0.371743 -8.24618 0
      vertex 0.22022 -8.45519 0
    endloop
  endfacet
  facet normal 0 0 -1
    outer loop
      vertex -1.01266e-06 -2.83139 0
      vertex 0.22022 -8.45519 0
      vertex 0.11529 -8.69144 0
    endloop
  endfacet
  facet normal 0 0 -1
    outer loop
      vertex -1.01266e-06 -2.83139 0
      vertex 0.11529 -8.69144 0
      vertex 0.112586 -8.69762 0
    endloop
  endfacet
  facet normal 0 0 -1
    outer loop
      vertex -1.01266e-06 -2.83139 0
      vertex 0.112586 -8.69762 0
      vertex 0.111206 -8.7041 0
    endloop
  endfacet
  facet normal 0 0 -1
    outer loop
      vertex -1.01266e-06 -2.83139 0
      vertex 0.111206 -8.7041 0
      vertex 0.0575676 -8.95706 0
    endloop
  endfacet
  facet normal 0 0 -1
    outer loop
      vertex 1.05328 -7.8485 0
      vertex -1.01266e-06 -2.83139 0
      vertex 0.368451 -2.79271 0
    endloop
  endfacet
  facet normal 0 0 -1
    outer loop
      vertex 2.25714 -8.24061 0
      vertex 3.5443 -3.63129 0
      vertex 3.5443 -9.06744 0
    endloop
  endfacet
  facet normal 0 0 -1
    outer loop
      vertex 2.57534 -8.95706 0
      vertex 3.5443 -9.06744 0
      vertex 2.57534 -9.06744 0
    endloop
  endfacet
  facet normal 0 0 -1
    outer loop
      vertex 2.5217 -8.7041 0
      vertex 3.5443 -9.06744 0
      vertex 2.57534 -8.95706 0
    endloop
  endfacet
  facet normal 0 0 -1
    outer loop
      vertex 2.52032 -8.69762 0
      vertex 3.5443 -9.06744 0
      vertex 2.5217 -8.7041 0
    endloop
  endfacet
  facet normal 0 0 -1
    outer loop
      vertex 2.51762 -8.69144 0
      vertex 3.5443 -9.06744 0
      vertex 2.52032 -8.69762 0
    endloop
  endfacet
  facet normal 0 0 -1
    outer loop
      vertex 2.41269 -8.45519 0
      vertex 3.5443 -9.06744 0
      vertex 2.51762 -8.69144 0
    endloop
  endfacet
  facet normal 0 0 -1
    outer loop
      vertex 2.26116 -8.24618 0
      vertex 3.5443 -9.06744 0
      vertex 2.41269 -8.45519 0
    endloop
  endfacet
  facet normal 0 0 -1
    outer loop
      vertex 2.25714 -8.24061 0
      vertex 3.5443 -9.06744 0
      vertex 2.26116 -8.24618 0
    endloop
  endfacet
  facet normal 0 0 -1
    outer loop
      vertex 2.25205 -8.23605 0
      vertex 3.5443 -3.63129 0
      vertex 2.25714 -8.24061 0
    endloop
  endfacet
  facet normal 0 0 -1
    outer loop
      vertex 2.06049 -8.06309 0
      vertex 3.5443 -3.63129 0
      vertex 2.25205 -8.23605 0
    endloop
  endfacet
  facet normal 0 0 -1
    outer loop
      vertex 1.83131 -7.93053 0
      vertex 3.5443 -3.63129 0
      vertex 2.06049 -8.06309 0
    endloop
  endfacet
  facet normal 0 0 -1
    outer loop
      vertex 4.81547 -1.61124 0
      vertex 1.76244 -1.24446 0
      vertex 1.76244 -0.874025 0
    endloop
  endfacet
  facet normal 0 0 -1
    outer loop
      vertex 1.57964 -7.8485 0
      vertex 3.5443 -3.63129 0
      vertex 1.83131 -7.93053 0
    endloop
  endfacet
  facet normal 0 0 -1
    outer loop
      vertex 5.03555 -0.575797 0
      vertex 1.68542 -0.511595 0
      vertex 5.03555 -0.0465823 0
    endloop
  endfacet
  facet normal 0 0 -1
    outer loop
      vertex 5.03555 -0.0465823 0
      vertex 1.68542 -0.511595 0
      vertex 1.53472 -0.173165 0
    endloop
  endfacet
  facet normal 0 0 -1
    outer loop
      vertex 1.31696 0.126582 0
      vertex 5.03555 -0.0465823 0
      vertex 1.53472 -0.173165 0
    endloop
  endfacet
  facet normal 0 0 -1
    outer loop
      vertex 5.03555 -0.0465823 0
      vertex 2.05942 3.50005 0
      vertex 2.97613 4.03139 0
    endloop
  endfacet
  facet normal 0 0 -1
    outer loop
      vertex 5.03555 -0.0465823 0
      vertex 1.31696 0.126582 0
      vertex 2.05942 3.50005 0
    endloop
  endfacet
  facet normal 0 0 -1
    outer loop
      vertex 1.04164 0.374481 0
      vertex 2.05942 3.50005 0
      vertex 1.31696 0.126582 0
    endloop
  endfacet
  facet normal 0 0 -1
    outer loop
      vertex 2.05942 3.50005 0
      vertex 1.04164 0.374481 0
      vertex 1.05272 3.17175 0
    endloop
  endfacet
  facet normal 0 0 -1
    outer loop
      vertex 0.7208 0.559696 0
      vertex 1.05272 3.17175 0
      vertex 1.04164 0.374481 0
    endloop
  endfacet
  facet normal 0 0 -1
    outer loop
      vertex 0.368451 0.674228 0
      vertex 1.05272 3.17175 0
      vertex 0.7208 0.559696 0
    endloop
  endfacet
  facet normal 0 0 -1
    outer loop
      vertex -1.01266e-06 3.06066 0
      vertex 0.368451 0.674228 0
      vertex 0 0.712911 0
    endloop
  endfacet
  facet normal 0 0 -1
    outer loop
      vertex 0.368451 0.674228 0
      vertex -1.01266e-06 3.06066 0
      vertex 1.05272 3.17175 0
    endloop
  endfacet
  facet normal 0 0 -1
    outer loop
      vertex -0.368452 0.674228 0
      vertex -1.01266e-06 3.06066 0
      vertex 0 0.712911 0
    endloop
  endfacet
  facet normal 0 0 -1
    outer loop
      vertex -1.05272 3.17175 0
      vertex -0.368452 0.674228 0
      vertex -0.720798 0.559696 0
    endloop
  endfacet
  facet normal 0 0 -1
    outer loop
      vertex -1.05272 3.17175 0
      vertex -0.720798 0.559696 0
      vertex -1.04164 0.374481 0
    endloop
  endfacet
  facet normal 0 0 -1
    outer loop
      vertex -0.368452 0.674228 0
      vertex -1.05272 3.17175 0
      vertex -1.01266e-06 3.06066 0
    endloop
  endfacet
  facet normal 0 0 -1
    outer loop
      vertex -2.05942 3.50005 0
      vertex -1.04164 0.374481 0
      vertex -1.31696 0.126582 0
    endloop
  endfacet
  facet normal 0 0 -1
    outer loop
      vertex -2.05942 3.50005 0
      vertex -1.31696 0.126582 0
      vertex -1.53472 -0.173165 0
    endloop
  endfacet
  facet normal 0 0 -1
    outer loop
      vertex -2.97613 4.03139 0
      vertex -1.53472 -0.173165 0
      vertex -1.68542 -0.511595 0
    endloop
  endfacet
  facet normal 0 0 -1
    outer loop
      vertex -2.97613 4.03139 0
      vertex -1.68542 -0.511595 0
      vertex -1.76244 -0.874025 0
    endloop
  endfacet
  facet normal 0 0 -1
    outer loop
      vertex -1.04164 0.374481 0
      vertex -2.05942 3.50005 0
      vertex -1.05272 3.17175 0
    endloop
  endfacet
  facet normal -0 0 -1
    outer loop
      vertex -1.53472 -1.94532 0
      vertex -2.25714 -8.24061 0
      vertex -1.68542 -1.60689 0
    endloop
  endfacet
  facet normal 0 0 -1
    outer loop
      vertex -2.26116 -8.24618 0
      vertex -1.68542 -1.60689 0
      vertex -2.25714 -8.24061 0
    endloop
  endfacet
  facet normal 0 0 -1
    outer loop
      vertex -2.41269 -8.45519 0
      vertex -1.68542 -1.60689 0
      vertex -2.26116 -8.24618 0
    endloop
  endfacet
  facet normal -0 0 -1
    outer loop
      vertex -1.68542 -1.60689 0
      vertex -2.41269 -8.45519 0
      vertex -1.76244 -1.24446 0
    endloop
  endfacet
  facet normal 0 0 -1
    outer loop
      vertex -2.51762 -8.69144 0
      vertex -1.76244 -1.24446 0
      vertex -2.41269 -8.45519 0
    endloop
  endfacet
  facet normal 0 0 -1
    outer loop
      vertex -2.52032 -8.69762 0
      vertex -1.76244 -1.24446 0
      vertex -2.51762 -8.69144 0
    endloop
  endfacet
  facet normal 0 0 -1
    outer loop
      vertex -2.97613 4.03139 0
      vertex -1.76244 -1.24446 0
      vertex -2.52032 -8.69762 0
    endloop
  endfacet
  facet normal 0 0 -1
    outer loop
      vertex -1.76244 -1.24446 0
      vertex -2.97613 4.03139 0
      vertex -1.76244 -0.874025 0
    endloop
  endfacet
  facet normal 0 0 -1
    outer loop
      vertex -2.97613 4.03139 0
      vertex -2.52032 -8.69762 0
      vertex -2.5217 -8.7041 0
    endloop
  endfacet
  facet normal 0 0 -1
    outer loop
      vertex -2.97613 4.03139 0
      vertex -2.5217 -8.7041 0
      vertex -2.57534 -8.95706 0
    endloop
  endfacet
  facet normal 0 0 -1
    outer loop
      vertex -1.53472 -0.173165 0
      vertex -2.97613 4.03139 0
      vertex -2.05942 3.50005 0
    endloop
  endfacet
  facet normal 1 -0 0
    outer loop
      vertex 5.03555 -0.575797 40
      vertex 5.03555 -0.0465823 35.443
      vertex 5.03555 -0.0465823 40
    endloop
  endfacet
  facet normal 1 0 0
    outer loop
      vertex 5.03555 -0.0465823 35.443
      vertex 5.03555 -0.575797 40
      vertex 5.03555 -0.575797 35.443
    endloop
  endfacet
  facet normal 1 -0 0
    outer loop
      vertex 5.03555 -0.575797 5.06329
      vertex 5.03555 -0.0465823 0
      vertex 5.03555 -0.0465823 5.06329
    endloop
  endfacet
  facet normal 1 0 0
    outer loop
      vertex 5.03555 -0.0465823 0
      vertex 5.03555 -0.575797 5.06329
      vertex 5.03555 -0.575797 0
    endloop
  endfacet
  facet normal 1 -0 0
    outer loop
      vertex 5.03555 -0.575797 11.1392
      vertex 5.03555 -0.0465823 8.10126
      vertex 5.03555 -0.0465823 11.1392
    endloop
  endfacet
  facet normal 1 0 0
    outer loop
      vertex 5.03555 -0.0465823 8.10126
      vertex 5.03555 -0.575797 11.1392
      vertex 5.03555 -0.575797 8.10126
    endloop
  endfacet
  facet normal 1 -0 0
    outer loop
      vertex 5.03555 -0.575797 18.2278
      vertex 5.03555 -0.0465823 14.1772
      vertex 5.03555 -0.0465823 18.2278
    endloop
  endfacet
  facet normal 1 0 0
    outer loop
      vertex 5.03555 -0.0465823 14.1772
      vertex 5.03555 -0.575797 18.2278
      vertex 5.03555 -0.575797 14.1772
    endloop
  endfacet
  facet normal 1 -0 0
    outer loop
      vertex 5.03555 -0.575797 25.3165
      vertex 5.03555 -0.0465823 21.2658
      vertex 5.03555 -0.0465823 25.3165
    endloop
  endfacet
  facet normal 1 0 0
    outer loop
      vertex 5.03555 -0.0465823 21.2658
      vertex 5.03555 -0.575797 25.3165
      vertex 5.03555 -0.575797 21.2658
    endloop
  endfacet
  facet normal 1 -0 0
    outer loop
      vertex 5.03555 -0.575797 32.4051
      vertex 5.03555 -0.0465823 28.3544
      vertex 5.03555 -0.0465823 32.4051
    endloop
  endfacet
  facet normal 1 0 0
    outer loop
      vertex 5.03555 -0.0465823 28.3544
      vertex 5.03555 -0.575797 32.4051
      vertex 5.03555 -0.575797 28.3544
    endloop
  endfacet
  facet normal -0.809026 -0.587772 5.60764e-18
    outer loop
      vertex -3.76275 -3.43463 35.443
      vertex -4.38494 -2.57823 40
      vertex -4.38494 -2.57823 35.443
    endloop
  endfacet
  facet normal -0.809026 -0.587772 5.60764e-18
    outer loop
      vertex -4.38494 -2.57823 40
      vertex -3.76275 -3.43463 35.443
      vertex -3.76275 -3.43463 40
    endloop
  endfacet
  facet normal -0.809026 -0.587772 5.04692e-18
    outer loop
      vertex -3.76275 -3.43463 0
      vertex -4.38494 -2.57823 5.06329
      vertex -4.38494 -2.57823 0
    endloop
  endfacet
  facet normal -0.809026 -0.587772 5.04692e-18
    outer loop
      vertex -4.38494 -2.57823 5.06329
      vertex -3.76275 -3.43463 0
      vertex -3.76275 -3.43463 5.06329
    endloop
  endfacet
  facet normal -0.809026 -0.587772 8.41162e-18
    outer loop
      vertex -3.76275 -3.43463 8.10126
      vertex -4.38494 -2.57823 11.1392
      vertex -4.38494 -2.57823 8.10126
    endloop
  endfacet
  facet normal -0.809026 -0.587772 8.41162e-18
    outer loop
      vertex -4.38494 -2.57823 11.1392
      vertex -3.76275 -3.43463 8.10126
      vertex -3.76275 -3.43463 11.1392
    endloop
  endfacet
  facet normal -0.809026 -0.587772 6.3087e-18
    outer loop
      vertex -3.76275 -3.43463 14.1772
      vertex -4.38494 -2.57823 18.2278
      vertex -4.38494 -2.57823 14.1772
    endloop
  endfacet
  facet normal -0.809026 -0.587772 6.3087e-18
    outer loop
      vertex -4.38494 -2.57823 18.2278
      vertex -3.76275 -3.43463 14.1772
      vertex -3.76275 -3.43463 18.2278
    endloop
  endfacet
  facet normal -0.809026 -0.587772 6.30854e-18
    outer loop
      vertex -3.76275 -3.43463 21.2658
      vertex -4.38494 -2.57823 25.3165
      vertex -4.38494 -2.57823 21.2658
    endloop
  endfacet
  facet normal -0.809026 -0.587772 6.30854e-18
    outer loop
      vertex -4.38494 -2.57823 25.3165
      vertex -3.76275 -3.43463 21.2658
      vertex -3.76275 -3.43463 25.3165
    endloop
  endfacet
  facet normal -0.809026 -0.587772 6.30854e-18
    outer loop
      vertex -3.76275 -3.43463 28.3544
      vertex -4.38494 -2.57823 32.4051
      vertex -4.38494 -2.57823 28.3544
    endloop
  endfacet
  facet normal -0.809026 -0.587772 6.30854e-18
    outer loop
      vertex -4.38494 -2.57823 32.4051
      vertex -3.76275 -3.43463 28.3544
      vertex -3.76275 -3.43463 32.4051
    endloop
  endfacet
  facet normal -0.97815 -0.207902 2.13149e-18
    outer loop
      vertex -4.81547 -1.61124 0
      vertex -5.03555 -0.575797 5.06329
      vertex -5.03555 -0.575797 0
    endloop
  endfacet
  facet normal -0.97815 -0.207902 2.13149e-18
    outer loop
      vertex -5.03555 -0.575797 5.06329
      vertex -4.81547 -1.61124 0
      vertex -4.81547 -1.61124 5.06329
    endloop
  endfacet
  facet normal -0.97815 -0.207902 2.3683e-18
    outer loop
      vertex -4.81547 -1.61124 35.443
      vertex -5.03555 -0.575797 40
      vertex -5.03555 -0.575797 35.443
    endloop
  endfacet
  facet normal -0.97815 -0.207902 2.3683e-18
    outer loop
      vertex -5.03555 -0.575797 40
      vertex -4.81547 -1.61124 35.443
      vertex -4.81547 -1.61124 40
    endloop
  endfacet
  facet normal -0.97815 -0.207902 3.55252e-18
    outer loop
      vertex -4.81547 -1.61124 8.10126
      vertex -5.03555 -0.575797 11.1392
      vertex -5.03555 -0.575797 8.10126
    endloop
  endfacet
  facet normal -0.97815 -0.207902 3.55252e-18
    outer loop
      vertex -5.03555 -0.575797 11.1392
      vertex -4.81547 -1.61124 8.10126
      vertex -4.81547 -1.61124 11.1392
    endloop
  endfacet
  facet normal -0.97815 -0.207902 2.66438e-18
    outer loop
      vertex -4.81547 -1.61124 14.1772
      vertex -5.03555 -0.575797 18.2278
      vertex -5.03555 -0.575797 14.1772
    endloop
  endfacet
  facet normal -0.97815 -0.207902 2.66438e-18
    outer loop
      vertex -5.03555 -0.575797 18.2278
      vertex -4.81547 -1.61124 14.1772
      vertex -4.81547 -1.61124 18.2278
    endloop
  endfacet
  facet normal -0.97815 -0.207902 2.66432e-18
    outer loop
      vertex -4.81547 -1.61124 21.2658
      vertex -5.03555 -0.575797 25.3165
      vertex -5.03555 -0.575797 21.2658
    endloop
  endfacet
  facet normal -0.97815 -0.207902 2.66432e-18
    outer loop
      vertex -5.03555 -0.575797 25.3165
      vertex -4.81547 -1.61124 21.2658
      vertex -4.81547 -1.61124 25.3165
    endloop
  endfacet
  facet normal -0.97815 -0.207902 2.66432e-18
    outer loop
      vertex -4.81547 -1.61124 28.3544
      vertex -5.03555 -0.575797 32.4051
      vertex -5.03555 -0.575797 28.3544
    endloop
  endfacet
  facet normal -0.97815 -0.207902 2.66432e-18
    outer loop
      vertex -5.03555 -0.575797 32.4051
      vertex -4.81547 -1.61124 28.3544
      vertex -4.81547 -1.61124 32.4051
    endloop
  endfacet
  facet normal -0 0 1
    outer loop
      vertex 3.76275 8.24192 40
      vertex 5.06329 -0.0465823 40
      vertex 5.06329 9.06734 40
    endloop
  endfacet
  facet normal 0 0 1
    outer loop
      vertex 3.17239 -0.725772 40
      vertex 5.03555 -0.575797 40
      vertex 5.03555 -0.0465823 40
    endloop
  endfacet
  facet normal -0 0 1
    outer loop
      vertex 2.97613 7.53093 40
      vertex 5.06329 -0.0465823 40
      vertex 3.76275 8.24192 40
    endloop
  endfacet
  facet normal 0 -0 1
    outer loop
      vertex 3.03375 -0.073519 40
      vertex 5.03555 -0.0465823 40
      vertex 2.76251 0.535696 40
    endloop
  endfacet
  facet normal 0 0 1
    outer loop
      vertex 3.76275 8.24192 40
      vertex 5.06329 9.06734 40
      vertex 4.36021 9.06734 40
    endloop
  endfacet
  facet normal -0 0 1
    outer loop
      vertex 2.37054 1.07524 40
      vertex 5.06329 -0.0465823 40
      vertex 2.97613 7.53093 40
    endloop
  endfacet
  facet normal 0 0 1
    outer loop
      vertex 5.03555 -0.575797 40
      vertex 3.17239 -0.725772 40
      vertex 4.81547 -1.61124 40
    endloop
  endfacet
  facet normal 0 0 1
    outer loop
      vertex 4.81547 -1.61124 40
      vertex 3.17239 -1.39271 40
      vertex 4.38494 -2.57823 40
    endloop
  endfacet
  facet normal 0 0 1
    outer loop
      vertex 4.38494 -2.57823 40
      vertex 3.03375 -2.04496 40
      vertex 3.76275 -3.43463 40
    endloop
  endfacet
  facet normal -0 0 1
    outer loop
      vertex 3.03375 -2.04496 40
      vertex 4.38494 -2.57823 40
      vertex 3.17239 -1.39271 40
    endloop
  endfacet
  facet normal -0 0 1
    outer loop
      vertex 3.17239 -1.39271 40
      vertex 4.81547 -1.61124 40
      vertex 3.17239 -0.725772 40
    endloop
  endfacet
  facet normal 0 0 1
    outer loop
      vertex 5.06329 -0.0465823 40
      vertex 2.37054 1.07524 40
      vertex 5.03555 -0.0465823 40
    endloop
  endfacet
  facet normal 0 -0 1
    outer loop
      vertex 3.17239 -0.725772 40
      vertex 5.03555 -0.0465823 40
      vertex 3.03375 -0.073519 40
    endloop
  endfacet
  facet normal 0 0 1
    outer loop
      vertex 5.03555 -0.0465823 40
      vertex 2.37054 1.07524 40
      vertex 2.76251 0.535696 40
    endloop
  endfacet
  facet normal 0 0 1
    outer loop
      vertex 1.87496 1.52142 40
      vertex 2.97613 7.53093 40
      vertex 2.05942 6.99959 40
    endloop
  endfacet
  facet normal 0 0 1
    outer loop
      vertex 2.97613 7.53093 40
      vertex 1.87496 1.52142 40
      vertex 2.37054 1.07524 40
    endloop
  endfacet
  facet normal 0 0 1
    outer loop
      vertex 2.05942 6.99959 40
      vertex 1.29744 1.85489 40
      vertex 1.87496 1.52142 40
    endloop
  endfacet
  facet normal -0 0 1
    outer loop
      vertex 1.05272 6.67129 40
      vertex 1.29744 1.85489 40
      vertex 2.05942 6.99959 40
    endloop
  endfacet
  facet normal 0 0 1
    outer loop
      vertex 1.05272 6.67129 40
      vertex 0.66321 2.06096 40
      vertex 1.29744 1.85489 40
    endloop
  endfacet
  facet normal -0 0 1
    outer loop
      vertex -1.01266e-06 6.5602 40
      vertex 0.66321 2.06096 40
      vertex 1.05272 6.67129 40
    endloop
  endfacet
  facet normal 0 0 1
    outer loop
      vertex 0.66321 2.06096 40
      vertex -1.01266e-06 6.5602 40
      vertex 0 2.13063 40
    endloop
  endfacet
  facet normal 0 0 1
    outer loop
      vertex -1.01266e-06 6.5602 40
      vertex -0.663212 2.06096 40
      vertex 0 2.13063 40
    endloop
  endfacet
  facet normal 0 0 1
    outer loop
      vertex -1.05272 6.67129 40
      vertex -0.663212 2.06096 40
      vertex -1.01266e-06 6.5602 40
    endloop
  endfacet
  facet normal 0 0 1
    outer loop
      vertex -1.05272 6.67129 40
      vertex -1.29744 1.85489 40
      vertex -0.663212 2.06096 40
    endloop
  endfacet
  facet normal 0 0 1
    outer loop
      vertex -2.05942 6.99959 40
      vertex -1.29744 1.85489 40
      vertex -1.05272 6.67129 40
    endloop
  endfacet
  facet normal 0 0 1
    outer loop
      vertex -1.29744 1.85489 40
      vertex -2.05942 6.99959 40
      vertex -1.87496 1.52142 40
    endloop
  endfacet
  facet normal 0 0 1
    outer loop
      vertex -2.97613 7.53093 40
      vertex -1.87496 1.52142 40
      vertex -2.05942 6.99959 40
    endloop
  endfacet
  facet normal 0 0 1
    outer loop
      vertex -1.87496 1.52142 40
      vertex -2.97613 7.53093 40
      vertex -2.37054 1.07524 40
    endloop
  endfacet
  facet normal 0 0 1
    outer loop
      vertex -5.06329 -0.0465823 40
      vertex -2.37054 1.07524 40
      vertex -2.97613 7.53093 40
    endloop
  endfacet
  facet normal 0 0 1
    outer loop
      vertex -2.37054 1.07524 40
      vertex -5.03555 -0.0465823 40
      vertex -2.76251 0.535696 40
    endloop
  endfacet
  facet normal 0 0 1
    outer loop
      vertex -2.76251 0.535696 40
      vertex -5.03555 -0.0465823 40
      vertex -3.03375 -0.073519 40
    endloop
  endfacet
  facet normal 0 0 1
    outer loop
      vertex -4.81547 -1.61124 40
      vertex -3.17239 -1.39271 40
      vertex -3.17239 -0.725772 40
    endloop
  endfacet
  facet normal 0 0 1
    outer loop
      vertex -3.03375 -0.073519 40
      vertex -5.03555 -0.0465823 40
      vertex -3.17239 -0.725772 40
    endloop
  endfacet
  facet normal 0 0 1
    outer loop
      vertex -5.06329 -0.0465823 40
      vertex -2.97613 7.53093 40
      vertex -3.76275 8.24192 40
    endloop
  endfacet
  facet normal -0 0 1
    outer loop
      vertex -5.03555 -0.575797 40
      vertex -3.17239 -0.725772 40
      vertex -5.03555 -0.0465823 40
    endloop
  endfacet
  facet normal -0 0 1
    outer loop
      vertex -5.06329 9.06734 40
      vertex -3.76275 8.24192 40
      vertex -4.36021 9.06734 40
    endloop
  endfacet
  facet normal 0 0 1
    outer loop
      vertex -3.17239 -1.39271 40
      vertex -4.38494 -2.57823 40
      vertex -3.76275 -3.43463 40
    endloop
  endfacet
  facet normal 0 0 1
    outer loop
      vertex -3.17239 -1.39271 40
      vertex -3.76275 -3.43463 40
      vertex -3.5443 -3.63129 40
    endloop
  endfacet
  facet normal 0 0 1
    outer loop
      vertex -3.17239 -1.39271 40
      vertex -4.81547 -1.61124 40
      vertex -4.38494 -2.57823 40
    endloop
  endfacet
  facet normal 0 0 1
    outer loop
      vertex -5.06329 -0.0465823 40
      vertex -3.76275 8.24192 40
      vertex -5.06329 9.06734 40
    endloop
  endfacet
  facet normal 0 0 1
    outer loop
      vertex -2.37054 1.07524 40
      vertex -5.06329 -0.0465823 40
      vertex -5.03555 -0.0465823 40
    endloop
  endfacet
  facet normal -0 0 1
    outer loop
      vertex 2.76251 -2.65418 40
      vertex 3.76275 -3.43463 40
      vertex 3.03375 -2.04496 40
    endloop
  endfacet
  facet normal 0 0 1
    outer loop
      vertex 3.76275 -3.43463 40
      vertex 2.76251 -2.65418 40
      vertex 3.5443 -3.63129 40
    endloop
  endfacet
  facet normal -0 0 1
    outer loop
      vertex 2.37054 -3.19372 40
      vertex 3.5443 -3.63129 40
      vertex 2.76251 -2.65418 40
    endloop
  endfacet
  facet normal 0 0 1
    outer loop
      vertex 3.5443 -3.63129 40
      vertex 2.37054 -3.19372 40
      vertex 3.5443 -4.29975 40
    endloop
  endfacet
  facet normal -0 0 1
    outer loop
      vertex 1.87496 -3.6399 40
      vertex 3.5443 -4.29975 40
      vertex 2.37054 -3.19372 40
    endloop
  endfacet
  facet normal -0 0 1
    outer loop
      vertex 1.29744 -3.97337 40
      vertex 3.5443 -4.29975 40
      vertex 1.87496 -3.6399 40
    endloop
  endfacet
  facet normal -0 0 1
    outer loop
      vertex 0.66321 -4.17944 40
      vertex 3.5443 -4.29975 40
      vertex 1.29744 -3.97337 40
    endloop
  endfacet
  facet normal -0 0 1
    outer loop
      vertex -1.01266e-06 -4.24911 40
      vertex 3.5443 -4.29975 40
      vertex 0.66321 -4.17944 40
    endloop
  endfacet
  facet normal 0 0 1
    outer loop
      vertex -3.5443 -3.63129 40
      vertex -3.03375 -2.04496 40
      vertex -3.17239 -1.39271 40
    endloop
  endfacet
  facet normal 0 0 1
    outer loop
      vertex -3.5443 -3.63129 40
      vertex -2.76251 -2.65418 40
      vertex -3.03375 -2.04496 40
    endloop
  endfacet
  facet normal 0 0 1
    outer loop
      vertex -3.5443 -3.63129 40
      vertex -2.37054 -3.19372 40
      vertex -2.76251 -2.65418 40
    endloop
  endfacet
  facet normal 0 0 1
    outer loop
      vertex -3.5443 -4.29975 40
      vertex -2.37054 -3.19372 40
      vertex -3.5443 -3.63129 40
    endloop
  endfacet
  facet normal 0 0 1
    outer loop
      vertex -2.37054 -3.19372 40
      vertex -3.5443 -4.29975 40
      vertex -1.87496 -3.6399 40
    endloop
  endfacet
  facet normal 0 0 1
    outer loop
      vertex -1.87496 -3.6399 40
      vertex -3.5443 -4.29975 40
      vertex -1.29744 -3.97337 40
    endloop
  endfacet
  facet normal 0 0 1
    outer loop
      vertex -1.01266e-06 -4.24911 40
      vertex -3.5443 -4.29975 40
      vertex 3.5443 -4.29975 40
    endloop
  endfacet
  facet normal 0 0 1
    outer loop
      vertex -0.663212 -4.17944 40
      vertex -3.5443 -4.29975 40
      vertex -1.01266e-06 -4.24911 40
    endloop
  endfacet
  facet normal 0 0 1
    outer loop
      vertex -1.29744 -3.97337 40
      vertex -3.5443 -4.29975 40
      vertex -0.663212 -4.17944 40
    endloop
  endfacet
  facet normal 0 0 1
    outer loop
      vertex -3.17239 -0.725772 40
      vertex -5.03555 -0.575797 40
      vertex -4.81547 -1.61124 40
    endloop
  endfacet
  facet normal -0.669068 -0.743201 0
    outer loop
      vertex -3.76275 -3.43463 35.443
      vertex -3.5443 -3.63129 40
      vertex -3.76275 -3.43463 40
    endloop
  endfacet
  facet normal -0.669068 -0.743201 -0
    outer loop
      vertex -3.5443 -3.63129 40
      vertex -3.76275 -3.43463 35.443
      vertex -3.5443 -3.63129 35.443
    endloop
  endfacet
  facet normal -0.669068 -0.743201 0
    outer loop
      vertex -3.76275 -3.43463 0
      vertex -3.5443 -3.63129 5.06329
      vertex -3.76275 -3.43463 5.06329
    endloop
  endfacet
  facet normal -0.669068 -0.743201 -0
    outer loop
      vertex -3.5443 -3.63129 5.06329
      vertex -3.76275 -3.43463 0
      vertex -3.5443 -3.63129 0
    endloop
  endfacet
  facet normal -0.669068 -0.743201 0
    outer loop
      vertex -3.76275 -3.43463 8.10126
      vertex -3.5443 -3.63129 11.1392
      vertex -3.76275 -3.43463 11.1392
    endloop
  endfacet
  facet normal -0.669068 -0.743201 -0
    outer loop
      vertex -3.5443 -3.63129 11.1392
      vertex -3.76275 -3.43463 8.10126
      vertex -3.5443 -3.63129 8.10126
    endloop
  endfacet
  facet normal -0.669068 -0.743201 0
    outer loop
      vertex -3.76275 -3.43463 14.1772
      vertex -3.5443 -3.63129 18.2278
      vertex -3.76275 -3.43463 18.2278
    endloop
  endfacet
  facet normal -0.669068 -0.743201 -0
    outer loop
      vertex -3.5443 -3.63129 18.2278
      vertex -3.76275 -3.43463 14.1772
      vertex -3.5443 -3.63129 14.1772
    endloop
  endfacet
  facet normal -0.669068 -0.743201 0
    outer loop
      vertex -3.76275 -3.43463 21.2658
      vertex -3.5443 -3.63129 25.3165
      vertex -3.76275 -3.43463 25.3165
    endloop
  endfacet
  facet normal -0.669068 -0.743201 -0
    outer loop
      vertex -3.5443 -3.63129 25.3165
      vertex -3.76275 -3.43463 21.2658
      vertex -3.5443 -3.63129 21.2658
    endloop
  endfacet
  facet normal -0.669068 -0.743201 0
    outer loop
      vertex -3.76275 -3.43463 28.3544
      vertex -3.5443 -3.63129 32.4051
      vertex -3.76275 -3.43463 32.4051
    endloop
  endfacet
  facet normal -0.669068 -0.743201 -0
    outer loop
      vertex -3.5443 -3.63129 32.4051
      vertex -3.76275 -3.43463 28.3544
      vertex -3.5443 -3.63129 28.3544
    endloop
  endfacet
  facet normal -0.913546 -0.406735 -1.33051e-19
    outer loop
      vertex -4.38494 -2.57823 0
      vertex -4.81547 -1.61124 5.06329
      vertex -4.81547 -1.61124 0
    endloop
  endfacet
  facet normal -0.913546 -0.406735 -1.33051e-19
    outer loop
      vertex -4.81547 -1.61124 5.06329
      vertex -4.38494 -2.57823 0
      vertex -4.38494 -2.57823 5.06329
    endloop
  endfacet
  facet normal -0.913546 -0.406735 -1.47834e-19
    outer loop
      vertex -4.38494 -2.57823 35.443
      vertex -4.81547 -1.61124 40
      vertex -4.81547 -1.61124 35.443
    endloop
  endfacet
  facet normal -0.913546 -0.406735 -1.47834e-19
    outer loop
      vertex -4.81547 -1.61124 40
      vertex -4.38494 -2.57823 35.443
      vertex -4.38494 -2.57823 40
    endloop
  endfacet
  facet normal -0.913546 -0.406735 -2.21755e-19
    outer loop
      vertex -4.38494 -2.57823 8.10126
      vertex -4.81547 -1.61124 11.1392
      vertex -4.81547 -1.61124 8.10126
    endloop
  endfacet
  facet normal -0.913546 -0.406735 -2.21755e-19
    outer loop
      vertex -4.81547 -1.61124 11.1392
      vertex -4.38494 -2.57823 8.10126
      vertex -4.38494 -2.57823 11.1392
    endloop
  endfacet
  facet normal -0.913546 -0.406735 -1.66316e-19
    outer loop
      vertex -4.38494 -2.57823 14.1772
      vertex -4.81547 -1.61124 18.2278
      vertex -4.81547 -1.61124 14.1772
    endloop
  endfacet
  facet normal -0.913546 -0.406735 -1.66316e-19
    outer loop
      vertex -4.81547 -1.61124 18.2278
      vertex -4.38494 -2.57823 14.1772
      vertex -4.38494 -2.57823 18.2278
    endloop
  endfacet
  facet normal -0.913546 -0.406735 -1.66312e-19
    outer loop
      vertex -4.38494 -2.57823 21.2658
      vertex -4.81547 -1.61124 25.3165
      vertex -4.81547 -1.61124 21.2658
    endloop
  endfacet
  facet normal -0.913546 -0.406735 -1.66312e-19
    outer loop
      vertex -4.81547 -1.61124 25.3165
      vertex -4.38494 -2.57823 21.2658
      vertex -4.38494 -2.57823 25.3165
    endloop
  endfacet
  facet normal -0.913546 -0.406735 -1.66312e-19
    outer loop
      vertex -4.38494 -2.57823 28.3544
      vertex -4.81547 -1.61124 32.4051
      vertex -4.81547 -1.61124 28.3544
    endloop
  endfacet
  facet normal -0.913546 -0.406735 -1.66312e-19
    outer loop
      vertex -4.81547 -1.61124 32.4051
      vertex -4.38494 -2.57823 28.3544
      vertex -4.38494 -2.57823 32.4051
    endloop
  endfacet
  facet normal 0.97815 -0.207902 -2.3683e-18
    outer loop
      vertex 4.81547 -1.61124 40
      vertex 5.03555 -0.575797 35.443
      vertex 5.03555 -0.575797 40
    endloop
  endfacet
  facet normal 0.97815 -0.207902 -2.3683e-18
    outer loop
      vertex 5.03555 -0.575797 35.443
      vertex 4.81547 -1.61124 40
      vertex 4.81547 -1.61124 35.443
    endloop
  endfacet
  facet normal 0.97815 -0.207902 -2.13149e-18
    outer loop
      vertex 4.81547 -1.61124 5.06329
      vertex 5.03555 -0.575797 0
      vertex 5.03555 -0.575797 5.06329
    endloop
  endfacet
  facet normal 0.97815 -0.207902 -2.13149e-18
    outer loop
      vertex 5.03555 -0.575797 0
      vertex 4.81547 -1.61124 5.06329
      vertex 4.81547 -1.61124 0
    endloop
  endfacet
  facet normal 0.97815 -0.207902 -3.55252e-18
    outer loop
      vertex 4.81547 -1.61124 11.1392
      vertex 5.03555 -0.575797 8.10126
      vertex 5.03555 -0.575797 11.1392
    endloop
  endfacet
  facet normal 0.97815 -0.207902 -3.55252e-18
    outer loop
      vertex 5.03555 -0.575797 8.10126
      vertex 4.81547 -1.61124 11.1392
      vertex 4.81547 -1.61124 8.10126
    endloop
  endfacet
  facet normal 0.97815 -0.207902 -2.66438e-18
    outer loop
      vertex 4.81547 -1.61124 18.2278
      vertex 5.03555 -0.575797 14.1772
      vertex 5.03555 -0.575797 18.2278
    endloop
  endfacet
  facet normal 0.97815 -0.207902 -2.66438e-18
    outer loop
      vertex 5.03555 -0.575797 14.1772
      vertex 4.81547 -1.61124 18.2278
      vertex 4.81547 -1.61124 14.1772
    endloop
  endfacet
  facet normal 0.97815 -0.207902 -2.66432e-18
    outer loop
      vertex 4.81547 -1.61124 25.3165
      vertex 5.03555 -0.575797 21.2658
      vertex 5.03555 -0.575797 25.3165
    endloop
  endfacet
  facet normal 0.97815 -0.207902 -2.66432e-18
    outer loop
      vertex 5.03555 -0.575797 21.2658
      vertex 4.81547 -1.61124 25.3165
      vertex 4.81547 -1.61124 21.2658
    endloop
  endfacet
  facet normal 0.97815 -0.207902 -2.66432e-18
    outer loop
      vertex 4.81547 -1.61124 32.4051
      vertex 5.03555 -0.575797 28.3544
      vertex 5.03555 -0.575797 32.4051
    endloop
  endfacet
  facet normal 0.97815 -0.207902 -2.66432e-18
    outer loop
      vertex 5.03555 -0.575797 28.3544
      vertex 4.81547 -1.61124 32.4051
      vertex 4.81547 -1.61124 28.3544
    endloop
  endfacet
  facet normal 0.669068 -0.743201 0
    outer loop
      vertex 3.5443 -3.63129 0
      vertex 3.76275 -3.43463 5.06329
      vertex 3.5443 -3.63129 5.06329
    endloop
  endfacet
  facet normal 0.669068 -0.743201 0
    outer loop
      vertex 3.76275 -3.43463 5.06329
      vertex 3.5443 -3.63129 0
      vertex 3.76275 -3.43463 0
    endloop
  endfacet
  facet normal 0.669068 -0.743201 0
    outer loop
      vertex 3.5443 -3.63129 35.443
      vertex 3.76275 -3.43463 40
      vertex 3.5443 -3.63129 40
    endloop
  endfacet
  facet normal 0.669068 -0.743201 0
    outer loop
      vertex 3.76275 -3.43463 40
      vertex 3.5443 -3.63129 35.443
      vertex 3.76275 -3.43463 35.443
    endloop
  endfacet
  facet normal 0.669068 -0.743201 0
    outer loop
      vertex 3.5443 -3.63129 8.10126
      vertex 3.76275 -3.43463 11.1392
      vertex 3.5443 -3.63129 11.1392
    endloop
  endfacet
  facet normal 0.669068 -0.743201 0
    outer loop
      vertex 3.76275 -3.43463 11.1392
      vertex 3.5443 -3.63129 8.10126
      vertex 3.76275 -3.43463 8.10126
    endloop
  endfacet
  facet normal 0.669068 -0.743201 0
    outer loop
      vertex 3.5443 -3.63129 14.1772
      vertex 3.76275 -3.43463 18.2278
      vertex 3.5443 -3.63129 18.2278
    endloop
  endfacet
  facet normal 0.669068 -0.743201 0
    outer loop
      vertex 3.76275 -3.43463 18.2278
      vertex 3.5443 -3.63129 14.1772
      vertex 3.76275 -3.43463 14.1772
    endloop
  endfacet
  facet normal 0.669068 -0.743201 0
    outer loop
      vertex 3.5443 -3.63129 21.2658
      vertex 3.76275 -3.43463 25.3165
      vertex 3.5443 -3.63129 25.3165
    endloop
  endfacet
  facet normal 0.669068 -0.743201 0
    outer loop
      vertex 3.76275 -3.43463 25.3165
      vertex 3.5443 -3.63129 21.2658
      vertex 3.76275 -3.43463 21.2658
    endloop
  endfacet
  facet normal 0.669068 -0.743201 0
    outer loop
      vertex 3.5443 -3.63129 28.3544
      vertex 3.76275 -3.43463 32.4051
      vertex 3.5443 -3.63129 32.4051
    endloop
  endfacet
  facet normal 0.669068 -0.743201 0
    outer loop
      vertex 3.76275 -3.43463 32.4051
      vertex 3.5443 -3.63129 28.3544
      vertex 3.76275 -3.43463 28.3544
    endloop
  endfacet
  facet normal 0.913546 -0.406735 1.47834e-19
    outer loop
      vertex 4.38494 -2.57823 40
      vertex 4.81547 -1.61124 35.443
      vertex 4.81547 -1.61124 40
    endloop
  endfacet
  facet normal 0.913546 -0.406735 1.47834e-19
    outer loop
      vertex 4.81547 -1.61124 35.443
      vertex 4.38494 -2.57823 40
      vertex 4.38494 -2.57823 35.443
    endloop
  endfacet
  facet normal 0.913546 -0.406735 1.33051e-19
    outer loop
      vertex 4.38494 -2.57823 5.06329
      vertex 4.81547 -1.61124 0
      vertex 4.81547 -1.61124 5.06329
    endloop
  endfacet
  facet normal 0.913546 -0.406735 1.33051e-19
    outer loop
      vertex 4.81547 -1.61124 0
      vertex 4.38494 -2.57823 5.06329
      vertex 4.38494 -2.57823 0
    endloop
  endfacet
  facet normal 0.913546 -0.406735 2.21755e-19
    outer loop
      vertex 4.38494 -2.57823 11.1392
      vertex 4.81547 -1.61124 8.10126
      vertex 4.81547 -1.61124 11.1392
    endloop
  endfacet
  facet normal 0.913546 -0.406735 2.21755e-19
    outer loop
      vertex 4.81547 -1.61124 8.10126
      vertex 4.38494 -2.57823 11.1392
      vertex 4.38494 -2.57823 8.10126
    endloop
  endfacet
  facet normal 0.913546 -0.406735 1.66316e-19
    outer loop
      vertex 4.38494 -2.57823 18.2278
      vertex 4.81547 -1.61124 14.1772
      vertex 4.81547 -1.61124 18.2278
    endloop
  endfacet
  facet normal 0.913546 -0.406735 1.66316e-19
    outer loop
      vertex 4.81547 -1.61124 14.1772
      vertex 4.38494 -2.57823 18.2278
      vertex 4.38494 -2.57823 14.1772
    endloop
  endfacet
  facet normal 0.913546 -0.406735 1.66312e-19
    outer loop
      vertex 4.38494 -2.57823 25.3165
      vertex 4.81547 -1.61124 21.2658
      vertex 4.81547 -1.61124 25.3165
    endloop
  endfacet
  facet normal 0.913546 -0.406735 1.66312e-19
    outer loop
      vertex 4.81547 -1.61124 21.2658
      vertex 4.38494 -2.57823 25.3165
      vertex 4.38494 -2.57823 21.2658
    endloop
  endfacet
  facet normal 0.913546 -0.406735 1.66312e-19
    outer loop
      vertex 4.38494 -2.57823 32.4051
      vertex 4.81547 -1.61124 28.3544
      vertex 4.81547 -1.61124 32.4051
    endloop
  endfacet
  facet normal 0.913546 -0.406735 1.66312e-19
    outer loop
      vertex 4.81547 -1.61124 28.3544
      vertex 4.38494 -2.57823 32.4051
      vertex 4.38494 -2.57823 28.3544
    endloop
  endfacet
  facet normal 0.809026 -0.587772 -5.04692e-18
    outer loop
      vertex 3.76275 -3.43463 5.06329
      vertex 4.38494 -2.57823 0
      vertex 4.38494 -2.57823 5.06329
    endloop
  endfacet
  facet normal 0.809026 -0.587772 -5.04692e-18
    outer loop
      vertex 4.38494 -2.57823 0
      vertex 3.76275 -3.43463 5.06329
      vertex 3.76275 -3.43463 0
    endloop
  endfacet
  facet normal 0.809026 -0.587772 -5.60764e-18
    outer loop
      vertex 3.76275 -3.43463 40
      vertex 4.38494 -2.57823 35.443
      vertex 4.38494 -2.57823 40
    endloop
  endfacet
  facet normal 0.809026 -0.587772 -5.60764e-18
    outer loop
      vertex 4.38494 -2.57823 35.443
      vertex 3.76275 -3.43463 40
      vertex 3.76275 -3.43463 35.443
    endloop
  endfacet
  facet normal 0.809026 -0.587772 -8.41162e-18
    outer loop
      vertex 3.76275 -3.43463 11.1392
      vertex 4.38494 -2.57823 8.10126
      vertex 4.38494 -2.57823 11.1392
    endloop
  endfacet
  facet normal 0.809026 -0.587772 -8.41162e-18
    outer loop
      vertex 4.38494 -2.57823 8.10126
      vertex 3.76275 -3.43463 11.1392
      vertex 3.76275 -3.43463 8.10126
    endloop
  endfacet
  facet normal 0.809026 -0.587772 -6.3087e-18
    outer loop
      vertex 3.76275 -3.43463 18.2278
      vertex 4.38494 -2.57823 14.1772
      vertex 4.38494 -2.57823 18.2278
    endloop
  endfacet
  facet normal 0.809026 -0.587772 -6.3087e-18
    outer loop
      vertex 4.38494 -2.57823 14.1772
      vertex 3.76275 -3.43463 18.2278
      vertex 3.76275 -3.43463 14.1772
    endloop
  endfacet
  facet normal 0.809026 -0.587772 -6.30854e-18
    outer loop
      vertex 3.76275 -3.43463 25.3165
      vertex 4.38494 -2.57823 21.2658
      vertex 4.38494 -2.57823 25.3165
    endloop
  endfacet
  facet normal 0.809026 -0.587772 -6.30854e-18
    outer loop
      vertex 4.38494 -2.57823 21.2658
      vertex 3.76275 -3.43463 25.3165
      vertex 3.76275 -3.43463 21.2658
    endloop
  endfacet
  facet normal 0.809026 -0.587772 -6.30854e-18
    outer loop
      vertex 3.76275 -3.43463 32.4051
      vertex 4.38494 -2.57823 28.3544
      vertex 4.38494 -2.57823 32.4051
    endloop
  endfacet
  facet normal 0.809026 -0.587772 -6.30854e-18
    outer loop
      vertex 4.38494 -2.57823 28.3544
      vertex 3.76275 -3.43463 32.4051
      vertex 3.76275 -3.43463 28.3544
    endloop
  endfacet
  facet normal -1 0 0
    outer loop
      vertex -5.06329 -0.0465823 35.443
      vertex -5.06329 9.06734 40
      vertex -5.06329 9.06734 35.443
    endloop
  endfacet
  facet normal -1 -0 0
    outer loop
      vertex -5.06329 9.06734 40
      vertex -5.06329 -0.0465823 35.443
      vertex -5.06329 -0.0465823 40
    endloop
  endfacet
  facet normal -1 0 0
    outer loop
      vertex -5.06329 -0.0465823 5.06329
      vertex -5.06329 6.11797 0
      vertex -5.06329 -0.0465823 0
    endloop
  endfacet
  facet normal -1 0 0
    outer loop
      vertex -5.06329 6.11797 0
      vertex -5.06329 -0.0465823 5.06329
      vertex -5.06329 6.56091 5.06329
    endloop
  endfacet
  facet normal -1 0 0
    outer loop
      vertex -5.06329 -0.0465823 8.10126
      vertex -5.06329 2.48506 11.1392
      vertex -5.06329 6.82673 8.10126
    endloop
  endfacet
  facet normal -1 -0 0
    outer loop
      vertex -5.06329 2.48506 11.1392
      vertex -5.06329 -0.0465823 8.10126
      vertex -5.06329 -0.0465823 11.1392
    endloop
  endfacet
  facet normal -1 0 0
    outer loop
      vertex -5.06329 2.48506 14.1772
      vertex -5.06329 6.82673 8.10126
      vertex -5.06329 2.48506 11.1392
    endloop
  endfacet
  facet normal -1 0 0
    outer loop
      vertex -5.06329 6.82673 8.10126
      vertex -5.06329 2.48506 14.1772
      vertex -5.06329 7.71271 18.2278
    endloop
  endfacet
  facet normal -1 0 0
    outer loop
      vertex -5.06329 -0.0465823 18.2278
      vertex -5.06329 2.48506 14.1772
      vertex -5.06329 -0.0465823 14.1772
    endloop
  endfacet
  facet normal -1 0 0
    outer loop
      vertex -5.06329 2.48506 14.1772
      vertex -5.06329 -0.0465823 18.2278
      vertex -5.06329 7.71271 18.2278
    endloop
  endfacet
  facet normal -1 0 0
    outer loop
      vertex -5.06329 -0.0465823 21.2658
      vertex -5.06329 2.48506 25.3165
      vertex -5.06329 7.97853 21.2658
    endloop
  endfacet
  facet normal -1 -0 0
    outer loop
      vertex -5.06329 2.48506 25.3165
      vertex -5.06329 -0.0465823 21.2658
      vertex -5.06329 -0.0465823 25.3165
    endloop
  endfacet
  facet normal -1 0 0
    outer loop
      vertex -5.06329 2.48506 28.3544
      vertex -5.06329 7.97853 21.2658
      vertex -5.06329 2.48506 25.3165
    endloop
  endfacet
  facet normal -1 0 0
    outer loop
      vertex -5.06329 7.97853 21.2658
      vertex -5.06329 2.48506 28.3544
      vertex -5.06329 8.95301 32.4051
    endloop
  endfacet
  facet normal -1 0 0
    outer loop
      vertex -5.06329 -0.0465823 32.4051
      vertex -5.06329 2.48506 28.3544
      vertex -5.06329 -0.0465823 28.3544
    endloop
  endfacet
  facet normal -1 0 0
    outer loop
      vertex -5.06329 2.48506 28.3544
      vertex -5.06329 -0.0465823 32.4051
      vertex -5.06329 8.95301 32.4051
    endloop
  endfacet
  facet normal 1 -0 0
    outer loop
      vertex 5.06329 -0.0465823 40
      vertex 5.06329 9.06734 35.443
      vertex 5.06329 9.06734 40
    endloop
  endfacet
  facet normal 1 0 0
    outer loop
      vertex 5.06329 9.06734 35.443
      vertex 5.06329 -0.0465823 40
      vertex 5.06329 -0.0465823 35.443
    endloop
  endfacet
  facet normal 1 -0 0
    outer loop
      vertex 5.06329 -0.0465823 5.06329
      vertex 5.06329 6.11797 0
      vertex 5.06329 6.56091 5.06329
    endloop
  endfacet
  facet normal 1 0 0
    outer loop
      vertex 5.06329 6.11797 0
      vertex 5.06329 -0.0465823 5.06329
      vertex 5.06329 -0.0465823 0
    endloop
  endfacet
  facet normal 1 0 0
    outer loop
      vertex 5.06329 7.71271 18.2278
      vertex 5.06329 2.48506 14.1772
      vertex 5.06329 6.82673 8.10126
    endloop
  endfacet
  facet normal 1 -0 0
    outer loop
      vertex 5.06329 -0.0465823 18.2278
      vertex 5.06329 2.48506 14.1772
      vertex 5.06329 7.71271 18.2278
    endloop
  endfacet
  facet normal 1 0 0
    outer loop
      vertex 5.06329 2.48506 14.1772
      vertex 5.06329 -0.0465823 18.2278
      vertex 5.06329 -0.0465823 14.1772
    endloop
  endfacet
  facet normal 1 -0 0
    outer loop
      vertex 5.06329 2.48506 11.1392
      vertex 5.06329 6.82673 8.10126
      vertex 5.06329 2.48506 14.1772
    endloop
  endfacet
  facet normal 1 0 0
    outer loop
      vertex 5.06329 -0.0465823 8.10126
      vertex 5.06329 2.48506 11.1392
      vertex 5.06329 -0.0465823 11.1392
    endloop
  endfacet
  facet normal 1 0 0
    outer loop
      vertex 5.06329 2.48506 11.1392
      vertex 5.06329 -0.0465823 8.10126
      vertex 5.06329 6.82673 8.10126
    endloop
  endfacet
  facet normal 1 0 0
    outer loop
      vertex 5.06329 8.95301 32.4051
      vertex 5.06329 2.48506 28.3544
      vertex 5.06329 7.97853 21.2658
    endloop
  endfacet
  facet normal 1 -0 0
    outer loop
      vertex 5.06329 -0.0465823 32.4051
      vertex 5.06329 2.48506 28.3544
      vertex 5.06329 8.95301 32.4051
    endloop
  endfacet
  facet normal 1 0 0
    outer loop
      vertex 5.06329 2.48506 28.3544
      vertex 5.06329 -0.0465823 32.4051
      vertex 5.06329 -0.0465823 28.3544
    endloop
  endfacet
  facet normal 1 -0 0
    outer loop
      vertex 5.06329 2.48506 25.3165
      vertex 5.06329 7.97853 21.2658
      vertex 5.06329 2.48506 28.3544
    endloop
  endfacet
  facet normal 1 0 0
    outer loop
      vertex 5.06329 -0.0465823 21.2658
      vertex 5.06329 2.48506 25.3165
      vertex 5.06329 -0.0465823 25.3165
    endloop
  endfacet
  facet normal 1 0 0
    outer loop
      vertex 5.06329 2.48506 25.3165
      vertex 5.06329 -0.0465823 21.2658
      vertex 5.06329 7.97853 21.2658
    endloop
  endfacet
  facet normal 0 1 0
    outer loop
      vertex 5.06329 9.06734 40
      vertex 4.38494 9.06734 39.6094
      vertex 4.36021 9.06734 40
    endloop
  endfacet
  facet normal 0 1 -0
    outer loop
      vertex 5.06329 9.06734 35.443
      vertex 4.38494 9.06734 39.6094
      vertex 5.06329 9.06734 40
    endloop
  endfacet
  facet normal 0 1 -0
    outer loop
      vertex 4.55696 9.06734 35.443
      vertex 4.38494 9.06734 39.6094
      vertex 5.06329 9.06734 35.443
    endloop
  endfacet
  facet normal 0 1 0
    outer loop
      vertex 4.38494 9.06734 39.6094
      vertex 4.55696 9.06734 35.443
      vertex 4.55696 9.06734 35.1763
    endloop
  endfacet
  facet normal 0 1 0
    outer loop
      vertex -4.38494 9.06734 39.6094
      vertex -4.55696 9.06734 35.1763
      vertex -4.55696 9.06734 35.443
    endloop
  endfacet
  facet normal 0 1 -0
    outer loop
      vertex -4.38494 9.06734 39.6094
      vertex -5.06329 9.06734 40
      vertex -4.36021 9.06734 40
    endloop
  endfacet
  facet normal 0 1 0
    outer loop
      vertex -5.06329 9.06734 35.443
      vertex -4.38494 9.06734 39.6094
      vertex -4.55696 9.06734 35.443
    endloop
  endfacet
  facet normal 0 1 0
    outer loop
      vertex -4.38494 9.06734 39.6094
      vertex -5.06329 9.06734 35.443
      vertex -5.06329 9.06734 40
    endloop
  endfacet
  facet normal 0 -1 0
    outer loop
      vertex -5.06329 -0.0465823 35.443
      vertex -5.03555 -0.0465823 40
      vertex -5.06329 -0.0465823 40
    endloop
  endfacet
  facet normal 0 -1 -0
    outer loop
      vertex -5.03555 -0.0465823 40
      vertex -5.06329 -0.0465823 35.443
      vertex -5.03555 -0.0465823 35.443
    endloop
  endfacet
  facet normal 0 -1 0
    outer loop
      vertex 5.03555 -0.0465823 35.443
      vertex 5.06329 -0.0465823 40
      vertex 5.03555 -0.0465823 40
    endloop
  endfacet
  facet normal 0 -1 -0
    outer loop
      vertex 5.06329 -0.0465823 40
      vertex 5.03555 -0.0465823 35.443
      vertex 5.06329 -0.0465823 35.443
    endloop
  endfacet
  facet normal 0 -1 0
    outer loop
      vertex -5.06329 -0.0465823 0
      vertex -5.03555 -0.0465823 5.06329
      vertex -5.06329 -0.0465823 5.06329
    endloop
  endfacet
  facet normal 0 -1 -0
    outer loop
      vertex -5.03555 -0.0465823 5.06329
      vertex -5.06329 -0.0465823 0
      vertex -5.03555 -0.0465823 0
    endloop
  endfacet
  facet normal 0 -1 0
    outer loop
      vertex 5.03555 -0.0465823 0
      vertex 5.06329 -0.0465823 5.06329
      vertex 5.03555 -0.0465823 5.06329
    endloop
  endfacet
  facet normal 0 -1 -0
    outer loop
      vertex 5.06329 -0.0465823 5.06329
      vertex 5.03555 -0.0465823 0
      vertex 5.06329 -0.0465823 0
    endloop
  endfacet
  facet normal 0 -1 0
    outer loop
      vertex -5.06329 -0.0465823 8.10126
      vertex -5.03555 -0.0465823 11.1392
      vertex -5.06329 -0.0465823 11.1392
    endloop
  endfacet
  facet normal 0 -1 -0
    outer loop
      vertex -5.03555 -0.0465823 11.1392
      vertex -5.06329 -0.0465823 8.10126
      vertex -5.03555 -0.0465823 8.10126
    endloop
  endfacet
  facet normal 0 -1 0
    outer loop
      vertex 5.03555 -0.0465823 8.10126
      vertex 5.06329 -0.0465823 11.1392
      vertex 5.03555 -0.0465823 11.1392
    endloop
  endfacet
  facet normal 0 -1 -0
    outer loop
      vertex 5.06329 -0.0465823 11.1392
      vertex 5.03555 -0.0465823 8.10126
      vertex 5.06329 -0.0465823 8.10126
    endloop
  endfacet
  facet normal 0 -1 0
    outer loop
      vertex -5.06329 -0.0465823 14.1772
      vertex -5.03555 -0.0465823 18.2278
      vertex -5.06329 -0.0465823 18.2278
    endloop
  endfacet
  facet normal 0 -1 -0
    outer loop
      vertex -5.03555 -0.0465823 18.2278
      vertex -5.06329 -0.0465823 14.1772
      vertex -5.03555 -0.0465823 14.1772
    endloop
  endfacet
  facet normal 0 -1 0
    outer loop
      vertex 5.03555 -0.0465823 14.1772
      vertex 5.06329 -0.0465823 18.2278
      vertex 5.03555 -0.0465823 18.2278
    endloop
  endfacet
  facet normal 0 -1 -0
    outer loop
      vertex 5.06329 -0.0465823 18.2278
      vertex 5.03555 -0.0465823 14.1772
      vertex 5.06329 -0.0465823 14.1772
    endloop
  endfacet
  facet normal 0 -1 0
    outer loop
      vertex -5.06329 -0.0465823 21.2658
      vertex -5.03555 -0.0465823 25.3165
      vertex -5.06329 -0.0465823 25.3165
    endloop
  endfacet
  facet normal 0 -1 -0
    outer loop
      vertex -5.03555 -0.0465823 25.3165
      vertex -5.06329 -0.0465823 21.2658
      vertex -5.03555 -0.0465823 21.2658
    endloop
  endfacet
  facet normal 0 -1 0
    outer loop
      vertex 5.03555 -0.0465823 21.2658
      vertex 5.06329 -0.0465823 25.3165
      vertex 5.03555 -0.0465823 25.3165
    endloop
  endfacet
  facet normal 0 -1 -0
    outer loop
      vertex 5.06329 -0.0465823 25.3165
      vertex 5.03555 -0.0465823 21.2658
      vertex 5.06329 -0.0465823 21.2658
    endloop
  endfacet
  facet normal 0 -1 0
    outer loop
      vertex -5.06329 -0.0465823 28.3544
      vertex -5.03555 -0.0465823 32.4051
      vertex -5.06329 -0.0465823 32.4051
    endloop
  endfacet
  facet normal 0 -1 -0
    outer loop
      vertex -5.03555 -0.0465823 32.4051
      vertex -5.06329 -0.0465823 28.3544
      vertex -5.03555 -0.0465823 28.3544
    endloop
  endfacet
  facet normal 0 -1 0
    outer loop
      vertex 5.03555 -0.0465823 28.3544
      vertex 5.06329 -0.0465823 32.4051
      vertex 5.03555 -0.0465823 32.4051
    endloop
  endfacet
  facet normal 0 -1 -0
    outer loop
      vertex 5.06329 -0.0465823 32.4051
      vertex 5.03555 -0.0465823 28.3544
      vertex 5.06329 -0.0465823 28.3544
    endloop
  endfacet
  facet normal -1 0 0
    outer loop
      vertex -3.5443 -3.63129 0
      vertex -3.5443 -4.60354 5.06329
      vertex -3.5443 -3.63129 5.06329
    endloop
  endfacet
  facet normal -1 0 0
    outer loop
      vertex -3.5443 -4.60354 5.06329
      vertex -3.5443 -8.2885 11.1392
      vertex -3.5443 -4.60354 8.10126
    endloop
  endfacet
  facet normal -1 0 0
    outer loop
      vertex -3.5443 -9.06744 0
      vertex -3.5443 -4.60354 5.06329
      vertex -3.5443 -3.63129 0
    endloop
  endfacet
  facet normal -1 -0 0
    outer loop
      vertex -3.5443 -4.60354 5.06329
      vertex -3.5443 -9.06744 0
      vertex -3.5443 -8.2885 11.1392
    endloop
  endfacet
  facet normal -1 0 0
    outer loop
      vertex -3.5443 -4.60354 8.10126
      vertex -3.5443 -3.63129 11.1392
      vertex -3.5443 -3.63129 8.10126
    endloop
  endfacet
  facet normal -1 -0 0
    outer loop
      vertex -3.5443 -3.63129 11.1392
      vertex -3.5443 -4.60354 8.10126
      vertex -3.5443 -8.2885 11.1392
    endloop
  endfacet
  facet normal -1 0 0
    outer loop
      vertex -3.5443 -3.63129 28.3544
      vertex -3.5443 -4.60354 32.4051
      vertex -3.5443 -3.63129 32.4051
    endloop
  endfacet
  facet normal -1 0 0
    outer loop
      vertex -3.5443 -6.41195 37.9747
      vertex -3.5443 -4.60354 35.443
      vertex -3.5443 -4.60354 32.4051
    endloop
  endfacet
  facet normal -1 0 0
    outer loop
      vertex -3.5443 -4.60354 35.443
      vertex -3.5443 -6.31392 37.9747
      vertex -3.5443 -4.72081 39.9557
    endloop
  endfacet
  facet normal -1 0 0
    outer loop
      vertex -3.5443 -4.72081 39.9557
      vertex -3.5443 -6.31392 37.9747
      vertex -3.5443 -5.12354 39.8249
    endloop
  endfacet
  facet normal -1 0 0
    outer loop
      vertex -3.5443 -5.12354 39.8249
      vertex -3.5443 -6.31392 37.9747
      vertex -3.5443 -5.49023 39.6132
    endloop
  endfacet
  facet normal -1 0 0
    outer loop
      vertex -3.5443 -5.49023 39.6132
      vertex -3.5443 -6.31392 37.9747
      vertex -3.5443 -5.80486 39.3299
    endloop
  endfacet
  facet normal -1 0 0
    outer loop
      vertex -3.5443 -5.80486 39.3299
      vertex -3.5443 -6.31392 37.9747
      vertex -3.5443 -6.05377 38.9873
    endloop
  endfacet
  facet normal -1 0 0
    outer loop
      vertex -3.5443 -7.08466 28.3544
      vertex -3.5443 -4.60354 32.4051
      vertex -3.5443 -3.63129 28.3544
    endloop
  endfacet
  facet normal -1 0 0
    outer loop
      vertex -3.5443 -6.05377 38.9873
      vertex -3.5443 -6.31392 37.9747
      vertex -3.5443 -6.22592 38.6005
    endloop
  endfacet
  facet normal -1 0 -0
    outer loop
      vertex -3.5443 -6.41195 37.9747
      vertex -3.5443 -4.60354 32.4051
      vertex -3.5443 -7.08466 28.3544
    endloop
  endfacet
  facet normal -1 0 0
    outer loop
      vertex -3.5443 -4.60354 35.443
      vertex -3.5443 -6.41195 37.9747
      vertex -3.5443 -6.31392 37.9747
    endloop
  endfacet
  facet normal -1 0 0
    outer loop
      vertex -3.5443 -3.63129 35.443
      vertex -3.5443 -4.29975 40
      vertex -3.5443 -3.63129 40
    endloop
  endfacet
  facet normal -1 0 0
    outer loop
      vertex -3.5443 -4.60354 35.443
      vertex -3.5443 -4.29975 40
      vertex -3.5443 -3.63129 35.443
    endloop
  endfacet
  facet normal -1 0 0
    outer loop
      vertex -3.5443 -4.29975 40
      vertex -3.5443 -4.60354 35.443
      vertex -3.5443 -4.72081 39.9557
    endloop
  endfacet
  facet normal -1 0 0
    outer loop
      vertex -3.5443 -6.22592 38.6005
      vertex -3.5443 -6.31392 37.9747
      vertex -3.5443 -6.31392 38.1864
    endloop
  endfacet
  facet normal -1 0 0
    outer loop
      vertex -3.5443 -3.63129 14.1772
      vertex -3.5443 -4.60354 18.2278
      vertex -3.5443 -3.63129 18.2278
    endloop
  endfacet
  facet normal -1 0 0
    outer loop
      vertex -3.5443 -8.07605 14.1772
      vertex -3.5443 -4.60354 21.2658
      vertex -3.5443 -4.60354 18.2278
    endloop
  endfacet
  facet normal -1 0 0
    outer loop
      vertex -3.5443 -8.07605 14.1772
      vertex -3.5443 -4.60354 18.2278
      vertex -3.5443 -3.63129 14.1772
    endloop
  endfacet
  facet normal -1 -0 0
    outer loop
      vertex -3.5443 -4.60354 21.2658
      vertex -3.5443 -8.07605 14.1772
      vertex -3.5443 -7.29711 25.3165
    endloop
  endfacet
  facet normal -1 0 0
    outer loop
      vertex -3.5443 -4.60354 21.2658
      vertex -3.5443 -3.63129 25.3165
      vertex -3.5443 -3.63129 21.2658
    endloop
  endfacet
  facet normal -1 -0 0
    outer loop
      vertex -3.5443 -3.63129 25.3165
      vertex -3.5443 -4.60354 21.2658
      vertex -3.5443 -7.29711 25.3165
    endloop
  endfacet
  facet normal 1 0 0
    outer loop
      vertex 3.5443 -3.63129 11.1392
      vertex 3.5443 -4.60354 8.10126
      vertex 3.5443 -3.63129 8.10126
    endloop
  endfacet
  facet normal 1 0 0
    outer loop
      vertex 3.5443 -4.60354 8.10126
      vertex 3.5443 -8.2885 11.1392
      vertex 3.5443 -4.60354 5.06329
    endloop
  endfacet
  facet normal 1 -0 0
    outer loop
      vertex 3.5443 -8.2885 11.1392
      vertex 3.5443 -4.60354 8.10126
      vertex 3.5443 -3.63129 11.1392
    endloop
  endfacet
  facet normal 1 -0 0
    outer loop
      vertex 3.5443 -4.60354 5.06329
      vertex 3.5443 -3.63129 0
      vertex 3.5443 -3.63129 5.06329
    endloop
  endfacet
  facet normal 1 0 0
    outer loop
      vertex 3.5443 -9.06744 0
      vertex 3.5443 -4.60354 5.06329
      vertex 3.5443 -8.2885 11.1392
    endloop
  endfacet
  facet normal 1 0 0
    outer loop
      vertex 3.5443 -4.60354 5.06329
      vertex 3.5443 -9.06744 0
      vertex 3.5443 -3.63129 0
    endloop
  endfacet
  facet normal 1 -0 0
    outer loop
      vertex 3.5443 -4.29975 40
      vertex 3.5443 -3.63129 35.443
      vertex 3.5443 -3.63129 40
    endloop
  endfacet
  facet normal 1 -0 0
    outer loop
      vertex 3.5443 -6.31392 37.9747
      vertex 3.5443 -3.63129 35.443
      vertex 3.5443 -4.29975 40
    endloop
  endfacet
  facet normal 1 0 0
    outer loop
      vertex 3.5443 -3.63129 35.443
      vertex 3.5443 -6.31392 37.9747
      vertex 3.5443 -4.60354 35.443
    endloop
  endfacet
  facet normal 1 0 0
    outer loop
      vertex 3.5443 -6.31392 37.9747
      vertex 3.5443 -4.29975 40
      vertex 3.5443 -4.72081 39.9557
    endloop
  endfacet
  facet normal 1 -0 0
    outer loop
      vertex 3.5443 -4.60354 32.4051
      vertex 3.5443 -3.63129 28.3544
      vertex 3.5443 -3.63129 32.4051
    endloop
  endfacet
  facet normal 1 0 0
    outer loop
      vertex 3.5443 -6.31392 37.9747
      vertex 3.5443 -4.72081 39.9557
      vertex 3.5443 -5.12354 39.8249
    endloop
  endfacet
  facet normal 1 0 0
    outer loop
      vertex 3.5443 -6.31392 37.9747
      vertex 3.5443 -5.12354 39.8249
      vertex 3.5443 -5.49023 39.6132
    endloop
  endfacet
  facet normal 1 0 0
    outer loop
      vertex 3.5443 -6.31392 37.9747
      vertex 3.5443 -5.49023 39.6132
      vertex 3.5443 -5.80486 39.3299
    endloop
  endfacet
  facet normal 1 0 0
    outer loop
      vertex 3.5443 -6.31392 37.9747
      vertex 3.5443 -5.80486 39.3299
      vertex 3.5443 -6.05377 38.9873
    endloop
  endfacet
  facet normal 1 0 0
    outer loop
      vertex 3.5443 -6.31392 37.9747
      vertex 3.5443 -6.05377 38.9873
      vertex 3.5443 -6.22592 38.6005
    endloop
  endfacet
  facet normal 1 -0 0
    outer loop
      vertex 3.5443 -6.41195 37.9747
      vertex 3.5443 -4.60354 35.443
      vertex 3.5443 -6.31392 37.9747
    endloop
  endfacet
  facet normal 1 0 0
    outer loop
      vertex 3.5443 -6.31392 37.9747
      vertex 3.5443 -6.22592 38.6005
      vertex 3.5443 -6.31392 38.1864
    endloop
  endfacet
  facet normal 1 0 0
    outer loop
      vertex 3.5443 -4.60354 35.443
      vertex 3.5443 -6.41195 37.9747
      vertex 3.5443 -4.60354 32.4051
    endloop
  endfacet
  facet normal 1 0 0
    outer loop
      vertex 3.5443 -4.60354 32.4051
      vertex 3.5443 -6.41195 37.9747
      vertex 3.5443 -7.08466 28.3544
    endloop
  endfacet
  facet normal 1 0 0
    outer loop
      vertex 3.5443 -4.60354 32.4051
      vertex 3.5443 -7.08466 28.3544
      vertex 3.5443 -3.63129 28.3544
    endloop
  endfacet
  facet normal 1 0 0
    outer loop
      vertex 3.5443 -3.63129 25.3165
      vertex 3.5443 -4.60354 21.2658
      vertex 3.5443 -3.63129 21.2658
    endloop
  endfacet
  facet normal 1 0 0
    outer loop
      vertex 3.5443 -8.07605 14.1772
      vertex 3.5443 -4.60354 21.2658
      vertex 3.5443 -7.29711 25.3165
    endloop
  endfacet
  facet normal 1 -0 0
    outer loop
      vertex 3.5443 -7.29711 25.3165
      vertex 3.5443 -4.60354 21.2658
      vertex 3.5443 -3.63129 25.3165
    endloop
  endfacet
  facet normal 1 -0 0
    outer loop
      vertex 3.5443 -4.60354 18.2278
      vertex 3.5443 -3.63129 14.1772
      vertex 3.5443 -3.63129 18.2278
    endloop
  endfacet
  facet normal 1 0 0
    outer loop
      vertex 3.5443 -4.60354 21.2658
      vertex 3.5443 -8.07605 14.1772
      vertex 3.5443 -4.60354 18.2278
    endloop
  endfacet
  facet normal 1 0 0
    outer loop
      vertex 3.5443 -4.60354 18.2278
      vertex 3.5443 -8.07605 14.1772
      vertex 3.5443 -3.63129 14.1772
    endloop
  endfacet
  facet normal -0 0 1
    outer loop
      vertex -5.06329 6.56091 5.06329
      vertex -4.55696 6.43281 5.06329
      vertex -4.6138 6.56091 5.06329
    endloop
  endfacet
  facet normal -0 0 1
    outer loop
      vertex -3.887 -2.57823 5.06329
      vertex -3.5443 -3.63129 5.06329
      vertex -0.893923 -2.57823 5.06329
    endloop
  endfacet
  facet normal 0 0 1
    outer loop
      vertex -3.5443 -3.63129 5.06329
      vertex -3.887 -2.57823 5.06329
      vertex -3.76275 -3.43463 5.06329
    endloop
  endfacet
  facet normal 0 0 1
    outer loop
      vertex -4.38494 -2.57823 5.06329
      vertex -3.887 -2.57823 5.06329
      vertex -4.03415 -2.3757 5.06329
    endloop
  endfacet
  facet normal 0 0 1
    outer loop
      vertex -3.887 -2.57823 5.06329
      vertex -4.38494 -2.57823 5.06329
      vertex -3.76275 -3.43463 5.06329
    endloop
  endfacet
  facet normal 0 0 1
    outer loop
      vertex -4.43024 -1.48608 5.06329
      vertex -4.38494 -2.57823 5.06329
      vertex -4.03415 -2.3757 5.06329
    endloop
  endfacet
  facet normal -0 0 1
    outer loop
      vertex -4.55696 -1.05924 5.06329
      vertex -4.43024 -1.48608 5.06329
      vertex -4.52096 -1.05924 5.06329
    endloop
  endfacet
  facet normal 0 0 1
    outer loop
      vertex -4.43024 -1.48608 5.06329
      vertex -4.55696 -1.05924 5.06329
      vertex -4.81547 -1.61124 5.06329
    endloop
  endfacet
  facet normal 0 0 1
    outer loop
      vertex -4.43024 -1.48608 5.06329
      vertex -4.81547 -1.61124 5.06329
      vertex -4.38494 -2.57823 5.06329
    endloop
  endfacet
  facet normal 0 0 1
    outer loop
      vertex -4.55696 6.43281 5.06329
      vertex -5.03555 -0.0465823 5.06329
      vertex -4.55696 -1.05924 5.06329
    endloop
  endfacet
  facet normal -0 0 1
    outer loop
      vertex -5.03555 -0.575797 5.06329
      vertex -4.55696 -1.05924 5.06329
      vertex -5.03555 -0.0465823 5.06329
    endloop
  endfacet
  facet normal 0 0 1
    outer loop
      vertex -5.06329 -0.0465823 5.06329
      vertex -4.55696 6.43281 5.06329
      vertex -5.06329 6.56091 5.06329
    endloop
  endfacet
  facet normal 0 0 1
    outer loop
      vertex -4.55696 6.43281 5.06329
      vertex -5.06329 -0.0465823 5.06329
      vertex -5.03555 -0.0465823 5.06329
    endloop
  endfacet
  facet normal -0 0 1
    outer loop
      vertex 4.55696 6.43281 5.06329
      vertex 5.06329 -0.0465823 5.06329
      vertex 5.06329 6.56091 5.06329
    endloop
  endfacet
  facet normal 0 0 1
    outer loop
      vertex 4.55696 -1.05924 5.06329
      vertex 5.03555 -0.575797 5.06329
      vertex 5.03555 -0.0465823 5.06329
    endloop
  endfacet
  facet normal 0 0 1
    outer loop
      vertex 5.06329 -0.0465823 5.06329
      vertex 4.55696 6.43281 5.06329
      vertex 5.03555 -0.0465823 5.06329
    endloop
  endfacet
  facet normal 0 0 1
    outer loop
      vertex 4.55696 6.43281 5.06329
      vertex 5.06329 6.56091 5.06329
      vertex 4.6138 6.56091 5.06329
    endloop
  endfacet
  facet normal 0 0 1
    outer loop
      vertex 5.03555 -0.0465823 5.06329
      vertex 4.55696 6.43281 5.06329
      vertex 4.55696 -1.05924 5.06329
    endloop
  endfacet
  facet normal 0 0 1
    outer loop
      vertex 5.03555 -0.575797 5.06329
      vertex 4.55696 -1.05924 5.06329
      vertex 4.81547 -1.61124 5.06329
    endloop
  endfacet
  facet normal 0 0 1
    outer loop
      vertex 4.43024 -1.48608 5.06329
      vertex 4.55696 -1.05924 5.06329
      vertex 4.52096 -1.05924 5.06329
    endloop
  endfacet
  facet normal 0 0 1
    outer loop
      vertex 4.55696 -1.05924 5.06329
      vertex 4.43024 -1.48608 5.06329
      vertex 4.81547 -1.61124 5.06329
    endloop
  endfacet
  facet normal 0 0 1
    outer loop
      vertex 4.43024 -1.48608 5.06329
      vertex 4.38494 -2.57823 5.06329
      vertex 4.81547 -1.61124 5.06329
    endloop
  endfacet
  facet normal -0 0 1
    outer loop
      vertex 4.03415 -2.3757 5.06329
      vertex 4.38494 -2.57823 5.06329
      vertex 4.43024 -1.48608 5.06329
    endloop
  endfacet
  facet normal 0 0 1
    outer loop
      vertex 3.887 -2.57823 5.06329
      vertex 4.38494 -2.57823 5.06329
      vertex 4.03415 -2.3757 5.06329
    endloop
  endfacet
  facet normal -0 0 1
    outer loop
      vertex 3.887 -2.57823 5.06329
      vertex 3.76275 -3.43463 5.06329
      vertex 4.38494 -2.57823 5.06329
    endloop
  endfacet
  facet normal 0 0 1
    outer loop
      vertex 3.887 -2.57823 5.06329
      vertex 3.5443 -3.63129 5.06329
      vertex 3.76275 -3.43463 5.06329
    endloop
  endfacet
  facet normal -0 0 1
    outer loop
      vertex 0.893924 -2.57823 5.06329
      vertex 3.5443 -3.63129 5.06329
      vertex 3.887 -2.57823 5.06329
    endloop
  endfacet
  facet normal 0 0 1
    outer loop
      vertex 0.893924 -2.57823 5.06329
      vertex 3.5443 -4.60354 5.06329
      vertex 3.5443 -3.63129 5.06329
    endloop
  endfacet
  facet normal -0 0 1
    outer loop
      vertex 0.7208 -2.67818 5.06329
      vertex 3.5443 -4.60354 5.06329
      vertex 0.893924 -2.57823 5.06329
    endloop
  endfacet
  facet normal -0 0 1
    outer loop
      vertex 0.368451 -2.79271 5.06329
      vertex 3.5443 -4.60354 5.06329
      vertex 0.7208 -2.67818 5.06329
    endloop
  endfacet
  facet normal -0 0 1
    outer loop
      vertex -1.01266e-06 -2.83139 5.06329
      vertex 3.5443 -4.60354 5.06329
      vertex 0.368451 -2.79271 5.06329
    endloop
  endfacet
  facet normal 0 0 1
    outer loop
      vertex -3.5443 -4.60354 5.06329
      vertex -1.01266e-06 -2.83139 5.06329
      vertex -0.368452 -2.79271 5.06329
    endloop
  endfacet
  facet normal 0 0 1
    outer loop
      vertex -3.5443 -4.60354 5.06329
      vertex -0.368452 -2.79271 5.06329
      vertex -0.720798 -2.67818 5.06329
    endloop
  endfacet
  facet normal 0 0 1
    outer loop
      vertex -3.5443 -4.60354 5.06329
      vertex -0.893923 -2.57823 5.06329
      vertex -3.5443 -3.63129 5.06329
    endloop
  endfacet
  facet normal 0 0 1
    outer loop
      vertex -0.893923 -2.57823 5.06329
      vertex -3.5443 -4.60354 5.06329
      vertex -0.720798 -2.67818 5.06329
    endloop
  endfacet
  facet normal 0 0 1
    outer loop
      vertex -1.01266e-06 -2.83139 5.06329
      vertex -3.5443 -4.60354 5.06329
      vertex 3.5443 -4.60354 5.06329
    endloop
  endfacet
  facet normal 0 0 1
    outer loop
      vertex -4.55696 -1.05924 5.06329
      vertex -5.03555 -0.575797 5.06329
      vertex -4.81547 -1.61124 5.06329
    endloop
  endfacet
  facet normal 0 0 -1
    outer loop
      vertex 4.55696 -1.05924 8.10126
      vertex 5.03555 -0.575797 8.10126
      vertex 4.81547 -1.61124 8.10126
    endloop
  endfacet
  facet normal 0 0 -1
    outer loop
      vertex 4.55696 6.69853 8.10126
      vertex 5.06329 -0.0465823 8.10126
      vertex 5.03555 -0.0465823 8.10126
    endloop
  endfacet
  facet normal -0 0 -1
    outer loop
      vertex 5.03555 -0.575797 8.10126
      vertex 4.55696 -1.05924 8.10126
      vertex 5.03555 -0.0465823 8.10126
    endloop
  endfacet
  facet normal 0 0 -1
    outer loop
      vertex 4.55696 6.69853 8.10126
      vertex 5.03555 -0.0465823 8.10126
      vertex 4.55696 -1.05924 8.10126
    endloop
  endfacet
  facet normal 0 0 -1
    outer loop
      vertex 5.06329 -0.0465823 8.10126
      vertex 4.55696 6.69853 8.10126
      vertex 5.06329 6.82673 8.10126
    endloop
  endfacet
  facet normal 0 0 -1
    outer loop
      vertex 4.43024 -1.48608 8.10126
      vertex 4.55696 -1.05924 8.10126
      vertex 4.81547 -1.61124 8.10126
    endloop
  endfacet
  facet normal -0 0 -1
    outer loop
      vertex 4.55696 -1.05924 8.10126
      vertex 4.43024 -1.48608 8.10126
      vertex 4.52096 -1.05924 8.10126
    endloop
  endfacet
  facet normal 0 0 -1
    outer loop
      vertex 4.38494 -2.57823 8.10126
      vertex 4.43024 -1.48608 8.10126
      vertex 4.81547 -1.61124 8.10126
    endloop
  endfacet
  facet normal 0 0 -1
    outer loop
      vertex 4.38494 -2.57823 8.10126
      vertex 4.03415 -2.3757 8.10126
      vertex 4.43024 -1.48608 8.10126
    endloop
  endfacet
  facet normal 0 0 -1
    outer loop
      vertex 4.38494 -2.57823 8.10126
      vertex 3.887 -2.57823 8.10126
      vertex 4.03415 -2.3757 8.10126
    endloop
  endfacet
  facet normal 0 0 -1
    outer loop
      vertex 3.76275 -3.43463 8.10126
      vertex 3.887 -2.57823 8.10126
      vertex 4.38494 -2.57823 8.10126
    endloop
  endfacet
  facet normal 0 0 -1
    outer loop
      vertex 3.5443 -3.63129 8.10126
      vertex 3.887 -2.57823 8.10126
      vertex 3.76275 -3.43463 8.10126
    endloop
  endfacet
  facet normal -0 0 -1
    outer loop
      vertex 3.887 -2.57823 8.10126
      vertex 3.5443 -3.63129 8.10126
      vertex 0.893924 -2.57823 8.10126
    endloop
  endfacet
  facet normal 0 0 -1
    outer loop
      vertex 3.5443 -4.60354 8.10126
      vertex 0.893924 -2.57823 8.10126
      vertex 3.5443 -3.63129 8.10126
    endloop
  endfacet
  facet normal 0 0 -1
    outer loop
      vertex 3.5443 -4.60354 8.10126
      vertex 0.7208 -2.67818 8.10126
      vertex 0.893924 -2.57823 8.10126
    endloop
  endfacet
  facet normal 0 0 -1
    outer loop
      vertex 3.5443 -4.60354 8.10126
      vertex 0.368451 -2.79271 8.10126
      vertex 0.7208 -2.67818 8.10126
    endloop
  endfacet
  facet normal 0 0 -1
    outer loop
      vertex 3.5443 -4.60354 8.10126
      vertex -1.01266e-06 -2.83139 8.10126
      vertex 0.368451 -2.79271 8.10126
    endloop
  endfacet
  facet normal 0 0 -1
    outer loop
      vertex -3.5443 -4.60354 8.10126
      vertex -1.01266e-06 -2.83139 8.10126
      vertex 3.5443 -4.60354 8.10126
    endloop
  endfacet
  facet normal -0 0 -1
    outer loop
      vertex -1.01266e-06 -2.83139 8.10126
      vertex -3.5443 -4.60354 8.10126
      vertex -0.368452 -2.79271 8.10126
    endloop
  endfacet
  facet normal -0 0 -1
    outer loop
      vertex -0.368452 -2.79271 8.10126
      vertex -3.5443 -4.60354 8.10126
      vertex -0.720798 -2.67818 8.10126
    endloop
  endfacet
  facet normal 0 0 -1
    outer loop
      vertex -3.5443 -4.60354 8.10126
      vertex -0.893923 -2.57823 8.10126
      vertex -0.720798 -2.67818 8.10126
    endloop
  endfacet
  facet normal 0 0 -1
    outer loop
      vertex -3.5443 -3.63129 8.10126
      vertex -0.893923 -2.57823 8.10126
      vertex -3.5443 -4.60354 8.10126
    endloop
  endfacet
  facet normal 0 0 -1
    outer loop
      vertex -3.887 -2.57823 8.10126
      vertex -3.5443 -3.63129 8.10126
      vertex -3.76275 -3.43463 8.10126
    endloop
  endfacet
  facet normal 0 0 -1
    outer loop
      vertex -3.5443 -3.63129 8.10126
      vertex -3.887 -2.57823 8.10126
      vertex -0.893923 -2.57823 8.10126
    endloop
  endfacet
  facet normal 0 0 -1
    outer loop
      vertex -4.38494 -2.57823 8.10126
      vertex -3.887 -2.57823 8.10126
      vertex -3.76275 -3.43463 8.10126
    endloop
  endfacet
  facet normal 0 0 -1
    outer loop
      vertex -3.887 -2.57823 8.10126
      vertex -4.38494 -2.57823 8.10126
      vertex -4.03415 -2.3757 8.10126
    endloop
  endfacet
  facet normal 0 0 -1
    outer loop
      vertex -4.38494 -2.57823 8.10126
      vertex -4.43024 -1.48608 8.10126
      vertex -4.03415 -2.3757 8.10126
    endloop
  endfacet
  facet normal 0 0 -1
    outer loop
      vertex -4.81547 -1.61124 8.10126
      vertex -4.43024 -1.48608 8.10126
      vertex -4.38494 -2.57823 8.10126
    endloop
  endfacet
  facet normal 0 -0 -1
    outer loop
      vertex -4.55696 -1.05924 8.10126
      vertex -4.43024 -1.48608 8.10126
      vertex -4.81547 -1.61124 8.10126
    endloop
  endfacet
  facet normal 0 0 -1
    outer loop
      vertex -5.03555 -0.0465823 8.10126
      vertex -4.55696 6.69853 8.10126
      vertex -4.55696 -1.05924 8.10126
    endloop
  endfacet
  facet normal 0 0 -1
    outer loop
      vertex -4.43024 -1.48608 8.10126
      vertex -4.55696 -1.05924 8.10126
      vertex -4.52096 -1.05924 8.10126
    endloop
  endfacet
  facet normal 0 0 -1
    outer loop
      vertex -5.03555 -0.575797 8.10126
      vertex -4.55696 -1.05924 8.10126
      vertex -4.81547 -1.61124 8.10126
    endloop
  endfacet
  facet normal 0 0 -1
    outer loop
      vertex -4.55696 -1.05924 8.10126
      vertex -5.03555 -0.575797 8.10126
      vertex -5.03555 -0.0465823 8.10126
    endloop
  endfacet
  facet normal 0 0 -1
    outer loop
      vertex -5.06329 -0.0465823 8.10126
      vertex -4.55696 6.69853 8.10126
      vertex -5.03555 -0.0465823 8.10126
    endloop
  endfacet
  facet normal -0 0 -1
    outer loop
      vertex -4.55696 6.69853 8.10126
      vertex -5.06329 -0.0465823 8.10126
      vertex -5.06329 6.82673 8.10126
    endloop
  endfacet
  facet normal 0 0 -1
    outer loop
      vertex -4.55696 6.69853 8.10126
      vertex -5.06329 6.82673 8.10126
      vertex -4.6138 6.82673 8.10126
    endloop
  endfacet
  facet normal -0 0 -1
    outer loop
      vertex 5.06329 6.82673 8.10126
      vertex 4.55696 6.69853 8.10126
      vertex 4.6138 6.82673 8.10126
    endloop
  endfacet
  facet normal -0.809011 -0.587794 1.32859e-18
    outer loop
      vertex -3.887 -2.57823 5.06329
      vertex -4.03415 -2.3757 8.10126
      vertex -4.03415 -2.3757 5.06329
    endloop
  endfacet
  facet normal -0.809011 -0.587794 1.32859e-18
    outer loop
      vertex -4.03415 -2.3757 8.10126
      vertex -3.887 -2.57823 5.06329
      vertex -3.887 -2.57823 8.10126
    endloop
  endfacet
  facet normal -0.978151 -0.207895 1.87872e-18
    outer loop
      vertex -4.43024 -1.48608 5.06329
      vertex -4.52096 -1.05924 8.10126
      vertex -4.52096 -1.05924 5.06329
    endloop
  endfacet
  facet normal -0.978151 -0.207895 1.87872e-18
    outer loop
      vertex -4.52096 -1.05924 8.10126
      vertex -4.43024 -1.48608 5.06329
      vertex -4.43024 -1.48608 8.10126
    endloop
  endfacet
  facet normal 0.809011 -0.587794 -1.32859e-18
    outer loop
      vertex 3.887 -2.57823 8.10126
      vertex 4.03415 -2.3757 5.06329
      vertex 4.03415 -2.3757 8.10126
    endloop
  endfacet
  facet normal 0.809011 -0.587794 -1.32859e-18
    outer loop
      vertex 4.03415 -2.3757 5.06329
      vertex 3.887 -2.57823 8.10126
      vertex 3.887 -2.57823 5.06329
    endloop
  endfacet
  facet normal 0.978151 -0.207895 -1.87872e-18
    outer loop
      vertex 4.43024 -1.48608 8.10126
      vertex 4.52096 -1.05924 5.06329
      vertex 4.52096 -1.05924 8.10126
    endloop
  endfacet
  facet normal 0.978151 -0.207895 -1.87872e-18
    outer loop
      vertex 4.52096 -1.05924 5.06329
      vertex 4.43024 -1.48608 8.10126
      vertex 4.43024 -1.48608 5.06329
    endloop
  endfacet
  facet normal -0.913543 -0.406741 -8.97882e-18
    outer loop
      vertex -4.03415 -2.3757 5.06329
      vertex -4.43024 -1.48608 8.10126
      vertex -4.43024 -1.48608 5.06329
    endloop
  endfacet
  facet normal -0.913543 -0.406741 -8.97882e-18
    outer loop
      vertex -4.43024 -1.48608 8.10126
      vertex -4.03415 -2.3757 5.06329
      vertex -4.03415 -2.3757 8.10126
    endloop
  endfacet
  facet normal 0.913543 -0.406741 8.97882e-18
    outer loop
      vertex 4.03415 -2.3757 8.10126
      vertex 4.43024 -1.48608 5.06329
      vertex 4.43024 -1.48608 8.10126
    endloop
  endfacet
  facet normal 0.913543 -0.406741 8.97882e-18
    outer loop
      vertex 4.43024 -1.48608 5.06329
      vertex 4.03415 -2.3757 8.10126
      vertex 4.03415 -2.3757 5.06329
    endloop
  endfacet
  facet normal 0 1 -0
    outer loop
      vertex 3.5443 -4.60354 5.06329
      vertex -3.5443 -4.60354 8.10126
      vertex 3.5443 -4.60354 8.10126
    endloop
  endfacet
  facet normal 0 1 0
    outer loop
      vertex -3.5443 -4.60354 8.10126
      vertex 3.5443 -4.60354 5.06329
      vertex -3.5443 -4.60354 5.06329
    endloop
  endfacet
  facet normal 0 -1 0
    outer loop
      vertex -4.55696 -1.05924 5.06329
      vertex -4.52096 -1.05924 8.10126
      vertex -4.55696 -1.05924 8.10126
    endloop
  endfacet
  facet normal 0 -1 -0
    outer loop
      vertex -4.52096 -1.05924 8.10126
      vertex -4.55696 -1.05924 5.06329
      vertex -4.52096 -1.05924 5.06329
    endloop
  endfacet
  facet normal 0 -1 0
    outer loop
      vertex 4.52096 -1.05924 5.06329
      vertex 4.55696 -1.05924 8.10126
      vertex 4.52096 -1.05924 8.10126
    endloop
  endfacet
  facet normal 0 -1 -0
    outer loop
      vertex 4.55696 -1.05924 8.10126
      vertex 4.52096 -1.05924 5.06329
      vertex 4.55696 -1.05924 5.06329
    endloop
  endfacet
  facet normal 0 -1 0
    outer loop
      vertex -3.887 -2.57823 5.06329
      vertex -0.893923 -2.57823 8.10126
      vertex -3.887 -2.57823 8.10126
    endloop
  endfacet
  facet normal 0 -1 -0
    outer loop
      vertex -0.893923 -2.57823 8.10126
      vertex -3.887 -2.57823 5.06329
      vertex -0.893923 -2.57823 5.06329
    endloop
  endfacet
  facet normal 0 -1 0
    outer loop
      vertex 0.893924 -2.57823 5.06329
      vertex 3.887 -2.57823 8.10126
      vertex 0.893924 -2.57823 8.10126
    endloop
  endfacet
  facet normal 0 -1 -0
    outer loop
      vertex 3.887 -2.57823 8.10126
      vertex 0.893924 -2.57823 5.06329
      vertex 3.887 -2.57823 5.06329
    endloop
  endfacet
  facet normal -1 0 0
    outer loop
      vertex -4.55696 -1.05924 8.10126
      vertex -4.55696 6.43281 5.06329
      vertex -4.55696 -1.05924 5.06329
    endloop
  endfacet
  facet normal -1 0 0
    outer loop
      vertex -4.55696 6.43281 5.06329
      vertex -4.55696 -1.05924 8.10126
      vertex -4.55696 6.69853 8.10126
    endloop
  endfacet
  facet normal 1 -0 0
    outer loop
      vertex 4.55696 -1.05924 8.10126
      vertex 4.55696 6.43281 5.06329
      vertex 4.55696 6.69853 8.10126
    endloop
  endfacet
  facet normal 1 0 0
    outer loop
      vertex 4.55696 6.43281 5.06329
      vertex 4.55696 -1.05924 8.10126
      vertex 4.55696 -1.05924 5.06329
    endloop
  endfacet
  facet normal -0 0 1
    outer loop
      vertex -5.06329 7.71271 18.2278
      vertex -4.55696 7.5845 18.2278
      vertex -4.6138 7.71271 18.2278
    endloop
  endfacet
  facet normal -0 0 1
    outer loop
      vertex -3.887 -2.57823 18.2278
      vertex -3.5443 -3.63129 18.2278
      vertex -0.893923 -2.57823 18.2278
    endloop
  endfacet
  facet normal 0 0 1
    outer loop
      vertex -3.5443 -3.63129 18.2278
      vertex -3.887 -2.57823 18.2278
      vertex -3.76275 -3.43463 18.2278
    endloop
  endfacet
  facet normal 0 0 1
    outer loop
      vertex -4.38494 -2.57823 18.2278
      vertex -3.887 -2.57823 18.2278
      vertex -4.03415 -2.3757 18.2278
    endloop
  endfacet
  facet normal 0 0 1
    outer loop
      vertex -3.887 -2.57823 18.2278
      vertex -4.38494 -2.57823 18.2278
      vertex -3.76275 -3.43463 18.2278
    endloop
  endfacet
  facet normal 0 0 1
    outer loop
      vertex -4.43024 -1.48608 18.2278
      vertex -4.38494 -2.57823 18.2278
      vertex -4.03415 -2.3757 18.2278
    endloop
  endfacet
  facet normal -0 0 1
    outer loop
      vertex -4.55696 -1.05924 18.2278
      vertex -4.43024 -1.48608 18.2278
      vertex -4.52096 -1.05924 18.2278
    endloop
  endfacet
  facet normal 0 0 1
    outer loop
      vertex -4.43024 -1.48608 18.2278
      vertex -4.55696 -1.05924 18.2278
      vertex -4.81547 -1.61124 18.2278
    endloop
  endfacet
  facet normal 0 0 1
    outer loop
      vertex -4.43024 -1.48608 18.2278
      vertex -4.81547 -1.61124 18.2278
      vertex -4.38494 -2.57823 18.2278
    endloop
  endfacet
  facet normal 0 0 1
    outer loop
      vertex -4.55696 7.5845 18.2278
      vertex -5.03555 -0.0465823 18.2278
      vertex -4.55696 -1.05924 18.2278
    endloop
  endfacet
  facet normal -0 0 1
    outer loop
      vertex -5.03555 -0.575797 18.2278
      vertex -4.55696 -1.05924 18.2278
      vertex -5.03555 -0.0465823 18.2278
    endloop
  endfacet
  facet normal 0 0 1
    outer loop
      vertex -5.06329 -0.0465823 18.2278
      vertex -4.55696 7.5845 18.2278
      vertex -5.06329 7.71271 18.2278
    endloop
  endfacet
  facet normal 0 0 1
    outer loop
      vertex -4.55696 7.5845 18.2278
      vertex -5.06329 -0.0465823 18.2278
      vertex -5.03555 -0.0465823 18.2278
    endloop
  endfacet
  facet normal -0 0 1
    outer loop
      vertex 4.55696 7.5845 18.2278
      vertex 5.06329 -0.0465823 18.2278
      vertex 5.06329 7.71271 18.2278
    endloop
  endfacet
  facet normal 0 0 1
    outer loop
      vertex 4.55696 -1.05924 18.2278
      vertex 5.03555 -0.575797 18.2278
      vertex 5.03555 -0.0465823 18.2278
    endloop
  endfacet
  facet normal 0 0 1
    outer loop
      vertex 5.06329 -0.0465823 18.2278
      vertex 4.55696 7.5845 18.2278
      vertex 5.03555 -0.0465823 18.2278
    endloop
  endfacet
  facet normal 0 0 1
    outer loop
      vertex 4.55696 7.5845 18.2278
      vertex 5.06329 7.71271 18.2278
      vertex 4.6138 7.71271 18.2278
    endloop
  endfacet
  facet normal 0 0 1
    outer loop
      vertex 5.03555 -0.0465823 18.2278
      vertex 4.55696 7.5845 18.2278
      vertex 4.55696 -1.05924 18.2278
    endloop
  endfacet
  facet normal 0 0 1
    outer loop
      vertex 5.03555 -0.575797 18.2278
      vertex 4.55696 -1.05924 18.2278
      vertex 4.81547 -1.61124 18.2278
    endloop
  endfacet
  facet normal 0 0 1
    outer loop
      vertex 4.43024 -1.48608 18.2278
      vertex 4.55696 -1.05924 18.2278
      vertex 4.52096 -1.05924 18.2278
    endloop
  endfacet
  facet normal 0 0 1
    outer loop
      vertex 4.55696 -1.05924 18.2278
      vertex 4.43024 -1.48608 18.2278
      vertex 4.81547 -1.61124 18.2278
    endloop
  endfacet
  facet normal 0 0 1
    outer loop
      vertex 4.43024 -1.48608 18.2278
      vertex 4.38494 -2.57823 18.2278
      vertex 4.81547 -1.61124 18.2278
    endloop
  endfacet
  facet normal -0 0 1
    outer loop
      vertex 4.03415 -2.3757 18.2278
      vertex 4.38494 -2.57823 18.2278
      vertex 4.43024 -1.48608 18.2278
    endloop
  endfacet
  facet normal 0 0 1
    outer loop
      vertex 3.887 -2.57823 18.2278
      vertex 4.38494 -2.57823 18.2278
      vertex 4.03415 -2.3757 18.2278
    endloop
  endfacet
  facet normal -0 0 1
    outer loop
      vertex 3.887 -2.57823 18.2278
      vertex 3.76275 -3.43463 18.2278
      vertex 4.38494 -2.57823 18.2278
    endloop
  endfacet
  facet normal 0 0 1
    outer loop
      vertex 3.887 -2.57823 18.2278
      vertex 3.5443 -3.63129 18.2278
      vertex 3.76275 -3.43463 18.2278
    endloop
  endfacet
  facet normal -0 0 1
    outer loop
      vertex 0.893924 -2.57823 18.2278
      vertex 3.5443 -3.63129 18.2278
      vertex 3.887 -2.57823 18.2278
    endloop
  endfacet
  facet normal 0 0 1
    outer loop
      vertex 0.893924 -2.57823 18.2278
      vertex 3.5443 -4.60354 18.2278
      vertex 3.5443 -3.63129 18.2278
    endloop
  endfacet
  facet normal -0 0 1
    outer loop
      vertex 0.7208 -2.67818 18.2278
      vertex 3.5443 -4.60354 18.2278
      vertex 0.893924 -2.57823 18.2278
    endloop
  endfacet
  facet normal -0 0 1
    outer loop
      vertex 0.368451 -2.79271 18.2278
      vertex 3.5443 -4.60354 18.2278
      vertex 0.7208 -2.67818 18.2278
    endloop
  endfacet
  facet normal -0 0 1
    outer loop
      vertex -1.01266e-06 -2.83139 18.2278
      vertex 3.5443 -4.60354 18.2278
      vertex 0.368451 -2.79271 18.2278
    endloop
  endfacet
  facet normal 0 0 1
    outer loop
      vertex -3.5443 -4.60354 18.2278
      vertex -1.01266e-06 -2.83139 18.2278
      vertex -0.368452 -2.79271 18.2278
    endloop
  endfacet
  facet normal 0 0 1
    outer loop
      vertex -3.5443 -4.60354 18.2278
      vertex -0.368452 -2.79271 18.2278
      vertex -0.720798 -2.67818 18.2278
    endloop
  endfacet
  facet normal 0 0 1
    outer loop
      vertex -3.5443 -4.60354 18.2278
      vertex -0.893923 -2.57823 18.2278
      vertex -3.5443 -3.63129 18.2278
    endloop
  endfacet
  facet normal 0 0 1
    outer loop
      vertex -0.893923 -2.57823 18.2278
      vertex -3.5443 -4.60354 18.2278
      vertex -0.720798 -2.67818 18.2278
    endloop
  endfacet
  facet normal 0 0 1
    outer loop
      vertex -1.01266e-06 -2.83139 18.2278
      vertex -3.5443 -4.60354 18.2278
      vertex 3.5443 -4.60354 18.2278
    endloop
  endfacet
  facet normal 0 0 1
    outer loop
      vertex -4.55696 -1.05924 18.2278
      vertex -5.03555 -0.575797 18.2278
      vertex -4.81547 -1.61124 18.2278
    endloop
  endfacet
  facet normal 0 0 -1
    outer loop
      vertex 4.55696 -1.05924 21.2658
      vertex 5.03555 -0.575797 21.2658
      vertex 4.81547 -1.61124 21.2658
    endloop
  endfacet
  facet normal 0 0 -1
    outer loop
      vertex 4.55696 7.85033 21.2658
      vertex 5.06329 -0.0465823 21.2658
      vertex 5.03555 -0.0465823 21.2658
    endloop
  endfacet
  facet normal -0 0 -1
    outer loop
      vertex 5.03555 -0.575797 21.2658
      vertex 4.55696 -1.05924 21.2658
      vertex 5.03555 -0.0465823 21.2658
    endloop
  endfacet
  facet normal 0 0 -1
    outer loop
      vertex 4.55696 7.85033 21.2658
      vertex 5.03555 -0.0465823 21.2658
      vertex 4.55696 -1.05924 21.2658
    endloop
  endfacet
  facet normal 0 0 -1
    outer loop
      vertex 5.06329 -0.0465823 21.2658
      vertex 4.55696 7.85033 21.2658
      vertex 5.06329 7.97853 21.2658
    endloop
  endfacet
  facet normal 0 0 -1
    outer loop
      vertex 4.43024 -1.48608 21.2658
      vertex 4.55696 -1.05924 21.2658
      vertex 4.81547 -1.61124 21.2658
    endloop
  endfacet
  facet normal -0 0 -1
    outer loop
      vertex 4.55696 -1.05924 21.2658
      vertex 4.43024 -1.48608 21.2658
      vertex 4.52096 -1.05924 21.2658
    endloop
  endfacet
  facet normal 0 0 -1
    outer loop
      vertex 4.38494 -2.57823 21.2658
      vertex 4.43024 -1.48608 21.2658
      vertex 4.81547 -1.61124 21.2658
    endloop
  endfacet
  facet normal 0 0 -1
    outer loop
      vertex 4.38494 -2.57823 21.2658
      vertex 4.03415 -2.3757 21.2658
      vertex 4.43024 -1.48608 21.2658
    endloop
  endfacet
  facet normal 0 0 -1
    outer loop
      vertex 4.38494 -2.57823 21.2658
      vertex 3.887 -2.57823 21.2658
      vertex 4.03415 -2.3757 21.2658
    endloop
  endfacet
  facet normal 0 0 -1
    outer loop
      vertex 3.76275 -3.43463 21.2658
      vertex 3.887 -2.57823 21.2658
      vertex 4.38494 -2.57823 21.2658
    endloop
  endfacet
  facet normal 0 0 -1
    outer loop
      vertex 3.5443 -3.63129 21.2658
      vertex 3.887 -2.57823 21.2658
      vertex 3.76275 -3.43463 21.2658
    endloop
  endfacet
  facet normal -0 0 -1
    outer loop
      vertex 3.887 -2.57823 21.2658
      vertex 3.5443 -3.63129 21.2658
      vertex 0.893924 -2.57823 21.2658
    endloop
  endfacet
  facet normal 0 0 -1
    outer loop
      vertex 3.5443 -4.60354 21.2658
      vertex 0.893924 -2.57823 21.2658
      vertex 3.5443 -3.63129 21.2658
    endloop
  endfacet
  facet normal 0 0 -1
    outer loop
      vertex 3.5443 -4.60354 21.2658
      vertex 0.7208 -2.67818 21.2658
      vertex 0.893924 -2.57823 21.2658
    endloop
  endfacet
  facet normal 0 0 -1
    outer loop
      vertex 3.5443 -4.60354 21.2658
      vertex 0.368451 -2.79271 21.2658
      vertex 0.7208 -2.67818 21.2658
    endloop
  endfacet
  facet normal 0 0 -1
    outer loop
      vertex 3.5443 -4.60354 21.2658
      vertex -1.01266e-06 -2.83139 21.2658
      vertex 0.368451 -2.79271 21.2658
    endloop
  endfacet
  facet normal 0 0 -1
    outer loop
      vertex -3.5443 -4.60354 21.2658
      vertex -1.01266e-06 -2.83139 21.2658
      vertex 3.5443 -4.60354 21.2658
    endloop
  endfacet
  facet normal -0 0 -1
    outer loop
      vertex -1.01266e-06 -2.83139 21.2658
      vertex -3.5443 -4.60354 21.2658
      vertex -0.368452 -2.79271 21.2658
    endloop
  endfacet
  facet normal -0 0 -1
    outer loop
      vertex -0.368452 -2.79271 21.2658
      vertex -3.5443 -4.60354 21.2658
      vertex -0.720798 -2.67818 21.2658
    endloop
  endfacet
  facet normal 0 0 -1
    outer loop
      vertex -3.5443 -4.60354 21.2658
      vertex -0.893923 -2.57823 21.2658
      vertex -0.720798 -2.67818 21.2658
    endloop
  endfacet
  facet normal 0 0 -1
    outer loop
      vertex -3.5443 -3.63129 21.2658
      vertex -0.893923 -2.57823 21.2658
      vertex -3.5443 -4.60354 21.2658
    endloop
  endfacet
  facet normal 0 0 -1
    outer loop
      vertex -3.887 -2.57823 21.2658
      vertex -3.5443 -3.63129 21.2658
      vertex -3.76275 -3.43463 21.2658
    endloop
  endfacet
  facet normal 0 0 -1
    outer loop
      vertex -3.5443 -3.63129 21.2658
      vertex -3.887 -2.57823 21.2658
      vertex -0.893923 -2.57823 21.2658
    endloop
  endfacet
  facet normal 0 0 -1
    outer loop
      vertex -4.38494 -2.57823 21.2658
      vertex -3.887 -2.57823 21.2658
      vertex -3.76275 -3.43463 21.2658
    endloop
  endfacet
  facet normal 0 0 -1
    outer loop
      vertex -3.887 -2.57823 21.2658
      vertex -4.38494 -2.57823 21.2658
      vertex -4.03415 -2.3757 21.2658
    endloop
  endfacet
  facet normal 0 0 -1
    outer loop
      vertex -4.38494 -2.57823 21.2658
      vertex -4.43024 -1.48608 21.2658
      vertex -4.03415 -2.3757 21.2658
    endloop
  endfacet
  facet normal 0 0 -1
    outer loop
      vertex -4.81547 -1.61124 21.2658
      vertex -4.43024 -1.48608 21.2658
      vertex -4.38494 -2.57823 21.2658
    endloop
  endfacet
  facet normal 0 -0 -1
    outer loop
      vertex -4.55696 -1.05924 21.2658
      vertex -4.43024 -1.48608 21.2658
      vertex -4.81547 -1.61124 21.2658
    endloop
  endfacet
  facet normal 0 0 -1
    outer loop
      vertex -5.03555 -0.0465823 21.2658
      vertex -4.55696 7.85033 21.2658
      vertex -4.55696 -1.05924 21.2658
    endloop
  endfacet
  facet normal 0 0 -1
    outer loop
      vertex -4.43024 -1.48608 21.2658
      vertex -4.55696 -1.05924 21.2658
      vertex -4.52096 -1.05924 21.2658
    endloop
  endfacet
  facet normal 0 0 -1
    outer loop
      vertex -5.03555 -0.575797 21.2658
      vertex -4.55696 -1.05924 21.2658
      vertex -4.81547 -1.61124 21.2658
    endloop
  endfacet
  facet normal 0 0 -1
    outer loop
      vertex -4.55696 -1.05924 21.2658
      vertex -5.03555 -0.575797 21.2658
      vertex -5.03555 -0.0465823 21.2658
    endloop
  endfacet
  facet normal 0 0 -1
    outer loop
      vertex -5.06329 -0.0465823 21.2658
      vertex -4.55696 7.85033 21.2658
      vertex -5.03555 -0.0465823 21.2658
    endloop
  endfacet
  facet normal -0 0 -1
    outer loop
      vertex -4.55696 7.85033 21.2658
      vertex -5.06329 -0.0465823 21.2658
      vertex -5.06329 7.97853 21.2658
    endloop
  endfacet
  facet normal 0 0 -1
    outer loop
      vertex -4.55696 7.85033 21.2658
      vertex -5.06329 7.97853 21.2658
      vertex -4.6138 7.97853 21.2658
    endloop
  endfacet
  facet normal -0 0 -1
    outer loop
      vertex 5.06329 7.97853 21.2658
      vertex 4.55696 7.85033 21.2658
      vertex 4.6138 7.97853 21.2658
    endloop
  endfacet
  facet normal -0.809011 -0.587794 1.32857e-18
    outer loop
      vertex -3.887 -2.57823 18.2278
      vertex -4.03415 -2.3757 21.2658
      vertex -4.03415 -2.3757 18.2278
    endloop
  endfacet
  facet normal -0.809011 -0.587794 1.32857e-18
    outer loop
      vertex -4.03415 -2.3757 21.2658
      vertex -3.887 -2.57823 18.2278
      vertex -3.887 -2.57823 21.2658
    endloop
  endfacet
  facet normal -0.978151 -0.207895 1.8787e-18
    outer loop
      vertex -4.43024 -1.48608 18.2278
      vertex -4.52096 -1.05924 21.2658
      vertex -4.52096 -1.05924 18.2278
    endloop
  endfacet
  facet normal -0.978151 -0.207895 1.8787e-18
    outer loop
      vertex -4.52096 -1.05924 21.2658
      vertex -4.43024 -1.48608 18.2278
      vertex -4.43024 -1.48608 21.2658
    endloop
  endfacet
  facet normal 0.809011 -0.587794 -1.32857e-18
    outer loop
      vertex 3.887 -2.57823 21.2658
      vertex 4.03415 -2.3757 18.2278
      vertex 4.03415 -2.3757 21.2658
    endloop
  endfacet
  facet normal 0.809011 -0.587794 -1.32857e-18
    outer loop
      vertex 4.03415 -2.3757 18.2278
      vertex 3.887 -2.57823 21.2658
      vertex 3.887 -2.57823 18.2278
    endloop
  endfacet
  facet normal 0.978151 -0.207895 -1.8787e-18
    outer loop
      vertex 4.43024 -1.48608 21.2658
      vertex 4.52096 -1.05924 18.2278
      vertex 4.52096 -1.05924 21.2658
    endloop
  endfacet
  facet normal 0.978151 -0.207895 -1.8787e-18
    outer loop
      vertex 4.52096 -1.05924 18.2278
      vertex 4.43024 -1.48608 21.2658
      vertex 4.43024 -1.48608 18.2278
    endloop
  endfacet
  facet normal -0.913543 -0.406741 -8.97873e-18
    outer loop
      vertex -4.03415 -2.3757 18.2278
      vertex -4.43024 -1.48608 21.2658
      vertex -4.43024 -1.48608 18.2278
    endloop
  endfacet
  facet normal -0.913543 -0.406741 -8.97873e-18
    outer loop
      vertex -4.43024 -1.48608 21.2658
      vertex -4.03415 -2.3757 18.2278
      vertex -4.03415 -2.3757 21.2658
    endloop
  endfacet
  facet normal 0.913543 -0.406741 8.97873e-18
    outer loop
      vertex 4.03415 -2.3757 21.2658
      vertex 4.43024 -1.48608 18.2278
      vertex 4.43024 -1.48608 21.2658
    endloop
  endfacet
  facet normal 0.913543 -0.406741 8.97873e-18
    outer loop
      vertex 4.43024 -1.48608 18.2278
      vertex 4.03415 -2.3757 21.2658
      vertex 4.03415 -2.3757 18.2278
    endloop
  endfacet
  facet normal 0 1 -0
    outer loop
      vertex 3.5443 -4.60354 18.2278
      vertex -3.5443 -4.60354 21.2658
      vertex 3.5443 -4.60354 21.2658
    endloop
  endfacet
  facet normal 0 1 0
    outer loop
      vertex -3.5443 -4.60354 21.2658
      vertex 3.5443 -4.60354 18.2278
      vertex -3.5443 -4.60354 18.2278
    endloop
  endfacet
  facet normal 0 -1 0
    outer loop
      vertex -4.55696 -1.05924 18.2278
      vertex -4.52096 -1.05924 21.2658
      vertex -4.55696 -1.05924 21.2658
    endloop
  endfacet
  facet normal 0 -1 -0
    outer loop
      vertex -4.52096 -1.05924 21.2658
      vertex -4.55696 -1.05924 18.2278
      vertex -4.52096 -1.05924 18.2278
    endloop
  endfacet
  facet normal 0 -1 0
    outer loop
      vertex 4.52096 -1.05924 18.2278
      vertex 4.55696 -1.05924 21.2658
      vertex 4.52096 -1.05924 21.2658
    endloop
  endfacet
  facet normal 0 -1 -0
    outer loop
      vertex 4.55696 -1.05924 21.2658
      vertex 4.52096 -1.05924 18.2278
      vertex 4.55696 -1.05924 18.2278
    endloop
  endfacet
  facet normal 0 -1 0
    outer loop
      vertex -3.887 -2.57823 18.2278
      vertex -0.893923 -2.57823 21.2658
      vertex -3.887 -2.57823 21.2658
    endloop
  endfacet
  facet normal 0 -1 -0
    outer loop
      vertex -0.893923 -2.57823 21.2658
      vertex -3.887 -2.57823 18.2278
      vertex -0.893923 -2.57823 18.2278
    endloop
  endfacet
  facet normal 0 -1 0
    outer loop
      vertex 0.893924 -2.57823 18.2278
      vertex 3.887 -2.57823 21.2658
      vertex 0.893924 -2.57823 21.2658
    endloop
  endfacet
  facet normal 0 -1 -0
    outer loop
      vertex 3.887 -2.57823 21.2658
      vertex 0.893924 -2.57823 18.2278
      vertex 3.887 -2.57823 18.2278
    endloop
  endfacet
  facet normal -1 0 0
    outer loop
      vertex -4.55696 -1.05924 21.2658
      vertex -4.55696 7.5845 18.2278
      vertex -4.55696 -1.05924 18.2278
    endloop
  endfacet
  facet normal -1 0 0
    outer loop
      vertex -4.55696 7.5845 18.2278
      vertex -4.55696 -1.05924 21.2658
      vertex -4.55696 7.85033 21.2658
    endloop
  endfacet
  facet normal 1 -0 0
    outer loop
      vertex 4.55696 -1.05924 21.2658
      vertex 4.55696 7.5845 18.2278
      vertex 4.55696 7.85033 21.2658
    endloop
  endfacet
  facet normal 1 0 0
    outer loop
      vertex 4.55696 7.5845 18.2278
      vertex 4.55696 -1.05924 21.2658
      vertex 4.55696 -1.05924 18.2278
    endloop
  endfacet
  facet normal -0 0 1
    outer loop
      vertex -5.06329 8.95301 32.4051
      vertex -4.55696 8.82491 32.4051
      vertex -4.6138 8.95301 32.4051
    endloop
  endfacet
  facet normal -0 0 1
    outer loop
      vertex -3.887 -2.57823 32.4051
      vertex -3.5443 -3.63129 32.4051
      vertex -0.893923 -2.57823 32.4051
    endloop
  endfacet
  facet normal 0 0 1
    outer loop
      vertex -3.5443 -3.63129 32.4051
      vertex -3.887 -2.57823 32.4051
      vertex -3.76275 -3.43463 32.4051
    endloop
  endfacet
  facet normal 0 0 1
    outer loop
      vertex -4.38494 -2.57823 32.4051
      vertex -3.887 -2.57823 32.4051
      vertex -4.03415 -2.3757 32.4051
    endloop
  endfacet
  facet normal 0 0 1
    outer loop
      vertex -3.887 -2.57823 32.4051
      vertex -4.38494 -2.57823 32.4051
      vertex -3.76275 -3.43463 32.4051
    endloop
  endfacet
  facet normal 0 0 1
    outer loop
      vertex -4.43024 -1.48608 32.4051
      vertex -4.38494 -2.57823 32.4051
      vertex -4.03415 -2.3757 32.4051
    endloop
  endfacet
  facet normal -0 0 1
    outer loop
      vertex -4.55696 -1.05924 32.4051
      vertex -4.43024 -1.48608 32.4051
      vertex -4.52096 -1.05924 32.4051
    endloop
  endfacet
  facet normal 0 0 1
    outer loop
      vertex -4.43024 -1.48608 32.4051
      vertex -4.55696 -1.05924 32.4051
      vertex -4.81547 -1.61124 32.4051
    endloop
  endfacet
  facet normal 0 0 1
    outer loop
      vertex -4.43024 -1.48608 32.4051
      vertex -4.81547 -1.61124 32.4051
      vertex -4.38494 -2.57823 32.4051
    endloop
  endfacet
  facet normal 0 0 1
    outer loop
      vertex -4.55696 8.82491 32.4051
      vertex -5.03555 -0.0465823 32.4051
      vertex -4.55696 -1.05924 32.4051
    endloop
  endfacet
  facet normal -0 0 1
    outer loop
      vertex -5.03555 -0.575797 32.4051
      vertex -4.55696 -1.05924 32.4051
      vertex -5.03555 -0.0465823 32.4051
    endloop
  endfacet
  facet normal 0 0 1
    outer loop
      vertex -5.06329 -0.0465823 32.4051
      vertex -4.55696 8.82491 32.4051
      vertex -5.06329 8.95301 32.4051
    endloop
  endfacet
  facet normal 0 0 1
    outer loop
      vertex -4.55696 8.82491 32.4051
      vertex -5.06329 -0.0465823 32.4051
      vertex -5.03555 -0.0465823 32.4051
    endloop
  endfacet
  facet normal -0 0 1
    outer loop
      vertex 4.55696 8.82491 32.4051
      vertex 5.06329 -0.0465823 32.4051
      vertex 5.06329 8.95301 32.4051
    endloop
  endfacet
  facet normal 0 0 1
    outer loop
      vertex 4.55696 -1.05924 32.4051
      vertex 5.03555 -0.575797 32.4051
      vertex 5.03555 -0.0465823 32.4051
    endloop
  endfacet
  facet normal 0 0 1
    outer loop
      vertex 5.06329 -0.0465823 32.4051
      vertex 4.55696 8.82491 32.4051
      vertex 5.03555 -0.0465823 32.4051
    endloop
  endfacet
  facet normal 0 0 1
    outer loop
      vertex 4.55696 8.82491 32.4051
      vertex 5.06329 8.95301 32.4051
      vertex 4.6138 8.95301 32.4051
    endloop
  endfacet
  facet normal 0 0 1
    outer loop
      vertex 5.03555 -0.0465823 32.4051
      vertex 4.55696 8.82491 32.4051
      vertex 4.55696 -1.05924 32.4051
    endloop
  endfacet
  facet normal 0 0 1
    outer loop
      vertex 5.03555 -0.575797 32.4051
      vertex 4.55696 -1.05924 32.4051
      vertex 4.81547 -1.61124 32.4051
    endloop
  endfacet
  facet normal 0 0 1
    outer loop
      vertex 4.43024 -1.48608 32.4051
      vertex 4.55696 -1.05924 32.4051
      vertex 4.52096 -1.05924 32.4051
    endloop
  endfacet
  facet normal 0 0 1
    outer loop
      vertex 4.55696 -1.05924 32.4051
      vertex 4.43024 -1.48608 32.4051
      vertex 4.81547 -1.61124 32.4051
    endloop
  endfacet
  facet normal 0 0 1
    outer loop
      vertex 4.43024 -1.48608 32.4051
      vertex 4.38494 -2.57823 32.4051
      vertex 4.81547 -1.61124 32.4051
    endloop
  endfacet
  facet normal -0 0 1
    outer loop
      vertex 4.03415 -2.3757 32.4051
      vertex 4.38494 -2.57823 32.4051
      vertex 4.43024 -1.48608 32.4051
    endloop
  endfacet
  facet normal 0 0 1
    outer loop
      vertex 3.887 -2.57823 32.4051
      vertex 4.38494 -2.57823 32.4051
      vertex 4.03415 -2.3757 32.4051
    endloop
  endfacet
  facet normal -0 0 1
    outer loop
      vertex 3.887 -2.57823 32.4051
      vertex 3.76275 -3.43463 32.4051
      vertex 4.38494 -2.57823 32.4051
    endloop
  endfacet
  facet normal 0 0 1
    outer loop
      vertex 3.887 -2.57823 32.4051
      vertex 3.5443 -3.63129 32.4051
      vertex 3.76275 -3.43463 32.4051
    endloop
  endfacet
  facet normal -0 0 1
    outer loop
      vertex 0.893924 -2.57823 32.4051
      vertex 3.5443 -3.63129 32.4051
      vertex 3.887 -2.57823 32.4051
    endloop
  endfacet
  facet normal 0 0 1
    outer loop
      vertex 0.893924 -2.57823 32.4051
      vertex 3.5443 -4.60354 32.4051
      vertex 3.5443 -3.63129 32.4051
    endloop
  endfacet
  facet normal -0 0 1
    outer loop
      vertex 0.7208 -2.67818 32.4051
      vertex 3.5443 -4.60354 32.4051
      vertex 0.893924 -2.57823 32.4051
    endloop
  endfacet
  facet normal -0 0 1
    outer loop
      vertex 0.368451 -2.79271 32.4051
      vertex 3.5443 -4.60354 32.4051
      vertex 0.7208 -2.67818 32.4051
    endloop
  endfacet
  facet normal -0 0 1
    outer loop
      vertex -1.01266e-06 -2.83139 32.4051
      vertex 3.5443 -4.60354 32.4051
      vertex 0.368451 -2.79271 32.4051
    endloop
  endfacet
  facet normal 0 0 1
    outer loop
      vertex -3.5443 -4.60354 32.4051
      vertex -1.01266e-06 -2.83139 32.4051
      vertex -0.368452 -2.79271 32.4051
    endloop
  endfacet
  facet normal 0 0 1
    outer loop
      vertex -3.5443 -4.60354 32.4051
      vertex -0.368452 -2.79271 32.4051
      vertex -0.720798 -2.67818 32.4051
    endloop
  endfacet
  facet normal 0 0 1
    outer loop
      vertex -3.5443 -4.60354 32.4051
      vertex -0.893923 -2.57823 32.4051
      vertex -3.5443 -3.63129 32.4051
    endloop
  endfacet
  facet normal 0 0 1
    outer loop
      vertex -0.893923 -2.57823 32.4051
      vertex -3.5443 -4.60354 32.4051
      vertex -0.720798 -2.67818 32.4051
    endloop
  endfacet
  facet normal 0 0 1
    outer loop
      vertex -1.01266e-06 -2.83139 32.4051
      vertex -3.5443 -4.60354 32.4051
      vertex 3.5443 -4.60354 32.4051
    endloop
  endfacet
  facet normal 0 0 1
    outer loop
      vertex -4.55696 -1.05924 32.4051
      vertex -5.03555 -0.575797 32.4051
      vertex -4.81547 -1.61124 32.4051
    endloop
  endfacet
  facet normal 0 0 -1
    outer loop
      vertex 4.55696 -1.05924 35.443
      vertex 5.03555 -0.575797 35.443
      vertex 4.81547 -1.61124 35.443
    endloop
  endfacet
  facet normal 0 0 -1
    outer loop
      vertex 5.03555 -0.0465823 35.443
      vertex 5.06329 9.06734 35.443
      vertex 5.06329 -0.0465823 35.443
    endloop
  endfacet
  facet normal -0 0 -1
    outer loop
      vertex 5.03555 -0.575797 35.443
      vertex 4.55696 -1.05924 35.443
      vertex 5.03555 -0.0465823 35.443
    endloop
  endfacet
  facet normal 0 0 -1
    outer loop
      vertex 4.55696 9.06734 35.443
      vertex 5.03555 -0.0465823 35.443
      vertex 4.55696 -1.05924 35.443
    endloop
  endfacet
  facet normal 0 0 -1
    outer loop
      vertex 5.03555 -0.0465823 35.443
      vertex 4.55696 9.06734 35.443
      vertex 5.06329 9.06734 35.443
    endloop
  endfacet
  facet normal 0 0 -1
    outer loop
      vertex 3.5443 -4.60354 35.443
      vertex 0.893924 -2.57823 35.443
      vertex 3.5443 -3.63129 35.443
    endloop
  endfacet
  facet normal 0 0 -1
    outer loop
      vertex 3.5443 -4.60354 35.443
      vertex 0.7208 -2.67818 35.443
      vertex 0.893924 -2.57823 35.443
    endloop
  endfacet
  facet normal 0 0 -1
    outer loop
      vertex 3.5443 -4.60354 35.443
      vertex 0.368451 -2.79271 35.443
      vertex 0.7208 -2.67818 35.443
    endloop
  endfacet
  facet normal 0 0 -1
    outer loop
      vertex 3.5443 -4.60354 35.443
      vertex -1.01266e-06 -2.83139 35.443
      vertex 0.368451 -2.79271 35.443
    endloop
  endfacet
  facet normal 0 0 -1
    outer loop
      vertex -3.5443 -4.60354 35.443
      vertex -1.01266e-06 -2.83139 35.443
      vertex 3.5443 -4.60354 35.443
    endloop
  endfacet
  facet normal -0 0 -1
    outer loop
      vertex -1.01266e-06 -2.83139 35.443
      vertex -3.5443 -4.60354 35.443
      vertex -0.368452 -2.79271 35.443
    endloop
  endfacet
  facet normal -0 0 -1
    outer loop
      vertex -0.368452 -2.79271 35.443
      vertex -3.5443 -4.60354 35.443
      vertex -0.720798 -2.67818 35.443
    endloop
  endfacet
  facet normal 0 0 -1
    outer loop
      vertex -3.5443 -4.60354 35.443
      vertex -0.893923 -2.57823 35.443
      vertex -0.720798 -2.67818 35.443
    endloop
  endfacet
  facet normal 0 0 -1
    outer loop
      vertex -3.5443 -3.63129 35.443
      vertex -0.893923 -2.57823 35.443
      vertex -3.5443 -4.60354 35.443
    endloop
  endfacet
  facet normal 0 0 -1
    outer loop
      vertex -3.887 -2.57823 35.443
      vertex -3.5443 -3.63129 35.443
      vertex -3.76275 -3.43463 35.443
    endloop
  endfacet
  facet normal 0 0 -1
    outer loop
      vertex -3.5443 -3.63129 35.443
      vertex -3.887 -2.57823 35.443
      vertex -0.893923 -2.57823 35.443
    endloop
  endfacet
  facet normal 0 0 -1
    outer loop
      vertex -4.38494 -2.57823 35.443
      vertex -3.887 -2.57823 35.443
      vertex -3.76275 -3.43463 35.443
    endloop
  endfacet
  facet normal 0 0 -1
    outer loop
      vertex -3.887 -2.57823 35.443
      vertex -4.38494 -2.57823 35.443
      vertex -4.03415 -2.3757 35.443
    endloop
  endfacet
  facet normal 0 0 -1
    outer loop
      vertex -4.38494 -2.57823 35.443
      vertex -4.43024 -1.48608 35.443
      vertex -4.03415 -2.3757 35.443
    endloop
  endfacet
  facet normal 0 0 -1
    outer loop
      vertex -4.81547 -1.61124 35.443
      vertex -4.43024 -1.48608 35.443
      vertex -4.38494 -2.57823 35.443
    endloop
  endfacet
  facet normal 0 -0 -1
    outer loop
      vertex -4.55696 -1.05924 35.443
      vertex -4.43024 -1.48608 35.443
      vertex -4.81547 -1.61124 35.443
    endloop
  endfacet
  facet normal 0 0 -1
    outer loop
      vertex -4.43024 -1.48608 35.443
      vertex -4.55696 -1.05924 35.443
      vertex -4.52096 -1.05924 35.443
    endloop
  endfacet
  facet normal 0 0 -1
    outer loop
      vertex -5.03555 -0.575797 35.443
      vertex -4.55696 -1.05924 35.443
      vertex -4.81547 -1.61124 35.443
    endloop
  endfacet
  facet normal 0 0 -1
    outer loop
      vertex -4.55696 -1.05924 35.443
      vertex -5.03555 -0.575797 35.443
      vertex -5.03555 -0.0465823 35.443
    endloop
  endfacet
  facet normal 0 0 -1
    outer loop
      vertex -4.55696 -1.05924 35.443
      vertex -5.03555 -0.0465823 35.443
      vertex -4.55696 9.06734 35.443
    endloop
  endfacet
  facet normal 0 0 -1
    outer loop
      vertex -5.06329 9.06734 35.443
      vertex -5.03555 -0.0465823 35.443
      vertex -5.06329 -0.0465823 35.443
    endloop
  endfacet
  facet normal 0 0 -1
    outer loop
      vertex -5.03555 -0.0465823 35.443
      vertex -5.06329 9.06734 35.443
      vertex -4.55696 9.06734 35.443
    endloop
  endfacet
  facet normal 0 0 -1
    outer loop
      vertex 4.43024 -1.48608 35.443
      vertex 4.55696 -1.05924 35.443
      vertex 4.81547 -1.61124 35.443
    endloop
  endfacet
  facet normal -0 0 -1
    outer loop
      vertex 4.55696 -1.05924 35.443
      vertex 4.43024 -1.48608 35.443
      vertex 4.52096 -1.05924 35.443
    endloop
  endfacet
  facet normal 0 0 -1
    outer loop
      vertex 4.38494 -2.57823 35.443
      vertex 4.43024 -1.48608 35.443
      vertex 4.81547 -1.61124 35.443
    endloop
  endfacet
  facet normal 0 0 -1
    outer loop
      vertex 4.38494 -2.57823 35.443
      vertex 4.03415 -2.3757 35.443
      vertex 4.43024 -1.48608 35.443
    endloop
  endfacet
  facet normal 0 0 -1
    outer loop
      vertex 4.38494 -2.57823 35.443
      vertex 3.887 -2.57823 35.443
      vertex 4.03415 -2.3757 35.443
    endloop
  endfacet
  facet normal 0 0 -1
    outer loop
      vertex 3.76275 -3.43463 35.443
      vertex 3.887 -2.57823 35.443
      vertex 4.38494 -2.57823 35.443
    endloop
  endfacet
  facet normal 0 0 -1
    outer loop
      vertex 3.5443 -3.63129 35.443
      vertex 3.887 -2.57823 35.443
      vertex 3.76275 -3.43463 35.443
    endloop
  endfacet
  facet normal -0 0 -1
    outer loop
      vertex 3.887 -2.57823 35.443
      vertex 3.5443 -3.63129 35.443
      vertex 0.893924 -2.57823 35.443
    endloop
  endfacet
  facet normal -0.809011 -0.587794 1.32862e-18
    outer loop
      vertex -3.887 -2.57823 32.4051
      vertex -4.03415 -2.3757 35.443
      vertex -4.03415 -2.3757 32.4051
    endloop
  endfacet
  facet normal -0.809011 -0.587794 1.32862e-18
    outer loop
      vertex -4.03415 -2.3757 35.443
      vertex -3.887 -2.57823 32.4051
      vertex -3.887 -2.57823 35.443
    endloop
  endfacet
  facet normal -0.978151 -0.207895 1.87877e-18
    outer loop
      vertex -4.43024 -1.48608 32.4051
      vertex -4.52096 -1.05924 35.443
      vertex -4.52096 -1.05924 32.4051
    endloop
  endfacet
  facet normal -0.978151 -0.207895 1.87877e-18
    outer loop
      vertex -4.52096 -1.05924 35.443
      vertex -4.43024 -1.48608 32.4051
      vertex -4.43024 -1.48608 35.443
    endloop
  endfacet
  facet normal 0.809011 -0.587794 -1.32862e-18
    outer loop
      vertex 3.887 -2.57823 35.443
      vertex 4.03415 -2.3757 32.4051
      vertex 4.03415 -2.3757 35.443
    endloop
  endfacet
  facet normal 0.809011 -0.587794 -1.32862e-18
    outer loop
      vertex 4.03415 -2.3757 32.4051
      vertex 3.887 -2.57823 35.443
      vertex 3.887 -2.57823 32.4051
    endloop
  endfacet
  facet normal 0.978151 -0.207895 -1.87877e-18
    outer loop
      vertex 4.43024 -1.48608 35.443
      vertex 4.52096 -1.05924 32.4051
      vertex 4.52096 -1.05924 35.443
    endloop
  endfacet
  facet normal 0.978151 -0.207895 -1.87877e-18
    outer loop
      vertex 4.52096 -1.05924 32.4051
      vertex 4.43024 -1.48608 35.443
      vertex 4.43024 -1.48608 32.4051
    endloop
  endfacet
  facet normal -0.913543 -0.406741 -8.97903e-18
    outer loop
      vertex -4.03415 -2.3757 32.4051
      vertex -4.43024 -1.48608 35.443
      vertex -4.43024 -1.48608 32.4051
    endloop
  endfacet
  facet normal -0.913543 -0.406741 -8.97903e-18
    outer loop
      vertex -4.43024 -1.48608 35.443
      vertex -4.03415 -2.3757 32.4051
      vertex -4.03415 -2.3757 35.443
    endloop
  endfacet
  facet normal 0.913543 -0.406741 8.97903e-18
    outer loop
      vertex 4.03415 -2.3757 35.443
      vertex 4.43024 -1.48608 32.4051
      vertex 4.43024 -1.48608 35.443
    endloop
  endfacet
  facet normal 0.913543 -0.406741 8.97903e-18
    outer loop
      vertex 4.43024 -1.48608 32.4051
      vertex 4.03415 -2.3757 35.443
      vertex 4.03415 -2.3757 32.4051
    endloop
  endfacet
  facet normal 0 1 -0
    outer loop
      vertex 3.5443 -4.60354 32.4051
      vertex -3.5443 -4.60354 35.443
      vertex 3.5443 -4.60354 35.443
    endloop
  endfacet
  facet normal 0 1 0
    outer loop
      vertex -3.5443 -4.60354 35.443
      vertex 3.5443 -4.60354 32.4051
      vertex -3.5443 -4.60354 32.4051
    endloop
  endfacet
  facet normal 0 -1 0
    outer loop
      vertex -4.55696 -1.05924 32.4051
      vertex -4.52096 -1.05924 35.443
      vertex -4.55696 -1.05924 35.443
    endloop
  endfacet
  facet normal 0 -1 -0
    outer loop
      vertex -4.52096 -1.05924 35.443
      vertex -4.55696 -1.05924 32.4051
      vertex -4.52096 -1.05924 32.4051
    endloop
  endfacet
  facet normal 0 -1 0
    outer loop
      vertex 4.52096 -1.05924 32.4051
      vertex 4.55696 -1.05924 35.443
      vertex 4.52096 -1.05924 35.443
    endloop
  endfacet
  facet normal 0 -1 -0
    outer loop
      vertex 4.55696 -1.05924 35.443
      vertex 4.52096 -1.05924 32.4051
      vertex 4.55696 -1.05924 32.4051
    endloop
  endfacet
  facet normal 0 -1 0
    outer loop
      vertex -3.887 -2.57823 32.4051
      vertex -0.893923 -2.57823 35.443
      vertex -3.887 -2.57823 35.443
    endloop
  endfacet
  facet normal 0 -1 -0
    outer loop
      vertex -0.893923 -2.57823 35.443
      vertex -3.887 -2.57823 32.4051
      vertex -0.893923 -2.57823 32.4051
    endloop
  endfacet
  facet normal 0 -1 0
    outer loop
      vertex 0.893924 -2.57823 32.4051
      vertex 3.887 -2.57823 35.443
      vertex 0.893924 -2.57823 35.443
    endloop
  endfacet
  facet normal 0 -1 -0
    outer loop
      vertex 3.887 -2.57823 35.443
      vertex 0.893924 -2.57823 32.4051
      vertex 3.887 -2.57823 32.4051
    endloop
  endfacet
  facet normal -1 0 0
    outer loop
      vertex -4.55696 -1.05924 35.443
      vertex -4.55696 9.06734 35.1763
      vertex -4.55696 8.82491 32.4051
    endloop
  endfacet
  facet normal -1 0 0
    outer loop
      vertex -4.55696 -1.05924 35.443
      vertex -4.55696 8.82491 32.4051
      vertex -4.55696 -1.05924 32.4051
    endloop
  endfacet
  facet normal -1 0 0
    outer loop
      vertex -4.55696 9.06734 35.1763
      vertex -4.55696 -1.05924 35.443
      vertex -4.55696 9.06734 35.443
    endloop
  endfacet
  facet normal 1 -0 0
    outer loop
      vertex 4.55696 -1.05924 35.443
      vertex 4.55696 9.06734 35.1763
      vertex 4.55696 9.06734 35.443
    endloop
  endfacet
  facet normal 1 0 0
    outer loop
      vertex 4.55696 9.06734 35.1763
      vertex 4.55696 -1.05924 35.443
      vertex 4.55696 8.82491 32.4051
    endloop
  endfacet
  facet normal 1 0 0
    outer loop
      vertex 4.55696 8.82491 32.4051
      vertex 4.55696 -1.05924 35.443
      vertex 4.55696 -1.05924 32.4051
    endloop
  endfacet
  facet normal 0 0 -1
    outer loop
      vertex -3.5443 -3.63129 14.1772
      vertex -3.03797 -8.07605 14.1772
      vertex -3.5443 -8.07605 14.1772
    endloop
  endfacet
  facet normal 0 0 -1
    outer loop
      vertex 3.5443 -8.07605 14.1772
      vertex 3.03797 -8.07605 14.1772
      vertex 3.5443 -3.63129 14.1772
    endloop
  endfacet
  facet normal 0 0 -1
    outer loop
      vertex 3.03797 0.459747 14.1772
      vertex 5.03555 -0.575797 14.1772
      vertex 4.81547 -1.61124 14.1772
    endloop
  endfacet
  facet normal 0 0 -1
    outer loop
      vertex 5.03555 -0.0465823 14.1772
      vertex 5.06329 2.48506 14.1772
      vertex 5.06329 -0.0465823 14.1772
    endloop
  endfacet
  facet normal 0 0 -1
    outer loop
      vertex 5.03555 -0.575797 14.1772
      vertex 3.03797 0.459747 14.1772
      vertex 5.03555 -0.0465823 14.1772
    endloop
  endfacet
  facet normal 0 0 -1
    outer loop
      vertex 3.03797 0.459747 14.1772
      vertex 4.81547 -1.61124 14.1772
      vertex 4.38494 -2.57823 14.1772
    endloop
  endfacet
  facet normal 0 0 -1
    outer loop
      vertex 3.03797 0.459747 14.1772
      vertex 4.38494 -2.57823 14.1772
      vertex 3.76275 -3.43463 14.1772
    endloop
  endfacet
  facet normal 0 0 -1
    outer loop
      vertex 3.03797 0.459747 14.1772
      vertex 3.76275 -3.43463 14.1772
      vertex 3.5443 -3.63129 14.1772
    endloop
  endfacet
  facet normal 0 0 -1
    outer loop
      vertex 3.03797 0.459747 14.1772
      vertex 3.5443 -3.63129 14.1772
      vertex 3.03797 -8.07605 14.1772
    endloop
  endfacet
  facet normal 0 0 -1
    outer loop
      vertex 5.03555 -0.0465823 14.1772
      vertex 3.03797 0.459747 14.1772
      vertex 5.06329 2.48506 14.1772
    endloop
  endfacet
  facet normal 0 0 -1
    outer loop
      vertex 0.7208 0.559696 14.1772
      vertex 3.03797 0.459747 14.1772
      vertex 0.893924 0.459747 14.1772
    endloop
  endfacet
  facet normal 0 0 -1
    outer loop
      vertex 3.03797 0.459747 14.1772
      vertex 0.7208 0.559696 14.1772
      vertex 5.06329 2.48506 14.1772
    endloop
  endfacet
  facet normal 0 0 -1
    outer loop
      vertex 0.368451 0.674228 14.1772
      vertex 5.06329 2.48506 14.1772
      vertex 0.7208 0.559696 14.1772
    endloop
  endfacet
  facet normal 0 0 -1
    outer loop
      vertex 0 0.712911 14.1772
      vertex 5.06329 2.48506 14.1772
      vertex 0.368451 0.674228 14.1772
    endloop
  endfacet
  facet normal 0 0 -1
    outer loop
      vertex -5.06329 2.48506 14.1772
      vertex 0 0.712911 14.1772
      vertex -0.368452 0.674228 14.1772
    endloop
  endfacet
  facet normal 0 0 -1
    outer loop
      vertex -5.06329 2.48506 14.1772
      vertex -0.368452 0.674228 14.1772
      vertex -0.720798 0.559696 14.1772
    endloop
  endfacet
  facet normal 0 0 -1
    outer loop
      vertex -3.03797 0.459747 14.1772
      vertex -0.720798 0.559696 14.1772
      vertex -0.893925 0.459747 14.1772
    endloop
  endfacet
  facet normal 0 0 -1
    outer loop
      vertex -5.06329 2.48506 14.1772
      vertex -0.720798 0.559696 14.1772
      vertex -3.03797 0.459747 14.1772
    endloop
  endfacet
  facet normal 0 0 -1
    outer loop
      vertex -3.03797 -8.07605 14.1772
      vertex -3.5443 -3.63129 14.1772
      vertex -3.03797 0.459747 14.1772
    endloop
  endfacet
  facet normal 0 0 -1
    outer loop
      vertex -3.76275 -3.43463 14.1772
      vertex -3.03797 0.459747 14.1772
      vertex -3.5443 -3.63129 14.1772
    endloop
  endfacet
  facet normal 0 0 -1
    outer loop
      vertex -4.38494 -2.57823 14.1772
      vertex -3.03797 0.459747 14.1772
      vertex -3.76275 -3.43463 14.1772
    endloop
  endfacet
  facet normal 0 0 -1
    outer loop
      vertex -4.81547 -1.61124 14.1772
      vertex -3.03797 0.459747 14.1772
      vertex -4.38494 -2.57823 14.1772
    endloop
  endfacet
  facet normal 0 0 -1
    outer loop
      vertex -5.03555 -0.575797 14.1772
      vertex -3.03797 0.459747 14.1772
      vertex -4.81547 -1.61124 14.1772
    endloop
  endfacet
  facet normal 0 0 -1
    outer loop
      vertex -5.03555 -0.0465823 14.1772
      vertex -3.03797 0.459747 14.1772
      vertex -5.03555 -0.575797 14.1772
    endloop
  endfacet
  facet normal 0 0 -1
    outer loop
      vertex -5.06329 2.48506 14.1772
      vertex -5.03555 -0.0465823 14.1772
      vertex -5.06329 -0.0465823 14.1772
    endloop
  endfacet
  facet normal 0 0 -1
    outer loop
      vertex -5.03555 -0.0465823 14.1772
      vertex -5.06329 2.48506 14.1772
      vertex -3.03797 0.459747 14.1772
    endloop
  endfacet
  facet normal 0 0 -1
    outer loop
      vertex 0 0.712911 14.1772
      vertex -5.06329 2.48506 14.1772
      vertex 5.06329 2.48506 14.1772
    endloop
  endfacet
  facet normal 0 0 1
    outer loop
      vertex 5.06329 2.48506 11.1392
      vertex 5.03555 -0.0465823 11.1392
      vertex 5.06329 -0.0465823 11.1392
    endloop
  endfacet
  facet normal 0 0 1
    outer loop
      vertex 3.03797 0.459747 11.1392
      vertex 5.03555 -0.575797 11.1392
      vertex 5.03555 -0.0465823 11.1392
    endloop
  endfacet
  facet normal -0 0 1
    outer loop
      vertex 3.03797 0.459747 11.1392
      vertex 5.03555 -0.0465823 11.1392
      vertex 5.06329 2.48506 11.1392
    endloop
  endfacet
  facet normal 0 0 1
    outer loop
      vertex 5.03555 -0.575797 11.1392
      vertex 3.03797 0.459747 11.1392
      vertex 4.81547 -1.61124 11.1392
    endloop
  endfacet
  facet normal 0 0 1
    outer loop
      vertex 4.81547 -1.61124 11.1392
      vertex 3.03797 0.459747 11.1392
      vertex 4.38494 -2.57823 11.1392
    endloop
  endfacet
  facet normal 0 0 1
    outer loop
      vertex 4.38494 -2.57823 11.1392
      vertex 3.03797 0.459747 11.1392
      vertex 3.76275 -3.43463 11.1392
    endloop
  endfacet
  facet normal 0 0 1
    outer loop
      vertex 3.03797 -8.2885 11.1392
      vertex 3.5443 -3.63129 11.1392
      vertex 3.03797 0.459747 11.1392
    endloop
  endfacet
  facet normal 0 0 1
    outer loop
      vertex 3.76275 -3.43463 11.1392
      vertex 3.03797 0.459747 11.1392
      vertex 3.5443 -3.63129 11.1392
    endloop
  endfacet
  facet normal -0 0 1
    outer loop
      vertex 0.7208 0.559696 11.1392
      vertex 3.03797 0.459747 11.1392
      vertex 5.06329 2.48506 11.1392
    endloop
  endfacet
  facet normal 0 0 1
    outer loop
      vertex 3.03797 0.459747 11.1392
      vertex 0.7208 0.559696 11.1392
      vertex 0.893924 0.459747 11.1392
    endloop
  endfacet
  facet normal 0 0 1
    outer loop
      vertex 5.06329 2.48506 11.1392
      vertex 0.368451 0.674228 11.1392
      vertex 0.7208 0.559696 11.1392
    endloop
  endfacet
  facet normal 0 0 1
    outer loop
      vertex 5.06329 2.48506 11.1392
      vertex 0 0.712911 11.1392
      vertex 0.368451 0.674228 11.1392
    endloop
  endfacet
  facet normal -0 0 1
    outer loop
      vertex -5.06329 2.48506 11.1392
      vertex 0 0.712911 11.1392
      vertex 5.06329 2.48506 11.1392
    endloop
  endfacet
  facet normal 0 0 1
    outer loop
      vertex 0 0.712911 11.1392
      vertex -5.06329 2.48506 11.1392
      vertex -0.368452 0.674228 11.1392
    endloop
  endfacet
  facet normal 0 0 1
    outer loop
      vertex -0.720798 0.559696 11.1392
      vertex -3.03797 0.459747 11.1392
      vertex -0.893925 0.459747 11.1392
    endloop
  endfacet
  facet normal 0 0 1
    outer loop
      vertex -0.368452 0.674228 11.1392
      vertex -5.06329 2.48506 11.1392
      vertex -0.720798 0.559696 11.1392
    endloop
  endfacet
  facet normal 0 0 1
    outer loop
      vertex -3.03797 0.459747 11.1392
      vertex -3.5443 -3.63129 11.1392
      vertex -3.03797 -8.2885 11.1392
    endloop
  endfacet
  facet normal 0 0 1
    outer loop
      vertex -3.03797 0.459747 11.1392
      vertex -3.76275 -3.43463 11.1392
      vertex -3.5443 -3.63129 11.1392
    endloop
  endfacet
  facet normal 0 0 1
    outer loop
      vertex -3.03797 0.459747 11.1392
      vertex -4.38494 -2.57823 11.1392
      vertex -3.76275 -3.43463 11.1392
    endloop
  endfacet
  facet normal 0 0 1
    outer loop
      vertex -3.03797 0.459747 11.1392
      vertex -4.81547 -1.61124 11.1392
      vertex -4.38494 -2.57823 11.1392
    endloop
  endfacet
  facet normal 0 0 1
    outer loop
      vertex -5.03555 -0.575797 11.1392
      vertex -3.03797 0.459747 11.1392
      vertex -5.03555 -0.0465823 11.1392
    endloop
  endfacet
  facet normal 0 0 1
    outer loop
      vertex -0.720798 0.559696 11.1392
      vertex -5.06329 2.48506 11.1392
      vertex -3.03797 0.459747 11.1392
    endloop
  endfacet
  facet normal 0 0 1
    outer loop
      vertex -5.06329 2.48506 11.1392
      vertex -5.03555 -0.0465823 11.1392
      vertex -3.03797 0.459747 11.1392
    endloop
  endfacet
  facet normal 0 0 1
    outer loop
      vertex -5.03555 -0.0465823 11.1392
      vertex -5.06329 2.48506 11.1392
      vertex -5.06329 -0.0465823 11.1392
    endloop
  endfacet
  facet normal 0 0 1
    outer loop
      vertex 3.5443 -3.63129 11.1392
      vertex 3.03797 -8.2885 11.1392
      vertex 3.5443 -8.2885 11.1392
    endloop
  endfacet
  facet normal 0 0 1
    outer loop
      vertex -3.03797 -8.2885 11.1392
      vertex -3.5443 -3.63129 11.1392
      vertex -3.5443 -8.2885 11.1392
    endloop
  endfacet
  facet normal 0 0 1
    outer loop
      vertex -3.03797 0.459747 11.1392
      vertex -5.03555 -0.575797 11.1392
      vertex -4.81547 -1.61124 11.1392
    endloop
  endfacet
  facet normal 0 1 -0
    outer loop
      vertex 3.03797 0.459747 11.1392
      vertex 0.893924 0.459747 14.1772
      vertex 3.03797 0.459747 14.1772
    endloop
  endfacet
  facet normal 0 1 0
    outer loop
      vertex 0.893924 0.459747 14.1772
      vertex 3.03797 0.459747 11.1392
      vertex 0.893924 0.459747 11.1392
    endloop
  endfacet
  facet normal 0 1 -0
    outer loop
      vertex -0.893925 0.459747 11.1392
      vertex -3.03797 0.459747 14.1772
      vertex -0.893925 0.459747 14.1772
    endloop
  endfacet
  facet normal 0 1 0
    outer loop
      vertex -3.03797 0.459747 14.1772
      vertex -0.893925 0.459747 11.1392
      vertex -3.03797 0.459747 11.1392
    endloop
  endfacet
  facet normal 0 -1 0
    outer loop
      vertex -5.06329 2.48506 11.1392
      vertex 5.06329 2.48506 14.1772
      vertex -5.06329 2.48506 14.1772
    endloop
  endfacet
  facet normal 0 -1 -0
    outer loop
      vertex 5.06329 2.48506 14.1772
      vertex -5.06329 2.48506 11.1392
      vertex 5.06329 2.48506 11.1392
    endloop
  endfacet
  facet normal -1 0 0
    outer loop
      vertex -3.03797 0.459747 11.1392
      vertex -3.03797 -8.07605 14.1772
      vertex -3.03797 0.459747 14.1772
    endloop
  endfacet
  facet normal -1 0 -0
    outer loop
      vertex -3.03797 -8.07605 14.1772
      vertex -3.03797 0.459747 11.1392
      vertex -3.03797 -8.2885 11.1392
    endloop
  endfacet
  facet normal 1 -0 0
    outer loop
      vertex 3.03797 -8.07605 14.1772
      vertex 3.03797 0.459747 11.1392
      vertex 3.03797 0.459747 14.1772
    endloop
  endfacet
  facet normal 1 0 0
    outer loop
      vertex 3.03797 0.459747 11.1392
      vertex 3.03797 -8.07605 14.1772
      vertex 3.03797 -8.2885 11.1392
    endloop
  endfacet
  facet normal 0 0 -1
    outer loop
      vertex -3.5443 -3.63129 28.3544
      vertex -3.03797 -7.08466 28.3544
      vertex -3.5443 -7.08466 28.3544
    endloop
  endfacet
  facet normal 0 0 -1
    outer loop
      vertex 3.5443 -7.08466 28.3544
      vertex 3.03797 -7.08466 28.3544
      vertex 3.5443 -3.63129 28.3544
    endloop
  endfacet
  facet normal 0 0 -1
    outer loop
      vertex 3.03797 0.459747 28.3544
      vertex 5.03555 -0.575797 28.3544
      vertex 4.81547 -1.61124 28.3544
    endloop
  endfacet
  facet normal 0 0 -1
    outer loop
      vertex 5.03555 -0.0465823 28.3544
      vertex 5.06329 2.48506 28.3544
      vertex 5.06329 -0.0465823 28.3544
    endloop
  endfacet
  facet normal 0 0 -1
    outer loop
      vertex 5.03555 -0.575797 28.3544
      vertex 3.03797 0.459747 28.3544
      vertex 5.03555 -0.0465823 28.3544
    endloop
  endfacet
  facet normal 0 0 -1
    outer loop
      vertex 3.03797 0.459747 28.3544
      vertex 4.81547 -1.61124 28.3544
      vertex 4.38494 -2.57823 28.3544
    endloop
  endfacet
  facet normal 0 0 -1
    outer loop
      vertex 3.03797 0.459747 28.3544
      vertex 4.38494 -2.57823 28.3544
      vertex 3.76275 -3.43463 28.3544
    endloop
  endfacet
  facet normal 0 0 -1
    outer loop
      vertex 3.03797 0.459747 28.3544
      vertex 3.76275 -3.43463 28.3544
      vertex 3.5443 -3.63129 28.3544
    endloop
  endfacet
  facet normal 0 0 -1
    outer loop
      vertex 3.03797 0.459747 28.3544
      vertex 3.5443 -3.63129 28.3544
      vertex 3.03797 -7.08466 28.3544
    endloop
  endfacet
  facet normal 0 0 -1
    outer loop
      vertex 5.03555 -0.0465823 28.3544
      vertex 3.03797 0.459747 28.3544
      vertex 5.06329 2.48506 28.3544
    endloop
  endfacet
  facet normal 0 0 -1
    outer loop
      vertex 0.7208 0.559696 28.3544
      vertex 3.03797 0.459747 28.3544
      vertex 0.893924 0.459747 28.3544
    endloop
  endfacet
  facet normal 0 0 -1
    outer loop
      vertex 3.03797 0.459747 28.3544
      vertex 0.7208 0.559696 28.3544
      vertex 5.06329 2.48506 28.3544
    endloop
  endfacet
  facet normal 0 0 -1
    outer loop
      vertex 0.368451 0.674228 28.3544
      vertex 5.06329 2.48506 28.3544
      vertex 0.7208 0.559696 28.3544
    endloop
  endfacet
  facet normal 0 0 -1
    outer loop
      vertex 0 0.712911 28.3544
      vertex 5.06329 2.48506 28.3544
      vertex 0.368451 0.674228 28.3544
    endloop
  endfacet
  facet normal 0 0 -1
    outer loop
      vertex -5.06329 2.48506 28.3544
      vertex 0 0.712911 28.3544
      vertex -0.368452 0.674228 28.3544
    endloop
  endfacet
  facet normal 0 0 -1
    outer loop
      vertex -5.06329 2.48506 28.3544
      vertex -0.368452 0.674228 28.3544
      vertex -0.720798 0.559696 28.3544
    endloop
  endfacet
  facet normal 0 0 -1
    outer loop
      vertex -3.03797 0.459747 28.3544
      vertex -0.720798 0.559696 28.3544
      vertex -0.893925 0.459747 28.3544
    endloop
  endfacet
  facet normal 0 0 -1
    outer loop
      vertex -5.06329 2.48506 28.3544
      vertex -0.720798 0.559696 28.3544
      vertex -3.03797 0.459747 28.3544
    endloop
  endfacet
  facet normal 0 0 -1
    outer loop
      vertex -3.03797 -7.08466 28.3544
      vertex -3.5443 -3.63129 28.3544
      vertex -3.03797 0.459747 28.3544
    endloop
  endfacet
  facet normal 0 0 -1
    outer loop
      vertex -3.76275 -3.43463 28.3544
      vertex -3.03797 0.459747 28.3544
      vertex -3.5443 -3.63129 28.3544
    endloop
  endfacet
  facet normal 0 0 -1
    outer loop
      vertex -4.38494 -2.57823 28.3544
      vertex -3.03797 0.459747 28.3544
      vertex -3.76275 -3.43463 28.3544
    endloop
  endfacet
  facet normal 0 0 -1
    outer loop
      vertex -4.81547 -1.61124 28.3544
      vertex -3.03797 0.459747 28.3544
      vertex -4.38494 -2.57823 28.3544
    endloop
  endfacet
  facet normal 0 0 -1
    outer loop
      vertex -5.03555 -0.575797 28.3544
      vertex -3.03797 0.459747 28.3544
      vertex -4.81547 -1.61124 28.3544
    endloop
  endfacet
  facet normal 0 0 -1
    outer loop
      vertex -5.03555 -0.0465823 28.3544
      vertex -3.03797 0.459747 28.3544
      vertex -5.03555 -0.575797 28.3544
    endloop
  endfacet
  facet normal 0 0 -1
    outer loop
      vertex -5.06329 2.48506 28.3544
      vertex -5.03555 -0.0465823 28.3544
      vertex -5.06329 -0.0465823 28.3544
    endloop
  endfacet
  facet normal 0 0 -1
    outer loop
      vertex -5.03555 -0.0465823 28.3544
      vertex -5.06329 2.48506 28.3544
      vertex -3.03797 0.459747 28.3544
    endloop
  endfacet
  facet normal 0 0 -1
    outer loop
      vertex 0 0.712911 28.3544
      vertex -5.06329 2.48506 28.3544
      vertex 5.06329 2.48506 28.3544
    endloop
  endfacet
  facet normal 0 0 1
    outer loop
      vertex 5.06329 2.48506 25.3165
      vertex 5.03555 -0.0465823 25.3165
      vertex 5.06329 -0.0465823 25.3165
    endloop
  endfacet
  facet normal 0 0 1
    outer loop
      vertex 3.03797 0.459747 25.3165
      vertex 5.03555 -0.575797 25.3165
      vertex 5.03555 -0.0465823 25.3165
    endloop
  endfacet
  facet normal -0 0 1
    outer loop
      vertex 3.03797 0.459747 25.3165
      vertex 5.03555 -0.0465823 25.3165
      vertex 5.06329 2.48506 25.3165
    endloop
  endfacet
  facet normal 0 0 1
    outer loop
      vertex 5.03555 -0.575797 25.3165
      vertex 3.03797 0.459747 25.3165
      vertex 4.81547 -1.61124 25.3165
    endloop
  endfacet
  facet normal 0 0 1
    outer loop
      vertex 4.81547 -1.61124 25.3165
      vertex 3.03797 0.459747 25.3165
      vertex 4.38494 -2.57823 25.3165
    endloop
  endfacet
  facet normal 0 0 1
    outer loop
      vertex 4.38494 -2.57823 25.3165
      vertex 3.03797 0.459747 25.3165
      vertex 3.76275 -3.43463 25.3165
    endloop
  endfacet
  facet normal 0 0 1
    outer loop
      vertex 3.03797 -7.29711 25.3165
      vertex 3.5443 -3.63129 25.3165
      vertex 3.03797 0.459747 25.3165
    endloop
  endfacet
  facet normal 0 0 1
    outer loop
      vertex 3.76275 -3.43463 25.3165
      vertex 3.03797 0.459747 25.3165
      vertex 3.5443 -3.63129 25.3165
    endloop
  endfacet
  facet normal -0 0 1
    outer loop
      vertex 0.7208 0.559696 25.3165
      vertex 3.03797 0.459747 25.3165
      vertex 5.06329 2.48506 25.3165
    endloop
  endfacet
  facet normal 0 0 1
    outer loop
      vertex 3.03797 0.459747 25.3165
      vertex 0.7208 0.559696 25.3165
      vertex 0.893924 0.459747 25.3165
    endloop
  endfacet
  facet normal 0 0 1
    outer loop
      vertex 5.06329 2.48506 25.3165
      vertex 0.368451 0.674228 25.3165
      vertex 0.7208 0.559696 25.3165
    endloop
  endfacet
  facet normal 0 0 1
    outer loop
      vertex 5.06329 2.48506 25.3165
      vertex 0 0.712911 25.3165
      vertex 0.368451 0.674228 25.3165
    endloop
  endfacet
  facet normal -0 0 1
    outer loop
      vertex -5.06329 2.48506 25.3165
      vertex 0 0.712911 25.3165
      vertex 5.06329 2.48506 25.3165
    endloop
  endfacet
  facet normal 0 0 1
    outer loop
      vertex 0 0.712911 25.3165
      vertex -5.06329 2.48506 25.3165
      vertex -0.368452 0.674228 25.3165
    endloop
  endfacet
  facet normal 0 0 1
    outer loop
      vertex -0.720798 0.559696 25.3165
      vertex -3.03797 0.459747 25.3165
      vertex -0.893925 0.459747 25.3165
    endloop
  endfacet
  facet normal 0 0 1
    outer loop
      vertex -0.368452 0.674228 25.3165
      vertex -5.06329 2.48506 25.3165
      vertex -0.720798 0.559696 25.3165
    endloop
  endfacet
  facet normal 0 0 1
    outer loop
      vertex -3.03797 0.459747 25.3165
      vertex -3.5443 -3.63129 25.3165
      vertex -3.03797 -7.29711 25.3165
    endloop
  endfacet
  facet normal 0 0 1
    outer loop
      vertex -3.03797 0.459747 25.3165
      vertex -3.76275 -3.43463 25.3165
      vertex -3.5443 -3.63129 25.3165
    endloop
  endfacet
  facet normal 0 0 1
    outer loop
      vertex -3.03797 0.459747 25.3165
      vertex -4.38494 -2.57823 25.3165
      vertex -3.76275 -3.43463 25.3165
    endloop
  endfacet
  facet normal 0 0 1
    outer loop
      vertex -3.03797 0.459747 25.3165
      vertex -4.81547 -1.61124 25.3165
      vertex -4.38494 -2.57823 25.3165
    endloop
  endfacet
  facet normal 0 0 1
    outer loop
      vertex -5.03555 -0.575797 25.3165
      vertex -3.03797 0.459747 25.3165
      vertex -5.03555 -0.0465823 25.3165
    endloop
  endfacet
  facet normal 0 0 1
    outer loop
      vertex -0.720798 0.559696 25.3165
      vertex -5.06329 2.48506 25.3165
      vertex -3.03797 0.459747 25.3165
    endloop
  endfacet
  facet normal 0 0 1
    outer loop
      vertex -5.06329 2.48506 25.3165
      vertex -5.03555 -0.0465823 25.3165
      vertex -3.03797 0.459747 25.3165
    endloop
  endfacet
  facet normal 0 0 1
    outer loop
      vertex -5.03555 -0.0465823 25.3165
      vertex -5.06329 2.48506 25.3165
      vertex -5.06329 -0.0465823 25.3165
    endloop
  endfacet
  facet normal 0 0 1
    outer loop
      vertex 3.5443 -3.63129 25.3165
      vertex 3.03797 -7.29711 25.3165
      vertex 3.5443 -7.29711 25.3165
    endloop
  endfacet
  facet normal 0 0 1
    outer loop
      vertex -3.03797 -7.29711 25.3165
      vertex -3.5443 -3.63129 25.3165
      vertex -3.5443 -7.29711 25.3165
    endloop
  endfacet
  facet normal 0 0 1
    outer loop
      vertex -3.03797 0.459747 25.3165
      vertex -5.03555 -0.575797 25.3165
      vertex -4.81547 -1.61124 25.3165
    endloop
  endfacet
  facet normal 0 1 -0
    outer loop
      vertex 3.03797 0.459747 25.3165
      vertex 0.893924 0.459747 28.3544
      vertex 3.03797 0.459747 28.3544
    endloop
  endfacet
  facet normal 0 1 0
    outer loop
      vertex 0.893924 0.459747 28.3544
      vertex 3.03797 0.459747 25.3165
      vertex 0.893924 0.459747 25.3165
    endloop
  endfacet
  facet normal 0 1 -0
    outer loop
      vertex -0.893925 0.459747 25.3165
      vertex -3.03797 0.459747 28.3544
      vertex -0.893925 0.459747 28.3544
    endloop
  endfacet
  facet normal 0 1 0
    outer loop
      vertex -3.03797 0.459747 28.3544
      vertex -0.893925 0.459747 25.3165
      vertex -3.03797 0.459747 25.3165
    endloop
  endfacet
  facet normal 0 -1 0
    outer loop
      vertex -5.06329 2.48506 25.3165
      vertex 5.06329 2.48506 28.3544
      vertex -5.06329 2.48506 28.3544
    endloop
  endfacet
  facet normal 0 -1 -0
    outer loop
      vertex 5.06329 2.48506 28.3544
      vertex -5.06329 2.48506 25.3165
      vertex 5.06329 2.48506 25.3165
    endloop
  endfacet
  facet normal -1 0 0
    outer loop
      vertex -3.03797 0.459747 25.3165
      vertex -3.03797 -7.08466 28.3544
      vertex -3.03797 0.459747 28.3544
    endloop
  endfacet
  facet normal -1 0 -0
    outer loop
      vertex -3.03797 -7.08466 28.3544
      vertex -3.03797 0.459747 25.3165
      vertex -3.03797 -7.29711 25.3165
    endloop
  endfacet
  facet normal 1 -0 0
    outer loop
      vertex 3.03797 -7.08466 28.3544
      vertex 3.03797 0.459747 25.3165
      vertex 3.03797 0.459747 28.3544
    endloop
  endfacet
  facet normal 1 0 0
    outer loop
      vertex 3.03797 0.459747 25.3165
      vertex 3.03797 -7.08466 28.3544
      vertex 3.03797 -7.29711 25.3165
    endloop
  endfacet
  facet normal 0 -1 0
    outer loop
      vertex -3.5443 -6.31392 37.9747
      vertex -2.57534 -6.31392 38.1864
      vertex -3.5443 -6.31392 38.1864
    endloop
  endfacet
  facet normal 0 -1 -0
    outer loop
      vertex -2.57534 -6.31392 38.1864
      vertex -3.5443 -6.31392 37.9747
      vertex -2.57534 -6.31392 37.9747
    endloop
  endfacet
  facet normal 0 -1 0
    outer loop
      vertex 2.57534 -6.31392 37.9747
      vertex 3.5443 -6.31392 38.1864
      vertex 2.57534 -6.31392 38.1864
    endloop
  endfacet
  facet normal 0 -1 -0
    outer loop
      vertex 3.5443 -6.31392 38.1864
      vertex 2.57534 -6.31392 37.9747
      vertex 3.5443 -6.31392 37.9747
    endloop
  endfacet
  facet normal 0 -1 0
    outer loop
      vertex -0.0575686 -6.31392 37.9747
      vertex 0.0575676 -6.31392 38.1864
      vertex -0.0575686 -6.31392 38.1864
    endloop
  endfacet
  facet normal 0 -1 -0
    outer loop
      vertex 0.0575676 -6.31392 38.1864
      vertex -0.0575686 -6.31392 37.9747
      vertex 0.0575676 -6.31392 37.9747
    endloop
  endfacet
  facet normal 0 -0.501937 0.864904
    outer loop
      vertex -3.5443 -5.12354 39.8249
      vertex -1.83131 -5.14663 39.8115
      vertex -1.76334 -5.12354 39.8249
    endloop
  endfacet
  facet normal 2.99232e-05 -0.500275 0.865866
    outer loop
      vertex -3.5443 -5.12354 39.8249
      vertex -2.06049 -5.28476 39.7317
      vertex -1.83131 -5.14663 39.8115
    endloop
  endfacet
  facet normal 0.00244564 -0.483514 0.875333
    outer loop
      vertex -3.5443 -5.12354 39.8249
      vertex -2.06335 -5.28749 39.7302
      vertex -2.06049 -5.28476 39.7317
    endloop
  endfacet
  facet normal 4.12664e-05 -0.499892 0.866087
    outer loop
      vertex -3.5443 -5.12354 39.8249
      vertex -2.25714 -5.46977 39.625
      vertex -2.06335 -5.28749 39.7302
    endloop
  endfacet
  facet normal 0.000123052 -0.499664 0.866219
    outer loop
      vertex -3.5443 -5.12354 39.8249
      vertex -2.27135 -5.49023 39.6132
      vertex -2.25714 -5.46977 39.625
    endloop
  endfacet
  facet normal 0 -0.499985 0.866034
    outer loop
      vertex -2.27135 -5.49023 39.6132
      vertex -3.5443 -5.12354 39.8249
      vertex -3.5443 -5.49023 39.6132
    endloop
  endfacet
  facet normal 5.83421e-19 -0.4996 0.866256
    outer loop
      vertex 0.375766 -5.46977 39.625
      vertex -0.361563 -5.49023 39.6132
      vertex 0.361562 -5.49023 39.6132
    endloop
  endfacet
  facet normal 0 -0.49986 0.866106
    outer loop
      vertex -0.375767 -5.46977 39.625
      vertex 0.375766 -5.46977 39.625
      vertex 0.569559 -5.28749 39.7302
    endloop
  endfacet
  facet normal 0 -0.481549 0.876419
    outer loop
      vertex -0.569556 -5.28749 39.7302
      vertex 0.569559 -5.28749 39.7302
      vertex 0.572425 -5.28476 39.7317
    endloop
  endfacet
  facet normal 0 -0.500238 0.865888
    outer loop
      vertex -0.572423 -5.28476 39.7317
      vertex 0.572425 -5.28476 39.7317
      vertex 0.8016 -5.14663 39.8115
    endloop
  endfacet
  facet normal 0 -0.501937 0.864904
    outer loop
      vertex -0.801598 -5.14663 39.8115
      vertex 0.8016 -5.14663 39.8115
      vertex 0.869569 -5.12354 39.8249
    endloop
  endfacet
  facet normal 0 -0.4996 0.866256
    outer loop
      vertex 0.375766 -5.46977 39.625
      vertex -0.375767 -5.46977 39.625
      vertex -0.361563 -5.49023 39.6132
    endloop
  endfacet
  facet normal 0 -0.49986 0.866106
    outer loop
      vertex 0.569559 -5.28749 39.7302
      vertex -0.569556 -5.28749 39.7302
      vertex -0.375767 -5.46977 39.625
    endloop
  endfacet
  facet normal 0 -0.481549 0.876419
    outer loop
      vertex 0.572425 -5.28476 39.7317
      vertex -0.572423 -5.28476 39.7317
      vertex -0.569556 -5.28749 39.7302
    endloop
  endfacet
  facet normal 0 -0.500238 0.865888
    outer loop
      vertex 0.8016 -5.14663 39.8115
      vertex -0.801598 -5.14663 39.8115
      vertex -0.572423 -5.28476 39.7317
    endloop
  endfacet
  facet normal 1.90995e-19 -0.501937 0.864904
    outer loop
      vertex -0.801598 -5.14663 39.8115
      vertex 0.869569 -5.12354 39.8249
      vertex -0.869565 -5.12354 39.8249
    endloop
  endfacet
  facet normal -8.52505e-18 -0.499985 0.866034
    outer loop
      vertex 3.5443 -5.12354 39.8249
      vertex 2.27135 -5.49023 39.6132
      vertex 3.5443 -5.49023 39.6132
    endloop
  endfacet
  facet normal -0.000123052 -0.499664 0.866219
    outer loop
      vertex 3.5443 -5.12354 39.8249
      vertex 2.25714 -5.46977 39.625
      vertex 2.27135 -5.49023 39.6132
    endloop
  endfacet
  facet normal -4.12664e-05 -0.499892 0.866087
    outer loop
      vertex 3.5443 -5.12354 39.8249
      vertex 2.06335 -5.28749 39.7302
      vertex 2.25714 -5.46977 39.625
    endloop
  endfacet
  facet normal -0.00244564 -0.483514 0.875333
    outer loop
      vertex 3.5443 -5.12354 39.8249
      vertex 2.06049 -5.28476 39.7317
      vertex 2.06335 -5.28749 39.7302
    endloop
  endfacet
  facet normal -2.99232e-05 -0.500275 0.865866
    outer loop
      vertex 3.5443 -5.12354 39.8249
      vertex 1.83131 -5.14663 39.8115
      vertex 2.06049 -5.28476 39.7317
    endloop
  endfacet
  facet normal 1.86509e-19 -0.501937 0.864904
    outer loop
      vertex 1.83131 -5.14663 39.8115
      vertex 3.5443 -5.12354 39.8249
      vertex 1.76334 -5.12354 39.8249
    endloop
  endfacet
  facet normal 0 -0.978164 0.207833
    outer loop
      vertex -3.5443 -6.22592 38.6005
      vertex -2.57278 -6.25539 38.4618
      vertex -2.56858 -6.22592 38.6005
    endloop
  endfacet
  facet normal 0.000114163 -0.978001 0.208598
    outer loop
      vertex -3.5443 -6.22592 38.6005
      vertex -2.57534 -6.27352 38.3768
      vertex -2.57278 -6.25539 38.4618
    endloop
  endfacet
  facet normal -6.23101e-05 -0.978157 0.207867
    outer loop
      vertex -3.5443 -6.31392 38.1864
      vertex -2.57534 -6.27352 38.3768
      vertex -3.5443 -6.22592 38.6005
    endloop
  endfacet
  facet normal -9.55253e-19 -0.978221 0.207564
    outer loop
      vertex -2.57534 -6.27352 38.3768
      vertex -3.5443 -6.31392 38.1864
      vertex -2.57534 -6.31392 38.1864
    endloop
  endfacet
  facet normal -2.26927e-17 -0.978164 0.207833
    outer loop
      vertex -0.0601367 -6.25539 38.4618
      vertex 0.0643321 -6.22592 38.6005
      vertex -0.0643331 -6.22592 38.6005
    endloop
  endfacet
  facet normal 0 -0.978164 0.207833
    outer loop
      vertex -0.0601367 -6.25539 38.4618
      vertex 0.0601357 -6.25539 38.4618
      vertex 0.0643321 -6.22592 38.6005
    endloop
  endfacet
  facet normal 6.76716e-18 -0.978001 0.208602
    outer loop
      vertex -0.0575686 -6.27352 38.3768
      vertex 0.0601357 -6.25539 38.4618
      vertex -0.0601367 -6.25539 38.4618
    endloop
  endfacet
  facet normal 0 -0.978001 0.208602
    outer loop
      vertex -0.0575686 -6.27352 38.3768
      vertex 0.0575676 -6.27352 38.3768
      vertex 0.0601357 -6.25539 38.4618
    endloop
  endfacet
  facet normal -8.03919e-18 -0.978221 0.207564
    outer loop
      vertex -0.0575686 -6.31392 38.1864
      vertex 0.0575676 -6.27352 38.3768
      vertex -0.0575686 -6.27352 38.3768
    endloop
  endfacet
  facet normal -8.03919e-18 -0.978221 0.207564
    outer loop
      vertex 0.0575676 -6.27352 38.3768
      vertex -0.0575686 -6.31392 38.1864
      vertex 0.0575676 -6.31392 38.1864
    endloop
  endfacet
  facet normal -2.99242e-18 -0.978164 0.207833
    outer loop
      vertex 2.57278 -6.25539 38.4618
      vertex 3.5443 -6.22592 38.6005
      vertex 2.56858 -6.22592 38.6005
    endloop
  endfacet
  facet normal -0.000114163 -0.978001 0.208598
    outer loop
      vertex 2.57534 -6.27352 38.3768
      vertex 3.5443 -6.22592 38.6005
      vertex 2.57278 -6.25539 38.4618
    endloop
  endfacet
  facet normal 0 -0.978221 0.207564
    outer loop
      vertex 3.5443 -6.31392 38.1864
      vertex 2.57534 -6.27352 38.3768
      vertex 2.57534 -6.31392 38.1864
    endloop
  endfacet
  facet normal 6.23101e-05 -0.978157 0.207867
    outer loop
      vertex 2.57534 -6.27352 38.3768
      vertex 3.5443 -6.31392 38.1864
      vertex 3.5443 -6.22592 38.6005
    endloop
  endfacet
  facet normal -0.000300136 -0.670082 0.742287
    outer loop
      vertex -3.5443 -5.49023 39.6132
      vertex -2.41514 -5.7042 39.4205
      vertex -2.41269 -5.69833 39.4258
    endloop
  endfacet
  facet normal 0 -0.669092 0.743179
    outer loop
      vertex -3.5443 -5.49023 39.6132
      vertex -2.40919 -5.69316 39.4305
      vertex -2.27135 -5.49023 39.6132
    endloop
  endfacet
  facet normal -0.0010366 -0.672288 0.740289
    outer loop
      vertex -3.5443 -5.49023 39.6132
      vertex -2.41269 -5.69833 39.4258
      vertex -2.40919 -5.69316 39.4305
    endloop
  endfacet
  facet normal 6.97056e-05 -0.669005 0.743258
    outer loop
      vertex -2.41514 -5.7042 39.4205
      vertex -3.5443 -5.49023 39.6132
      vertex -2.45702 -5.80486 39.3299
    endloop
  endfacet
  facet normal 0 -0.669138 0.743138
    outer loop
      vertex -2.45702 -5.80486 39.3299
      vertex -3.5443 -5.49023 39.6132
      vertex -3.5443 -5.80486 39.3299
    endloop
  endfacet
  facet normal 0 -0.670151 0.742224
    outer loop
      vertex -0.217776 -5.7042 39.4205
      vertex 0.217775 -5.7042 39.4205
      vertex 0.22022 -5.69833 39.4258
    endloop
  endfacet
  facet normal 0 -0.668989 0.743272
    outer loop
      vertex 0.217775 -5.7042 39.4205
      vertex -0.217776 -5.7042 39.4205
      vertex 0.175884 -5.80486 39.3299
    endloop
  endfacet
  facet normal 0 -0.672673 0.73994
    outer loop
      vertex -0.220221 -5.69833 39.4258
      vertex 0.22022 -5.69833 39.4258
      vertex 0.223713 -5.69316 39.4305
    endloop
  endfacet
  facet normal 0 -0.669092 0.743179
    outer loop
      vertex -0.223714 -5.69316 39.4305
      vertex 0.223713 -5.69316 39.4305
      vertex 0.361562 -5.49023 39.6132
    endloop
  endfacet
  facet normal 0 -0.668989 0.743272
    outer loop
      vertex 0.175884 -5.80486 39.3299
      vertex -0.217776 -5.7042 39.4205
      vertex -0.175885 -5.80486 39.3299
    endloop
  endfacet
  facet normal 0 -0.670151 0.742224
    outer loop
      vertex 0.22022 -5.69833 39.4258
      vertex -0.220221 -5.69833 39.4258
      vertex -0.217776 -5.7042 39.4205
    endloop
  endfacet
  facet normal 0 -0.672673 0.73994
    outer loop
      vertex 0.223713 -5.69316 39.4305
      vertex -0.223714 -5.69316 39.4305
      vertex -0.220221 -5.69833 39.4258
    endloop
  endfacet
  facet normal -1.72552e-17 -0.669092 0.743179
    outer loop
      vertex -0.223714 -5.69316 39.4305
      vertex 0.361562 -5.49023 39.6132
      vertex -0.361563 -5.49023 39.6132
    endloop
  endfacet
  facet normal 1.45151e-18 -0.669138 0.743138
    outer loop
      vertex 3.5443 -5.49023 39.6132
      vertex 2.45702 -5.80486 39.3299
      vertex 3.5443 -5.80486 39.3299
    endloop
  endfacet
  facet normal -6.97056e-05 -0.669005 0.743258
    outer loop
      vertex 3.5443 -5.49023 39.6132
      vertex 2.41514 -5.7042 39.4205
      vertex 2.45702 -5.80486 39.3299
    endloop
  endfacet
  facet normal 0.000300136 -0.670082 0.742287
    outer loop
      vertex 3.5443 -5.49023 39.6132
      vertex 2.41269 -5.69833 39.4258
      vertex 2.41514 -5.7042 39.4205
    endloop
  endfacet
  facet normal 0.0010366 -0.672288 0.740289
    outer loop
      vertex 3.5443 -5.49023 39.6132
      vertex 2.40919 -5.69316 39.4305
      vertex 2.41269 -5.69833 39.4258
    endloop
  endfacet
  facet normal -9.80217e-18 -0.669092 0.743179
    outer loop
      vertex 2.40919 -5.69316 39.4305
      vertex 3.5443 -5.49023 39.6132
      vertex 2.27135 -5.49023 39.6132
    endloop
  endfacet
  facet normal 1.65875e-20 -0.3089 0.951095
    outer loop
      vertex 3.5443 -4.72081 39.9557
      vertex 1.76334 -5.12354 39.8249
      vertex 3.5443 -5.12354 39.8249
    endloop
  endfacet
  facet normal -0.000201378 -0.308094 0.951356
    outer loop
      vertex 3.5443 -4.72081 39.9557
      vertex 1.57964 -5.06228 39.8447
      vertex 1.76334 -5.12354 39.8249
    endloop
  endfacet
  facet normal 0.0189149 -0.405853 0.913742
    outer loop
      vertex 3.5443 -4.72081 39.9557
      vertex 1.57663 -5.06197 39.8449
      vertex 1.57964 -5.06228 39.8447
    endloop
  endfacet
  facet normal -2.2359e-05 -0.308775 0.951135
    outer loop
      vertex 3.5443 -4.72081 39.9557
      vertex 1.31646 -5.03392 39.854
      vertex 1.57663 -5.06197 39.8449
    endloop
  endfacet
  facet normal 0 -0.308919 0.951088
    outer loop
      vertex -1.31645 -5.03392 39.854
      vertex 1.31646 -5.03392 39.854
      vertex 3.5443 -4.72081 39.9557
    endloop
  endfacet
  facet normal 0 -0.308588 0.951196
    outer loop
      vertex 1.31646 -5.03392 39.854
      vertex -1.31645 -5.03392 39.854
      vertex 1.05628 -5.06197 39.8449
    endloop
  endfacet
  facet normal 7.13271e-19 -0.307547 0.951533
    outer loop
      vertex 1.05328 -5.06228 39.8447
      vertex -0.869565 -5.12354 39.8249
      vertex 0.869569 -5.12354 39.8249
    endloop
  endfacet
  facet normal 0 -0.308588 0.951196
    outer loop
      vertex -1.05629 -5.06197 39.8449
      vertex 1.05628 -5.06197 39.8449
      vertex -1.31645 -5.03392 39.854
    endloop
  endfacet
  facet normal 0 -0.307547 0.951533
    outer loop
      vertex 1.05328 -5.06228 39.8447
      vertex -1.05328 -5.06228 39.8447
      vertex -0.869565 -5.12354 39.8249
    endloop
  endfacet
  facet normal 0 -0.542127 0.840297
    outer loop
      vertex 1.05328 -5.06228 39.8447
      vertex -1.05629 -5.06197 39.8449
      vertex -1.05328 -5.06228 39.8447
    endloop
  endfacet
  facet normal 0 -0.542127 0.840297
    outer loop
      vertex 1.05628 -5.06197 39.8449
      vertex -1.05629 -5.06197 39.8449
      vertex 1.05328 -5.06228 39.8447
    endloop
  endfacet
  facet normal 2.23585e-05 -0.308775 0.951135
    outer loop
      vertex -3.5443 -4.72081 39.9557
      vertex -1.57663 -5.06197 39.8449
      vertex -1.31645 -5.03392 39.854
    endloop
  endfacet
  facet normal 0 -0.308919 0.951088
    outer loop
      vertex -3.5443 -4.72081 39.9557
      vertex -1.31645 -5.03392 39.854
      vertex 3.5443 -4.72081 39.9557
    endloop
  endfacet
  facet normal -0.0189149 -0.405853 0.913742
    outer loop
      vertex -1.57663 -5.06197 39.8449
      vertex -3.5443 -4.72081 39.9557
      vertex -1.57964 -5.06228 39.8447
    endloop
  endfacet
  facet normal 0.000201378 -0.308094 0.951356
    outer loop
      vertex -3.5443 -4.72081 39.9557
      vertex -1.76334 -5.12354 39.8249
      vertex -1.57964 -5.06228 39.8447
    endloop
  endfacet
  facet normal 0 -0.3089 0.951095
    outer loop
      vertex -1.76334 -5.12354 39.8249
      vertex -3.5443 -4.72081 39.9557
      vertex -3.5443 -5.12354 39.8249
    endloop
  endfacet
  facet normal 0 -0.104633 0.994511
    outer loop
      vertex -3.5443 -4.29975 40
      vertex 3.5443 -4.72081 39.9557
      vertex 3.5443 -4.29975 40
    endloop
  endfacet
  facet normal 0 -0.104633 0.994511
    outer loop
      vertex 3.5443 -4.72081 39.9557
      vertex -3.5443 -4.29975 40
      vertex -3.5443 -4.72081 39.9557
    endloop
  endfacet
  facet normal 0 -0.913602 0.40661
    outer loop
      vertex -2.56858 -6.22592 38.6005
      vertex -3.5443 -6.05377 38.9873
      vertex -3.5443 -6.22592 38.6005
    endloop
  endfacet
  facet normal 0 -0.913602 0.40661
    outer loop
      vertex -3.5443 -6.05377 38.9873
      vertex -2.56858 -6.22592 38.6005
      vertex -2.53779 -6.05377 38.9873
    endloop
  endfacet
  facet normal 9.92135e-18 -0.913602 0.40661
    outer loop
      vertex 2.56858 -6.22592 38.6005
      vertex 3.5443 -6.05377 38.9873
      vertex 2.53779 -6.05377 38.9873
    endloop
  endfacet
  facet normal 1.02344e-17 -0.913602 0.40661
    outer loop
      vertex 3.5443 -6.05377 38.9873
      vertex 2.56858 -6.22592 38.6005
      vertex 3.5443 -6.22592 38.6005
    endloop
  endfacet
  facet normal 5.24943e-17 -0.913602 0.40661
    outer loop
      vertex -0.0643331 -6.22592 38.6005
      vertex 0.0951139 -6.05377 38.9873
      vertex -0.0951149 -6.05377 38.9873
    endloop
  endfacet
  facet normal 7.76118e-17 -0.913602 0.40661
    outer loop
      vertex 0.0951139 -6.05377 38.9873
      vertex -0.0643331 -6.22592 38.6005
      vertex 0.0643321 -6.22592 38.6005
    endloop
  endfacet
  facet normal 0 -0.809128 0.587633
    outer loop
      vertex -3.5443 -5.80486 39.3299
      vertex -2.52032 -5.96253 39.1128
      vertex -2.45702 -5.80486 39.3299
    endloop
  endfacet
  facet normal 4.75498e-05 -0.809021 0.58778
    outer loop
      vertex -3.5443 -6.05377 38.9873
      vertex -2.52032 -5.96253 39.1128
      vertex -3.5443 -5.80486 39.3299
    endloop
  endfacet
  facet normal -2.82586e-18 -0.808836 0.588034
    outer loop
      vertex -2.52032 -5.96253 39.1128
      vertex -3.5443 -6.05377 38.9873
      vertex -2.53779 -6.05377 38.9873
    endloop
  endfacet
  facet normal -2.99195e-17 -0.809128 0.587633
    outer loop
      vertex -0.112587 -5.96253 39.1128
      vertex 0.175884 -5.80486 39.3299
      vertex -0.175885 -5.80486 39.3299
    endloop
  endfacet
  facet normal 0 -0.809128 0.587633
    outer loop
      vertex -0.112587 -5.96253 39.1128
      vertex 0.112586 -5.96253 39.1128
      vertex 0.175884 -5.80486 39.3299
    endloop
  endfacet
  facet normal -1.26314e-17 -0.808836 0.588034
    outer loop
      vertex -0.0951149 -6.05377 38.9873
      vertex 0.112586 -5.96253 39.1128
      vertex -0.112587 -5.96253 39.1128
    endloop
  endfacet
  facet normal -1.49518e-17 -0.808836 0.588034
    outer loop
      vertex 0.112586 -5.96253 39.1128
      vertex -0.0951149 -6.05377 38.9873
      vertex 0.0951139 -6.05377 38.9873
    endloop
  endfacet
  facet normal -9.67989e-18 -0.809128 0.587633
    outer loop
      vertex 2.52032 -5.96253 39.1128
      vertex 3.5443 -5.80486 39.3299
      vertex 2.45702 -5.80486 39.3299
    endloop
  endfacet
  facet normal 0 -0.808836 0.588034
    outer loop
      vertex 3.5443 -6.05377 38.9873
      vertex 2.52032 -5.96253 39.1128
      vertex 2.53779 -6.05377 38.9873
    endloop
  endfacet
  facet normal -4.75498e-05 -0.809021 0.58778
    outer loop
      vertex 2.52032 -5.96253 39.1128
      vertex 3.5443 -6.05377 38.9873
      vertex 3.5443 -5.80486 39.3299
    endloop
  endfacet
  facet normal -0 0 1
    outer loop
      vertex -3.5443 -6.31392 37.9747
      vertex -2.57534 -6.41195 37.9747
      vertex -2.57534 -6.31392 37.9747
    endloop
  endfacet
  facet normal 0 0 1
    outer loop
      vertex -2.57534 -6.41195 37.9747
      vertex -3.5443 -6.31392 37.9747
      vertex -3.5443 -6.41195 37.9747
    endloop
  endfacet
  facet normal -0 0 1
    outer loop
      vertex -0.0575686 -6.31392 37.9747
      vertex 0.0575676 -6.41195 37.9747
      vertex 0.0575676 -6.31392 37.9747
    endloop
  endfacet
  facet normal 0 0 1
    outer loop
      vertex 0.0575676 -6.41195 37.9747
      vertex -0.0575686 -6.31392 37.9747
      vertex -0.0575686 -6.41195 37.9747
    endloop
  endfacet
  facet normal -0 0 1
    outer loop
      vertex 2.57534 -6.31392 37.9747
      vertex 3.5443 -6.41195 37.9747
      vertex 3.5443 -6.31392 37.9747
    endloop
  endfacet
  facet normal 0 0 1
    outer loop
      vertex 3.5443 -6.41195 37.9747
      vertex 2.57534 -6.31392 37.9747
      vertex 2.57534 -6.41195 37.9747
    endloop
  endfacet
  facet normal 0.104414 -0.994534 0
    outer loop
      vertex -0.368452 0.674228 0
      vertex 0 0.712911 11.1392
      vertex -0.368452 0.674228 11.1392
    endloop
  endfacet
  facet normal 0.104414 -0.994534 0
    outer loop
      vertex 0 0.712911 11.1392
      vertex -0.368452 0.674228 0
      vertex 0 0.712911 0
    endloop
  endfacet
  facet normal 0.104414 -0.994534 0
    outer loop
      vertex -0.368452 0.674228 28.3544
      vertex 0 0.712911 36.962
      vertex -0.368452 0.674228 36.962
    endloop
  endfacet
  facet normal 0.104414 -0.994534 0
    outer loop
      vertex 0 0.712911 36.962
      vertex -0.368452 0.674228 28.3544
      vertex 0 0.712911 28.3544
    endloop
  endfacet
  facet normal 0.104414 -0.994534 0
    outer loop
      vertex -0.368452 0.674228 14.1772
      vertex 0 0.712911 25.3165
      vertex -0.368452 0.674228 25.3165
    endloop
  endfacet
  facet normal 0.104414 -0.994534 0
    outer loop
      vertex 0 0.712911 25.3165
      vertex -0.368452 0.674228 14.1772
      vertex 0 0.712911 14.1772
    endloop
  endfacet
  facet normal 1 -0 0
    outer loop
      vertex -1.76244 -1.24446 36.962
      vertex -1.76244 -0.874025 0
      vertex -1.76244 -0.874025 36.962
    endloop
  endfacet
  facet normal 1 0 0
    outer loop
      vertex -1.76244 -0.874025 0
      vertex -1.76244 -1.24446 36.962
      vertex -1.76244 -1.24446 0
    endloop
  endfacet
  facet normal -1 0 0
    outer loop
      vertex 1.76244 -1.24446 0
      vertex 1.76244 -0.874025 36.962
      vertex 1.76244 -0.874025 0
    endloop
  endfacet
  facet normal -1 -0 0
    outer loop
      vertex 1.76244 -0.874025 36.962
      vertex 1.76244 -1.24446 0
      vertex 1.76244 -1.24446 36.962
    endloop
  endfacet
  facet normal 0.66913 -0.743145 0
    outer loop
      vertex -1.31696 0.126582 0
      vertex -1.04164 0.374481 36.962
      vertex -1.31696 0.126582 36.962
    endloop
  endfacet
  facet normal 0.66913 -0.743145 0
    outer loop
      vertex -1.04164 0.374481 36.962
      vertex -1.31696 0.126582 0
      vertex -1.04164 0.374481 0
    endloop
  endfacet
  facet normal 0.309134 -0.951019 0
    outer loop
      vertex -0.720798 0.559696 0
      vertex -0.368452 0.674228 11.1392
      vertex -0.720798 0.559696 11.1392
    endloop
  endfacet
  facet normal 0.309134 -0.951019 0
    outer loop
      vertex -0.368452 0.674228 11.1392
      vertex -0.720798 0.559696 0
      vertex -0.368452 0.674228 0
    endloop
  endfacet
  facet normal 0.309134 -0.951019 0
    outer loop
      vertex -0.720798 0.559696 28.3544
      vertex -0.368452 0.674228 36.962
      vertex -0.720798 0.559696 36.962
    endloop
  endfacet
  facet normal 0.309134 -0.951019 0
    outer loop
      vertex -0.368452 0.674228 36.962
      vertex -0.720798 0.559696 28.3544
      vertex -0.368452 0.674228 28.3544
    endloop
  endfacet
  facet normal 0.309134 -0.951019 0
    outer loop
      vertex -0.720798 0.559696 14.1772
      vertex -0.368452 0.674228 25.3165
      vertex -0.720798 0.559696 25.3165
    endloop
  endfacet
  facet normal 0.309134 -0.951019 0
    outer loop
      vertex -0.368452 0.674228 25.3165
      vertex -0.720798 0.559696 14.1772
      vertex -0.368452 0.674228 14.1772
    endloop
  endfacet
  facet normal 0.499953 -0.866053 6.64747e-07
    outer loop
      vertex -1.04164 0.374481 36.962
      vertex -0.893925 0.459747 28.3544
      vertex -0.720798 0.559696 36.962
    endloop
  endfacet
  facet normal 0.499924 -0.866069 1.21283e-18
    outer loop
      vertex -1.04164 0.374481 36.962
      vertex -0.893925 0.459747 25.3165
      vertex -0.893925 0.459747 28.3544
    endloop
  endfacet
  facet normal 0.499978 -0.866038 0
    outer loop
      vertex -0.893925 0.459747 25.3165
      vertex -0.893925 0.459747 14.1772
      vertex -0.720798 0.559696 25.3165
    endloop
  endfacet
  facet normal 0.499924 -0.866069 3.30762e-19
    outer loop
      vertex -1.04164 0.374481 36.962
      vertex -0.893925 0.459747 14.1772
      vertex -0.893925 0.459747 25.3165
    endloop
  endfacet
  facet normal 0.499924 -0.866069 1.21279e-18
    outer loop
      vertex -1.04164 0.374481 36.962
      vertex -0.893925 0.459747 11.1392
      vertex -0.893925 0.459747 14.1772
    endloop
  endfacet
  facet normal 0.499924 -0.866069 0
    outer loop
      vertex -1.04164 0.374481 0
      vertex -0.893925 0.459747 11.1392
      vertex -1.04164 0.374481 36.962
    endloop
  endfacet
  facet normal 0.499953 -0.866053 -5.1367e-07
    outer loop
      vertex -0.720798 0.559696 0
      vertex -0.893925 0.459747 11.1392
      vertex -1.04164 0.374481 0
    endloop
  endfacet
  facet normal 0.499978 -0.866038 6.94383e-19
    outer loop
      vertex -0.893925 0.459747 11.1392
      vertex -0.720798 0.559696 0
      vertex -0.720798 0.559696 11.1392
    endloop
  endfacet
  facet normal 0.499978 -0.866038 0
    outer loop
      vertex -0.720798 0.559696 36.962
      vertex -0.893925 0.459747 28.3544
      vertex -0.720798 0.559696 28.3544
    endloop
  endfacet
  facet normal 0.499978 -0.866038 0
    outer loop
      vertex -0.720798 0.559696 25.3165
      vertex -0.893925 0.459747 14.1772
      vertex -0.720798 0.559696 14.1772
    endloop
  endfacet
  facet normal 0.913524 -0.406785 -8.06715e-20
    outer loop
      vertex -1.68542 -0.511595 36.962
      vertex -1.53472 -0.173165 0
      vertex -1.53472 -0.173165 36.962
    endloop
  endfacet
  facet normal 0.913524 -0.406785 -8.06715e-20
    outer loop
      vertex -1.53472 -0.173165 0
      vertex -1.68542 -0.511595 36.962
      vertex -1.68542 -0.511595 0
    endloop
  endfacet
  facet normal 0.978157 -0.207868 -1.20689e-19
    outer loop
      vertex -1.76244 -0.874025 36.962
      vertex -1.68542 -0.511595 0
      vertex -1.68542 -0.511595 36.962
    endloop
  endfacet
  facet normal 0.978157 -0.207868 -1.20689e-19
    outer loop
      vertex -1.68542 -0.511595 0
      vertex -1.76244 -0.874025 36.962
      vertex -1.76244 -0.874025 0
    endloop
  endfacet
  facet normal 0.809041 -0.587752 -1.2401e-19
    outer loop
      vertex -1.53472 -0.173165 36.962
      vertex -1.31696 0.126582 0
      vertex -1.31696 0.126582 36.962
    endloop
  endfacet
  facet normal 0.809041 -0.587752 -1.2401e-19
    outer loop
      vertex -1.31696 0.126582 0
      vertex -1.53472 -0.173165 36.962
      vertex -1.53472 -0.173165 0
    endloop
  endfacet
  facet normal 0.669132 0.743144 -0
    outer loop
      vertex -1.04164 -2.49296 0
      vertex -1.31696 -2.24506 36.962
      vertex -1.04164 -2.49296 36.962
    endloop
  endfacet
  facet normal 0.669132 0.743144 0
    outer loop
      vertex -1.31696 -2.24506 36.962
      vertex -1.04164 -2.49296 0
      vertex -1.31696 -2.24506 0
    endloop
  endfacet
  facet normal 0.309129 0.95102 -0
    outer loop
      vertex -0.368452 -2.79271 0
      vertex -0.720798 -2.67818 5.06329
      vertex -0.368452 -2.79271 5.06329
    endloop
  endfacet
  facet normal 0.309129 0.95102 0
    outer loop
      vertex -0.720798 -2.67818 5.06329
      vertex -0.368452 -2.79271 0
      vertex -0.720798 -2.67818 0
    endloop
  endfacet
  facet normal 0.309129 0.95102 -0
    outer loop
      vertex -0.368452 -2.79271 35.443
      vertex -0.720798 -2.67818 36.962
      vertex -0.368452 -2.79271 36.962
    endloop
  endfacet
  facet normal 0.309129 0.95102 0
    outer loop
      vertex -0.720798 -2.67818 36.962
      vertex -0.368452 -2.79271 35.443
      vertex -0.720798 -2.67818 35.443
    endloop
  endfacet
  facet normal 0.309129 0.95102 -0
    outer loop
      vertex -0.368452 -2.79271 8.10126
      vertex -0.720798 -2.67818 18.2278
      vertex -0.368452 -2.79271 18.2278
    endloop
  endfacet
  facet normal 0.309129 0.95102 0
    outer loop
      vertex -0.720798 -2.67818 18.2278
      vertex -0.368452 -2.79271 8.10126
      vertex -0.720798 -2.67818 8.10126
    endloop
  endfacet
  facet normal 0.309129 0.95102 -0
    outer loop
      vertex -0.368452 -2.79271 21.2658
      vertex -0.720798 -2.67818 32.4051
      vertex -0.368452 -2.79271 32.4051
    endloop
  endfacet
  facet normal 0.309129 0.95102 0
    outer loop
      vertex -0.720798 -2.67818 32.4051
      vertex -0.368452 -2.79271 21.2658
      vertex -0.720798 -2.67818 21.2658
    endloop
  endfacet
  facet normal 0.809035 0.587761 -5.16652e-20
    outer loop
      vertex -1.31696 -2.24506 36.962
      vertex -1.53472 -1.94532 0
      vertex -1.53472 -1.94532 36.962
    endloop
  endfacet
  facet normal 0.809035 0.587761 -5.16652e-20
    outer loop
      vertex -1.53472 -1.94532 0
      vertex -1.31696 -2.24506 36.962
      vertex -1.31696 -2.24506 0
    endloop
  endfacet
  facet normal 0.978157 0.207868 1.20689e-19
    outer loop
      vertex -1.68542 -1.60689 36.962
      vertex -1.76244 -1.24446 0
      vertex -1.76244 -1.24446 36.962
    endloop
  endfacet
  facet normal 0.978157 0.207868 1.20689e-19
    outer loop
      vertex -1.76244 -1.24446 0
      vertex -1.68542 -1.60689 36.962
      vertex -1.68542 -1.60689 0
    endloop
  endfacet
  facet normal -0.104414 -0.994534 0
    outer loop
      vertex 0 0.712911 0
      vertex 0.368451 0.674228 11.1392
      vertex 0 0.712911 11.1392
    endloop
  endfacet
  facet normal -0.104414 -0.994534 -0
    outer loop
      vertex 0.368451 0.674228 11.1392
      vertex 0 0.712911 0
      vertex 0.368451 0.674228 0
    endloop
  endfacet
  facet normal -0.104414 -0.994534 0
    outer loop
      vertex 0 0.712911 28.3544
      vertex 0.368451 0.674228 36.962
      vertex 0 0.712911 36.962
    endloop
  endfacet
  facet normal -0.104414 -0.994534 -0
    outer loop
      vertex 0.368451 0.674228 36.962
      vertex 0 0.712911 28.3544
      vertex 0.368451 0.674228 28.3544
    endloop
  endfacet
  facet normal -0.104414 -0.994534 0
    outer loop
      vertex 0 0.712911 14.1772
      vertex 0.368451 0.674228 25.3165
      vertex 0 0.712911 25.3165
    endloop
  endfacet
  facet normal -0.104414 -0.994534 -0
    outer loop
      vertex 0.368451 0.674228 25.3165
      vertex 0 0.712911 14.1772
      vertex 0.368451 0.674228 14.1772
    endloop
  endfacet
  facet normal 0.499986 0.866034 0
    outer loop
      vertex -0.720798 -2.67818 5.06329
      vertex -0.720798 -2.67818 0
      vertex -0.893923 -2.57823 5.06329
    endloop
  endfacet
  facet normal 0.499986 0.866034 0
    outer loop
      vertex -0.720798 -2.67818 18.2278
      vertex -0.720798 -2.67818 8.10126
      vertex -0.893923 -2.57823 18.2278
    endloop
  endfacet
  facet normal 0.499986 0.866034 0
    outer loop
      vertex -0.720798 -2.67818 32.4051
      vertex -0.720798 -2.67818 21.2658
      vertex -0.893923 -2.57823 32.4051
    endloop
  endfacet
  facet normal 0.499986 0.866034 4.20022e-18
    outer loop
      vertex -0.893923 -2.57823 35.443
      vertex -0.720798 -2.67818 36.962
      vertex -0.720798 -2.67818 35.443
    endloop
  endfacet
  facet normal 0.499963 0.866047 3.45701e-06
    outer loop
      vertex -0.720798 -2.67818 36.962
      vertex -0.893923 -2.57823 35.443
      vertex -1.04164 -2.49296 36.962
    endloop
  endfacet
  facet normal 0.499936 0.866062 -0
    outer loop
      vertex -0.893923 -2.57823 32.4051
      vertex -1.04164 -2.49296 36.962
      vertex -0.893923 -2.57823 35.443
    endloop
  endfacet
  facet normal 0.499986 0.866034 -0
    outer loop
      vertex -0.893923 -2.57823 21.2658
      vertex -0.893923 -2.57823 32.4051
      vertex -0.720798 -2.67818 21.2658
    endloop
  endfacet
  facet normal 0.499936 0.866062 0
    outer loop
      vertex -0.893923 -2.57823 32.4051
      vertex -0.893923 -2.57823 21.2658
      vertex -1.04164 -2.49296 36.962
    endloop
  endfacet
  facet normal 0.499936 0.866062 -0
    outer loop
      vertex -0.893923 -2.57823 18.2278
      vertex -1.04164 -2.49296 36.962
      vertex -0.893923 -2.57823 21.2658
    endloop
  endfacet
  facet normal 0.499986 0.866034 -0
    outer loop
      vertex -0.893923 -2.57823 8.10126
      vertex -0.893923 -2.57823 18.2278
      vertex -0.720798 -2.67818 8.10126
    endloop
  endfacet
  facet normal 0.499936 0.866062 -1.72874e-19
    outer loop
      vertex -1.04164 -2.49296 0
      vertex -0.893923 -2.57823 18.2278
      vertex -0.893923 -2.57823 8.10126
    endloop
  endfacet
  facet normal 0.499936 0.866062 -5.76245e-19
    outer loop
      vertex -1.04164 -2.49296 0
      vertex -0.893923 -2.57823 8.10126
      vertex -0.893923 -2.57823 5.06329
    endloop
  endfacet
  facet normal 0.499936 0.866062 -4.73625e-20
    outer loop
      vertex -0.893923 -2.57823 18.2278
      vertex -1.04164 -2.49296 0
      vertex -1.04164 -2.49296 36.962
    endloop
  endfacet
  facet normal 0.499963 0.866047 -1.03711e-06
    outer loop
      vertex -1.04164 -2.49296 0
      vertex -0.893923 -2.57823 5.06329
      vertex -0.720798 -2.67818 0
    endloop
  endfacet
  facet normal 0.104406 0.994535 -0
    outer loop
      vertex -1.01266e-06 -2.83139 0
      vertex -0.368452 -2.79271 5.06329
      vertex -1.01266e-06 -2.83139 5.06329
    endloop
  endfacet
  facet normal 0.104406 0.994535 0
    outer loop
      vertex -0.368452 -2.79271 5.06329
      vertex -1.01266e-06 -2.83139 0
      vertex -0.368452 -2.79271 0
    endloop
  endfacet
  facet normal 0.104406 0.994535 -0
    outer loop
      vertex -1.01266e-06 -2.83139 35.443
      vertex -0.368452 -2.79271 36.962
      vertex -1.01266e-06 -2.83139 36.962
    endloop
  endfacet
  facet normal 0.104406 0.994535 0
    outer loop
      vertex -0.368452 -2.79271 36.962
      vertex -1.01266e-06 -2.83139 35.443
      vertex -0.368452 -2.79271 35.443
    endloop
  endfacet
  facet normal 0.104406 0.994535 -0
    outer loop
      vertex -1.01266e-06 -2.83139 8.10126
      vertex -0.368452 -2.79271 18.2278
      vertex -1.01266e-06 -2.83139 18.2278
    endloop
  endfacet
  facet normal 0.104406 0.994535 0
    outer loop
      vertex -0.368452 -2.79271 18.2278
      vertex -1.01266e-06 -2.83139 8.10126
      vertex -0.368452 -2.79271 8.10126
    endloop
  endfacet
  facet normal 0.104406 0.994535 -0
    outer loop
      vertex -1.01266e-06 -2.83139 21.2658
      vertex -0.368452 -2.79271 32.4051
      vertex -1.01266e-06 -2.83139 32.4051
    endloop
  endfacet
  facet normal 0.104406 0.994535 0
    outer loop
      vertex -0.368452 -2.79271 32.4051
      vertex -1.01266e-06 -2.83139 21.2658
      vertex -0.368452 -2.79271 21.2658
    endloop
  endfacet
  facet normal 0.913524 0.406785 8.06715e-20
    outer loop
      vertex -1.53472 -1.94532 36.962
      vertex -1.68542 -1.60689 0
      vertex -1.68542 -1.60689 36.962
    endloop
  endfacet
  facet normal 0.913524 0.406785 8.06715e-20
    outer loop
      vertex -1.68542 -1.60689 0
      vertex -1.53472 -1.94532 36.962
      vertex -1.53472 -1.94532 0
    endloop
  endfacet
  facet normal -0.66913 -0.743145 0
    outer loop
      vertex 1.04164 0.374481 0
      vertex 1.31696 0.126582 36.962
      vertex 1.04164 0.374481 36.962
    endloop
  endfacet
  facet normal -0.66913 -0.743145 -0
    outer loop
      vertex 1.31696 0.126582 36.962
      vertex 1.04164 0.374481 0
      vertex 1.31696 0.126582 0
    endloop
  endfacet
  facet normal -0.309131 -0.951019 0
    outer loop
      vertex 0.368451 0.674228 0
      vertex 0.7208 0.559696 11.1392
      vertex 0.368451 0.674228 11.1392
    endloop
  endfacet
  facet normal -0.309131 -0.951019 -0
    outer loop
      vertex 0.7208 0.559696 11.1392
      vertex 0.368451 0.674228 0
      vertex 0.7208 0.559696 0
    endloop
  endfacet
  facet normal -0.309131 -0.951019 0
    outer loop
      vertex 0.368451 0.674228 28.3544
      vertex 0.7208 0.559696 36.962
      vertex 0.368451 0.674228 36.962
    endloop
  endfacet
  facet normal -0.309131 -0.951019 -0
    outer loop
      vertex 0.7208 0.559696 36.962
      vertex 0.368451 0.674228 28.3544
      vertex 0.7208 0.559696 28.3544
    endloop
  endfacet
  facet normal -0.309131 -0.951019 0
    outer loop
      vertex 0.368451 0.674228 14.1772
      vertex 0.7208 0.559696 25.3165
      vertex 0.368451 0.674228 25.3165
    endloop
  endfacet
  facet normal -0.309131 -0.951019 -0
    outer loop
      vertex 0.7208 0.559696 25.3165
      vertex 0.368451 0.674228 14.1772
      vertex 0.7208 0.559696 14.1772
    endloop
  endfacet
  facet normal -0.499984 -0.866034 -0
    outer loop
      vertex 0.7208 0.559696 11.1392
      vertex 0.7208 0.559696 0
      vertex 0.893924 0.459747 11.1392
    endloop
  endfacet
  facet normal -0.499984 -0.866034 -0
    outer loop
      vertex 0.7208 0.559696 25.3165
      vertex 0.7208 0.559696 14.1772
      vertex 0.893924 0.459747 25.3165
    endloop
  endfacet
  facet normal -0.499984 -0.866034 -7.96305e-19
    outer loop
      vertex 0.893924 0.459747 28.3544
      vertex 0.7208 0.559696 36.962
      vertex 0.7208 0.559696 28.3544
    endloop
  endfacet
  facet normal -0.499955 -0.866051 7.76311e-07
    outer loop
      vertex 0.7208 0.559696 36.962
      vertex 0.893924 0.459747 28.3544
      vertex 1.04164 0.374481 36.962
    endloop
  endfacet
  facet normal -0.499921 -0.866071 0
    outer loop
      vertex 0.893924 0.459747 25.3165
      vertex 1.04164 0.374481 36.962
      vertex 0.893924 0.459747 28.3544
    endloop
  endfacet
  facet normal -0.499984 -0.866034 0
    outer loop
      vertex 0.893924 0.459747 14.1772
      vertex 0.893924 0.459747 25.3165
      vertex 0.7208 0.559696 14.1772
    endloop
  endfacet
  facet normal -0.499921 -0.866071 0
    outer loop
      vertex 0.893924 0.459747 14.1772
      vertex 1.04164 0.374481 36.962
      vertex 0.893924 0.459747 25.3165
    endloop
  endfacet
  facet normal -0.499921 -0.866071 0
    outer loop
      vertex 0.893924 0.459747 11.1392
      vertex 1.04164 0.374481 36.962
      vertex 0.893924 0.459747 14.1772
    endloop
  endfacet
  facet normal -0.499921 -0.866071 -6.11858e-20
    outer loop
      vertex 0.893924 0.459747 11.1392
      vertex 1.04164 0.374481 0
      vertex 1.04164 0.374481 36.962
    endloop
  endfacet
  facet normal -0.499955 -0.866051 -5.99879e-07
    outer loop
      vertex 1.04164 0.374481 0
      vertex 0.893924 0.459747 11.1392
      vertex 0.7208 0.559696 0
    endloop
  endfacet
  facet normal -0.809035 0.587761 5.16652e-20
    outer loop
      vertex 1.31696 -2.24506 0
      vertex 1.53472 -1.94532 36.962
      vertex 1.53472 -1.94532 0
    endloop
  endfacet
  facet normal -0.809035 0.587761 5.16652e-20
    outer loop
      vertex 1.53472 -1.94532 36.962
      vertex 1.31696 -2.24506 0
      vertex 1.31696 -2.24506 36.962
    endloop
  endfacet
  facet normal -0.499965 0.866045 3.43094e-06
    outer loop
      vertex 1.04164 -2.49296 36.962
      vertex 0.893924 -2.57823 35.443
      vertex 0.7208 -2.67818 36.962
    endloop
  endfacet
  facet normal -0.499939 0.866061 -5.16423e-19
    outer loop
      vertex 1.04164 -2.49296 36.962
      vertex 0.893924 -2.57823 32.4051
      vertex 0.893924 -2.57823 35.443
    endloop
  endfacet
  facet normal -0.499988 0.866032 0
    outer loop
      vertex 0.893924 -2.57823 32.4051
      vertex 0.893924 -2.57823 21.2658
      vertex 0.7208 -2.67818 32.4051
    endloop
  endfacet
  facet normal -0.499939 0.866061 -1.40838e-19
    outer loop
      vertex 1.04164 -2.49296 36.962
      vertex 0.893924 -2.57823 21.2658
      vertex 0.893924 -2.57823 32.4051
    endloop
  endfacet
  facet normal -0.499939 0.866061 -5.16406e-19
    outer loop
      vertex 1.04164 -2.49296 36.962
      vertex 0.893924 -2.57823 18.2278
      vertex 0.893924 -2.57823 21.2658
    endloop
  endfacet
  facet normal -0.499988 0.866032 0
    outer loop
      vertex 0.893924 -2.57823 18.2278
      vertex 0.893924 -2.57823 8.10126
      vertex 0.7208 -2.67818 18.2278
    endloop
  endfacet
  facet normal -0.499939 0.866061 0
    outer loop
      vertex 1.04164 -2.49296 0
      vertex 0.893924 -2.57823 18.2278
      vertex 1.04164 -2.49296 36.962
    endloop
  endfacet
  facet normal -0.499939 0.866061 0
    outer loop
      vertex 0.893924 -2.57823 18.2278
      vertex 1.04164 -2.49296 0
      vertex 0.893924 -2.57823 8.10126
    endloop
  endfacet
  facet normal -0.499939 0.866061 0
    outer loop
      vertex 0.893924 -2.57823 8.10126
      vertex 1.04164 -2.49296 0
      vertex 0.893924 -2.57823 5.06329
    endloop
  endfacet
  facet normal -0.499965 0.866045 -1.02929e-06
    outer loop
      vertex 0.7208 -2.67818 0
      vertex 0.893924 -2.57823 5.06329
      vertex 1.04164 -2.49296 0
    endloop
  endfacet
  facet normal -0.499988 0.866032 -1.23791e-18
    outer loop
      vertex 0.893924 -2.57823 5.06329
      vertex 0.7208 -2.67818 0
      vertex 0.7208 -2.67818 5.06329
    endloop
  endfacet
  facet normal -0.499988 0.866032 0
    outer loop
      vertex 0.7208 -2.67818 36.962
      vertex 0.893924 -2.57823 35.443
      vertex 0.7208 -2.67818 35.443
    endloop
  endfacet
  facet normal -0.499988 0.866032 0
    outer loop
      vertex 0.7208 -2.67818 32.4051
      vertex 0.893924 -2.57823 21.2658
      vertex 0.7208 -2.67818 21.2658
    endloop
  endfacet
  facet normal -0.499988 0.866032 0
    outer loop
      vertex 0.7208 -2.67818 18.2278
      vertex 0.893924 -2.57823 8.10126
      vertex 0.7208 -2.67818 8.10126
    endloop
  endfacet
  facet normal -0.913524 -0.406785 8.06715e-20
    outer loop
      vertex 1.68542 -0.511595 0
      vertex 1.53472 -0.173165 36.962
      vertex 1.53472 -0.173165 0
    endloop
  endfacet
  facet normal -0.913524 -0.406785 8.06715e-20
    outer loop
      vertex 1.53472 -0.173165 36.962
      vertex 1.68542 -0.511595 0
      vertex 1.68542 -0.511595 36.962
    endloop
  endfacet
  facet normal -0.978157 -0.207868 1.20689e-19
    outer loop
      vertex 1.76244 -0.874025 0
      vertex 1.68542 -0.511595 36.962
      vertex 1.68542 -0.511595 0
    endloop
  endfacet
  facet normal -0.978157 -0.207868 1.20689e-19
    outer loop
      vertex 1.68542 -0.511595 36.962
      vertex 1.76244 -0.874025 0
      vertex 1.76244 -0.874025 36.962
    endloop
  endfacet
  facet normal -0.809041 -0.587752 1.2401e-19
    outer loop
      vertex 1.53472 -0.173165 0
      vertex 1.31696 0.126582 36.962
      vertex 1.31696 0.126582 0
    endloop
  endfacet
  facet normal -0.809041 -0.587752 1.2401e-19
    outer loop
      vertex 1.31696 0.126582 36.962
      vertex 1.53472 -0.173165 0
      vertex 1.53472 -0.173165 36.962
    endloop
  endfacet
  facet normal -0.978157 0.207868 -1.20689e-19
    outer loop
      vertex 1.68542 -1.60689 0
      vertex 1.76244 -1.24446 36.962
      vertex 1.76244 -1.24446 0
    endloop
  endfacet
  facet normal -0.978157 0.207868 -1.20689e-19
    outer loop
      vertex 1.76244 -1.24446 36.962
      vertex 1.68542 -1.60689 0
      vertex 1.68542 -1.60689 36.962
    endloop
  endfacet
  facet normal -0.913524 0.406785 -8.06715e-20
    outer loop
      vertex 1.53472 -1.94532 0
      vertex 1.68542 -1.60689 36.962
      vertex 1.68542 -1.60689 0
    endloop
  endfacet
  facet normal -0.913524 0.406785 -8.06715e-20
    outer loop
      vertex 1.68542 -1.60689 36.962
      vertex 1.53472 -1.94532 0
      vertex 1.53472 -1.94532 36.962
    endloop
  endfacet
  facet normal -0.669132 0.743144 0
    outer loop
      vertex 1.31696 -2.24506 0
      vertex 1.04164 -2.49296 36.962
      vertex 1.31696 -2.24506 36.962
    endloop
  endfacet
  facet normal -0.669132 0.743144 0
    outer loop
      vertex 1.04164 -2.49296 36.962
      vertex 1.31696 -2.24506 0
      vertex 1.04164 -2.49296 0
    endloop
  endfacet
  facet normal -0.309127 0.951021 0
    outer loop
      vertex 0.7208 -2.67818 0
      vertex 0.368451 -2.79271 5.06329
      vertex 0.7208 -2.67818 5.06329
    endloop
  endfacet
  facet normal -0.309127 0.951021 0
    outer loop
      vertex 0.368451 -2.79271 5.06329
      vertex 0.7208 -2.67818 0
      vertex 0.368451 -2.79271 0
    endloop
  endfacet
  facet normal -0.309127 0.951021 0
    outer loop
      vertex 0.7208 -2.67818 35.443
      vertex 0.368451 -2.79271 36.962
      vertex 0.7208 -2.67818 36.962
    endloop
  endfacet
  facet normal -0.309127 0.951021 0
    outer loop
      vertex 0.368451 -2.79271 36.962
      vertex 0.7208 -2.67818 35.443
      vertex 0.368451 -2.79271 35.443
    endloop
  endfacet
  facet normal -0.309127 0.951021 0
    outer loop
      vertex 0.7208 -2.67818 8.10126
      vertex 0.368451 -2.79271 18.2278
      vertex 0.7208 -2.67818 18.2278
    endloop
  endfacet
  facet normal -0.309127 0.951021 0
    outer loop
      vertex 0.368451 -2.79271 18.2278
      vertex 0.7208 -2.67818 8.10126
      vertex 0.368451 -2.79271 8.10126
    endloop
  endfacet
  facet normal -0.309127 0.951021 0
    outer loop
      vertex 0.7208 -2.67818 21.2658
      vertex 0.368451 -2.79271 32.4051
      vertex 0.7208 -2.67818 32.4051
    endloop
  endfacet
  facet normal -0.309127 0.951021 0
    outer loop
      vertex 0.368451 -2.79271 32.4051
      vertex 0.7208 -2.67818 21.2658
      vertex 0.368451 -2.79271 21.2658
    endloop
  endfacet
  facet normal -0.104406 0.994535 0
    outer loop
      vertex 0.368451 -2.79271 0
      vertex -1.01266e-06 -2.83139 5.06329
      vertex 0.368451 -2.79271 5.06329
    endloop
  endfacet
  facet normal -0.104406 0.994535 0
    outer loop
      vertex -1.01266e-06 -2.83139 5.06329
      vertex 0.368451 -2.79271 0
      vertex -1.01266e-06 -2.83139 0
    endloop
  endfacet
  facet normal -0.104406 0.994535 0
    outer loop
      vertex 0.368451 -2.79271 35.443
      vertex -1.01266e-06 -2.83139 36.962
      vertex 0.368451 -2.79271 36.962
    endloop
  endfacet
  facet normal -0.104406 0.994535 0
    outer loop
      vertex -1.01266e-06 -2.83139 36.962
      vertex 0.368451 -2.79271 35.443
      vertex -1.01266e-06 -2.83139 35.443
    endloop
  endfacet
  facet normal -0.104406 0.994535 0
    outer loop
      vertex 0.368451 -2.79271 8.10126
      vertex -1.01266e-06 -2.83139 18.2278
      vertex 0.368451 -2.79271 18.2278
    endloop
  endfacet
  facet normal -0.104406 0.994535 0
    outer loop
      vertex -1.01266e-06 -2.83139 18.2278
      vertex 0.368451 -2.79271 8.10126
      vertex -1.01266e-06 -2.83139 8.10126
    endloop
  endfacet
  facet normal -0.104406 0.994535 0
    outer loop
      vertex 0.368451 -2.79271 21.2658
      vertex -1.01266e-06 -2.83139 32.4051
      vertex 0.368451 -2.79271 32.4051
    endloop
  endfacet
  facet normal -0.104406 0.994535 0
    outer loop
      vertex -1.01266e-06 -2.83139 32.4051
      vertex 0.368451 -2.79271 21.2658
      vertex -1.01266e-06 -2.83139 21.2658
    endloop
  endfacet
  facet normal 0.104474 -0.994528 0
    outer loop
      vertex -0.663212 2.06096 36.962
      vertex 0 2.13063 40
      vertex -0.663212 2.06096 40
    endloop
  endfacet
  facet normal 0.104474 -0.994528 0
    outer loop
      vertex 0 2.13063 40
      vertex -0.663212 2.06096 36.962
      vertex 0 2.13063 36.962
    endloop
  endfacet
  facet normal 1 -0 0
    outer loop
      vertex -3.17239 -1.39271 40
      vertex -3.17239 -0.725772 36.962
      vertex -3.17239 -0.725772 40
    endloop
  endfacet
  facet normal 1 0 0
    outer loop
      vertex -3.17239 -0.725772 36.962
      vertex -3.17239 -1.39271 40
      vertex -3.17239 -1.39271 36.962
    endloop
  endfacet
  facet normal -1 0 0
    outer loop
      vertex 3.17239 -1.39271 36.962
      vertex 3.17239 -0.725772 40
      vertex 3.17239 -0.725772 36.962
    endloop
  endfacet
  facet normal -1 -0 0
    outer loop
      vertex 3.17239 -0.725772 40
      vertex 3.17239 -1.39271 36.962
      vertex 3.17239 -1.39271 40
    endloop
  endfacet
  facet normal 0.669096 -0.743176 0
    outer loop
      vertex -2.37054 1.07524 36.962
      vertex -1.87496 1.52142 40
      vertex -2.37054 1.07524 40
    endloop
  endfacet
  facet normal 0.669096 -0.743176 0
    outer loop
      vertex -1.87496 1.52142 40
      vertex -2.37054 1.07524 36.962
      vertex -1.87496 1.52142 36.962
    endloop
  endfacet
  facet normal 0.669096 0.743176 -0
    outer loop
      vertex -1.87496 -3.6399 36.962
      vertex -2.37054 -3.19372 40
      vertex -1.87496 -3.6399 40
    endloop
  endfacet
  facet normal 0.669096 0.743176 0
    outer loop
      vertex -2.37054 -3.19372 40
      vertex -1.87496 -3.6399 36.962
      vertex -2.37054 -3.19372 36.962
    endloop
  endfacet
  facet normal 0 0 1
    outer loop
      vertex 1.76244 -0.874025 36.962
      vertex 3.17239 -0.725772 36.962
      vertex 3.03375 -0.073519 36.962
    endloop
  endfacet
  facet normal 0 0 1
    outer loop
      vertex 3.17239 -0.725772 36.962
      vertex 1.76244 -0.874025 36.962
      vertex 3.17239 -1.39271 36.962
    endloop
  endfacet
  facet normal 0 0 1
    outer loop
      vertex 1.68542 -0.511595 36.962
      vertex 3.03375 -0.073519 36.962
      vertex 2.76251 0.535696 36.962
    endloop
  endfacet
  facet normal -0 0 1
    outer loop
      vertex 1.76244 -1.24446 36.962
      vertex 3.17239 -1.39271 36.962
      vertex 1.76244 -0.874025 36.962
    endloop
  endfacet
  facet normal 0 0 1
    outer loop
      vertex 1.53472 -0.173165 36.962
      vertex 2.76251 0.535696 36.962
      vertex 2.37054 1.07524 36.962
    endloop
  endfacet
  facet normal 0 0 1
    outer loop
      vertex 3.17239 -1.39271 36.962
      vertex 1.76244 -1.24446 36.962
      vertex 3.03375 -2.04496 36.962
    endloop
  endfacet
  facet normal 0 0 1
    outer loop
      vertex 1.31696 0.126582 36.962
      vertex 2.37054 1.07524 36.962
      vertex 1.87496 1.52142 36.962
    endloop
  endfacet
  facet normal -0 0 1
    outer loop
      vertex 1.68542 -1.60689 36.962
      vertex 3.03375 -2.04496 36.962
      vertex 1.76244 -1.24446 36.962
    endloop
  endfacet
  facet normal 0 0 1
    outer loop
      vertex 3.03375 -2.04496 36.962
      vertex 1.68542 -1.60689 36.962
      vertex 2.76251 -2.65418 36.962
    endloop
  endfacet
  facet normal 0 0 1
    outer loop
      vertex 3.03375 -0.073519 36.962
      vertex 1.68542 -0.511595 36.962
      vertex 1.76244 -0.874025 36.962
    endloop
  endfacet
  facet normal 0 0 1
    outer loop
      vertex 2.76251 0.535696 36.962
      vertex 1.53472 -0.173165 36.962
      vertex 1.68542 -0.511595 36.962
    endloop
  endfacet
  facet normal 0 0 1
    outer loop
      vertex 2.37054 1.07524 36.962
      vertex 1.31696 0.126582 36.962
      vertex 1.53472 -0.173165 36.962
    endloop
  endfacet
  facet normal 0 0 1
    outer loop
      vertex 1.04164 0.374481 36.962
      vertex 1.87496 1.52142 36.962
      vertex 1.29744 1.85489 36.962
    endloop
  endfacet
  facet normal 0 0 1
    outer loop
      vertex 1.87496 1.52142 36.962
      vertex 1.04164 0.374481 36.962
      vertex 1.31696 0.126582 36.962
    endloop
  endfacet
  facet normal 0 0 1
    outer loop
      vertex 1.29744 1.85489 36.962
      vertex 0.7208 0.559696 36.962
      vertex 1.04164 0.374481 36.962
    endloop
  endfacet
  facet normal 0 0 1
    outer loop
      vertex 0.66321 2.06096 36.962
      vertex 0.7208 0.559696 36.962
      vertex 1.29744 1.85489 36.962
    endloop
  endfacet
  facet normal 0 0 1
    outer loop
      vertex 0.66321 2.06096 36.962
      vertex 0.368451 0.674228 36.962
      vertex 0.7208 0.559696 36.962
    endloop
  endfacet
  facet normal 0 0 1
    outer loop
      vertex 0 2.13063 36.962
      vertex 0.368451 0.674228 36.962
      vertex 0.66321 2.06096 36.962
    endloop
  endfacet
  facet normal 0 0 1
    outer loop
      vertex 0 2.13063 36.962
      vertex 0 0.712911 36.962
      vertex 0.368451 0.674228 36.962
    endloop
  endfacet
  facet normal 0 0 1
    outer loop
      vertex 0 2.13063 36.962
      vertex -0.368452 0.674228 36.962
      vertex 0 0.712911 36.962
    endloop
  endfacet
  facet normal -0 0 1
    outer loop
      vertex -0.663212 2.06096 36.962
      vertex -0.368452 0.674228 36.962
      vertex 0 2.13063 36.962
    endloop
  endfacet
  facet normal 0 0 1
    outer loop
      vertex -0.663212 2.06096 36.962
      vertex -0.720798 0.559696 36.962
      vertex -0.368452 0.674228 36.962
    endloop
  endfacet
  facet normal -0 0 1
    outer loop
      vertex -1.29744 1.85489 36.962
      vertex -0.720798 0.559696 36.962
      vertex -0.663212 2.06096 36.962
    endloop
  endfacet
  facet normal 0 0 1
    outer loop
      vertex -0.720798 0.559696 36.962
      vertex -1.29744 1.85489 36.962
      vertex -1.04164 0.374481 36.962
    endloop
  endfacet
  facet normal -0 0 1
    outer loop
      vertex -1.87496 1.52142 36.962
      vertex -1.04164 0.374481 36.962
      vertex -1.29744 1.85489 36.962
    endloop
  endfacet
  facet normal 0 0 1
    outer loop
      vertex -1.04164 0.374481 36.962
      vertex -1.87496 1.52142 36.962
      vertex -1.31696 0.126582 36.962
    endloop
  endfacet
  facet normal -0 0 1
    outer loop
      vertex -2.37054 1.07524 36.962
      vertex -1.31696 0.126582 36.962
      vertex -1.87496 1.52142 36.962
    endloop
  endfacet
  facet normal 0 0 1
    outer loop
      vertex -1.31696 0.126582 36.962
      vertex -2.37054 1.07524 36.962
      vertex -1.53472 -0.173165 36.962
    endloop
  endfacet
  facet normal 0 0 1
    outer loop
      vertex -1.53472 -0.173165 36.962
      vertex -2.76251 0.535696 36.962
      vertex -1.68542 -0.511595 36.962
    endloop
  endfacet
  facet normal -0 0 1
    outer loop
      vertex -2.76251 0.535696 36.962
      vertex -1.53472 -0.173165 36.962
      vertex -2.37054 1.07524 36.962
    endloop
  endfacet
  facet normal -0 0 1
    outer loop
      vertex 1.53472 -1.94532 36.962
      vertex 2.76251 -2.65418 36.962
      vertex 1.68542 -1.60689 36.962
    endloop
  endfacet
  facet normal 0 0 1
    outer loop
      vertex 2.76251 -2.65418 36.962
      vertex 1.53472 -1.94532 36.962
      vertex 2.37054 -3.19372 36.962
    endloop
  endfacet
  facet normal -0 0 1
    outer loop
      vertex 1.31696 -2.24506 36.962
      vertex 2.37054 -3.19372 36.962
      vertex 1.53472 -1.94532 36.962
    endloop
  endfacet
  facet normal 0 0 1
    outer loop
      vertex 2.37054 -3.19372 36.962
      vertex 1.31696 -2.24506 36.962
      vertex 1.87496 -3.6399 36.962
    endloop
  endfacet
  facet normal -0 0 1
    outer loop
      vertex 1.04164 -2.49296 36.962
      vertex 1.87496 -3.6399 36.962
      vertex 1.31696 -2.24506 36.962
    endloop
  endfacet
  facet normal 0 0 1
    outer loop
      vertex 1.87496 -3.6399 36.962
      vertex 1.04164 -2.49296 36.962
      vertex 1.29744 -3.97337 36.962
    endloop
  endfacet
  facet normal -0 0 1
    outer loop
      vertex 0.7208 -2.67818 36.962
      vertex 1.29744 -3.97337 36.962
      vertex 1.04164 -2.49296 36.962
    endloop
  endfacet
  facet normal 0 0 1
    outer loop
      vertex 0.7208 -2.67818 36.962
      vertex 0.66321 -4.17944 36.962
      vertex 1.29744 -3.97337 36.962
    endloop
  endfacet
  facet normal -0 0 1
    outer loop
      vertex 0.368451 -2.79271 36.962
      vertex 0.66321 -4.17944 36.962
      vertex 0.7208 -2.67818 36.962
    endloop
  endfacet
  facet normal -0 0 1
    outer loop
      vertex -1.01266e-06 -2.83139 36.962
      vertex 0.66321 -4.17944 36.962
      vertex 0.368451 -2.79271 36.962
    endloop
  endfacet
  facet normal 0 0 1
    outer loop
      vertex -1.01266e-06 -2.83139 36.962
      vertex -1.01266e-06 -4.24911 36.962
      vertex 0.66321 -4.17944 36.962
    endloop
  endfacet
  facet normal 0 0 1
    outer loop
      vertex -0.368452 -2.79271 36.962
      vertex -1.01266e-06 -4.24911 36.962
      vertex -1.01266e-06 -2.83139 36.962
    endloop
  endfacet
  facet normal 0 0 1
    outer loop
      vertex -0.368452 -2.79271 36.962
      vertex -0.663212 -4.17944 36.962
      vertex -1.01266e-06 -4.24911 36.962
    endloop
  endfacet
  facet normal 0 0 1
    outer loop
      vertex -0.720798 -2.67818 36.962
      vertex -0.663212 -4.17944 36.962
      vertex -0.368452 -2.79271 36.962
    endloop
  endfacet
  facet normal 0 0 1
    outer loop
      vertex -1.29744 -3.97337 36.962
      vertex -0.720798 -2.67818 36.962
      vertex -1.04164 -2.49296 36.962
    endloop
  endfacet
  facet normal 0 0 1
    outer loop
      vertex -0.720798 -2.67818 36.962
      vertex -1.29744 -3.97337 36.962
      vertex -0.663212 -4.17944 36.962
    endloop
  endfacet
  facet normal 0 0 1
    outer loop
      vertex -1.87496 -3.6399 36.962
      vertex -1.04164 -2.49296 36.962
      vertex -1.31696 -2.24506 36.962
    endloop
  endfacet
  facet normal 0 0 1
    outer loop
      vertex -2.37054 -3.19372 36.962
      vertex -1.31696 -2.24506 36.962
      vertex -1.53472 -1.94532 36.962
    endloop
  endfacet
  facet normal 0 0 1
    outer loop
      vertex -2.76251 -2.65418 36.962
      vertex -1.53472 -1.94532 36.962
      vertex -1.68542 -1.60689 36.962
    endloop
  endfacet
  facet normal 0 0 1
    outer loop
      vertex -3.03375 -2.04496 36.962
      vertex -1.68542 -1.60689 36.962
      vertex -1.76244 -1.24446 36.962
    endloop
  endfacet
  facet normal 0 0 1
    outer loop
      vertex -1.04164 -2.49296 36.962
      vertex -1.87496 -3.6399 36.962
      vertex -1.29744 -3.97337 36.962
    endloop
  endfacet
  facet normal -0 0 1
    outer loop
      vertex -3.03375 -0.073519 36.962
      vertex -1.68542 -0.511595 36.962
      vertex -2.76251 0.535696 36.962
    endloop
  endfacet
  facet normal 0 0 1
    outer loop
      vertex -1.68542 -0.511595 36.962
      vertex -3.03375 -0.073519 36.962
      vertex -1.76244 -0.874025 36.962
    endloop
  endfacet
  facet normal 0 0 1
    outer loop
      vertex -1.31696 -2.24506 36.962
      vertex -2.37054 -3.19372 36.962
      vertex -1.87496 -3.6399 36.962
    endloop
  endfacet
  facet normal -0 0 1
    outer loop
      vertex -3.17239 -0.725772 36.962
      vertex -1.76244 -0.874025 36.962
      vertex -3.03375 -0.073519 36.962
    endloop
  endfacet
  facet normal 0 0 1
    outer loop
      vertex -1.53472 -1.94532 36.962
      vertex -2.76251 -2.65418 36.962
      vertex -2.37054 -3.19372 36.962
    endloop
  endfacet
  facet normal 0 0 1
    outer loop
      vertex -1.76244 -0.874025 36.962
      vertex -3.17239 -0.725772 36.962
      vertex -1.76244 -1.24446 36.962
    endloop
  endfacet
  facet normal 0 0 1
    outer loop
      vertex -1.68542 -1.60689 36.962
      vertex -3.03375 -2.04496 36.962
      vertex -2.76251 -2.65418 36.962
    endloop
  endfacet
  facet normal 0 0 1
    outer loop
      vertex -3.17239 -1.39271 36.962
      vertex -1.76244 -1.24446 36.962
      vertex -3.17239 -0.725772 36.962
    endloop
  endfacet
  facet normal 0 0 1
    outer loop
      vertex -1.76244 -1.24446 36.962
      vertex -3.17239 -1.39271 36.962
      vertex -3.03375 -2.04496 36.962
    endloop
  endfacet
  facet normal -0.669096 -0.743176 0
    outer loop
      vertex 1.87496 1.52142 36.962
      vertex 2.37054 1.07524 40
      vertex 1.87496 1.52142 40
    endloop
  endfacet
  facet normal -0.669096 -0.743176 -0
    outer loop
      vertex 2.37054 1.07524 40
      vertex 1.87496 1.52142 36.962
      vertex 2.37054 1.07524 36.962
    endloop
  endfacet
  facet normal 0.500043 -0.866 0
    outer loop
      vertex -1.87496 1.52142 36.962
      vertex -1.29744 1.85489 40
      vertex -1.87496 1.52142 40
    endloop
  endfacet
  facet normal 0.500043 -0.866 0
    outer loop
      vertex -1.29744 1.85489 40
      vertex -1.87496 1.52142 36.962
      vertex -1.29744 1.85489 36.962
    endloop
  endfacet
  facet normal 0.309013 -0.951058 0
    outer loop
      vertex -1.29744 1.85489 36.962
      vertex -0.663212 2.06096 40
      vertex -1.29744 1.85489 40
    endloop
  endfacet
  facet normal 0.309013 -0.951058 0
    outer loop
      vertex -0.663212 2.06096 40
      vertex -1.29744 1.85489 36.962
      vertex -0.663212 2.06096 36.962
    endloop
  endfacet
  facet normal 0.913545 -0.406737 -4.8623e-19
    outer loop
      vertex -3.03375 -0.073519 40
      vertex -2.76251 0.535696 36.962
      vertex -2.76251 0.535696 40
    endloop
  endfacet
  facet normal 0.913545 -0.406737 -4.8623e-19
    outer loop
      vertex -2.76251 0.535696 36.962
      vertex -3.03375 -0.073519 40
      vertex -3.03375 -0.073519 36.962
    endloop
  endfacet
  facet normal 0.978148 -0.207911 -2.54695e-18
    outer loop
      vertex -3.17239 -0.725772 40
      vertex -3.03375 -0.073519 36.962
      vertex -3.03375 -0.073519 40
    endloop
  endfacet
  facet normal 0.978148 -0.207911 -2.54695e-18
    outer loop
      vertex -3.03375 -0.073519 36.962
      vertex -3.17239 -0.725772 40
      vertex -3.17239 -0.725772 36.962
    endloop
  endfacet
  facet normal 0.80904 -0.587754 -6.16524e-18
    outer loop
      vertex -2.76251 0.535696 40
      vertex -2.37054 1.07524 36.962
      vertex -2.37054 1.07524 40
    endloop
  endfacet
  facet normal 0.80904 -0.587754 -6.16524e-18
    outer loop
      vertex -2.37054 1.07524 36.962
      vertex -2.76251 0.535696 40
      vertex -2.76251 0.535696 36.962
    endloop
  endfacet
  facet normal 0.500043 0.866 -0
    outer loop
      vertex -1.29744 -3.97337 36.962
      vertex -1.87496 -3.6399 40
      vertex -1.29744 -3.97337 40
    endloop
  endfacet
  facet normal 0.500043 0.866 0
    outer loop
      vertex -1.87496 -3.6399 40
      vertex -1.29744 -3.97337 36.962
      vertex -1.87496 -3.6399 36.962
    endloop
  endfacet
  facet normal 0.104475 0.994528 -0
    outer loop
      vertex -1.01266e-06 -4.24911 36.962
      vertex -0.663212 -4.17944 40
      vertex -1.01266e-06 -4.24911 40
    endloop
  endfacet
  facet normal 0.104475 0.994528 0
    outer loop
      vertex -0.663212 -4.17944 40
      vertex -1.01266e-06 -4.24911 36.962
      vertex -0.663212 -4.17944 36.962
    endloop
  endfacet
  facet normal 0.809037 0.587757 4.15579e-18
    outer loop
      vertex -2.37054 -3.19372 40
      vertex -2.76251 -2.65418 36.962
      vertex -2.76251 -2.65418 40
    endloop
  endfacet
  facet normal 0.809037 0.587757 4.15579e-18
    outer loop
      vertex -2.76251 -2.65418 36.962
      vertex -2.37054 -3.19372 40
      vertex -2.37054 -3.19372 36.962
    endloop
  endfacet
  facet normal 0.978148 0.207912 1.10466e-18
    outer loop
      vertex -3.03375 -2.04496 40
      vertex -3.17239 -1.39271 36.962
      vertex -3.17239 -1.39271 40
    endloop
  endfacet
  facet normal 0.978148 0.207912 1.10466e-18
    outer loop
      vertex -3.17239 -1.39271 36.962
      vertex -3.03375 -2.04496 40
      vertex -3.03375 -2.04496 36.962
    endloop
  endfacet
  facet normal -0.104475 -0.994528 0
    outer loop
      vertex 0 2.13063 36.962
      vertex 0.66321 2.06096 40
      vertex 0 2.13063 40
    endloop
  endfacet
  facet normal -0.104475 -0.994528 -0
    outer loop
      vertex 0.66321 2.06096 40
      vertex 0 2.13063 36.962
      vertex 0.66321 2.06096 36.962
    endloop
  endfacet
  facet normal -0.913545 -0.406737 4.8623e-19
    outer loop
      vertex 3.03375 -0.073519 36.962
      vertex 2.76251 0.535696 40
      vertex 2.76251 0.535696 36.962
    endloop
  endfacet
  facet normal -0.913545 -0.406737 4.8623e-19
    outer loop
      vertex 2.76251 0.535696 40
      vertex 3.03375 -0.073519 36.962
      vertex 3.03375 -0.073519 40
    endloop
  endfacet
  facet normal -0.978148 -0.207911 2.54695e-18
    outer loop
      vertex 3.17239 -0.725772 36.962
      vertex 3.03375 -0.073519 40
      vertex 3.03375 -0.073519 36.962
    endloop
  endfacet
  facet normal -0.978148 -0.207911 2.54695e-18
    outer loop
      vertex 3.03375 -0.073519 40
      vertex 3.17239 -0.725772 36.962
      vertex 3.17239 -0.725772 40
    endloop
  endfacet
  facet normal -0.80904 -0.587754 6.16524e-18
    outer loop
      vertex 2.76251 0.535696 36.962
      vertex 2.37054 1.07524 40
      vertex 2.37054 1.07524 36.962
    endloop
  endfacet
  facet normal -0.80904 -0.587754 6.16524e-18
    outer loop
      vertex 2.37054 1.07524 40
      vertex 2.76251 0.535696 36.962
      vertex 2.76251 0.535696 40
    endloop
  endfacet
  facet normal -0.809037 0.587757 -4.15579e-18
    outer loop
      vertex 2.37054 -3.19372 36.962
      vertex 2.76251 -2.65418 40
      vertex 2.76251 -2.65418 36.962
    endloop
  endfacet
  facet normal -0.809037 0.587757 -4.15579e-18
    outer loop
      vertex 2.76251 -2.65418 40
      vertex 2.37054 -3.19372 36.962
      vertex 2.37054 -3.19372 40
    endloop
  endfacet
  facet normal -0.978148 0.207912 -1.10466e-18
    outer loop
      vertex 3.03375 -2.04496 36.962
      vertex 3.17239 -1.39271 40
      vertex 3.17239 -1.39271 36.962
    endloop
  endfacet
  facet normal -0.978148 0.207912 -1.10466e-18
    outer loop
      vertex 3.17239 -1.39271 40
      vertex 3.03375 -2.04496 36.962
      vertex 3.03375 -2.04496 40
    endloop
  endfacet
  facet normal -0.669096 0.743176 0
    outer loop
      vertex 2.37054 -3.19372 36.962
      vertex 1.87496 -3.6399 40
      vertex 2.37054 -3.19372 40
    endloop
  endfacet
  facet normal -0.669096 0.743176 0
    outer loop
      vertex 1.87496 -3.6399 40
      vertex 2.37054 -3.19372 36.962
      vertex 1.87496 -3.6399 36.962
    endloop
  endfacet
  facet normal -0.309012 0.951058 0
    outer loop
      vertex 1.29744 -3.97337 36.962
      vertex 0.66321 -4.17944 40
      vertex 1.29744 -3.97337 40
    endloop
  endfacet
  facet normal -0.309012 0.951058 0
    outer loop
      vertex 0.66321 -4.17944 40
      vertex 1.29744 -3.97337 36.962
      vertex 0.66321 -4.17944 36.962
    endloop
  endfacet
  facet normal 0.309013 0.951058 -0
    outer loop
      vertex -0.663212 -4.17944 36.962
      vertex -1.29744 -3.97337 40
      vertex -0.663212 -4.17944 40
    endloop
  endfacet
  facet normal 0.309013 0.951058 0
    outer loop
      vertex -1.29744 -3.97337 40
      vertex -0.663212 -4.17944 36.962
      vertex -1.29744 -3.97337 36.962
    endloop
  endfacet
  facet normal -0.104475 0.994528 0
    outer loop
      vertex 0.66321 -4.17944 36.962
      vertex -1.01266e-06 -4.24911 40
      vertex 0.66321 -4.17944 40
    endloop
  endfacet
  facet normal -0.104475 0.994528 0
    outer loop
      vertex -1.01266e-06 -4.24911 40
      vertex 0.66321 -4.17944 36.962
      vertex -1.01266e-06 -4.24911 36.962
    endloop
  endfacet
  facet normal 0.913547 0.406734 -6.69291e-18
    outer loop
      vertex -2.76251 -2.65418 40
      vertex -3.03375 -2.04496 36.962
      vertex -3.03375 -2.04496 40
    endloop
  endfacet
  facet normal 0.913547 0.406734 -6.69291e-18
    outer loop
      vertex -3.03375 -2.04496 36.962
      vertex -2.76251 -2.65418 40
      vertex -2.76251 -2.65418 36.962
    endloop
  endfacet
  facet normal -0.309012 -0.951058 0
    outer loop
      vertex 0.66321 2.06096 36.962
      vertex 1.29744 1.85489 40
      vertex 0.66321 2.06096 40
    endloop
  endfacet
  facet normal -0.309012 -0.951058 -0
    outer loop
      vertex 1.29744 1.85489 40
      vertex 0.66321 2.06096 36.962
      vertex 1.29744 1.85489 36.962
    endloop
  endfacet
  facet normal -0.500043 -0.866 0
    outer loop
      vertex 1.29744 1.85489 36.962
      vertex 1.87496 1.52142 40
      vertex 1.29744 1.85489 40
    endloop
  endfacet
  facet normal -0.500043 -0.866 -0
    outer loop
      vertex 1.87496 1.52142 40
      vertex 1.29744 1.85489 36.962
      vertex 1.87496 1.52142 36.962
    endloop
  endfacet
  facet normal -0.913547 0.406734 6.69291e-18
    outer loop
      vertex 2.76251 -2.65418 36.962
      vertex 3.03375 -2.04496 40
      vertex 3.03375 -2.04496 36.962
    endloop
  endfacet
  facet normal -0.913547 0.406734 6.69291e-18
    outer loop
      vertex 3.03375 -2.04496 40
      vertex 2.76251 -2.65418 36.962
      vertex 2.76251 -2.65418 40
    endloop
  endfacet
  facet normal -0.500043 0.866 0
    outer loop
      vertex 1.87496 -3.6399 36.962
      vertex 1.29744 -3.97337 40
      vertex 1.87496 -3.6399 40
    endloop
  endfacet
  facet normal -0.500043 0.866 0
    outer loop
      vertex 1.29744 -3.97337 40
      vertex 1.87496 -3.6399 36.962
      vertex 1.29744 -3.97337 36.962
    endloop
  endfacet
  facet normal -0.104549 0.990735 -0.0866779
    outer loop
      vertex 1.05272 3.17175 0
      vertex -1.01266e-06 6.5602 40
      vertex 1.05272 6.67129 40
    endloop
  endfacet
  facet normal -0.104549 0.990735 -0.0866779
    outer loop
      vertex -1.01266e-06 6.5602 40
      vertex 1.05272 3.17175 0
      vertex -1.01266e-06 3.06066 0
    endloop
  endfacet
  facet normal -0.500039 0.862707 -0.075477
    outer loop
      vertex 2.97613 4.03139 0
      vertex 2.05942 6.99959 40
      vertex 2.97613 7.53093 40
    endloop
  endfacet
  facet normal -0.500039 0.862707 -0.075477
    outer loop
      vertex 2.05942 6.99959 40
      vertex 2.97613 4.03139 0
      vertex 2.05942 3.50005 0
    endloop
  endfacet
  facet normal -0.308978 0.94745 -0.082891
    outer loop
      vertex 2.05942 3.50005 0
      vertex 1.05272 6.67129 40
      vertex 2.05942 6.99959 40
    endloop
  endfacet
  facet normal -0.308978 0.94745 -0.082891
    outer loop
      vertex 1.05272 6.67129 40
      vertex 2.05942 3.50005 0
      vertex 1.05272 3.17175 0
    endloop
  endfacet
  facet normal 0.669135 0.740313 -0.0647689
    outer loop
      vertex -2.97613 4.03139 0
      vertex -3.76275 8.24192 40
      vertex -2.97613 7.53093 40
    endloop
  endfacet
  facet normal 0.669135 0.740313 -0.0647689
    outer loop
      vertex -3.76275 8.24192 40
      vertex -2.97613 4.03139 0
      vertex -3.76275 4.74238 0
    endloop
  endfacet
  facet normal 0.913537 0.405209 -0.0354485
    outer loop
      vertex -4.38494 9.06734 39.6094
      vertex -4.55696 8.82491 32.4051
      vertex -4.55696 9.06734 35.1763
    endloop
  endfacet
  facet normal 0.91356 0.405157 -0.0354473
    outer loop
      vertex -4.55696 7.85033 21.2658
      vertex -4.55696 8.82491 32.4051
      vertex -4.38494 9.06734 39.6094
    endloop
  endfacet
  facet normal 0.913602 0.405063 -0.0354391
    outer loop
      vertex -4.55696 8.82491 32.4051
      vertex -4.55696 7.85033 21.2658
      vertex -4.6138 7.97853 21.2658
    endloop
  endfacet
  facet normal 0.913641 0.404974 -0.0354359
    outer loop
      vertex -4.38494 9.06734 39.6094
      vertex -4.55696 7.5845 18.2278
      vertex -4.55696 7.85033 21.2658
    endloop
  endfacet
  facet normal 0.913543 0.405194 -0.0354504
    outer loop
      vertex -4.38494 5.60192 0
      vertex -4.55696 7.5845 18.2278
      vertex -4.38494 9.06734 39.6094
    endloop
  endfacet
  facet normal 0.913602 0.405063 -0.0354389
    outer loop
      vertex -4.55696 7.5845 18.2278
      vertex -4.55696 6.69853 8.10126
      vertex -4.6138 6.82673 8.10126
    endloop
  endfacet
  facet normal 0.913543 0.405195 -0.0354505
    outer loop
      vertex -4.55696 7.5845 18.2278
      vertex -4.38494 5.60192 0
      vertex -4.55696 6.69853 8.10126
    endloop
  endfacet
  facet normal 0.913563 0.405151 -0.0354482
    outer loop
      vertex -4.55696 6.43281 5.06329
      vertex -4.38494 5.60192 0
      vertex -4.6138 6.11797 0
    endloop
  endfacet
  facet normal 0.913617 0.405029 -0.0354264
    outer loop
      vertex -4.55696 6.69853 8.10126
      vertex -4.38494 5.60192 0
      vertex -4.55696 6.43281 5.06329
    endloop
  endfacet
  facet normal 0.913484 0.405327 -0.0354585
    outer loop
      vertex -4.6138 8.95301 32.4051
      vertex -4.55696 8.82491 32.4051
      vertex -4.6138 7.97853 21.2658
    endloop
  endfacet
  facet normal 0.913613 0.405037 -0.035437
    outer loop
      vertex -4.6138 7.71271 18.2278
      vertex -4.55696 7.5845 18.2278
      vertex -4.6138 6.82673 8.10126
    endloop
  endfacet
  facet normal 0.913484 0.405327 -0.0354583
    outer loop
      vertex -4.6138 6.56091 5.06329
      vertex -4.55696 6.43281 5.06329
      vertex -4.6138 6.11797 0
    endloop
  endfacet
  facet normal 0.308978 0.94745 -0.082891
    outer loop
      vertex -1.05272 3.17175 0
      vertex -2.05942 6.99959 40
      vertex -1.05272 6.67129 40
    endloop
  endfacet
  facet normal 0.308978 0.94745 -0.082891
    outer loop
      vertex -2.05942 6.99959 40
      vertex -1.05272 3.17175 0
      vertex -2.05942 3.50005 0
    endloop
  endfacet
  facet normal 0.104549 0.990735 -0.0866779
    outer loop
      vertex -1.01266e-06 3.06066 0
      vertex -1.05272 6.67129 40
      vertex -1.01266e-06 6.5602 40
    endloop
  endfacet
  facet normal 0.104549 0.990735 -0.0866779
    outer loop
      vertex -1.05272 6.67129 40
      vertex -1.01266e-06 3.06066 0
      vertex -1.05272 3.17175 0
    endloop
  endfacet
  facet normal 0.808999 0.585574 -0.05122
    outer loop
      vertex -3.76275 8.24192 40
      vertex -4.38494 9.06734 39.6094
      vertex -4.36021 9.06734 40
    endloop
  endfacet
  facet normal 0.809001 0.585571 -0.0512307
    outer loop
      vertex -3.76275 4.74238 0
      vertex -4.38494 9.06734 39.6094
      vertex -3.76275 8.24192 40
    endloop
  endfacet
  facet normal 0.808984 0.585594 -0.0512335
    outer loop
      vertex -4.38494 9.06734 39.6094
      vertex -3.76275 4.74238 0
      vertex -4.38494 5.60192 0
    endloop
  endfacet
  facet normal -0.669135 0.740313 -0.0647689
    outer loop
      vertex 3.76275 4.74238 0
      vertex 2.97613 7.53093 40
      vertex 3.76275 8.24192 40
    endloop
  endfacet
  facet normal -0.669135 0.740313 -0.0647689
    outer loop
      vertex 2.97613 7.53093 40
      vertex 3.76275 4.74238 0
      vertex 2.97613 4.03139 0
    endloop
  endfacet
  facet normal 0.500039 0.862707 -0.075477
    outer loop
      vertex -2.05942 3.50005 0
      vertex -2.97613 7.53093 40
      vertex -2.05942 6.99959 40
    endloop
  endfacet
  facet normal 0.500039 0.862707 -0.075477
    outer loop
      vertex -2.97613 7.53093 40
      vertex -2.05942 3.50005 0
      vertex -2.97613 4.03139 0
    endloop
  endfacet
  facet normal -0.913484 0.405327 -0.0354583
    outer loop
      vertex 4.6138 6.56091 5.06329
      vertex 4.6138 6.11797 0
      vertex 4.55696 6.43281 5.06329
    endloop
  endfacet
  facet normal -0.913613 0.405037 -0.035437
    outer loop
      vertex 4.6138 7.71271 18.2278
      vertex 4.6138 6.82673 8.10126
      vertex 4.55696 7.5845 18.2278
    endloop
  endfacet
  facet normal -0.913484 0.405327 -0.0354585
    outer loop
      vertex 4.6138 8.95301 32.4051
      vertex 4.6138 7.97853 21.2658
      vertex 4.55696 8.82491 32.4051
    endloop
  endfacet
  facet normal -0.913537 0.405209 -0.0354485
    outer loop
      vertex 4.55696 8.82491 32.4051
      vertex 4.38494 9.06734 39.6094
      vertex 4.55696 9.06734 35.1763
    endloop
  endfacet
  facet normal -0.913602 0.405063 -0.0354391
    outer loop
      vertex 4.55696 7.85033 21.2658
      vertex 4.55696 8.82491 32.4051
      vertex 4.6138 7.97853 21.2658
    endloop
  endfacet
  facet normal -0.91356 0.405157 -0.0354473
    outer loop
      vertex 4.55696 8.82491 32.4051
      vertex 4.55696 7.85033 21.2658
      vertex 4.38494 9.06734 39.6094
    endloop
  endfacet
  facet normal -0.913641 0.404974 -0.0354359
    outer loop
      vertex 4.55696 7.5845 18.2278
      vertex 4.38494 9.06734 39.6094
      vertex 4.55696 7.85033 21.2658
    endloop
  endfacet
  facet normal -0.913602 0.405063 -0.0354389
    outer loop
      vertex 4.55696 6.69853 8.10126
      vertex 4.55696 7.5845 18.2278
      vertex 4.6138 6.82673 8.10126
    endloop
  endfacet
  facet normal -0.913543 0.405195 -0.0354505
    outer loop
      vertex 4.38494 5.60192 0
      vertex 4.55696 7.5845 18.2278
      vertex 4.55696 6.69853 8.10126
    endloop
  endfacet
  facet normal -0.913617 0.405029 -0.0354264
    outer loop
      vertex 4.38494 5.60192 0
      vertex 4.55696 6.69853 8.10126
      vertex 4.55696 6.43281 5.06329
    endloop
  endfacet
  facet normal -0.913543 0.405194 -0.0354504
    outer loop
      vertex 4.55696 7.5845 18.2278
      vertex 4.38494 5.60192 0
      vertex 4.38494 9.06734 39.6094
    endloop
  endfacet
  facet normal -0.913563 0.405151 -0.0354482
    outer loop
      vertex 4.38494 5.60192 0
      vertex 4.55696 6.43281 5.06329
      vertex 4.6138 6.11797 0
    endloop
  endfacet
  facet normal -0.808999 0.585574 -0.05122
    outer loop
      vertex 4.38494 9.06734 39.6094
      vertex 3.76275 8.24192 40
      vertex 4.36021 9.06734 40
    endloop
  endfacet
  facet normal -0.808984 0.585594 -0.0512335
    outer loop
      vertex 3.76275 4.74238 0
      vertex 4.38494 9.06734 39.6094
      vertex 4.38494 5.60192 0
    endloop
  endfacet
  facet normal -0.809001 0.585571 -0.0512307
    outer loop
      vertex 4.38494 9.06734 39.6094
      vertex 3.76275 4.74238 0
      vertex 3.76275 8.24192 40
    endloop
  endfacet
  facet normal -8.79633e-17 0.996195 -0.0871478
    outer loop
      vertex -4.6138 6.11797 0
      vertex -5.06329 6.56091 5.06329
      vertex -4.6138 6.56091 5.06329
    endloop
  endfacet
  facet normal -8.79633e-17 0.996195 -0.0871478
    outer loop
      vertex -5.06329 6.56091 5.06329
      vertex -4.6138 6.11797 0
      vertex -5.06329 6.11797 0
    endloop
  endfacet
  facet normal -8.79633e-17 0.996195 -0.0871478
    outer loop
      vertex 5.06329 6.11797 0
      vertex 4.6138 6.56091 5.06329
      vertex 5.06329 6.56091 5.06329
    endloop
  endfacet
  facet normal -8.79633e-17 0.996195 -0.0871478
    outer loop
      vertex 4.6138 6.56091 5.06329
      vertex 5.06329 6.11797 0
      vertex 4.6138 6.11797 0
    endloop
  endfacet
  facet normal -1.42822e-16 0.996195 -0.0871579
    outer loop
      vertex -4.6138 6.82673 8.10126
      vertex -5.06329 7.71271 18.2278
      vertex -4.6138 7.71271 18.2278
    endloop
  endfacet
  facet normal -1.42822e-16 0.996195 -0.0871579
    outer loop
      vertex -5.06329 7.71271 18.2278
      vertex -4.6138 6.82673 8.10126
      vertex -5.06329 6.82673 8.10126
    endloop
  endfacet
  facet normal -1.42822e-16 0.996195 -0.0871579
    outer loop
      vertex 5.06329 6.82673 8.10126
      vertex 4.6138 7.71271 18.2278
      vertex 5.06329 7.71271 18.2278
    endloop
  endfacet
  facet normal -1.42822e-16 0.996195 -0.0871579
    outer loop
      vertex 4.6138 7.71271 18.2278
      vertex 5.06329 6.82673 8.10126
      vertex 4.6138 6.82673 8.10126
    endloop
  endfacet
  facet normal -6.09707e-17 0.996195 -0.0871484
    outer loop
      vertex -4.6138 7.97853 21.2658
      vertex -5.06329 8.95301 32.4051
      vertex -4.6138 8.95301 32.4051
    endloop
  endfacet
  facet normal -6.09707e-17 0.996195 -0.0871484
    outer loop
      vertex -5.06329 8.95301 32.4051
      vertex -4.6138 7.97853 21.2658
      vertex -5.06329 7.97853 21.2658
    endloop
  endfacet
  facet normal -6.09707e-17 0.996195 -0.0871484
    outer loop
      vertex 5.06329 7.97853 21.2658
      vertex 4.6138 8.95301 32.4051
      vertex 5.06329 8.95301 32.4051
    endloop
  endfacet
  facet normal -6.09707e-17 0.996195 -0.0871484
    outer loop
      vertex 4.6138 8.95301 32.4051
      vertex 5.06329 7.97853 21.2658
      vertex 4.6138 7.97853 21.2658
    endloop
  endfacet
  facet normal 0 -0.997564 0.0697575
    outer loop
      vertex -3.5443 -8.2885 11.1392
      vertex -3.5443 -9.06744 0
      vertex -3.03797 -8.2885 11.1392
    endloop
  endfacet
  facet normal 0 -0.997564 0.0697569
    outer loop
      vertex -3.5443 -7.29711 25.3165
      vertex -3.5443 -8.07605 14.1772
      vertex -3.03797 -7.29711 25.3165
    endloop
  endfacet
  facet normal 0 -0.997564 0.0697558
    outer loop
      vertex -3.03797 -7.08466 28.3544
      vertex -3.5443 -6.41195 37.9747
      vertex -3.5443 -7.08466 28.3544
    endloop
  endfacet
  facet normal 0 -0.997564 0.0697558
    outer loop
      vertex -3.5443 -6.41195 37.9747
      vertex -3.03797 -7.08466 28.3544
      vertex -2.57534 -6.41195 37.9747
    endloop
  endfacet
  facet normal -0.000146946 -0.997564 0.0697628
    outer loop
      vertex -3.03797 -7.29711 25.3165
      vertex -2.57534 -6.41195 37.9747
      vertex -3.03797 -7.08466 28.3544
    endloop
  endfacet
  facet normal 0 -0.997564 0.0697569
    outer loop
      vertex -3.03797 -8.07605 14.1772
      vertex -3.03797 -7.29711 25.3165
      vertex -3.5443 -8.07605 14.1772
    endloop
  endfacet
  facet normal 1.63532e-05 -0.997564 0.0697569
    outer loop
      vertex -3.03797 -8.07605 14.1772
      vertex -2.57534 -6.41195 37.9747
      vertex -3.03797 -7.29711 25.3165
    endloop
  endfacet
  facet normal 7.33337e-05 -0.997564 0.0697605
    outer loop
      vertex -2.57534 -9.06744 0
      vertex -3.03797 -8.07605 14.1772
      vertex -3.03797 -8.2885 11.1392
    endloop
  endfacet
  facet normal -1.84545e-05 -0.997564 0.0697575
    outer loop
      vertex -3.03797 -8.07605 14.1772
      vertex -2.57534 -9.06744 0
      vertex -2.57534 -6.41195 37.9747
    endloop
  endfacet
  facet normal 0 -0.997564 0.0697575
    outer loop
      vertex -2.57534 -9.06744 0
      vertex -3.03797 -8.2885 11.1392
      vertex -3.5443 -9.06744 0
    endloop
  endfacet
  facet normal 0 -0.997564 0.0697558
    outer loop
      vertex 2.57534 -6.41195 37.9747
      vertex 3.03797 -7.08466 28.3544
      vertex 3.5443 -6.41195 37.9747
    endloop
  endfacet
  facet normal 0.000146946 -0.997564 0.0697628
    outer loop
      vertex 2.57534 -6.41195 37.9747
      vertex 3.03797 -7.29711 25.3165
      vertex 3.03797 -7.08466 28.3544
    endloop
  endfacet
  facet normal 0 -0.997564 0.0697569
    outer loop
      vertex 3.03797 -7.29711 25.3165
      vertex 3.03797 -8.07605 14.1772
      vertex 3.5443 -7.29711 25.3165
    endloop
  endfacet
  facet normal -1.63532e-05 -0.997564 0.0697569
    outer loop
      vertex 2.57534 -6.41195 37.9747
      vertex 3.03797 -8.07605 14.1772
      vertex 3.03797 -7.29711 25.3165
    endloop
  endfacet
  facet normal 1.84545e-05 -0.997564 0.0697575
    outer loop
      vertex 2.57534 -9.06744 0
      vertex 3.03797 -8.07605 14.1772
      vertex 2.57534 -6.41195 37.9747
    endloop
  endfacet
  facet normal -7.33337e-05 -0.997564 0.0697605
    outer loop
      vertex 3.03797 -8.07605 14.1772
      vertex 2.57534 -9.06744 0
      vertex 3.03797 -8.2885 11.1392
    endloop
  endfacet
  facet normal 0 -0.997564 0.0697575
    outer loop
      vertex 3.5443 -9.06744 0
      vertex 3.03797 -8.2885 11.1392
      vertex 2.57534 -9.06744 0
    endloop
  endfacet
  facet normal 0 -0.997564 0.0697575
    outer loop
      vertex 3.03797 -8.2885 11.1392
      vertex 3.5443 -9.06744 0
      vertex 3.5443 -8.2885 11.1392
    endloop
  endfacet
  facet normal 1.7185e-17 -0.997564 0.0697558
    outer loop
      vertex 3.5443 -6.41195 37.9747
      vertex 3.03797 -7.08466 28.3544
      vertex 3.5443 -7.08466 28.3544
    endloop
  endfacet
  facet normal -1.67335e-17 -0.997564 0.0697569
    outer loop
      vertex 3.5443 -7.29711 25.3165
      vertex 3.03797 -8.07605 14.1772
      vertex 3.5443 -8.07605 14.1772
    endloop
  endfacet
  facet normal -5.49871e-16 -0.997564 0.0697575
    outer loop
      vertex -0.0575686 -9.06744 0
      vertex 0.0575676 -6.41195 37.9747
      vertex -0.0575686 -6.41195 37.9747
    endloop
  endfacet
  facet normal -5.49871e-16 -0.997564 0.0697575
    outer loop
      vertex 0.0575676 -6.41195 37.9747
      vertex -0.0575686 -9.06744 0
      vertex 0.0575676 -9.06744 0
    endloop
  endfacet
  facet normal 0.104672 -0.992084 0.0693735
    outer loop
      vertex -1.32345 -7.82147 0
      vertex -1.57964 -5.06228 39.8447
      vertex -1.57964 -7.8485 0
    endloop
  endfacet
  facet normal 0.0976388 -0.992801 0.0693779
    outer loop
      vertex -1.57964 -5.06228 39.8447
      vertex -1.32345 -7.82147 0
      vertex -1.57663 -5.06197 39.8449
    endloop
  endfacet
  facet normal 0.100668 -0.992498 0.0693762
    outer loop
      vertex -1.31645 -7.82076 0
      vertex -1.57663 -5.06197 39.8449
      vertex -1.32345 -7.82147 0
    endloop
  endfacet
  facet normal 0.104532 -0.992099 0.0693737
    outer loop
      vertex -1.57663 -5.06197 39.8449
      vertex -1.31645 -7.82076 0
      vertex -1.31645 -5.03392 39.854
    endloop
  endfacet
  facet normal -0.499752 -0.864058 0.060421
    outer loop
      vertex -0.801598 -7.93053 0
      vertex -0.572423 -5.28476 39.7317
      vertex -0.801598 -5.14663 39.8115
    endloop
  endfacet
  facet normal -0.499781 -0.864042 0.0604201
    outer loop
      vertex -0.572423 -5.28476 39.7317
      vertex -0.801598 -7.93053 0
      vertex -0.572423 -8.06309 0
    endloop
  endfacet
  facet normal 1 0 0
    outer loop
      vertex -2.57534 -6.31392 37.9747
      vertex -2.57534 -6.27352 38.3768
      vertex -2.57534 -6.31392 38.1864
    endloop
  endfacet
  facet normal 1 -0 0
    outer loop
      vertex -2.57534 -6.31392 37.9747
      vertex -2.57534 -8.95706 0
      vertex -2.57534 -6.27352 38.3768
    endloop
  endfacet
  facet normal 1 -0 0
    outer loop
      vertex -2.57534 -6.41195 37.9747
      vertex -2.57534 -8.95706 0
      vertex -2.57534 -6.31392 37.9747
    endloop
  endfacet
  facet normal 1 0 -0
    outer loop
      vertex -2.57534 -8.95706 0
      vertex -2.57534 -6.41195 37.9747
      vertex -2.57534 -9.06744 0
    endloop
  endfacet
  facet normal 0.913083 -0.406781 0.0284443
    outer loop
      vertex -2.41514 -5.7042 39.4205
      vertex -2.41269 -8.45519 0
      vertex -2.41269 -5.69833 39.4258
    endloop
  endfacet
  facet normal 0.913544 -0.405749 0.0283723
    outer loop
      vertex -2.41269 -8.45519 0
      vertex -2.41514 -5.7042 39.4205
      vertex -2.51762 -8.69144 0
    endloop
  endfacet
  facet normal 0.80972 -0.585386 0.0409421
    outer loop
      vertex -2.41269 -5.69833 39.4258
      vertex -2.26116 -8.24618 0
      vertex -2.40919 -5.69316 39.4305
    endloop
  endfacet
  facet normal 0.808934 -0.586468 0.0410089
    outer loop
      vertex -2.26116 -8.24618 0
      vertex -2.41269 -5.69833 39.4258
      vertex -2.41269 -8.45519 0
    endloop
  endfacet
  facet normal 0.978281 -0.206799 0.0141652
    outer loop
      vertex -2.56858 -6.22592 38.6005
      vertex -2.52032 -5.96253 39.1128
      vertex -2.53779 -6.05377 38.9873
    endloop
  endfacet
  facet normal 0.978176 -0.207275 0.01442
    outer loop
      vertex -2.57278 -6.25539 38.4618
      vertex -2.52032 -5.96253 39.1128
      vertex -2.56858 -6.22592 38.6005
    endloop
  endfacet
  facet normal 0.978135 -0.207462 0.0145075
    outer loop
      vertex -2.57278 -6.25539 38.4618
      vertex -2.52032 -8.69762 0
      vertex -2.52032 -5.96253 39.1128
    endloop
  endfacet
  facet normal 0.977963 -0.20827 0.0145585
    outer loop
      vertex -2.52032 -8.69762 0
      vertex -2.57278 -6.25539 38.4618
      vertex -2.5217 -8.7041 0
    endloop
  endfacet
  facet normal 0.309236 -0.948682 0.0661413
    outer loop
      vertex -1.83131 -5.14663 39.8115
      vertex -1.57964 -5.06228 39.8447
      vertex -1.76334 -5.12354 39.8249
    endloop
  endfacet
  facet normal 0.309214 -0.948676 0.0663381
    outer loop
      vertex -1.57964 -7.8485 0
      vertex -1.83131 -5.14663 39.8115
      vertex -1.83131 -7.93053 0
    endloop
  endfacet
  facet normal 0.309209 -0.948678 0.0663382
    outer loop
      vertex -1.83131 -5.14663 39.8115
      vertex -1.57964 -7.8485 0
      vertex -1.57964 -5.06228 39.8447
    endloop
  endfacet
  facet normal -0.810635 -0.584354 0.0374266
    outer loop
      vertex -0.375767 -5.46977 39.625
      vertex -0.223714 -5.69316 39.4305
      vertex -0.361563 -5.49023 39.6132
    endloop
  endfacet
  facet normal -0.809011 -0.586362 0.0410023
    outer loop
      vertex -0.375767 -8.24061 0
      vertex -0.223714 -5.69316 39.4305
      vertex -0.375767 -5.46977 39.625
    endloop
  endfacet
  facet normal -0.809985 -0.585021 0.0409194
    outer loop
      vertex -0.223714 -5.69316 39.4305
      vertex -0.375767 -8.24061 0
      vertex -0.371744 -8.24618 0
    endloop
  endfacet
  facet normal -1 0 0
    outer loop
      vertex -0.0575686 -8.95706 0
      vertex -0.0575686 -6.31392 37.9747
      vertex -0.0575686 -6.27352 38.3768
    endloop
  endfacet
  facet normal -1 0 0
    outer loop
      vertex -0.0575686 -8.95706 0
      vertex -0.0575686 -6.41195 37.9747
      vertex -0.0575686 -6.31392 37.9747
    endloop
  endfacet
  facet normal -1 0 0
    outer loop
      vertex -0.0575686 -6.41195 37.9747
      vertex -0.0575686 -8.95706 0
      vertex -0.0575686 -9.06744 0
    endloop
  endfacet
  facet normal -1 0 0
    outer loop
      vertex -0.0575686 -6.27352 38.3768
      vertex -0.0575686 -6.31392 37.9747
      vertex -0.0575686 -6.31392 38.1864
    endloop
  endfacet
  facet normal 0.810265 -0.584813 0.0382549
    outer loop
      vertex -2.40919 -5.69316 39.4305
      vertex -2.25714 -5.46977 39.625
      vertex -2.27135 -5.49023 39.6132
    endloop
  endfacet
  facet normal 0.809016 -0.586355 0.0410018
    outer loop
      vertex -2.40919 -5.69316 39.4305
      vertex -2.25714 -8.24061 0
      vertex -2.25714 -5.46977 39.625
    endloop
  endfacet
  facet normal 0.810193 -0.584735 0.0409017
    outer loop
      vertex -2.25714 -8.24061 0
      vertex -2.40919 -5.69316 39.4305
      vertex -2.26116 -8.24618 0
    endloop
  endfacet
  facet normal 0.669253 -0.741224 0.051831
    outer loop
      vertex -2.06049 -8.06309 0
      vertex -2.06335 -5.28749 39.7302
      vertex -2.25205 -8.23605 0
    endloop
  endfacet
  facet normal 0.675311 -0.735737 0.0514481
    outer loop
      vertex -2.06335 -5.28749 39.7302
      vertex -2.06049 -8.06309 0
      vertex -2.06049 -5.28476 39.7317
    endloop
  endfacet
  facet normal -0.0976388 -0.992801 0.0693778
    outer loop
      vertex -1.30946 -7.82147 0
      vertex -1.05328 -5.06228 39.8447
      vertex -1.05629 -5.06197 39.8449
    endloop
  endfacet
  facet normal -0.104676 -0.992084 0.0693734
    outer loop
      vertex -1.05328 -5.06228 39.8447
      vertex -1.30946 -7.82147 0
      vertex -1.05328 -7.8485 0
    endloop
  endfacet
  facet normal -0.10454 -0.992098 0.0693737
    outer loop
      vertex -1.31645 -7.82076 0
      vertex -1.05629 -5.06197 39.8449
      vertex -1.31645 -5.03392 39.854
    endloop
  endfacet
  facet normal -0.10081 -0.992484 0.069376
    outer loop
      vertex -1.05629 -5.06197 39.8449
      vertex -1.31645 -7.82076 0
      vertex -1.30946 -7.82147 0
    endloop
  endfacet
  facet normal 0.978521 -0.205645 0.0143922
    outer loop
      vertex -2.57534 -6.27352 38.3768
      vertex -2.5217 -8.7041 0
      vertex -2.57278 -6.25539 38.4618
    endloop
  endfacet
  facet normal 0.978145 -0.207415 0.0145037
    outer loop
      vertex -2.5217 -8.7041 0
      vertex -2.57534 -6.27352 38.3768
      vertex -2.57534 -8.95706 0
    endloop
  endfacet
  facet normal -0.913627 -0.405575 0.0281724
    outer loop
      vertex -0.217776 -5.7042 39.4205
      vertex -0.112587 -5.96253 39.1128
      vertex -0.175885 -5.80486 39.3299
    endloop
  endfacet
  facet normal -0.913532 -0.405777 0.0283743
    outer loop
      vertex -0.115291 -8.69144 0
      vertex -0.112587 -5.96253 39.1128
      vertex -0.217776 -5.7042 39.4205
    endloop
  endfacet
  facet normal -0.915784 -0.400693 0.0280197
    outer loop
      vertex -0.112587 -5.96253 39.1128
      vertex -0.115291 -8.69144 0
      vertex -0.112587 -8.69762 0
    endloop
  endfacet
  facet normal -0.66915 -0.741317 0.0518384
    outer loop
      vertex -0.380858 -8.23605 0
      vertex -0.375767 -5.46977 39.625
      vertex -0.569556 -5.28749 39.7302
    endloop
  endfacet
  facet normal -0.666289 -0.743877 0.0520168
    outer loop
      vertex -0.375767 -5.46977 39.625
      vertex -0.380858 -8.23605 0
      vertex -0.375767 -8.24061 0
    endloop
  endfacet
  facet normal -0.913392 -0.406089 0.0283959
    outer loop
      vertex -0.220221 -8.45519 0
      vertex -0.217776 -5.7042 39.4205
      vertex -0.220221 -5.69833 39.4258
    endloop
  endfacet
  facet normal -0.913544 -0.405749 0.0283722
    outer loop
      vertex -0.217776 -5.7042 39.4205
      vertex -0.220221 -8.45519 0
      vertex -0.115291 -8.69144 0
    endloop
  endfacet
  facet normal 0.499773 -0.864046 0.0604204
    outer loop
      vertex -1.83131 -7.93053 0
      vertex -2.06049 -5.28476 39.7317
      vertex -2.06049 -8.06309 0
    endloop
  endfacet
  facet normal 0.499744 -0.864063 0.0604214
    outer loop
      vertex -2.06049 -5.28476 39.7317
      vertex -1.83131 -7.93053 0
      vertex -1.83131 -5.14663 39.8115
    endloop
  endfacet
  facet normal -0.309162 -0.948676 0.0665761
    outer loop
      vertex -1.05328 -5.06228 39.8447
      vertex -0.801598 -5.14663 39.8115
      vertex -0.869565 -5.12354 39.8249
    endloop
  endfacet
  facet normal -0.309195 -0.948682 0.0663385
    outer loop
      vertex -1.05328 -7.8485 0
      vertex -0.801598 -5.14663 39.8115
      vertex -1.05328 -5.06228 39.8447
    endloop
  endfacet
  facet normal -0.309201 -0.94868 0.0663384
    outer loop
      vertex -0.801598 -5.14663 39.8115
      vertex -1.05328 -7.8485 0
      vertex -0.801598 -7.93053 0
    endloop
  endfacet
  facet normal -0.810275 -0.584622 0.0408946
    outer loop
      vertex -0.371744 -8.24618 0
      vertex -0.220221 -5.69833 39.4258
      vertex -0.223714 -5.69316 39.4305
    endloop
  endfacet
  facet normal -0.808946 -0.58645 0.0410077
    outer loop
      vertex -0.220221 -5.69833 39.4258
      vertex -0.371744 -8.24618 0
      vertex -0.220221 -8.45519 0
    endloop
  endfacet
  facet normal -0.674412 -0.736556 0.0515054
    outer loop
      vertex -0.572423 -8.06309 0
      vertex -0.569556 -5.28749 39.7302
      vertex -0.572423 -5.28476 39.7317
    endloop
  endfacet
  facet normal -0.669244 -0.741233 0.0518317
    outer loop
      vertex -0.569556 -5.28749 39.7302
      vertex -0.572423 -8.06309 0
      vertex -0.380858 -8.23605 0
    endloop
  endfacet
  facet normal 0.913748 -0.405319 0.0279425
    outer loop
      vertex -2.52032 -5.96253 39.1128
      vertex -2.41514 -5.7042 39.4205
      vertex -2.45702 -5.80486 39.3299
    endloop
  endfacet
  facet normal 0.913545 -0.405748 0.0283722
    outer loop
      vertex -2.52032 -5.96253 39.1128
      vertex -2.51762 -8.69144 0
      vertex -2.41514 -5.7042 39.4205
    endloop
  endfacet
  facet normal 0.916003 -0.400195 0.027985
    outer loop
      vertex -2.51762 -8.69144 0
      vertex -2.52032 -5.96253 39.1128
      vertex -2.52032 -8.69762 0
    endloop
  endfacet
  facet normal 0.666362 -0.743812 0.0520122
    outer loop
      vertex -2.25205 -8.23605 0
      vertex -2.25714 -5.46977 39.625
      vertex -2.25714 -8.24061 0
    endloop
  endfacet
  facet normal 0.669148 -0.741319 0.0518385
    outer loop
      vertex -2.25714 -5.46977 39.625
      vertex -2.25205 -8.23605 0
      vertex -2.06335 -5.28749 39.7302
    endloop
  endfacet
  facet normal -0.978395 -0.20624 0.0144296
    outer loop
      vertex -0.111207 -8.7041 0
      vertex -0.0575686 -6.27352 38.3768
      vertex -0.0601367 -6.25539 38.4618
    endloop
  endfacet
  facet normal -0.978147 -0.207409 0.0145033
    outer loop
      vertex -0.0575686 -6.27352 38.3768
      vertex -0.111207 -8.7041 0
      vertex -0.0575686 -8.95706 0
    endloop
  endfacet
  facet normal -0.978253 -0.206924 0.0142441
    outer loop
      vertex -0.112587 -5.96253 39.1128
      vertex -0.0643331 -6.22592 38.6005
      vertex -0.0951149 -6.05377 38.9873
    endloop
  endfacet
  facet normal -0.978167 -0.207318 0.0144549
    outer loop
      vertex -0.112587 -5.96253 39.1128
      vertex -0.0601367 -6.25539 38.4618
      vertex -0.0643331 -6.22592 38.6005
    endloop
  endfacet
  facet normal -0.978143 -0.207425 0.0145049
    outer loop
      vertex -0.112587 -8.69762 0
      vertex -0.0601367 -6.25539 38.4618
      vertex -0.112587 -5.96253 39.1128
    endloop
  endfacet
  facet normal -0.977963 -0.20827 0.0145583
    outer loop
      vertex -0.0601367 -6.25539 38.4618
      vertex -0.112587 -8.69762 0
      vertex -0.111207 -8.7041 0
    endloop
  endfacet
  facet normal 0.104676 -0.992084 0.0693734
    outer loop
      vertex 1.30946 -7.82147 0
      vertex 1.05328 -5.06228 39.8447
      vertex 1.05328 -7.8485 0
    endloop
  endfacet
  facet normal 0.097961 -0.992769 0.0693777
    outer loop
      vertex 1.05328 -5.06228 39.8447
      vertex 1.30946 -7.82147 0
      vertex 1.05628 -5.06197 39.8449
    endloop
  endfacet
  facet normal 0.100668 -0.992498 0.0693762
    outer loop
      vertex 1.31646 -7.82076 0
      vertex 1.05628 -5.06197 39.8449
      vertex 1.30946 -7.82147 0
    endloop
  endfacet
  facet normal 0.104532 -0.992099 0.0693737
    outer loop
      vertex 1.05628 -5.06197 39.8449
      vertex 1.31646 -7.82076 0
      vertex 1.31646 -5.03392 39.854
    endloop
  endfacet
  facet normal -0.499744 -0.864063 0.0604214
    outer loop
      vertex 1.83131 -7.93053 0
      vertex 2.06049 -5.28476 39.7317
      vertex 1.83131 -5.14663 39.8115
    endloop
  endfacet
  facet normal -0.499773 -0.864046 0.0604204
    outer loop
      vertex 2.06049 -5.28476 39.7317
      vertex 1.83131 -7.93053 0
      vertex 2.06049 -8.06309 0
    endloop
  endfacet
  facet normal 1 0 0
    outer loop
      vertex 0.0575676 -6.31392 37.9747
      vertex 0.0575676 -6.27352 38.3768
      vertex 0.0575676 -6.31392 38.1864
    endloop
  endfacet
  facet normal 1 -0 0
    outer loop
      vertex 0.0575676 -6.31392 37.9747
      vertex 0.0575676 -8.95706 0
      vertex 0.0575676 -6.27352 38.3768
    endloop
  endfacet
  facet normal 1 -0 0
    outer loop
      vertex 0.0575676 -6.41195 37.9747
      vertex 0.0575676 -8.95706 0
      vertex 0.0575676 -6.31392 37.9747
    endloop
  endfacet
  facet normal 1 0 -0
    outer loop
      vertex 0.0575676 -8.95706 0
      vertex 0.0575676 -6.41195 37.9747
      vertex 0.0575676 -9.06744 0
    endloop
  endfacet
  facet normal 0.913392 -0.406089 0.0283959
    outer loop
      vertex 0.217775 -5.7042 39.4205
      vertex 0.22022 -8.45519 0
      vertex 0.22022 -5.69833 39.4258
    endloop
  endfacet
  facet normal 0.913544 -0.405749 0.0283722
    outer loop
      vertex 0.22022 -8.45519 0
      vertex 0.217775 -5.7042 39.4205
      vertex 0.11529 -8.69144 0
    endloop
  endfacet
  facet normal 0.913627 -0.405575 0.0281724
    outer loop
      vertex 0.112586 -5.96253 39.1128
      vertex 0.217775 -5.7042 39.4205
      vertex 0.175884 -5.80486 39.3299
    endloop
  endfacet
  facet normal 0.913532 -0.405777 0.0283743
    outer loop
      vertex 0.112586 -5.96253 39.1128
      vertex 0.11529 -8.69144 0
      vertex 0.217775 -5.7042 39.4205
    endloop
  endfacet
  facet normal 0.915784 -0.400693 0.0280197
    outer loop
      vertex 0.11529 -8.69144 0
      vertex 0.112586 -5.96253 39.1128
      vertex 0.112586 -8.69762 0
    endloop
  endfacet
  facet normal 0.810275 -0.584622 0.0408946
    outer loop
      vertex 0.22022 -5.69833 39.4258
      vertex 0.371743 -8.24618 0
      vertex 0.223713 -5.69316 39.4305
    endloop
  endfacet
  facet normal 0.808946 -0.58645 0.0410077
    outer loop
      vertex 0.371743 -8.24618 0
      vertex 0.22022 -5.69833 39.4258
      vertex 0.22022 -8.45519 0
    endloop
  endfacet
  facet normal -0.810265 -0.584813 0.0382549
    outer loop
      vertex 2.25714 -5.46977 39.625
      vertex 2.40919 -5.69316 39.4305
      vertex 2.27135 -5.49023 39.6132
    endloop
  endfacet
  facet normal -0.809016 -0.586355 0.0410018
    outer loop
      vertex 2.25714 -8.24061 0
      vertex 2.40919 -5.69316 39.4305
      vertex 2.25714 -5.46977 39.625
    endloop
  endfacet
  facet normal -0.810193 -0.584735 0.0409017
    outer loop
      vertex 2.40919 -5.69316 39.4305
      vertex 2.25714 -8.24061 0
      vertex 2.26116 -8.24618 0
    endloop
  endfacet
  facet normal -1 0 0
    outer loop
      vertex 2.57534 -8.95706 0
      vertex 2.57534 -6.31392 37.9747
      vertex 2.57534 -6.27352 38.3768
    endloop
  endfacet
  facet normal -1 0 0
    outer loop
      vertex 2.57534 -8.95706 0
      vertex 2.57534 -6.41195 37.9747
      vertex 2.57534 -6.31392 37.9747
    endloop
  endfacet
  facet normal -1 0 0
    outer loop
      vertex 2.57534 -6.41195 37.9747
      vertex 2.57534 -8.95706 0
      vertex 2.57534 -9.06744 0
    endloop
  endfacet
  facet normal -1 0 0
    outer loop
      vertex 2.57534 -6.27352 38.3768
      vertex 2.57534 -6.31392 37.9747
      vertex 2.57534 -6.31392 38.1864
    endloop
  endfacet
  facet normal -0.0976388 -0.992801 0.0693779
    outer loop
      vertex 1.32345 -7.82147 0
      vertex 1.57964 -5.06228 39.8447
      vertex 1.57663 -5.06197 39.8449
    endloop
  endfacet
  facet normal -0.104672 -0.992084 0.0693735
    outer loop
      vertex 1.57964 -5.06228 39.8447
      vertex 1.32345 -7.82147 0
      vertex 1.57964 -7.8485 0
    endloop
  endfacet
  facet normal -0.104536 -0.992099 0.0693737
    outer loop
      vertex 1.31646 -7.82076 0
      vertex 1.57663 -5.06197 39.8449
      vertex 1.31646 -5.03392 39.854
    endloop
  endfacet
  facet normal -0.10081 -0.992484 0.0693761
    outer loop
      vertex 1.57663 -5.06197 39.8449
      vertex 1.31646 -7.82076 0
      vertex 1.32345 -7.82147 0
    endloop
  endfacet
  facet normal 0.978395 -0.20624 0.0144296
    outer loop
      vertex 0.0575676 -6.27352 38.3768
      vertex 0.111206 -8.7041 0
      vertex 0.0601357 -6.25539 38.4618
    endloop
  endfacet
  facet normal 0.978147 -0.207409 0.0145033
    outer loop
      vertex 0.111206 -8.7041 0
      vertex 0.0575676 -6.27352 38.3768
      vertex 0.0575676 -8.95706 0
    endloop
  endfacet
  facet normal -0.669148 -0.741319 0.0518385
    outer loop
      vertex 2.25205 -8.23605 0
      vertex 2.25714 -5.46977 39.625
      vertex 2.06335 -5.28749 39.7302
    endloop
  endfacet
  facet normal -0.666362 -0.743812 0.0520122
    outer loop
      vertex 2.25714 -5.46977 39.625
      vertex 2.25205 -8.23605 0
      vertex 2.25714 -8.24061 0
    endloop
  endfacet
  facet normal -0.978281 -0.206799 0.0141652
    outer loop
      vertex 2.52032 -5.96253 39.1128
      vertex 2.56858 -6.22592 38.6005
      vertex 2.53779 -6.05377 38.9873
    endloop
  endfacet
  facet normal -0.978176 -0.207275 0.01442
    outer loop
      vertex 2.52032 -5.96253 39.1128
      vertex 2.57278 -6.25539 38.4618
      vertex 2.56858 -6.22592 38.6005
    endloop
  endfacet
  facet normal -0.978135 -0.207462 0.0145075
    outer loop
      vertex 2.52032 -8.69762 0
      vertex 2.57278 -6.25539 38.4618
      vertex 2.52032 -5.96253 39.1128
    endloop
  endfacet
  facet normal -0.977963 -0.20827 0.0145585
    outer loop
      vertex 2.57278 -6.25539 38.4618
      vertex 2.52032 -8.69762 0
      vertex 2.5217 -8.7041 0
    endloop
  endfacet
  facet normal -0.80972 -0.585386 0.0409421
    outer loop
      vertex 2.26116 -8.24618 0
      vertex 2.41269 -5.69833 39.4258
      vertex 2.40919 -5.69316 39.4305
    endloop
  endfacet
  facet normal -0.808934 -0.586468 0.0410089
    outer loop
      vertex 2.41269 -5.69833 39.4258
      vertex 2.26116 -8.24618 0
      vertex 2.41269 -8.45519 0
    endloop
  endfacet
  facet normal 0.669238 -0.741238 0.0518321
    outer loop
      vertex 0.572425 -8.06309 0
      vertex 0.569559 -5.28749 39.7302
      vertex 0.380857 -8.23605 0
    endloop
  endfacet
  facet normal 0.674541 -0.736439 0.0514972
    outer loop
      vertex 0.569559 -5.28749 39.7302
      vertex 0.572425 -8.06309 0
      vertex 0.572425 -5.28476 39.7317
    endloop
  endfacet
  facet normal 0.978253 -0.206924 0.0142441
    outer loop
      vertex 0.0643321 -6.22592 38.6005
      vertex 0.112586 -5.96253 39.1128
      vertex 0.0951139 -6.05377 38.9873
    endloop
  endfacet
  facet normal 0.978167 -0.207318 0.0144549
    outer loop
      vertex 0.0601357 -6.25539 38.4618
      vertex 0.112586 -5.96253 39.1128
      vertex 0.0643321 -6.22592 38.6005
    endloop
  endfacet
  facet normal 0.978143 -0.207425 0.0145049
    outer loop
      vertex 0.0601357 -6.25539 38.4618
      vertex 0.112586 -8.69762 0
      vertex 0.112586 -5.96253 39.1128
    endloop
  endfacet
  facet normal 0.977963 -0.20827 0.0145583
    outer loop
      vertex 0.112586 -8.69762 0
      vertex 0.0601357 -6.25539 38.4618
      vertex 0.111206 -8.7041 0
    endloop
  endfacet
  facet normal 0.666289 -0.743877 0.0520168
    outer loop
      vertex 0.380857 -8.23605 0
      vertex 0.375766 -5.46977 39.625
      vertex 0.375766 -8.24061 0
    endloop
  endfacet
  facet normal 0.669142 -0.741324 0.0518389
    outer loop
      vertex 0.375766 -5.46977 39.625
      vertex 0.380857 -8.23605 0
      vertex 0.569559 -5.28749 39.7302
    endloop
  endfacet
  facet normal -0.309236 -0.948682 0.0661413
    outer loop
      vertex 1.57964 -5.06228 39.8447
      vertex 1.83131 -5.14663 39.8115
      vertex 1.76334 -5.12354 39.8249
    endloop
  endfacet
  facet normal -0.309209 -0.948678 0.0663382
    outer loop
      vertex 1.57964 -7.8485 0
      vertex 1.83131 -5.14663 39.8115
      vertex 1.57964 -5.06228 39.8447
    endloop
  endfacet
  facet normal -0.309214 -0.948676 0.0663381
    outer loop
      vertex 1.83131 -5.14663 39.8115
      vertex 1.57964 -7.8485 0
      vertex 1.83131 -7.93053 0
    endloop
  endfacet
  facet normal -0.913748 -0.405319 0.0279425
    outer loop
      vertex 2.41514 -5.7042 39.4205
      vertex 2.52032 -5.96253 39.1128
      vertex 2.45702 -5.80486 39.3299
    endloop
  endfacet
  facet normal -0.913545 -0.405748 0.0283722
    outer loop
      vertex 2.51762 -8.69144 0
      vertex 2.52032 -5.96253 39.1128
      vertex 2.41514 -5.7042 39.4205
    endloop
  endfacet
  facet normal -0.916003 -0.400195 0.027985
    outer loop
      vertex 2.52032 -5.96253 39.1128
      vertex 2.51762 -8.69144 0
      vertex 2.52032 -8.69762 0
    endloop
  endfacet
  facet normal -0.978521 -0.205645 0.0143922
    outer loop
      vertex 2.5217 -8.7041 0
      vertex 2.57534 -6.27352 38.3768
      vertex 2.57278 -6.25539 38.4618
    endloop
  endfacet
  facet normal -0.978145 -0.207415 0.0145037
    outer loop
      vertex 2.57534 -6.27352 38.3768
      vertex 2.5217 -8.7041 0
      vertex 2.57534 -8.95706 0
    endloop
  endfacet
  facet normal -0.675311 -0.735737 0.0514481
    outer loop
      vertex 2.06049 -8.06309 0
      vertex 2.06335 -5.28749 39.7302
      vertex 2.06049 -5.28476 39.7317
    endloop
  endfacet
  facet normal -0.669253 -0.741224 0.051831
    outer loop
      vertex 2.06335 -5.28749 39.7302
      vertex 2.06049 -8.06309 0
      vertex 2.25205 -8.23605 0
    endloop
  endfacet
  facet normal 0.810635 -0.584354 0.0374266
    outer loop
      vertex 0.223713 -5.69316 39.4305
      vertex 0.375766 -5.46977 39.625
      vertex 0.361562 -5.49023 39.6132
    endloop
  endfacet
  facet normal 0.809011 -0.586362 0.0410023
    outer loop
      vertex 0.223713 -5.69316 39.4305
      vertex 0.375766 -8.24061 0
      vertex 0.375766 -5.46977 39.625
    endloop
  endfacet
  facet normal 0.809985 -0.585021 0.0409194
    outer loop
      vertex 0.375766 -8.24061 0
      vertex 0.223713 -5.69316 39.4305
      vertex 0.371743 -8.24618 0
    endloop
  endfacet
  facet normal 0.499781 -0.864042 0.0604201
    outer loop
      vertex 0.8016 -7.93053 0
      vertex 0.572425 -5.28476 39.7317
      vertex 0.572425 -8.06309 0
    endloop
  endfacet
  facet normal 0.499752 -0.864058 0.060421
    outer loop
      vertex 0.572425 -5.28476 39.7317
      vertex 0.8016 -7.93053 0
      vertex 0.8016 -5.14663 39.8115
    endloop
  endfacet
  facet normal 0.309189 -0.94868 0.0663992
    outer loop
      vertex 0.8016 -5.14663 39.8115
      vertex 1.05328 -5.06228 39.8447
      vertex 0.869569 -5.12354 39.8249
    endloop
  endfacet
  facet normal 0.309203 -0.94868 0.0663383
    outer loop
      vertex 1.05328 -7.8485 0
      vertex 0.8016 -5.14663 39.8115
      vertex 0.8016 -7.93053 0
    endloop
  endfacet
  facet normal 0.309198 -0.948681 0.0663384
    outer loop
      vertex 0.8016 -5.14663 39.8115
      vertex 1.05328 -7.8485 0
      vertex 1.05328 -5.06228 39.8447
    endloop
  endfacet
  facet normal -0.913083 -0.406781 0.0284443
    outer loop
      vertex 2.41269 -8.45519 0
      vertex 2.41514 -5.7042 39.4205
      vertex 2.41269 -5.69833 39.4258
    endloop
  endfacet
  facet normal -0.913544 -0.405749 0.0283723
    outer loop
      vertex 2.41514 -5.7042 39.4205
      vertex 2.41269 -8.45519 0
      vertex 2.51762 -8.69144 0
    endloop
  endfacet
endsolid OpenSCAD_Model
